word,reading,pos,meaning,collocation,count,source,is_n2_core,examples,meaning_detail,quadrant
言う,いう,動詞,说,意見を言う / 名前を言う / 嘘を言う,960,真题,否,そこまで悪く言わなくてもいいだろう / ジョン「この『理解』という言葉はどういう意味ですか。,①说，讲（彼はそう言った。｜他说了那样。）②告诉，告知（彼女に言っておく。｜我会告诉她。）,隐藏考点
自分,じぶん,名詞,自己,自分を知る / 自分に自信を持つ / 自分が好き,719,真题,否,相手に自分が感じたことをそのまま伝える行為である。 / また、ある調査によると、 自分の血液型がどんな性格かということを聞いて、知らないうちに自分の,①自己，自身（自分を大切に。｜要珍惜自己。）②本人，自己（自分がやります。｜我来做。）,隐藏考点
ほう,ほう,名詞,方向,ほうを向く / ほうが違う / ほうに進む,485,真题,否,高齢者から情報を絞ったほうが良いという意見があったこと / 次のAとBはそれぞれ、ノートやメモの取り方について書かれた文章である。,①方向，方面（こっちのほうがいい。｜这边更好。）②方法，做法（こういうほうが楽。｜这样做更轻松。）,隐藏考点
聞く,きく,動詞,听,音楽を聞く / 話を聞く / 意見を聞く,430,真题,否,自分の話を聞いてもらいながらグループの話も聞くこと / グループに加わりたいときは、まず黙って話を聞くことです。,①听，听见（音楽を聞く。｜听音乐。）②询问，打听（先生に聞く。｜问老师。）,隐藏考点
思う,おもう,動詞,想,大切だと思う / そう思う / 不思議に思う,417,真题,否,薬で治ったと思っていた風邪が続出した。 / これからも様々な国との相互理解を深めていこうと思う。,①认为，觉得（そう思います。｜我这样认为。）②想，思考（何を思っているの？｜你在想什么？）,隐藏考点
考える,かんがえる,動詞,思考,問題を考える / 方法を考える / 将来を考える,335,真题,否,できたのではないかと考えます / できなかったのだと考えられます,①思考，考虑（よく考えてください。｜请好好考虑。）②想象，设想（未来を考える。｜想象未来。）,隐藏考点
仕事,しごと,名詞,工作,仕事をする / 仕事が忙しい / 仕事に行く,276,真题,否,ただ、もし別の仕事を選ん / いように、 (注1) 誰しも自分だけの仕事を探しているのだろう。,①工作，职业（仕事が忙しい。｜工作很忙。）②任务，职责（大事な仕事です。｜这是重要的任务。）,隐藏考点
持つ,もつ,動詞,拥有,荷物を持つ / 意見を持つ / 責任を持つ,272,真题,否,彼は動物に対して深刻な愛情を持っている。 / 自然な気持ちのあらわれなどではなく、ほかのねらいを持った(注),①拥有，持有（お金を持っている。｜我有钱。）②携带，拿着（傘を持つ。｜我拿着伞。）,隐藏考点
話,はなし,名詞,话,話をする / 話が面白い / 話に出る,270,真题,否,彼の話はいつも大げさだ。 / グループに加わりたいときは、まず黙って話を聞くことです。,①谈话，讲话（楽しい話をする。｜讲有趣的故事。）②故事，传说（面白い話。｜有趣的故事。）,隐藏考点
書く,かく,動詞,写,手紙を書く / ノートを書く / 報告書を書く,247,真题,否,以前の紙面は重要な情報が簡潔にまとめて書かれていなかった。 / 次のAとBはそれぞれ、ノートやメモの取り方について書かれた文章である。,①写，书写（手紙を書く。｜写信。）②记录，记下（メモを書く。｜记笔记。）,隐藏考点
必要,ひつよう,名詞,必要,必要がある / 必要を感じる / 必要に応じて,233,真题,否,たいのであれば、それなりの準備や練習は必要なのです。 / 乾燥地帯の地下水を増やすには、環境に適した木を植える必要があると考えること,①必需的（それは必要です｜这是必需的）②必要性（必要なもの｜必需的东西）,隐藏考点
わかる,わかる,動詞,明白,使い方がわかる / 意味がわかる / 答えがわかる,211,真题,否,アリ 「ああ、たしか 『わかる』 / まっている、言い換えれば、血液型が分かれば大体の性格もわかるという50です。,①理解（わかりますか｜你明白吗）②明白（意味がわかる｜明白意思）,隐藏考点
子ども,こども,名詞,孩子,子どもが遊ぶ / 子どもに教える / 子どもが好き,206,真题,否,子供の頃から憧れていた仕事 / 子供の頃に憧れていた野球選手とか、大学時代に憧れ,①孩子（子どもが遊んでいる｜孩子在玩）②儿童（子ども向けの本｜儿童书籍）,隐藏考点
読む,よむ,動詞,读,本を読む / 新聞を読む / 資料を読む,191,真题,否,老眼鏡を持っていないと少し読みにくいこと / 小さい文字が読みにくい高齢の読者が多くなったこと,①阅读（本を読む｜阅读书籍）②解读（新聞を読む｜看新闻）,隐藏考点
使う,つかう,動詞,使用,道具を使う / 言葉を使う / 時間を使う,181,真题,否,験のほか、酸素を作り出すのにも使われる。 / 周囲の協力が得られれば、時間を自由に使えるから,①使用（道具を使う｜使用工具）②利用（お金を使う｜花钱）,隐藏考点
述べる,のべる,他下一,叙述,感想を述べる（发表感想）,175,两者,是,AとBで共通して述べられていることは何か。 / みんなで会話をしているときには、どのような注意が必要だと述べているか。,①叙述（意見を述べる｜表达意见）②表达（考えを述べる｜表达想法）,黄金词
質問,しつもん,名詞,问题,質問をする / 質問がある / 質問に答える,175,真题,否,話の前に質問はありません。 / では、まず質問を聞いてください。,①提问（質問があります｜我有问题）②疑问（質問をする｜提问）,隐藏考点
作る,つくる,動詞,制作,料理を作る / 計画を作る / 製品を作る,166,真题,否,なんだ」 / 実験や酸素を作るときには地球から運ばれた水が使用される。,①制作（料理を作る｜做菜）②创造（作品を作る｜创作作品）,隐藏考点
人間,にんげん,名,人，人类,人間が生きる / 人間に関する / 人間が大切,165,两者,是,などと、こちらが勝手にその人 / 人間は忘れやすい動物なのだ。,①人类（人間の本質｜人类本质）②人（人間関係｜人际关系）,黄金词
利用,りよう,名詞,利用,利用する / 利用が多い / 利用に関する,165,真题,否,(注4) 版のものが出て、老眼鏡なしでも利用できるとありがたがられています。 / 個別の質問を希望する者は、休憩時間を利用してあらかじめ質問用紙に記入しておくこと。,①利用（資源を利用する｜利用资源）②使用（サービスを利用する｜使用服务）,隐藏考点
場合,ばあい,名詞,情况,場合による / 場合がある / 場合を考える,163,真题,否,(中略)「ほめる教育」 / 応募者多数の場合は抽選になります。,①情况（その場合はどうしますか｜那种情况下怎么办）②场合（特別な場合に限ります｜仅限特殊情况）,隐藏考点
知る,しる,動詞,知道,事実を知る / 情報を知る / 存在を知る,156,真题,否,結果ははがきでお知らせします。 / また、ある調査によると、 自分の血液型がどんな性格かということを聞いて、知らないうちに自分の,①知道（彼はそれを知っています｜他知道这个）②了解（詳しく知りたいです｜想更详细了解）,隐藏考点
相手,あいて,名詞,对方,相手を思いやる / 相手がいる / 相手に伝える,151,真题,否,相手の心と行動に影響を与え、やる気を出させ / 相手を伸ばしたいという目的を持った行為である。,①对方（相手に伝えてください｜请告诉对方）②对象（相手の気持ちを考える｜考虑对方的感受）,隐藏考点
まず,まず,副詞,首先,まず確認する / まず考える / まず始める,148,真题,否,とバカにさ / まずは人の話しを聞きながら会話に加わる準備をすること,①首先（まずは自己紹介します｜首先自我介绍）②第一（まずやってみましょう｜先试试看）,隐藏考点
同じ,おなじ,連体詞,相同,同じことを言う / 同じように / 同じ人,148,真题,否,地方紙も同じだったと思います。 / 車の運転で事故を起こさない人は会話も同じように慎重に進められるところ,①相同（私たちは同じです｜我们是一样的）②一样（同じ考えを持っています｜有相同的想法）,隐藏考点
多い,おおい,形容詞,多,多い人 / 多いこと / 多い場合,147,真题,否,きっぱなし」 / という人も多いのではないだろうか。,①很多（友達が多いです｜朋友很多）②频繁（この店は多いです｜这家店很忙）,隐藏考点
情報,じょうほう,名詞,信息,情報を得る / 情報が必要 / 情報を共有する,146,真题,否,活字が大きくなって情報が少しだけ減ったこと / 高齢者から情報を絞ったほうが良いという意見があったこと,①信息（最新の情報を得る｜获取最新信息）②情报（重要な情報です｜重要信息）,隐藏考点
商品,しょうひん,名詞,商品,商品を買う / 商品が届く / 商品に関する,139,真题,否,は、おかげさまで順調に売り上げを伸ばして / 昨日夏に販売を開始いたしました商品「エネルギーZ」,①商品（この商品は人気です｜这个商品很受欢迎）②货物（新しい商品が入荷しました｜新货到货了）,隐藏考点
よく,よく,副詞,常常,よく理解する / よく考える / よく使う,134,真题,否,が取り上げられます。 / テレビや雑誌では、よく「血液型性格判断」,①经常（よく行きます｜经常去）②好好地（よく考えてください｜好好考虑）,隐藏考点
選ぶ,えらぶ,動詞,选择,商品を選ぶ / 職業を選ぶ / 方法を選ぶ,129,真题,否,ただ、もし別の仕事を選ん / 自然界の水の循環を考慮して、場所を選んで気を植えたほうがいいと考えること,①选择（好きなものを選ぶ｜选择喜欢的）②挑选（慎重に選びます｜仔细挑选）,隐藏考点
感ずる,かんずる,動詞,感受,痛みを感ずる / 不安を感ずる / 喜びを感ずる,129,真题,否,相手に自分が感じたことをそのまま伝える行為である。 / 努力していると感じるのは自分の主観であり、他の人には理解できないから,①感受到（彼の気持ちが感ずる｜感受到他的心情）②觉得（寒さを感ずる｜感到寒冷）,隐藏考点
理解,りかい,名詞,理解,理解を深める / 理解がある / 理解すること,126,真题,否,これからも様々な国との相互理解を深めていこうと思う。 / ジョン「この『理解』という言葉はどういう意味ですか。,①理解（彼の意見を理解する｜理解他的意见）,隐藏考点
大切,たいせつ,形状詞,重要,大切に扱う / 大切にする / とても大切だ,125,真题,否,(注3) 核心: 一番大切な部分 / よい結果を出すためには他人に自分の努力している姿を見せることが大切だ。,①重要（大切な人｜重要的人）②珍贵（大切な思い出｜珍贵的回忆）,隐藏考点
力,ちから,名詞,力量,力を入れる / 力が必要 / 力を発揮する,124,真题,否,練習でも最高の力を出すこと / 力を肯定的にとらえてみよう。,①力量（力を入れる｜投入力量）②能力（力を発揮する｜发挥能力）,隐藏考点
生活,せいかつ,名詞,生活,生活が豊か / 生活を楽しむ / 生活に必要,124,真题,否,そのためには 「努力」 / 最近忙しくて生活のリズムがみだれている。,①日常生活（生活が楽しい｜生活很快乐）②生存（生活を支える｜支持生活）,隐藏考点
社会,しゃかい,名詞,社会,社会が変わる / 社会に貢献する / 社会の一員,123,真题,否,それは社会人になっても同じです。 / 社会人になったら、 努力している姿は他人にあまり見せないほうがよい。,①社会（社会に貢献する｜为社会贡献）②社交（社会的な活動｜社交活动）,隐藏考点
生,なま,接尾辞,生,生まれる / 生きる / 生き生きと,120,真题,否,を人に見せることをやめてしまいます。 / 私たちはなぜか、 中学、 高校生の頃に「努力する姿」,①生命（生を大切にする｜珍惜生命）②生活（生を楽しむ｜享受生活）,隐藏考点
文章,ぶんしょう,名詞,文章,文章を書く / 文章が長い / 文章を読む,115,真题,否,下の文章は雑誌のコラムです。 / 次のAとBはそれぞれ、ノートやメモの取り方について書かれた文章である。,①文章（文章を書く｜写文章）②文体（文章のスタイル｜文章风格）,隐藏考点
内容,ないよう,名詞,内容,内容が重要 / 内容を確認する / 内容に関する,115,真题,否,とくに辞書は同じ内容で同じデザインで大きな / 以前の紙面は活字の大きさを内容ほど重視していなかった。,①内容（内容が面白い｜内容有趣）②要点（内容をまとめる｜总结内容）,隐藏考点
気持ち,きもち,名詞,心情,気持ちを伝える / 気持ちがわかる / 気持ちが大切,108,真题,否,相手に自然な気持ちを表現させようとする行為である。 / ほめるという行為は、 本来、 自然な気持ちのあらわれです。,①心情（気持ちを伝える｜传达心情）②感受（気持ちがわかる｜理解感受）,隐藏考点
生きる,いきる,動詞,生活,自由に生きる / 社会で生きる / 長く生きる,107,真题,否,力することに対して抵抗感がなくなり、 とても生きやすくなりました。 / たちは、時間を取り返し、もっとゆったりした時間を生きる必要がありそうですね。,①生活、活着（私は元気に生きています｜我活得很好）,隐藏考点
対する,たいする,自サ,面对；关于,文学 [ぶんがく] に対する興味（对文学的兴趣）,106,两者,是,彼は動物に対して深刻な愛情を持っている。 / 力することに対して抵抗感がなくなり、 とても生きやすくなりました。,①对待、面对（彼に対する態度｜对待他的态度）,黄金词
可能,かのう,形状詞,可能,可能にする / 可能な限り / 実現が可能だ,103,真题,否,なんだ」 / ・はがき1枚につき1名のみ受付可能です。,①可能性（それは可能です｜这是可能的）,隐藏考点
気,き,名詞,气,気がする / 気をつける / 気に入る,99,真题,否,自然界の水の循環を考慮して、場所を選んで気を植えたほうがいいと考えること / 字を書いていると、そちらに気を取られて、 (注7) 内容がおるすになりやすい。,①心情、情绪（気が楽になる｜心情变轻松）②气氛、气息（気が重い｜感到沉重）,隐藏考点
入る,はいる,動詞,进入,部屋に入る / 学校に入る / 組織に入る,98,真题,否,に(注1) クラッシュして入るのです。 / 例えば、数人で楽しく盛り上がっているときに、いきなり入ってきて、 自分の話を始める人がいます。,①进入、加入（部屋に入る｜进入房间）,隐藏考点
自身,じしん,名,自己,自身を持つ / 自身がある / 自身に気づく,97,两者,是,結果が完璧でなくても、 「よくやった」 / と自分自身に言えると、他の人の言葉も素直に聞,①自己、本身（自身を大切にする｜珍惜自己）,黄金词
やすい,やすい,接尾辞,容易,やすい方法 / やすい価格 / やすい仕事,97,真题,否,季節のきっかけは風邪をひきやすい。 / なったかがしめされていて、 分かりやすく納得出来るものでした。,①容易、简单（この問題はやすい｜这个问题简单）,隐藏考点
行動,こうどう,名詞,行动,行動を起こす / 行動が早い / 行動に移す,97,真题,否,相手の心と行動に影響を与え、やる気を出させ / 社会貢献に関心はあっても寄付をするのは面倒だと実際の行動には移さない人も少なくなかった。,①行动、举动（行動を起こす｜采取行动）,隐藏考点
高い,たかい,形容詞,高,高い山 / 高い声 / 高い評価,97,真题,否,この仕事には高い語学力が要求される。 / 会話も車の運転も技術が高ければ仲間と楽しい時間を過ごせるところ,①高、贵（この山は高い｜这座山很高）②昂贵（この服は高い｜这件衣服很贵）,隐藏考点
新しい,あたらしい,形容詞,新,新しいアイデア / 新しい友達 / 新しいこと,96,真题,否,新しいパソコンが欲しいが、 / 新しいイメージを次々に重ねてことで、最初の印象は次第に変化していく。,①新的、崭新的（新しい本を買った｜买了新书）,隐藏考点
考え,かんがえ,名詞,想法,考えをまとめる / 考えが変わる / 考えに至る,94,真题,否,社会に出て周囲の人と自分の考えが違った時、どうすればいいか。 / ナーでは相手に自分の考えを効果的に伝えるためのコミュニケーション法を学びます。,①想法（私の考えです｜我的想法）②思考（考えを深める｜深化思考）,隐藏考点
経験,けいけん,名詞,经验,経験を積む / 経験が豊富 / 経験に基づく,94,真题,否,にわずかながらもお小遣いから寄付した経験を持つ人は多いだろう。 / 経験から言うと、同僚や先輩の温かい言葉が耳に入らなくなってしまうのは、そう,①经历（豊富な経験｜丰富的经历）②体验（良い経験をする｜获得好体验）,隐藏考点
話す,はなす,動詞,说话,日本語を話す / 経験を話す / 問題を話す,93,真题,否,とりあえず社長に電話で話しておいた。 / 大勢で話しているときは、 発言しない人により多くの意識を配ってください。,①说话（友達と話す｜和朋友说话）②交谈（彼と話す｜和他交谈）,隐藏考点
能力,のうりょく,名詞,能力,能力を高める / 能力がある / 能力を発揮する,92,真题,否,自分の能力に適した仕事が与えられ無理がないから / 自分の能力や適性と、実際に就いている職業や希望する職業、 あるいは生き方が必要とする能力や適,①能力（高い能力｜高能力）②才能（特別な能力｜特别才能）,隐藏考点
知識,ちしき,名,知识,知識を得る / 知識が豊富 / 知識に基づく,91,两者,是,き出した知識が、短期間にせよ自分の頭の中に、それまでもっていた知識とともに記憶構成されなければ役に立たない。 / どうしても解けないでいた問題を先に解いた人から言われ、 それだったら、 自分のほうが経験が豊富だし、知識がある,①知识（広い知識｜广泛的知识）②学识（知識を深める｜加深知识）,黄金词
訓える,おしえる,動詞,教导,方法を訓える / 知識を訓える,90,真题,否,とるのは(注5)愚だと訓えた。 / この料理を作る方針を教えてください。,①教导（子供を訓える｜教孩子）②训练（技術を訓える｜训练技能）,隐藏考点
食べる,たべる,動詞,吃,料理を食べる / 朝ごはんを食べる / 外食で食べる,88,真题,否,この料理は辛くて食べられない。 / 一人で全部食べないで、私の分も保っておいてください。,①吃（ご飯を食べる｜吃饭）,隐藏考点
大学,だいがく,名詞,高等教育,大学に入る / 大学で学ぶ / 大学がある,88,真题,否,大学に入学してから、一人でくらしています。 / 子供の頃に憧れていた野球選手とか、大学時代に憧れ,①大学（大学に通う｜上大学）②高等教育（大学で学ぶ｜在大学学习）,隐藏考点
結果,けっか,名詞,结果,結果が出る / 結果を確認する / 結果に満足する,88,真题,否,とバカにさ / と評価が下がるのを恐れます。,①结果（良い結果｜好结果）②成果（結果を出す｜取得成果）,隐藏考点
言葉,ことば,名詞,语言,言葉を選ぶ / 言葉が足りない / 言葉にする,86,真题,否,ジョン「この『理解』という言葉はどういう意味ですか。 / 下の文章は、ある人物が自分の人生に影響を与えた言葉について説明したものである。,①语言（言葉を学ぶ｜学习语言）②词汇（新しい言葉｜新词汇）,隐藏考点
大きい,おおきい,形容詞,大,大きい声 / 大きい家 / 大きい問題,86,真题,否,私は練習することで得るものは大きいと思い / つくづく思いますけれど、会話ほど、個人のレベル差が大きいものはありません。,①大，巨大（この木は大きいです｜这棵树很大）②宽广，广阔（大きい空が見える｜能看到广阔的天空）,隐藏考点
意味,いみ,名詞,意义,意味を考える / 意味がある / 意味を理解する,84,真题,否,その意味で、ブレーキのない車を走らせる / ジョン「この『理解』という言葉はどういう意味ですか。,①意思，含义（この言葉の意味は何ですか｜这个词是什么意思？）②重要性，价值（その意味を考えよう｜考虑它的重要性）,隐藏考点
性,せい,接尾辞,性别,性が違う / 性に関する / 性を理解する,84,真题,否,なんだ」 / この病気は人から人へ普及する可能性がある。,①性别，性格（彼女の性は女性です｜她是女性）②性质，特性（この物質の性は特別です｜这种物质的特性很特别）,隐藏考点
出る,でる,動詞,出现,外に出る / 結果が出る / 声が出る,84,真题,否,とバカにさ / と評価が下がるのを恐れます。,①出来，出现（彼が出ると嬉しい｜他出现时很高兴）②离开，出去（家を出る時間です｜该出门了）,隐藏考点
好き,すき,形状詞,喜欢,好きなことをする / 音楽が好き / 好きな食べ物,84,真题,否,は 「乗 / 奥さんが好きなケーキを買っていく,①喜欢，爱好（私は猫が好きです｜我喜欢猫）②偏好，喜好（甘いものが好きです｜我喜欢甜食）,隐藏考点
心,こころ,名詞,心,心が温かい / 心を開く / 心に残る,83,真题,否,相手の心と行動に影響を与え、やる気を出させ / しかし、それでは心が貧しくなってしまいそうです。,①心脏，心情（心が温かいです｜心里很温暖）②思想，意图（彼の心を理解する｜理解他的想法）,隐藏考点
与える,あたえる,動詞,给予,影響を与える / 機会を与える / ダメージを与える,82,真题,否,初対面のときにうけた印象は、その後に持つイメージに影響を与えていく。 / だれとでもよい関係を築いておけば、 初対面の人にもよいイメージを与えられる。,①给予，提供（助けを与える｜给予帮助）②造成，产生（影響を与える｜产生影响）,隐藏考点
参加,さんか,名詞,参与,参加する / 参加が多い / 参加を希望する,81,真题,否,「市民セミナーIII参加希望」 / と明記の上、住所、氏名、年齢、電話番号を記入し,①参与，加入（会議に参加する｜参加会议）②出席，出场（イベントに参加します｜参加活动）,隐藏考点
ページ,ぺーじ,名詞,页面,ページをめくる / ページが多い / ページに書く,81,真题,否,市役所ホームページ (http: / ・市民セミナーのページからお申し込みください。,①页面，页码（このページを見てください｜请看这一页）②网页，版面（ウェブページを開く｜打开网页）,隐藏考点
場所,ばしょ,名詞,地方,場所を決める / 場所が変わる / 場所に行く,79,真题,否,吸えない場所が増えているから / 自然界の水の循環を考慮して、場所を選んで気を植えたほうがいいと考えること,①地方，地点（ここは静かな場所です｜这里是个安静的地方）②场所，场域（イベントの場所は決まった｜活动地点已定）,隐藏考点
買う,かう,動詞,买,商品を買う / 本を買う / 野菜を買う,79,真题,否,アパートの情報誌を買いに行く / この製品を買った人が、アンケートに答えることに協力する。,①购买（本を買う｜买书）②花费（お金を買う｜花钱）,隐藏考点
物,もの,名詞,物品,物を大切にする / 物が多い / 物を買う,79,真题,否,(注4)規格外の農産物も似ている。 / (注5)感受性 (かんじゅせい): 物を感じとる力,①物品（物を買う｜买东西）②东西（何か物がある｜有东西）,隐藏考点
水,みず,接尾辞,水,水を飲む / 水が流れる / 水に入る,77,真题,否,悪くすると地下水が枯れ、川の流 / 自然界の水の循環を考慮して、場所を選んで気を植えたほうがいいと考えること,①水分（水を飲む｜喝水）②液体（水が流れる｜水在流）,隐藏考点
行う,おこなう,動詞,进行,実験を行う / 調査を行う / 式を行う,76,真题,否,今から、 防災訓練を行います。 / 近くの公園でドラマのさつえいが行われた。,①进行（会議を行う｜进行会议）②实施（実験を行う｜进行实验）,隐藏考点
なぜ,なぜ,副詞,为什么,なぜ起こる / なぜ必要か / なぜ大切か,76,真题,否,なぜなら、努力しなくていいことへの / を人に見せることをやめてしまいます。,①为什么（なぜそう思う？｜你为什么这么想？）②为何（なぜ行かないの？｜你为什么不去？）,隐藏考点
車,くるま,名詞,汽车,車を運転する / 車が速い / 車に乗る,75,真题,否,運転で他の車に注意が払える人は会話でも他者に敬意が払えるところ / の車と速度を同じくして会話に加わると、 流れにうまく乗ることができます。,①汽车（車を運転する｜开车）②车辆（車が多い｜车很多）,隐藏考点
大人,おとな,名詞,成年人,大人になる / 大人が多い / 大人に教える,75,真题,否,小学生は、大人と一緒に入場してください。 / 大人になってから、 ああ、あの頃あいつは僕の友,①成年人（大人になる｜成为成年人）②成熟（大人の考え｜成年人的想法）,隐藏考点
表現,ひょうげん,名詞,表达,表現が豊か / 表現を工夫する / 表現すること,74,真题,否,げんこうの表現をやさしくする / 相手に自然な気持ちを表現させようとする行為である。,①表达（感情を表現する｜表达感情）②表现（表現が豊か｜表现丰富）,隐藏考点
説明,せつめい,名詞,说明,説明をする / 説明が必要 / 説明を聞く,74,真题,否,合同企業説明会 (講師: 各企業採用担当者) / 以前の紙面は読者が納得できるほど詳しく説明していなかった。,①解释（説明を聞く｜听解释）②说明（詳しい説明｜详细说明）,隐藏考点
作品,さくひん,名詞,作品,作品を作る / 作品が完成する / 作品に関する,74,真题,否,と呼びました。 / エンデは『モモ』という作品の中で「時間どろぼう」,①作品（芸術作品｜艺术作品）②创作（新しい作品｜新作品）,隐藏考点
希望,きぼう,名詞,希望,希望を持つ / 希望がある / 希望に満ちる,73,真题,否,きぼうのじょうけんを書きだす / 「市民セミナーIII参加希望」,①期望（私は希望を持っています｜我怀有希望）②愿望（彼の希望が叶いますように｜希望能实现）,隐藏考点
変える,かえる,動詞,改变,計画を変える / 方法を変える / 生活を変える,72,真题,否,新聞だって「お客様は神様」 / でしょうから、その「神様」,①改变（彼は考えを変えた｜他改变了想法）②更改（計画を変える必要がある｜需要更改计划）,隐藏考点
重要,じゅうよう,形状詞,重要,重要な役割 / 重要な情報 / 非常に重要だ,72,真题,否,と同じようになるべく花粉に接しないことが重要です。 / 以前の紙面は重要な情報が簡潔にまとめて書かれていなかった。,①重要（これは重要な問題です｜这是个重要问题）②关键（重要な役割を果たす｜发挥重要作用）,隐藏考点
価値,かち,名詞,价值,価値がある / 価値を見出す / 価値を理解する,72,真题,否,努力する姿は、隠すことに価値がある / 文章の価値を決めるのは読み手の存在だ。,①价值（この絵の価値は高い｜这幅画的价值很高）②意义（人生の価値を考える｜思考人生的意义）,隐藏考点
関係,かんけい,名詞,关系,関係が深い / 関係を築く / 関係にある,71,真题,否,などと、こちらが勝手にその人 / 人間関係もきっとさわやかでしょう」,①关系（彼との関係は良好です｜与他的关系很好）②联系（仕事の関係があります｜有工作关系）,隐藏考点
環境,かんきょう,名詞,环境,環境を守る / 環境が大切 / 環境に配慮する,71,真题,否,と言っていいのだろうか。 / 自由に仕事を選べる環境で、誰もが自分に適した仕事をしたいと考えている。,①环境（環境を守ることが大切です｜保护环境很重要）②周围（良い環境で育つ｜在良好的环境中成长）,隐藏考点
楽しむ,たのしむ,動詞,享受,音楽を楽しむ / 旅行を楽しむ / 生活を楽しむ,71,真题,否,そのためには 「努力」 / ゆっくり花を見たり音楽を楽しんだりする、そんな,①享受（映画を楽しむ｜享受电影）②玩乐（友達と遊んで楽しむ｜和朋友一起玩乐）,隐藏考点
夢,ゆめ,名詞,梦想,夢を追う / 夢がある / 夢を叶える,71,真题,否,自分の店を持つという夢が、とうとうかなった。 / 宇宙開発には、 夢はあっても実用的利益は少ない。,①梦想（彼の夢は医者です｜他的梦想是医生）②幻影（夢を見た｜做了个梦）,隐藏考点
次,つぎ,名詞,下一个,次に行く / 次が楽しみ / 次のステップ,70,真题,否,静かに自分の話をしながら次の話題に移るのを待つこと / 今回は時間がないので、次のきっかけに訪れようと思う。,①下一个（次は何をしますか｜下一个做什么？）②接下来（次のステップに進む｜进入下一步）,隐藏考点
世界,せかい,名詞,世界,世界が広がる / 世界に行く / 世界を知る,70,真题,否,れた「植林神話」 / が世界に広がっているそうだ。,①世界（世界は広いです｜世界很广阔）②社会（世界の人々と交流する｜与世界的人交流）,隐藏考点
目,め,名詞,眼睛,目が覚める / 目を閉じる / 目が大きい,70,真题,否,から目をそらしているのではないか。 / (注) 細菌 (さいきん ) 非常に小さくて目に見えない生物,①眼睛（彼は目が大きい。｜他的眼睛很大）②目标（目標を達成する。｜达成目标）,隐藏考点
違う,ちがう,動詞,不同,意見が違う / 方向が違う / 性格が違う,69,真题,否,社会に出て周囲の人と自分の考えが違った時、どうすればいいか。 / わえるし、車と違って座っているだけで目的地に着けるのがいい」。,①不同（考えが違う。｜想法不同）②错误（それは違うよ。｜那是错误的）,隐藏考点
部下,ぶか,名詞,下属,部下を育てる / 部下がいる / 部下に指示する,69,真题,否,部下の作った書類にミスがあるとき、 部下にもう一度 / しかし、共に会社の一員であり、上司には部下を育てる義務がある。,①下属（彼は部下を指導する。｜他指导下属）,隐藏考点
販売,はんばい,名·他サ,贩卖,商品を販売する / 製品を販売する / オンラインで販売する,68,两者,是,は、おかげさまで順調に売り上げを伸ばして / 昨日夏に販売を開始いたしました商品「エネルギーZ」,①销售（商品を販売する。｜销售商品）②贩卖（販売促進活動。｜促销活动）,黄金词
勉強,べんきょう,名詞,学习,勉強をする / 勉強が必要 / 勉強に励む,68,真题,否,そこで、 セミナーや勉強会、 / テストが近いので、深刻に勉強した。,①学习（日本語を勉強する。｜学习日语）②努力（勉強が大切だ。｜努力学习很重要）,隐藏考点
意識,いしき,名,意识,意識を失う（失去知觉）,67,两者,是,大勢で話しているときは、 発言しない人により多くの意識を配ってください。 / 自分の発現量を意識しながら、 おとなしい人にも話してもらうようにすること,①意识（意識を高める。｜提高意识）②意识到（問題に意識する。｜意识到问题。）,黄金词
正しい,ただしい,形容詞,正确,正しい答え / 正しい方法 / 正しい情報,67,真题,否,彼はとてもれいぎ正しいです。 / から4の中から、正しい答えを一つ選んでください。,①正确（正しい答え。｜正确的答案。）②合适（正しい方法。｜合适的方法。）,隐藏考点
すべて,すべて,名詞,全部,すべての人 / すべてのこと / すべての時間,67,真题,否,使用後の水はリサイクルされ、 再生装置からすべて供給される。 / 基本的なことは、話の内容をいちいちすべてメモしまい、ということである。,①全部（すべての人。｜所有的人。）②所有（すべてのこと。｜所有的事情。）,隐藏考点
最も,もっとも,副詞,最,最も重要な / 最も効果的な / 最も一般的な,67,真题,否,自分に最も合っている仕事 / それから話を聞いて、問題用紙の1から4の中から、最も,①最（最も大きい。｜最大的。）②最为（最も重要なこと。｜最重要的事情。）,隐藏考点
興味,きょうみ,名詞,兴趣,興味を持つ / 興味がある / 興味を示す,67,真题,否,話の内容に興味が持てるようにするため / (注2)好奇心 : 新しいに対する興味,①兴趣（彼は映画に興味がある。｜他对电影感兴趣。）②好奇心（興味を持つ。｜保持好奇心。）,隐藏考点
強い,つよい,形容詞,强,強い意志 / 強い影響 / 強い風,67,真题,否,せいしんてきに強くなったこと / 彼は責任感が強く、この仕事のリーダーにふさわしい。,①强壮，坚强（彼は強いです。｜他很强壮。）②强烈，猛烈（風が強い。｜风很大。）,隐藏考点
悪い,わるい,形容詞,坏,悪い影響 / 悪い習慣 / 悪い結果,66,真题,否,そこまで悪く言わなくてもいいだろう / 最近は、天気の悪い日が続出している。,①坏，不好（悪いことをした。｜做了坏事。）②有害，恶劣（悪い影響。｜有害的影响。）,隐藏考点
本当,ほんとう,名詞,真实,本当のこと / 本当の気持ち / 本当の理由,66,真题,否,あなたに会えて本当によかった。 / フスタイルに関係すること、 本当に興味のあることしかメモしないのである。,①真实，事实（本当のこと。｜真实的事情。）②确实，真的（本当ですか。｜真的吗？）,隐藏考点
送る,おくる,動詞,发送,メールを送る / 荷物を送る / 時間を送る,66,真题,否,いので早く着くように送りたい。 / て、申し込み締め切り日必着で、下記までお送りください。,①发送，寄（手紙を送る。｜寄信。）②送别，送行（友達を送る。｜送朋友。）,隐藏考点
体,からだ,名詞,身体,体を動かす / 体が疲れる / 体に良い,66,真题,否,花粉は体にとって有害なものではありません。 / しかし、 花粉症になりやすい人の体に花粉が入ると、 体は花粉を,①身体，躯体（体を大切に。｜照顾身体。）②身躯，体格（体が大きい。｜身体很大。）,隐藏考点
変わる,かわる,動詞,变化,状況が変わる / 生活が変わる / 考えが変わる,65,真题,否,会議の時間が変わりました。 / 努力すれば、 他人からの評価は変わる,①变化，变更（状況が変わる。｜情况变化了。）②转变，改变（考えが変わる。｜想法改变了。）,隐藏考点
方法,ほうほう,名詞,方法,方法を考える / 方法がある / 方法を選ぶ,65,真题,否,なのです。 / つまり、こちらが望んでいるような方法へ向,①方法，方式（良い方法。｜好的方法。）②手段，办法（解決方法。｜解决办法。）,隐藏考点
努力,どりょく,名詞,努力,努力をする / 努力が必要 / 努力を重ねる,65,真题,否,とほめられ / を人に見せることをやめてしまいます。,①努力，尽力（努力すること。｜努力的事情。）②奋斗，拼搏（努力して成功。｜努力成功。）,隐藏考点
確認,かくにん,名詞,确认,確認をする / 確認が必要 / 確認を取る,64,真题,否,新しい問題を繰り返し解いて、 自分の理解を確認しながら定義させる。 / 何をどれだけ努力したかを確認しながら、 努力自体を楽しむことが大切だ。,①确认，核实（確認してください。｜请确认。）②查证，验证（情報を確認。｜确认信息。）,隐藏考点
メール,めーる,名詞,邮件,メールを送る / メールが届く / メールを確認する,64,真题,否,メールアドレスを削除する / 以下は、ある会社が出したメールの内容である。,①邮件，电子邮件（メールを送る。｜发邮件。）②信件，信函（メールが届いた。｜邮件到了。）,隐藏考点
今日,きょう,名詞,今天,今日の天気 / 今日の予定 / 今日の出来事,64,真题,否,天気予報がなかい、 今日は一日中快晴だった。 / (注2)矯正(きょうせい)する: 正しくなるように直す,①今天（今日はいい天気です｜今天天气很好。）,隐藏考点
楽しい,たのしい,形容詞,快乐,楽しい時間 / 楽しいこと / 楽しい経験,63,真题,否,想像するだけでもけっこう楽しい。 / 会話も車の運転も技術が高ければ仲間と楽しい時間を過ごせるところ,①快乐的（楽しい時間を過ごした｜度过了快乐的时光。）,隐藏考点
増える,ふえる,動詞,增加,人口が増える / 数が増える / コストが増える,63,真题,否,吸えない場所が増えているから / のなかで、(注1)老眼鏡を必要とする人の割合が増えたからです。,①增加（人数が増えた｜人数增加了。）②变多（興味が増えた｜兴趣变多了。）,隐藏考点
練習,れんしゅう,名詞,练习,練習をする / 練習が必要 / 練習を重ねる,59,真题,否,B 「3課の文法の練習問題を / たいのであれば、それなりの準備や練習は必要なのです。,①练习（毎日練習する｜每天练习。）,隐藏考点
時代,じだい,名詞,时代,時代が変わる / 時代を超える / 時代の流れ,59,真题,否,子供の頃に憧れていた野球選手とか、大学時代に憧れ / その大学者はそういう時代に、全部ノートするのは結局頭によく入らないという点に気づいていた,①时代（新しい時代が来た｜来了新时代。）,隐藏考点
学生,がくせい,名詞,学生,学生が多い / 学生生活 / 学生の時代,59,真题,否,この大学は地元の学生が多い / いまどきの大学で、ノートをとっている学生はいないけれども、戦,①学生（彼は大学生です｜他是大学生。）,隐藏考点
様々,さまざま,形状詞,各种,様々な方法 / 様々な問題 / 様々な視点,58,真题,否,様々な障害をクリアしていくことがむずかしい。 / これからも様々な国との相互理解を深めていこうと思う。,①各种各样的（様々な意見がある｜有各种意见。）,隐藏考点
見える,みえる,動詞,看见,景色が見える / 影が見える / 遠くが見える,58,真题,否,晴れている日は、この山頂からすばらしい景色が見える。 / (注1)老眼鏡: 年をとって近くが見えにくくなった人のための眼鏡,①看得见（山が見える｜能看到山。）②显得（彼は元気に見える｜他看起来很精神。）,隐藏考点
一人,ひとり,名詞,一个人,一人で行く / 一人の時間 / 一人の友達,58,真题,否,大学に入学してから、一人でくらしています。 / サッカーでもバスケットボールでも、ひとりでボ,①一个人（彼は一人で行った｜他一个人去了。）,隐藏考点
写真,しゃしん,名詞,照片,写真を撮る / 写真がある / 写真を見せる,58,真题,否,の写真です。 / これは 「あお湖」,①照片（この写真が好きです｜我喜欢这张照片。）,隐藏考点
イメージ,いめーじ,名詞,形象,イメージを持つ / イメージが変わる / イメージを作る,58,真题,否,のよいイメージを重ねていきます。 / 新しいイメージを次々に重ねてことで、最初の印象は次第に変化していく。,①形象，印象（彼のイメージは良い｜他的形象很好。）②想象，构思（そのイメージを描いてみて｜试着描绘那个想象。）,隐藏考点
答え,こたえ,名詞,答案,答えが出る / 答えを考える / 答えを求める,58,真题,否,から4の中から、正しい答えを一つ選んでください。 / する返事を聞いて、 1から3の中から、正しい答えを一つ選んでください。,①答案，回答（正しい答えはこれです｜正确的答案是这个。）,隐藏考点
社員,しゃいん,名詞,员工,社員が働く / 社員の意見 / 社員の数,58,真题,否,社員としては体調管理につながるだけでなく、人を助けることができ、 / 会社としては社員の健康を支えながら社会貢献ができるので、社員にとっても会社にとっても一石二鳥というわけだ。,①员工，职员（彼は会社の社員です｜他是公司的员工。）,隐藏考点
評価,ひょうか,名·他サ,评价,過大/小評価（过高/低评价）,57,两者,是,と評価が下がるのを恐れます。 / 努力すれば、 他人からの評価は変わる,①评价，评估（彼の評価は高い｜他的评价很高。）②价值，重要性（その評価は重要です｜这个评价很重要。）,黄金词
頃,ころ,名詞,时候,頃に戻る / 頃の思い出 / 頃の出来事,57,真题,否,子供の頃から憧れていた仕事 / 子供の頃に憧れていた野球選手とか、大学時代に憧れ,①时候，时期（その頃は忙しかった｜那时候很忙。）②大约，左右（午後三時頃に行きます｜大约三点去。）,隐藏考点
速い,はやい,形容詞,快,速い車 / 速い動き / 速い反応,57,真题,否,例えば、私はよく「文章を書くのが速い」 / 定員が20名なので早く申し込む必要がある。,①快，迅速（彼は速いランナーです｜他是个快跑者。）②早，及时（速い返事をください｜请尽快回复。）,隐藏考点
会議,かいぎ,名詞,会议,会議を開く / 会議がある / 会議に参加する,57,真题,否,会議の時間が変わりました。 / 明日の会議に出席してください。,①会议，商讨（会議は明日です｜会议在明天。）,隐藏考点
全体,ぜんたい,名詞,整体,全体を見渡す / 全体の状況 / 全体の意見,57,真题,否,この問題は、全体としてどんな内容かを聞く問題 / この問題は、全体としてどんな内容かを聞く問題で,①整体，全部（全体を見渡す｜整体来看。）②全员，所有人（全体の意見を聞く｜听取所有人的意见。）,隐藏考点
覚える,おぼえる,動詞,记住,単語を覚える / 方法を覚える / 経験を覚える,57,真题,否,記憶力には、覚える力と引き出す力の二つがある。 / いくら覚えても、それを引き出せなければ役に立たない。,①记住，记忆（単語を覚えるのが難しい｜记住单词很难。）,隐藏考点
すぐ,すぐ,副詞,马上,すぐ対応する / すぐ確認する / すぐ連絡する,57,真题,否,すぐに必要な本や食器など / 薄っぺらで、すぐに味がなくなって捨てられるからだ。,①立刻，马上（すぐ行きます｜马上就去。）②紧接着，立即（すぐに帰ります｜立刻回去。）,隐藏考点
しかる,しかる,動詞,责备,子供をしかる / 部下をしかる,57,真题,否,と、またしかられる / れるなら、どうして普段から片付けないの」,①责备（彼をしかった。｜责备了他。）②训斥（先生にしかられた。｜被老师训斥了。）,隐藏考点
他人,たにん,名,他人,他人を思いやる / 他人の意見 / 他人の目,56,两者,是,他人がうらやましがる仕事 / 努力すれば、 他人からの評価は変わる,①他人（彼は他人のことを気にしない。｜他不在乎他人。）,黄金词
とても,とても,副詞,非常,とても大切だ / とても重要だ / とても便利だ,56,真题,否,うちの犬はとてもかしこい。 / 彼はとてもれいぎ正しいです。,①非常（とても楽しい。｜非常快乐。）②很（とても大きい。｜很大。）,隐藏考点
そんな,そんな,形状詞,那样,そんな状況 / そんなことはない / そんな方法,56,真题,否,そんなにあせらなくても大丈夫ですよ。 / 彼がそんなことをする人間でないことは、あなたが,①那样的（そんなことはない。｜没有那样的事。）②那种（そんなに難しくない。｜没有那么难。）,隐藏考点
うける,うける,動詞,受欢迎,影響をうける / 試験をうける / 注文をうける,56,真题,否,人間の心理にはハロー (後光) 効果といって、最初にうけた印象を強めていく傾向があります。 / 反対にだらしない印象を受けると、部屋の中をピカピカにしていても 「家の中もきたないだろう」,①接受（彼の提案をうけた。｜接受了他的提案。）②受欢迎（この映画はうけている。｜这部电影很受欢迎。）,隐藏考点
皆,みな,名詞,大家,皆が集まる / 皆の意見 / 皆の期待,56,真题,否,みんなで会話をしているときには、どのような注意が必要だと述べているか。 / 販売店の皆様にはご面倒をおかけいたしますが、よろしくお願い申し上げます。,①大家（皆が集まった。｜大家都聚集了。）②所有人（皆に知らせる。｜通知所有人。）,隐藏考点
準備,じゅんび,名詞,准备,準備をする / 準備が整う / 準備を進める,56,真题,否,と評価が下がるのを恐れます。 / 結果が出ても 「あれだけ準備すれば当然だ」,①准备（準備ができた。｜准备好了。）②预备（旅行の準備。｜旅行的准备。）,隐藏考点
解決,かいけつ,名詞,解决,解決策を考える / 解決が必要 / 解決を図る,56,真题,否,(注3)攻略(こうりゃく)する:うまく解決する / 不安を抱えたままでは問題を解決するのがむずかしい。,①解决（問題を解決する。｜解决问题。）②处理（解決策を考える。｜考虑解决方案。）,隐藏考点
必ず,かならず,副詞,一定,必ず守る / 必ず確認する / 必ず出席する,56,真题,否,履歴書を必ず持参しなければならない。 / スーツを必ず着て行かなければならない。,①一定（必ず行く。｜一定会去。）②务必（必ず確認してください。｜务必请确认。）,隐藏考点
研究,けんきゅう,名詞,研究,研究を進める / 研究が進む / 研究の結果,56,真题,否,いう研究結果があるという。 / しかし、どんな研究にも視点を変えれば学ぶところは必ずある,①研究（科学を研究する。｜研究科学。）②探讨（テーマを研究する。｜研究主题。）,隐藏考点
入れる,いれる,動詞,放入,荷物を入れる / 砂糖を入れる / 計画に入れる,56,真题,否,げんこうに自分の経験を入れる / (注3) 投函(とうかん) する: ポストに入れる,①放入（箱に入れる｜放入箱子。）②加入（グループに入れる｜加入小组。）,隐藏考点
少し,すこし,副詞,一点,少し待つ / 少し難しい / 少しずつ進む,55,真题,否,老眼鏡を持っていないと少し読みにくいこと / でも、乾燥地帯に木を植えれば、少ししかない木が吸い取られる。,①一点（少しだけ食べる｜只吃一点。）②稍微（少し待ってください｜请稍等。）,隐藏考点
目的,もくてき,名詞,目的,目的を持つ / 目的がある / 目的を達成する,55,真题,否,(中略)「ほめる教育」 / 相手を伸ばしたいという目的を持った行為である。,①目标（目的を達成する｜达到目标）②意图（目的を持つ｜有目标）,隐藏考点
申し込み,もうしこみ,名詞,申请,申し込みをする / 申し込みが必要 / 申し込みを受ける,55,真题,否,※①②とも申し込み不要。 / て、申し込み締め切り日必着で、下記までお送りください。,①申请（申し込みをする｜进行申请）②报名（イベントに申し込み｜报名活动）,隐藏考点
決断,けつだん,名詞,决断,決断を下す / 決断が必要 / 決断をする,55,真题,否,人生には重大な決断をしなければならない時がある。 / 一日中、選択と決断をし、その結果を自分一人でひき受けねばならない。,①决策（決断を下す｜做决定）②决定（早く決断する｜快点决定）,隐藏考点
先,さき,名詞,前,先に進む / 先を考える / 先のこと,55,真题,否,私の勤務先は巨大な公園のなかにある。 / 筆者は、勤務先の環境がよく、 美しい風景を見なれているから,①前面（先に行く｜先走）②未来（先のことを考える｜考虑未来）,隐藏考点
せんたく,せんたく,名詞,选择,せんたくをする / せんたくがある / せんたくを考える,55,真题,否,それから、質問とせんたくしを聞い / それから、質問とせんたくしを聞いて、,①选择（選択肢を選ぶ｜选择选项）②洗涤（洗濯をする｜洗衣服）,隐藏考点
ぼく,ぼく,代名詞,我,ぼくの意見 / ぼくの友達 / ぼくの考え,55,真题,否,ぼくはいつも思うのだが、視覚にとらえたものをただ単に書いても、決して絵画にはならない。 / カメラを間に置いた向こう側とぼくとの表現性が、 (注1) フィフティ・フィフティの割合,①我（僕は学生です｜我是学生）②男孩（僕は男の子｜我是男孩）,隐藏考点
求める,もとめる,他下一,寻求； 请求,職を求める（求职）,54,两者,是,を求めているのではないだろうか。 / 職業選択における自分だけの (注3) 「必然」,①请求（助けを求める｜请求帮助）②追求（知識を求める｜追求知识）,黄金词
変化,へんか,名詞,变化,変化がある / 変化を感じる / 変化を受け入れる,54,真题,否,に対する人々の考え方が変化してきている。 / 消費者の意識の変化をくみ取るようになった。,①变化（変化がある｜有变化）②变动（大きな変化｜大变化）,隐藏考点
大きな,おおきな,連体詞,大的,大きな声 / 大きな影響 / 大きな夢,54,真题,否,とくに辞書は同じ内容で同じデザインで大きな / 大きな活字の本も出まわるようになってきました。,①大的（例：大きな家｜大房子）②重要的（例：大きな問題｜大问题）,隐藏考点
決める,きめる,動詞,决定,計画を決める / 方針を決める / 時間を決める,54,真题,否,市役所で申し込む場合は、水曜日の決められた時間に行く。 / 努力は主観的なものなので、どこまで努力するか自分で決めればよい。,①决定（例：決めることが大事｜决定很重要）②下定决心（例：決めた！｜我决定了！）,隐藏考点
長い,ながい,形容詞,长,長い時間 / 長い道のり / 長い話,54,真题,否,このブームは長くは続かないだろう。 / もちろん長く住める家がいいですよね。,①长的（例：長い道｜长路）②漫长的（例：長い時間｜长时间）,隐藏考点
あいさつ,あいさつ,名詞,问候,あいさつをする / あいさつがある / あいさつを交わす,54,真题,否,というあいさつに、会場か / ヒト社会のように挨拶をしないように見えます。,①问候（例：あいさつをする｜打招呼）②致辞（例：あいさつを述べる｜发表致辞）,隐藏考点
道,みち,名詞,道路,道を歩く / 道が続く / 道を選ぶ,54,真题,否,と思うような後悔である。 / しかし自分でも、理由があって理系の道を選んだ,①道路（例：道を歩く｜走在路上）②方法（例：道を選ぶ｜选择方法）,隐藏考点
個性,こせい,名詞,个性,個性を大切にする / 個性がある / 個性を表現する,54,真题,否,個性の重視とは、「二人と同じ人間はいない、つまり人は一人ひとり異なる存在である。 / 個性の重視ということが注目されるようになって以来、「子どもの興味を尊重し、一人ひとりの子ど,①个性（例：個性が強い｜个性很强）②特征（例：個性を大切に｜重视个性）,隐藏考点
印刷,いんさつ,名·他サ,印刷,書類を印刷する / 資料を印刷する / データを印刷する,53,两者,是,サクラ印刷の山川さんに電話してください。 / では、問題用紙に何も印刷されていません。,①印刷（例：印刷する｜进行印刷）②打印（例：印刷物｜打印材料）,黄金词
選手,せんしゅ,名詞,选手,選手が出場する / 選手の意気込み / 選手の成績,53,真题,否,子供の頃に憧れていた野球選手とか、大学時代に憧れ / 田中選手は前大会に続いて、今大会でも優勝を果たした。,①运动员（例：選手が頑張る｜运动员努力）②选手（例：選手権｜选手比赛）,隐藏考点
意見,いけん,名詞,意见,意見を述べる / 意見が分かれる / 意見を交換する,53,真题,否,話し合いでは、 少数意見も尊重しよう。 / その意見に反対するきっかけは、主観的すぎるからだ。,①意见（例：意見を言う｜发表意见）②看法（例：意見が分かれる｜意见不一）,隐藏考点
文化,ぶんか,名詞,文化,文化を学ぶ / 文化が豊か / 文化を尊重する,53,真题,否,と思っているようだが、僕は完全には同 / 異文化に触れたのがきっかけで、この仕事を始めた。,①文化（例：文化を学ぶ｜学习文化）②文明（例：文化が豊か｜文化丰富）,隐藏考点
条件,じょうけん,名詞,条件,条件を満たす / 条件がある / 条件を考える,52,真题,否,我々は無条件にそう考えがちだ。 / どの商品でもまずければ条件つきで全額返金する。,①条件，前提（例：条件を満たす｜满足条件）②条款，约定（例：契約条件｜合同条款）,隐藏考点
案内,あんない,名詞,引导,案内を受ける / 案内をする / 案内が必要,52,真题,否,河山市で開かれる市民セミナーの案内である。 / 以下は、ある会社が新商品の発表会で来場者に渡した案内である。,①引导，指引（例：案内をお願いします｜请引导）②通知，介绍（例：案内状を送る｜发送通知）,隐藏考点
語,ご,名詞,语言,語を学ぶ / 語が豊か / 語を使う,52,真题,否,A日本語ができるスタッフ B日本語ができるスタッフ / ・プラン①は、海外での荷物のお届けの際に日本語がわかるスタッフがうかがうので安心です。,①语言，词汇（例：日本語を学ぶ｜学习日语）②说，讲（例：語を交わす｜交流语言）,隐藏考点
記憶,きおく,名,记忆,記憶がよい（记性好）,51,两者,是,記憶力には、覚える力と引き出す力の二つがある。 / 聞いたことをすべてメモやノートに書くと記憶に残りやすい。,①记忆，回忆（例：記憶が鮮明だ｜记忆清晰）②存储，保留（例：記憶に残る｜留在记忆中）,黄金词
選択,せんたく,名詞,选择,選択をする / 選択肢がある / 選択を考える,51,真题,否,を求めているのではないだろうか。 / 職業選択における自分だけの (注3) 「必然」,①选择，挑选（例：選択肢が多い｜选项很多）②决定，选定（例：選択をする｜做选择）,隐藏考点
注文,ちゅうもん,名詞,订单,注文をする / 注文が届く / 注文を確認する,51,真题,否,「ジミック」 / のプリンターを7、8月中に買う人がインクを一緒に注文すれば、どちらも5%引き,①订单，要求（例：注文を受ける｜接受订单）②请求，点菜（例：注文をする｜点菜）,隐藏考点
料金,りょうきん,名詞,费用,料金が発生する / 料金を支払う / 料金が必要,51,真题,否,バスの利益は、新幹線よりも料金が安いことだ。 / ・料金には、荷物の日本でのお引き取り、輸出入税関手続き 海外でのお届け費用を含みます。,①费用，价格（例：料金が高い｜费用很高）②收费，账单（例：料金を払う｜支付账单）,隐藏考点
もう,もう,副詞,已经,もう十分だ / もう終わった / もう一度する,51,真题,否,もう少し値段の質素なツアーはありませんか / A「もう無理だよ、 私には5キロなんて走れないよ。,①已经，早已（例：もう終わった｜已经结束）②再，另外（例：もう一度｜再来一次）,隐藏考点
目標,もくひょう,名詞,目标,目標を設定する / 目標を達成する / 目標がある,51,真题,否,以下は、目標に向かう姿勢について、 ある将棋のプロが書いた文章である。 / までを目標に、そこまではとりあえず走ってみようといった小さな目標を定めながら走るのがいいと,①目标，目的（例：目標を達成する｜实现目标）②指标，标志（例：目標を設定する｜设定目标）,隐藏考点
気づく,きづく,動詞,察觉,問題に気づく / 変化に気づく / 間違いに気づく,50,真题,否,その大学者はそういう時代に、全部ノートするのは結局頭によく入らないという点に気づいていた / ゆっくり歩むからこそ、道ばたに咲く花に気づいたり、きれいな夕日を楽しむ気分になれるのです。,①察觉，注意到（例：気づいていない｜没有察觉）②意识到，明白（例：問題に気づく｜意识到问题）,隐藏考点
最近,さいきん,名詞,最近,最近の出来事 / 最近のニュース / 最近の状況,49,真题,否,最近は、天気の悪い日が続出している。 / 最近忙しくて生活のリズムがみだれている。,①最近，近来（最近の天気はどうですか？｜最近天气怎么样？）②不久前（最近、友達に会った。｜最近见了朋友。）,隐藏考点
まだ,まだ,副詞,还,まだ続ける / まだ足りない / まだ間に合う,49,真题,否,本をまだ読んでいないから / B「まだ 500メートルだよ。,①还，尚未（まだ終わっていません。｜还没结束。）②仍然（まだ大丈夫です。｜还好。）,隐藏考点
たくさん,たくさん,副詞,很多,たくさん食べる / たくさん勉強する / たくさん使う,49,真题,否,「練習のための練習」 / が行われているというチームがたくさんあります。,①很多，许多（たくさん食べました。｜吃了很多。）②大量（たくさんの人が来た。｜来了很多人。）,隐藏考点
割引,わりびき,名詞,折扣,割引がある / 割引を受ける / 割引を利用する,49,真题,否,この会社の割引サービスについて正しいものはどれか。 / 員証を(注2)提示されますと5%割引とさせていただきます。,①折扣，优惠（割引がありますか？｜有折扣吗？）②减价（この商品は割引中です。｜这个商品在打折。）,隐藏考点
資料,しりょう,名詞,资料,資料を準備する / 資料が必要 / 資料を確認する,49,真题,否,資料が全然できていないから / 資料の締め切りが明日だから,①资料，文献（資料を集めています。｜正在收集资料。）②文件（資料を見てください。｜请看资料。）,隐藏考点
走れる,はしれる,動詞,能走,速く走れる / 長距離を走れる,49,真题,否,となると、 な / たとえば、「走る」,①能跑，能走（彼は速く走れる。｜他能跑得快。）②可以走（ここを走れる。｜这里可以跑。）,隐藏考点
面白い,おもしろい,形容詞,有趣,面白い話 / 面白いこと / 面白い経験,48,真题,否,仕事に大きな不満はないが、 そうかといって格別面白いというわけでもない。 / 文章を書く面白さとは、 そういうプレッシャーを感じながら、なんとか諸問題をクリ,①有趣，好玩（この本は面白いです。｜这本书很有趣。）②引人入胜（面白い映画を見た。｜看了有趣的电影。）,隐藏考点
回,かい,名詞,次,回を重ねる / 回が多い / 回を数える,48,真题,否,どの商品でも味が気に入らなければ1回だけ全額返金する。 / 平成22年10月1日~10月29日 毎週金曜日 全5回 19:00~20:30,①次，回合（次の回はいつですか？｜下次是什么时候？）②轮次（一回やってみてください。｜请试一次。）,隐藏考点
存在,そんざい,名·自サ,存在,社会に存在する / 確かに存在する / 大きく存在する,47,两者,是,文章の価値を決めるのは読み手の存在だ。 / 練習は本番の試合のために存在すべきもので,①存在，存在感（彼の存在が大切です。｜他的存在很重要。）②生存（この生物は存在します。｜这种生物存在。）,黄金词
場,ば,名,场所，地方,場を整える / 場が広い / 場を選ぶ,47,两者,是,緑浜海水浴場、 白波海水浴場、 みなと海浜公園 / がちですが、同じ場にいることに敬意を払って、その人にも (注2)話を振らないと。,①场所，地点（ここはいい場です。｜这里是个好地方。）②场合（その場で決めましょう。｜当场决定吧。）,黄金词
判断,はんだん,名·他サ,判断,判断を下す（下判断）,47,两者,是,が取り上げられます。 / 人を外見で判断するのはよくないことだ。,①判断，决策（自分で判断する｜自己判断）②判断，评估（正しい判断をする｜做出正确判断）,黄金词
文字,もじ,名詞,文字,文字を書く / 文字が読める / 文字を学ぶ,47,真题,否,新聞の文字が大きくなた理由は何か。 / いていたと思いますが、紙面の大きさは変えないわけだから、 「文字が大きくなった分、 文字数を減ら,①文字，字母（漢字の文字｜汉字）②文字，书写（文字を書く｜写文字）,隐藏考点
申し込める,もうしこめる,動詞,可申请,コースに申し込める / 試験に申し込める,47,真题,否,定員が20名なので早く申し込む必要がある。 / ・市民セミナーのページからお申し込みください。,①可以申请（参加を申し込める｜可以申请参加）②可以请求（サービスを申し込める｜可以请求服务）,隐藏考点
旅行,りょこう,名詞,旅行,旅行に行く / 旅行が好き / 旅行の計画,47,真题,否,旅行に行くことになったから / 受け取るティッシュの袋には、 旅行会社の名,①旅行，出行（旅行に行く｜去旅行）②旅行，游览（楽しい旅行｜愉快的旅行）,隐藏考点
立つ,たつ,動詞,站立,役に立つ / 目立つ / 計画が立つ,47,真题,否,大学での専門が役に立ちそうだから / 社員の健康が守られ、社会の役に立つことにもなる。,①站立，起立（まっすぐ立つ｜站直）②成立，出现（問題が立つ｜问题出现）,隐藏考点
異なる,ことなる,自五,不同,姓が異なる（姓名不同）,46,两者,是,為は、この点において異なります。 / 同じ分野の専門家でも、立場によって見解が異なる。,①不同，差异（意見が異なる｜意见不同）②不同，区别（文化が異なる｜文化不同）,黄金词
動物,どうぶつ,名詞,动物,動物園を訪れる / 動物が好きだ / 動物の種類,46,真题,否,人間は忘れやすい動物なのだ。 / 彼は動物に対して深刻な愛情を持っている。,①动物，生物（動物が好き｜喜欢动物）②动物，野生（動物園の動物｜动物园的动物）,隐藏考点
技術,ぎじゅつ,名詞,技术,技術を学ぶ / 技術が進歩する / 技術を応用する,46,真题,否,会話の技術は、 運転技術とよく似ています。 / ①会話の技術は、運転技術とよく似ていますとあるが、この文章ではどんなところが似ていると述,①技术，技能（最新の技術｜最新技术）②技术，工艺（技術を学ぶ｜学习技术）,隐藏考点
難しい,むずかしい,形容詞,困难,難しい問題 / 難しい状況 / 難しい課題,46,真题,否,いまから転職をするのは難しいこと / 様々な障害をクリアしていくことがむずかしい。,①困难，难度（問題が難しい｜问题很难）②复杂，棘手（難しい課題｜复杂的课题）,隐藏考点
感,かん,名詞,感觉,感を持つ / 感が鋭い / 感を表現する,46,真题,否,彼は責任感が強く、この仕事のリーダーにふさわしい。 / 力することに対して抵抗感がなくなり、 とても生きやすくなりました。,①感觉，感受（感がある｜有感觉）②情感，情绪（感を持つ｜有情感）,隐藏考点
ホーム,ほーむ,名詞,主页,ホームページを作る / ホームで過ごす / ホームに戻る,46,真题,否,"市役所ホームページ (http: / www.city, kawayama.lg.jp",①家，住所（私のホームはここです｜我家在这里）②车站月台（ホームに人がいます｜月台上有人）,隐藏考点
文,ぶん,名詞,文,文を読む / 文を書く / 文が長い,46,真题,否,まず文を聞いてください。 / まず、文を聞いてください。,①文章，句子（この文は難しいです｜这句话很难）②文学，文艺（彼は文が好きです｜他喜欢文学）,隐藏考点
社,しゃ,名詞,公司,社に勤める / 社が大きい / 社の方針,46,真题,否,参加企業: 金融・小売業・情報・通信・貿易商社など20社 / 右のページは、A社とB社の海外引越サービスの案内である。,①公司，社团（その社で働いています｜我在那家公司工作）②神社，社殿（近くに社があります｜附近有神社）,隐藏考点
一緒,いっしょ,名詞,一起,一緒に行く / 一緒に遊ぶ / 一緒に食べる,46,真题,否,「ジミック」 / 一緒にに行く家族は外国での生活,①一起，同行（一緒に行きましょう｜一起去吧）②共同，合伙（一緒にやりましょう｜一起做吧）,隐藏考点
絵,え,名詞,画,絵を描く / 絵が上手だ / 絵を見る,46,真题,否,彼が描いたライオンの絵は、 / (石本正『絵をかくよろこび』による),①画，图画（この絵は美しいです｜这幅画很美）②绘画艺术（絵が好きです｜喜欢绘画）,隐藏考点
見つける,みつける,動詞,找到,方法を見つける / 解決策を見つける / 仕事を見つける,46,真题,否,と自分の成果を見つけて評価する。 / の社長と一時間も話せるところまできた」,①找到，发现（鍵を見つけました｜找到了钥匙）②识别，察觉（問題を見つける｜发现问题）,隐藏考点
自信,じしん,名詞,自信,自信を持つ / 自信がある / 自信を失う,45,真题,否,(注5)堂々と: 自信のある様子で / (注2) 胸をはって: 自信を持って,①信心，自信心（自信を持ってください｜请有自信）②自我肯定（彼は自信があります｜他很自信）,隐藏考点
量,りょう,名詞,量,量を測る / 量が多い / 量を減らす,45,真题,否,自分の発現量を意識しながら、 おとなしい人にも話してもらうようにすること / 人間一人一人が持つ情報量はコンピュータの持つ情報量を到底超えることができない。,①数量，体积（量を測ります｜测量数量）②程度，分量（量が多いです｜数量很多）,隐藏考点
旅,たび,名詞,旅,旅に出る / 旅が好きだ / 旅をする,45,真题,否,(野田知佑『旅へ一新・放浪記1』による) / ときどき、 ながめたり、 人に見せたりして、 旅の追体験をし、イメージを,①旅行，游历（旅に出ます｜出发旅行）②旅程，行程（楽しい旅でした｜愉快的旅程）,隐藏考点
はじめて,はじめて,副詞,第一次,はじめて経験する / はじめて会う / はじめて知る,45,真题,否,うすることによってはじめて (注2) 普遍的な美の世界が出現するのだと思う。 / が初めてなので、日本語で対応してもらえて、なるべく楽なプランを利用したいと思っている。,①第一次，初次（はじめて会いました｜第一次见面）②首次，初次体验（はじめての経験｜第一次体验）,隐藏考点
先生,せんせい,名詞,老师,先生に教わる / 先生が優しい / 先生の話,45,真题,否,先生の一言が、 私をこの研究にみちびいてくれた。 / あの頃先生や親は僕によく「いい友達をいっぱい作りなさい。,①老师，教师（彼は私の先生です｜他是我的老师）②医生（先生に診てもらった｜看医生）,隐藏考点
状態,じょうたい,名詞,状态,状態が悪い / 状態を確認する / 状態が変わる,45,真题,否,この「変化」 / した状態となるのです。,①状态，情况（彼の状態は良好です｜他的状态很好）②形态，形状（その状態を保つ｜保持那个状态）,隐藏考点
図書,としょ,名,图书,図書館で借りる / 図書を読む / 図書が多い,44,两者,是,最優秀賞(1名: 賞状および図書券3万円分) / 優秀賞(3名程度: 賞状および図書券1万円分),①图书，书籍（図書館で図書を借りる｜在图书馆借书）,黄金词
生まれる,うまれる,動詞,出生,子供が生まれる / アイデアが生まれる / 可能性が生まれる,44,真题,否,は生まれてから死ぬまで、 変わることはほぼありません。 / たとえば、将来子供が生まれ家族が増えることを考えて建てた家も、子供が成人して独,①出生，诞生（赤ちゃんが生まれた｜宝宝出生了）,隐藏考点
期間,きかん,名詞,期间,期間が短い / 期間を延ばす / 期間中に,44,真题,否,見学希望日の3ヶ月前の月の1日から希望日の1ヶ月前の日まで (期間中の必着) / 金は当日限りで、期間中1人1回のみ、それから商品を半分以上食べていないことが条件だ。,①期间，时段（この期間は忙しい｜这段时间很忙）②期限，限期（提出期限は明日｜截止日期是明天）,隐藏考点
上司,じょうし,名詞,上司,上司に相談する / 上司が厳しい / 上司の指示,44,真题,否,(高城幸司『上司につける薬! / 少なくとも上司の目にはそう映ります。,①上司，领导（上司に相談する｜向上司请教）,隐藏考点
予定,よてい,名詞,计划,予定を立てる / 予定がある / 予定を変更する,44,真题,否,台は今月末に発送を予定しております。 / 対象: 平成24年3月までに卒業予定の本学留学生,①计划，安排（明日の予定は何ですか｜明天有什么计划）②预定，预计（予定通り進んでいる｜按计划进行）,隐藏考点
国,くに,名詞,国家,国が発展する / 国に帰る / 国の文化,43,真题,否,これからも様々な国との相互理解を深めていこうと思う。 / (注1)途上国(とじょうこく): 経済成長の途中にある国,①国家，国（私の国は日本です｜我的国家是日本）②国土，领土（その国は広い｜那个国家很大）,隐藏考点
課,か,名詞,课,課を受ける / 課が難しい / 課の内容,43,真题,否,B 「3課の文法の練習問題を / 河山市本町1-1-1 河山市役所市民課 市民セミナー係,①课程，科目（この課は難しい｜这门课很难）②部门，科（営業課に所属している｜属于销售部门）,隐藏考点
最初,さいしょ,名詞,最初,最初に行う / 最初の印象 / 最初の一歩,43,真题,否,新しいイメージを次々に重ねてことで、最初の印象は次第に変化していく。 / 最初に悪い印象を与えてしまっても、 その後の付き合いでイメージは変えられる。,①最初，开始（最初は緊張した｜最开始很紧张）②第一，首位（最初の一歩を踏み出す｜迈出第一步）,隐藏考点
数,すう,名詞,数,数を数える / 数が多い / 数を減らす,43,真题,否,(注1)大部(だいぶ): 書物の冊数やページ数が多いこと / 例えば、数人で楽しく盛り上がっているときに、いきなり入ってきて、 自分の話を始める人がいます。,①数量（例：数を数える｜数数）②数字（例：数を示す｜表示数字）,隐藏考点
メモ,めも,名詞,备忘,メモを取る / メモが必要だ / メモを見返す,43,真题,否,話を聞いているときは「なるほどなあ」 / しかし意外と、 あまりメモもとらず、「聞,①备忘录（例：メモを取る｜做备忘录）②笔记（例：メモを書く｜写笔记）,隐藏考点
状況,じょうきょう,名,状况,状況が変わる / 状況を把握する / 状況が悪化する,42,两者,是,電気自動車所有状況の予測 / (注2)適応:(ある状況に)合うこと,①情况（例：状況を確認する｜确认情况）②状态（例：状況が変わる｜情况会改变）,黄金词
効果,こうか,名詞,效果,効果がある / 効果を確認する / 効果を期待する,42,真题,否,「ビジネス場面での効果的なコミュニケーション法」 / 来月、 本製品販売1周年を迎えるにあたり、製品の使用効果、 値段などについてお客様,①效果（例：効果がある｜有好的效果）②效用（例：効果を期待する｜期待效果）,隐藏考点
働く,はたらく,動詞,工作,会社で働く / 海外で働く / 夜遅くまで働く,42,真题,否,もっとも多少働いたとしても、仕事の本質はわからな / 備や調理に手間がかからず、 多くの料理人を働かせる必要もない。,①工作（例：働く時間｜工作时间）②运作（例：機械が働く｜机器在运作）,隐藏考点
作業,さぎょう,名詞,作业,作業をする / 作業が進む / 作業を終える,42,真题,否,この作業は慎重にやってください。 / 作業能率が上がって一日の仕事の時間が短くなっている。,①作业（例：作業をする｜做作业）②工作（例：作業が進む｜工作在进行）,隐藏考点
影響,えいきょう,名·自サ,影响,社会に影響する / 生活に影響する / 大きく影響する,41,两者,是,相手の心と行動に影響を与え、やる気を出させ / は、ほめることを通して相手に影響を与えることです。,①影响（例：影響を与える｜产生影响）②作用（例：影響を受ける｜受到影响）,黄金词
組織,そしき,名,组织,組織を作る / 組織が大きい / 組織の方針,41,两者,是,組織の活力を維持できなくなる。 / 競争のない社会、 公正な評価が通らない組織は、長い目で見れ,①组织（例：組織を作る｜建立组织）②机构（例：組織が大きい｜组织很大）,黄金词
合わせる,あわせる,動詞,结合,時間を合わせる / 意見を合わせる / リズムを合わせる,41,真题,否,日本には、家はそこに住む家族に合わせて建てるという考え / お客様の状況やご希望に合わせて、最適なプランをお選びします。,①结合（例：意見を合わせる｜结合意见）②调和（例：色を合わせる｜调和颜色）,隐藏考点
はず,はず,名詞,应该,はずがない / はずだと思う / はずがある,41,真题,否,講演会などに出かけて自己を磨いている人も多いはずだ。 / こんなはずではなかったと 抱いていた理想が崩れそうになることがあるかもしれません。,①应该（例：来るはず｜应该来）②理应（例：そうなるはず｜理应如此）,隐藏考点
感情,かんじょう,名詞,情感,感情を表す / 感情が高まる / 感情を理解する,41,真题,否,お互い感情的になっていると、 / 好き嫌いや感情は、無意識のうちに、 自分を守るために、,①情感（彼は感情を表さない。｜他不表露情感。）②感受（感情が高まる。｜情感高涨。）,隐藏考点
消費,しょうひ,名詞,消费,消費が増える / 消費を抑える / 消費者の意見,41,真题,否,企業が社員や消費者の意思にかかわりなく積極的に行うもの / 社員や消費者が手軽に寄付ができて企業側にも利点があるもの,①消费（消費が増加した。｜消费增加了。）②消耗（エネルギーを消費する。｜消耗能源。）,隐藏考点
失敗,しっぱい,名詞,失败,失敗を恐れる / 失敗が多い / 失敗を学ぶ,41,真题,否,人生に失敗してもあきらめがつくから / (外山知徳『家族の絆をつくる家 失敗しない住まいづくりのための30講』 による),①失败（彼は失敗を恐れない。｜他不怕失败。）②错误（失敗から学ぶ。｜从错误中学习。）,隐藏考点
緊張,きんちょう,名·自サ,紧张,緊張した顔つき（紧张的神色）,40,两者,是,きんちょうして食べる気がしないから / あの選手の練習の様子を取材したときは、とても緊張しました。,①紧张（緊張している。｜感到紧张。）②焦虑（試験前は緊張する。｜考试前会紧张。）,黄金词
ほめる,ほめる,動詞,赞美,子供をほめる / 作品をほめる / 成績をほめる,40,真题,否,「ほめる教育」 / におけるほめるという行,①称赞（彼をほめる。｜我称赞他。）②表扬（良い仕事をほめる。｜我表扬了好工作。）,隐藏考点
使用,しよう,名詞,使用,使用する道具 / 使用が簡単だ / 使用を制限する,40,真题,否,実験や酸素を作るときには地球から運ばれた水が使用される。 / 年に、 ステーションで使用した水をリサイクルする装置が設置された。,①使用（この道具を使用する。｜使用这个工具。）②利用（資源を使用する。｜利用资源。）,隐藏考点
化,ばける,接尾辞,变化,化することができる / 化が進む / 化を促進する,40,真题,否,というような説 / (注3)適切化をはかる: 適切になるようにする,①变化（変化が起こる。｜发生变化。）②化学（化学反応がある。｜有化学反应。）,隐藏考点
十分,じゅうふん,副詞,充分,十分に準備する / 十分に理解する / 十分な時間,40,真题,否,以前の紙面は高齢の読者のニーズに十分こたえていなかった。 / 他の人に比べると自分の努力は不十分で、もっと努力が必要だと思っているから,①充分（十分な時間がある。｜有充足的时间。）②足够（十分な理由がある。｜有足够的理由。）,隐藏考点
声,こえ,名詞,声音,声を出す / 声が大きい / 声をかける,40,真题,否,昨年度セミナー受講者の声 / 何かご不明な点がございましたら、お気軽に販売スタッフにお声をおかけください。,①声音（彼の声が聞こえる。｜能听到他的声音。）②呼喊（大きな声で叫ぶ。｜大声呼喊。）,隐藏考点
より,より,副詞,更,よりよくなる / より多くする / より効果的な,40,真题,否,文章は人に読まれることでよりよいものになる。 / その一つの原因は、世の中が便利になり、能率的になって、より早く仕事を仕上げることがより優れていると評価され,①比较（彼は私より早い。｜他比我快。）②更加（より良い選択。｜更好的选择。）,隐藏考点
不安,ふあん,名詞,不安,不安を感じる / 不安がある / 不安を解消する,40,真题,否,このまま最後まで書き上げられるか不安だという気持ち / 不安を抱えたままでは問題を解決するのがむずかしい。,①心情不安（最近、彼は不安だ。｜最近他很不安。）②担忧、忧虑（未来に不安を感じる。｜对未来感到担忧。）,隐藏考点
科学,かがく,名詞,科学,科学が進歩する / 科学を学ぶ / 科学の実験,40,真题,否,(小林寛道『運動神経の科学一誰でも足は速くなる』による) / 山田氏は有名な科学者で、いくつもの本に研究論文を掲示している。,①科学、学问（科学は面白い。｜科学很有趣。）②自然科学（科学の進歩が大切だ。｜科学进步很重要。）,隐藏考点
開発,かいはつ,名詞,开发,開発が進む / 開発を行う / 開発の成果,40,真题,否,今後開発される電気自動車の新機能 / 開発のコスト 4 はんばいの方法,①开发、研制（新しい製品を開発する。｜开发新产品。）②发展、拓展（地域の開発が進む。｜地区发展在进行。）,隐藏考点
感動,かんどう,名詞,感动,感動を与える / 感動的な話 / 感動を覚える,40,真题,否,その感動はながつづきしない。 / 彼女の生き方は多くの人に感動をあたえた,①感动、触动（映画に感動した。｜被电影感动了。）②激动、兴奋（彼の話に感動した。｜被他的故事感动了。）,隐藏考点
色,いろ,名詞,颜色,色が変わる / 色を選ぶ / 色が鮮やかだ,40,真题,否,チゴがどんな色をしているのかを知っています。 / そのため、光源の色や明るさが太陽の色とは変わって,①颜色、色彩（好きな色は青です。｜我喜欢的颜色是蓝色。）②风格、气氛（この部屋は色が豊かだ。｜这个房间色彩丰富。）,隐藏考点
実,じつ,名,果实,実がなる / 実を収穫する / 実が大きい,39,两者,是,再生された水は飲料水や実 / 「実は、○○と関係があるのですよ。,①果实、实际（実がなった木。｜结出果实的树。）②真实、事实（実はそうではない。｜其实不是那样。）,黄金词
つながる,つながる,自五,相连，相关,事件につながる人々（与事件有牵连的人们）,39,两者,是,恐怖や不安を感じることが、安全につながる。 / 社員としては体調管理につながるだけでなく、人を助けることができ、,①连接、相连（心がつながる。｜心灵相连。）②联系、关联（友達とつながる。｜与朋友联系。）,黄金词
認める,みとめる,他下一,承认；准许,欠点 [けってん] を認める（承认缺点）,39,两者,是,職場で自分の努力を認めてもらうにはどうすればいいか。 / Aでは相手の考えを尊重することが大切だと述べ、 B では自分の努力を認めることが大切だと述べている。,①承认、认可（彼の才能を認める。｜承认他的才能。）②接受、容许（事実を認める。｜接受事实。）,黄金词
まま,まま,名詞,如常,ままにする / ままの状態 / ままの生活,39,真题,否,このままよりいいのだろうか / このままがいいのではないか,①保持、如故（そのままにしておく。｜保持原样。）②状态、情形（そのまま進めてください。｜请按原样进行。）,隐藏考点
宇宙,うちゅう,名詞,宇宙,宇宙を探検する / 宇宙が広い / 宇宙の神秘,39,真题,否,再生装置が完全に機能すると、 国際宇宙ステーションで使われる水はどうなると述べているか。 / 宇宙では、地球から運ばれる水はコップ一杯 30-40 万円に相当するほど高価なものとなるが、,①宇宙、太空（宇宙は広い。｜宇宙很广阔。）②宇宙空间（宇宙の神秘を探る。｜探索宇宙的奥秘。）,隐藏考点
別,べつ,名詞,不同,別の方法 / 別の意見 / 別の場所,39,真题,否,ただ、もし別の仕事を選ん / この問題を別の注目から見てみよう。,①不同的（別の道を行く｜走不同的路。）②分开的（別れて暮らす｜分开生活。）,隐藏考点
いろいろ,いろいろ,副詞,各种,いろいろ試す / いろいろな方法 / いろいろ考える,39,真题,否,プレッシャーを忘れ、 いろいろ考えるのが楽しい。 / 自分の努力の結果に対し、 他人にいろいろ言われたり思われたりしたくないから,①各种各样（いろいろな問題｜各种各样的问题。）②多种多样（いろいろな人｜多种多样的人。）,隐藏考点
学ぶ,まなぶ,動詞,学习,経験から学ぶ / 日本語を学ぶ / 歴史を学ぶ,39,真题,否,しかし、どんな研究にも視点を変えれば学ぶところは必ずある / ナーでは相手に自分の考えを効果的に伝えるためのコミュニケーション法を学びます。,①学习（日本語を学ぶ｜学习日语。）,隐藏考点
特別,とくべつ,形状詞,特别,特別な機会 / 特別に扱う / 特別な意味がある,39,真题,否,もしそれが「物まね」 / であることを知らなければ、 本物だと思って聞くので特別感心もしない。,①特别的（特別な日｜特别的日子。）②特殊的（特別な事情｜特殊的情况。）,隐藏考点
サービス,さーびす,名詞,服务,サービスを提供する / サービスが良い / サービスを受ける,39,真题,否,A社 海外引越サービス プラン比較 / この会社の割引サービスについて正しいものはどれか。,①服务（サービスを提供する｜提供服务。）②优惠（特別サービス｜特别优惠。）,隐藏考点
手,て,名詞,手,手を貸す / 手が疲れる / 手を振る,39,真题,否,手をきちんとゆかにつけること / 手でもそんなことは不可能である。,①手（手を洗う｜洗手。）②方法（手を使う｜使用方法。）,隐藏考点
つまり,つまり,副,即，也就是说,つまりそういうことだ / つまり説明する / つまり答えは,38,两者,是,というのだが、 / つまり、それを「自由」,①也就是说（つまり、そういうこと｜也就是说，这样。）,黄金词
アイディア,あいでぃあ,名詞,主意,アイディアを出す / アイディアが浮かぶ / アイディアを共有する,38,真题,否,雑談をしているときにいいアイディアが浮かんだ。 / アイデアにしても、「このぐらいのアイデアだった,①主意（いいアイディア｜好主意。）②想法（新しいアイディア｜新想法。）,隐藏考点
教育,きょういく,名詞,教育,教育を受ける / 教育が重要だ / 教育の質,38,真题,否,「ほめる教育」 / におけるほめるという行,①教育（教育を受ける｜接受教育。）②培养（教育の重要性｜教育的重要性。）,隐藏考点
自由,じゆう,名詞,自由,自由を求める / 自由が大切だ / 自由に行動する,38,真题,否,職業の選択が自由になり、 昔よりも自分に合った仕事を探しやすくなった。 / 自由に仕事を選べる環境で、誰もが自分に適した仕事をしたいと考えている。,①自由（自由に行動する｜自由行动。）②随意（自由な時間｜自由的时间。）,隐藏考点
大事,だいじ,形状詞,重要,大事にする / 大事な情報 / とても大事だ,38,真题,否,職場での人間関係を大事にするにはどうすればいいか。 / 大事な数字のほかは、 ごく要点だけをノートに記入する。,①重要的事情（これは大事です｜这很重要。）②重大事件（大事が起きた｜发生了重大事件。）,隐藏考点
なくなる,なくなる,動詞,消失,問題がなくなる / 記憶がなくなる / 機会がなくなる,38,真题,否,いう、自分に自信がなくなったときであることが多い。 / 力することに対して抵抗感がなくなり、 とても生きやすくなりました。,①消失（お金がなくなった｜钱消失了。）②去世（祖父がなくなった｜祖父去世了。）,隐藏考点
やめる,やめる,動詞,停止,仕事をやめる / 習慣をやめる / 計画をやめる,38,真题,否,名物料理を作るのをやめたから / を人に見せることをやめてしまいます。,①停止（仕事をやめる｜停止工作。）②放弃（勉強をやめる｜放弃学习。）,隐藏考点
役,やく,名詞,角色,役を演じる / 役が重要だ / 役を果たす,38,真题,否,大学での専門が役に立ちそうだから / 社員の健康が守られ、社会の役に立つことにもなる。,①角色（映画の役｜电影中的角色。）②作用（役に立つ｜有用的作用。）,隐藏考点
スポーツ,すぽーつ,名詞,运动,スポーツをする / スポーツが好きだ / スポーツの大会,38,真题,否,来月、スポーツ大会がかいさいされる。 / スポーツ技術や 「(注5) 身のこなし」,①体育运动（スポーツが好き｜喜欢运动。）②竞技活动（スポーツをする｜进行体育活动。）,隐藏考点
注意,ちゅうい,名詞,注意,注意を払う / 注意が必要だ / 注意を促す,37,真题,否,そのうえで、自分の話ばかりしないように注意すること。 / 運転で他の車に注意が払える人は会話でも他者に敬意が払えるところ,①小心（注意してください｜请小心。）②提醒（注意が必要｜需要提醒。）,隐藏考点
想像,そうぞう,名詞,想象,想像を膨らませる / 想像が豊かだ / 想像すること,37,真题,否,いつも、「もしそうなら」 / 想像するだけでもけっこう楽しい。,①想象（想像力が豊か｜想象力丰富。）②设想（未来を想像する｜设想未来。）,隐藏考点
運動,うんどう,名詞,运动,運動をする / 運動が健康に良い / 運動不足,37,真题,否,健康を保つためには、バランスのいい食事と運動が大切だ。 / 退院しても、しばらくの間、はげしい運動はしないでください。,①运动（運動が大切｜运动很重要。）②活动（運動不足｜缺乏运动。）,隐藏考点
企業,きぎょう,名詞,企业,企業が成長する / 企業に勤める / 企業の戦略,37,真题,否,また、「寄付つき」 / の商品を販売する企業も増えている。,①公司（企業を経営する｜经营公司。）②企业（大企業｜大企业。）,隐藏考点
思い,おもい,名詞,想法,思いを伝える / 思い出がある / 思いを込める,37,真题,否,と悔しい思いをすることがある。 / し、「俺にもできたはずなのに･･････」,①想法（思いを伝える｜传达想法。）②感情（思い出がある｜有回忆。）,隐藏考点
料,りょう,接尾辞,材料,料を計る / 料が必要だ / 料を準備する,37,真题,否,それは、企業からの広告料を利用しようという / 指定の美術館では入場料が100円引きになる。,①材料（料理の材料｜料理的材料。）②费用（料金がかかる｜需要费用。）,隐藏考点
集団,しゅうだん,名,集体,集団で行動する / 集団が大きい / 集団の意見,36,两者,是,ところが、集団行動の経験もなく、家でも甘やかされて育ってイヌは。 / ずっと一人で生きてきた後で、集団に入ってみると、その居心地の良さ、 安楽さに驚くのである。,①群体（集団で行動する｜集体行动。）②团队（集団で活動する｜团队活动。）,黄金词
描く,えがく,他五,描绘,絵を描く（画画）,36,两者,是,などだ。 / 目で見たものを想像力で補い美しく描き表したもの,①画画（絵を描く｜画画。）②描述（夢を描く｜描述梦想。）,黄金词
せい,せい,名詞,原因,せいで遅れる / せいがある / せいを問う,36,真题,否,せいしんてきに強くなったこと / 暑さのせいで、 気分が悪くなる人が続出した。,①原因（彼のせいで遅れた｜因为他而迟到。）②性质（性格のせい｜性格的原因。）,隐藏考点
役割,やくわり,名詞,角色,役割を果たす / 役割が重要だ / 役割を分担する,36,真题,否,しかし、 森林の役割を重視するあまり、 自然の循環を忘 / 乾燥地帯での森林の役割を見直して、木をどんどん植えるようと考えること,①角色（役割を果たす｜发挥角色。）②功能（重要な役割｜重要的功能）,隐藏考点
不足,ふそく,名詞,不足,不足がある / 不足を補う / 不足を感じる,36,真题,否,寝不足で注目が足りないと、仕事でミスが多くなる。 / 異常気象で食べる物が不足して困っている人や、 地震で家を失った人のため,①缺乏（資金が不足している｜资金不足）②不足（時間が不足｜时间不够）,隐藏考点
作成,さくせい,名·他サ,写，作,報告書を作成する（写报告）,35,两者,是,小論文は日本語で作成してください。 / 小論文は、パソコンを使用して作成し、指定の応募用紙とともにEメールに添付して応募してく,①制作（文書を作成する｜制作文档）②创建（データを作成｜创建数据）,黄金词
思考,しこう,名·自他サ,思考,問題を思考する / 深く思考する / 柔軟に思考する,35,两者,是,(外出滋比古『思考の生理学』 による) / (森博嗣『創るセンス工作ん思考』による),①思考（深く思考する｜深入思考）②考虑（問題を思考する｜考虑问题）,黄金词
さらに,さらに,副詞,进一步,さらに発展する / さらに良くなる / さらに増える,35,真题,否,さらにその物質には、人間の神経を安定させる効果もあると / 販売店が、この製品の売り上げをさらに伸ばすことに協力する,①更进一步（さらに詳しく｜更详细）②此外（さらに重要なこと｜此外重要的事）,隐藏考点
理由,りゆう,名詞,理由,理由を述べる / 理由がある / 理由にする,35,真题,否,新聞の文字が大きくなた理由は何か。 / それほど本気ではない理由として、本文から考えられることはどれか。,①原因（理由を説明する｜解释原因）②理由（その理由は何か｜那个理由是什么）,隐藏考点
法,ほう,名詞,法律,法を守る / 法が適用される / 法に従う,35,真题,否,「ビジネス場面での効果的なコミュニケーション法」 / ナーでは相手に自分の考えを効果的に伝えるためのコミュニケーション法を学びます。,①法律（例：法律を守る｜遵守法律）②方法（例：方法を考える｜考虑方法）,隐藏考点
さい,さい,名詞,时,さいに行う / さいが来る / さいを迎える,35,真题,否,来月、スポーツ大会がかいさいされる。 / このセミナーでは、日本で就職活動を行う際に必要な情報やセミナーなどについて学びます。,①岁（例：十歳です｜十岁）②时（例：今の時｜现在的时间）,隐藏考点
留学,りゅうがく,名詞,留学,留学をする / 留学に行く / 留学が決まる,35,真题,否,東西大学 「留学生のための就職セミナー」 / 対象: 平成24年3月までに卒業予定の本学留学生,留学深造（例：留学する予定｜计划留学）,隐藏考点
生産,せいさん,名詞,生产,生産を行う / 生産が増える / 生産に関わる,35,真题,否,質の良い板ガラスの大量生産が可能になったこと / 無給でも育児休暇を取る社員を増やし、生産の能率を上げること,生产制造（例：生産が増える｜生产增加）,隐藏考点
とも,とも,名詞,一起,ともに行動する / ともに考える / ともに楽しむ,34,真题,否,して言えば、子どもの時は我慢が苦手だった子が、 成長とともに我慢できるようになるといったことも / 人間にとって心身ともに健康であることが理想的だが、 新しく社会に出た若者たちは、時にはうまくいかないことに出,①一起（例：友達とも行く｜和朋友一起去）②也（例：私とも話す｜也和我谈谈）,隐藏考点
重視,じゅうし,名詞,重视,重視される / 重視するべき / 重視が必要,34,真题,否,しかし、 森林の役割を重視するあまり、 自然の循環を忘 / 以前の紙面は活字の大きさを内容ほど重視していなかった。,重视看重（例：重視するべき｜应该重视）,隐藏考点
おく,おく,動詞,放置,荷物をおく / 選択肢をおく / 資料をおく,34,真题,否,「ほめる教育」 / におけるほめるという行,放置安放（例：本を置く｜放书）,隐藏考点
原因,げんいん,名詞,原因,原因がわかる / 原因を探る / 原因に対処する,34,真题,否,高齢者人口の増加が原因でしょうが、 新聞を読む人の総数 / ②いつも何かしていないと気が落ち着かない原因を筆者はどう考えているか,原因理由（例：原因を探る｜探寻原因）,隐藏考点
現在,げんざい,名詞,现在,現在の状況 / 現在において / 現在が重要,34,真题,否,現在の電気自動車が環境に与える効果 / 現在、数量限定半額セールを実施中。,现在此刻（例：現在の状況｜现在的情况）,隐藏考点
会,かい,名詞,会议,会を開く / 会に参加する / 会が行われる,34,真题,否,そこで、 セミナーや勉強会、 / 講演会などに出かけて自己を磨いている人も多いはずだ。,会议聚会（例：会議があります｜有会议）,隐藏考点
大変,たいへん,副詞,严重,大変お世話になる / 大変重要だ / 大変困る,34,真题,否,コミュニケーションの具体的なとり方の例を聞くことができて大変有意義だった。 / パーティーの準備をするのが大変だったけれども、みんなが喜んでくれたのでまたぜひ開きたいと,①非常困难（大変な仕事です｜工作很困难）②非常重要（大変な問題です｜问题很重要）,隐藏考点
人々,ひとびと,名詞,人们,人々が集まる / 人々に聞く / 人々が変わる,34,真题,否,人々の気持ちを落ち着かせる。 / に対する人々の考え方が変化してきている。,①人们（人々が集まった｜人们聚集）②大众（人々の意見｜大众的意见）,隐藏考点
当日,とうじつ,名詞,当天,当日に行う / 当日が来る / 当日までに,34,真题,否,リーさんは当日どうすればいいか。 / このセミナーの参加者は当日どうしなければならないか。,①当天（当日中に提出｜当天提交）②那天（当日お越しください｜请那天来）,隐藏考点
購入,こうにゅう,名詞,购买,購入を決める / 購入が必要 / 購入すること,34,真题,否,(注1)購入(こうにゅう): 買うこと / さて、弊社では、お客様がプリンター用インクを追加 (注) 購入なさる際に、 定価の5%引きでお求めい,①购买（購入手続き｜购买手续）,隐藏考点
すむ,すむ,動詞,居住,仕事がすむ / 問題がすむ / 話し合いがすむ,34,真题,否,コピー代が安くすめば、もう少し余裕のあ / 自分一人で決めることも責任を取ることもしなくてすむから。,①居住（ここに住んでいます｜住在这里）②结束（仕事が済んだ｜工作完成）,隐藏考点
限る,かぎる,動詞,限制,範囲を限る / 参加者を限る / 期間を限る,34,真题,否,人に強い影響を与えるのは (注1) 大部からなる作品とは限りません。 / 人に強い影響を与えるのは大部からなる作品とは限りませんとあるが、 なぜか。,①限制（人数を限る｜限制人数）②专属（特定の人に限る｜限特定人）,隐藏考点
好き嫌い,すききらい,名詞,喜好,好き嫌いがある / 好き嫌いを言う / 好き嫌いをなくす,34,真题,否,ころが、いろいろな人と話をしていると、意外に好き嫌いがあるという人が多い。 / 私は食べ物については好き嫌いが多いが、研究テーマや人間関係についてはあまり好き嫌いがない。,①喜好（好き嫌いがある｜有喜好）②偏好（食べ物の好き嫌い｜对食物的偏好）,隐藏考点
ロボット,ろぼっと,名詞,机器人,ロボットが動く / ロボットを作る / ロボットに学ぶ,34,真题,否,(石黒浩『ロボットとは何か一人の心をを映す鏡』による) / ばの意味を理解して、手足を動かして同じ動作をすることができる人工知能が入ったロボットが開発さ,①机器人（ロボットが働く｜机器人工作）,隐藏考点
深い,ふかい,形容詞,深,深い意味 / 深い関係 / 深い思考,34,真题,否,ゾウとのかかわりの深い経験者 / その深い部分を理解できずに、,①深邃（深い海｜深海）②深厚（深い友情｜深厚的友情）,隐藏考点
進む,すすむ,動詞,前进,計画が進む / 議論が進む / 仕事が進む,33,真题,否,A「先週の授業、 どこまで進んだ? / て、こつこつと進む過程は、本当にわくわくして楽しい。,①前进（道を進む｜走在路上）②发展（研究が進む｜研究进展）,隐藏考点
印象,いんしょう,名詞,印象,印象を与える / 印象が変わる / 印象に残る,33,真题,否,人間の心理にはハロー (後光) 効果といって、最初にうけた印象を強めていく傾向があります。 / 反対にだらしない印象を受けると、部屋の中をピカピカにしていても 「家の中もきたないだろう」,①印象（彼の印象は良かった。｜他的印象很好）②感觉（その映画の印象は強い。｜那部电影印象深刻）,隐藏考点
製品,せいひん,名詞,产品,製品が完成する / 製品を販売する / 製品の品質,33,真题,否,来月、 本製品販売1周年を迎えるにあたり、製品の使用効果、 値段などについてお客様 / つきましては、本製品をお買い上げのお客様へのアンケート用紙の配布及びご協力の呼びかけをお願,①产品（この製品は人気です。｜这个产品受欢迎）②制品（新しい製品が発売された。｜新产品上市）,隐藏考点
協力,きょうりょく,名詞,合作,協力を求める / 協力が必要 / 協力すること,33,真题,否,ご協力とあるが、 誰が何に協力するのか。 / つきましては、本製品をお買い上げのお客様へのアンケート用紙の配布及びご協力の呼びかけをお願,①合作（みんなで協力しましょう。｜大家一起合作）②协作（協力して問題を解決する。｜合作解决问题）,隐藏考点
機会,きかい,名詞,机会,機会を得る / 機会が訪れる / 機会を逃す,33,真题,否,(注2)話を振る: 話す機会を与える / この機会にご利用いただければ幸いです。,①机会（良い機会があった。｜有好机会）②时机（今がチャンスです。｜现在是机会）,隐藏考点
共通,きょうつう,名詞,共同,共通の目的 / 共通点がある / 共通の理解,33,真题,否,AとBで共通して述べられていることは何か。 / A と B に共通して述べられていることは何か。,①共同（共通の趣味があります。｜有共同爱好）②相同（共通の問題がある。｜有共同问题）,隐藏考点
明日,あす,名詞,明天,明日が楽しみ / 明日までに / 明日を迎える,33,真题,否,資料の締め切りが明日だから / 明日の会議に出席してください。,①明天（明日は休みです。｜明天放假）,隐藏考点
活動,かつどう,名詞,活动,活動を行う / 活動に参加する / 活動が活発,33,真题,否,就職活動のマナー、 履歴書の書き方、 ビザの変更に関する諸手続きなど / このセミナーでは、日本で就職活動を行う際に必要な情報やセミナーなどについて学びます。,①活动（学校の活動に参加する。｜参加学校活动）②行动（ボランティア活動をする。｜做志愿者活动）,隐藏考点
代,だい,接尾辞,时代,代が変わる / 代を超える / 代に生きる,33,真题,否,「模型鉄」 / ある40代の「乗り鉄」,①时代（新しい代が来た。｜新时代来了）②代替（代わりに行くことができる。｜可以代替去）,隐藏考点
製造,せいぞう,名詞,制造,製造が進む / 製造を行う / 製造業が成長,33,真题,否,製造が注文に追い付かず来月以降になる予定です。 / 型のものならば、個人で製造できる可能性もあるそうだ。,①制造（製造業が重要です。｜制造业很重要）②生产（製造過程が複雑です。｜生产过程复杂）,隐藏考点
価格,かかく,名詞,价格,価格が上がる / 価格を設定する / 価格が変動する,33,真题,否,この昼と夜の価格差は一体、 何によるものなのだろうか。 / ニュー、たいていは夜に比べると手ごろな価格に設定されている。,①价格（この商品の価格は高い。｜这个商品价格高）②价钱（価格が変わった。｜价格变了）,隐藏考点
品,しな,接尾辞,物品,品が揃う / 品を選ぶ / 品が必要,33,真题,否,不ぞろいな野菜は、むしろ手作り品を思わせる長 / 衣料品や家具などでは中古品市場や消費者同士の交換が盛んだ。,①物品，商品（この品は高いです｜这个物品很贵）②品质，品位（品がある人｜有品位的人）,隐藏考点
団体,だんたい,名詞,团体,団体が活動する / 団体に参加する / 団体を作る,33,真题,否,ボランティア団体に寄付する / 上げは国際協力団体へ寄付されます。,①团体，组织（その団体に参加します｜参加那个团体）②集体，群体（団体行動が必要です｜需要集体行动）,隐藏考点
逃げる,にげる,動詞,逃跑,危険から逃げる / 現実から逃げる / 責任から逃げる,33,真题,否,という選択肢を持っておく / という選択肢のほかに、 「逃げる」,①逃跑，躲避（犬が逃げた｜狗跑了）②避开，回避（問題から逃げるな｜不要逃避问题）,隐藏考点
安い,やすい,形容詞,便宜,安い商品 / 安い価格 / 安いサービス,32,真题,否,「ジミック」 / 友人がバイクを安くゆずってくれた。,①便宜，低价（この店は安いです｜这家店便宜）②简单，轻松（安い仕事です｜工作简单）,隐藏考点
成長,せいちょう,名詞,成长,成長を促す / 成長が期待される / 成長する過程,32,真题,否,しかし、 経済が成長して生活に余裕が生 / (注1)途上国(とじょうこく): 経済成長の途中にある国,①成长，发展（子供の成長が早い｜孩子成长快）②进步，提升（成長を感じる｜感到进步）,隐藏考点
たった,ただ,副詞,仅仅,たった一つ / たった今 / たった一人,32,真题,否,ただ、もし別の仕事を選ん / こう考えると、やはり、血液型によって性格がたった4種類に分けられるとは 54。,①仅仅，只有（たった一人です｜只有一个人）②刚刚，才（たった今来た｜刚刚到）,隐藏考点
疑問,ぎもん,名詞,疑问,疑問が生じる / 疑問を持つ / 疑問に答える,32,真题,否,できたのかと疑問に思います / 疑問に思われなかったのです,①疑问，问题（疑問がありますか｜有疑问吗）②怀疑，疑虑（疑問を持つ｜持有疑问）,隐藏考点
嫌,いや,形状詞,讨厌,嫌になる / 嫌な気持ち / 嫌な状況,32,真题,否,人間の持つ嫌なにおいを防ぐ。 / いまの仕事が嫌なわけではないこと,①讨厌，不喜欢（彼が嫌いです｜我讨厌他）②厌恶，反感（嫌な気持ち｜讨厌的感觉）,隐藏考点
一番,いちばん,副詞,第一,一番大切だ / 一番効果的だ / 一番好きだ,32,真题,否,(注3) 核心: 一番大切な部分 / 中でも口が一番前にないと食べられません。,①第一，最（一番好きな食べ物｜最喜欢的食物）②最好的，最佳的（一番の選択｜最佳选择）,隐藏考点
午前,ごぜん,名詞,上午,午前中に / 午前が明ける / 午前の会議,32,真题,否,その結果、 計算や暗記などの作業効率は、午前10時と / 午前8時の成績を100とすると、同10時に160まで上昇。,①上午，早上（午前中に会議があります｜上午有会议）②前半天（午前の授業｜上午的课）,隐藏考点
多様,たよう,形状詞,多样,多様な方法 / 多様な文化 / 多様な意見,32,真题,否,板ガラスの質が高まり利用法が多様になったこと / その中で私が取り上げたいのは、食の多様化だ。,①多样化（例：多様な文化｜多样的文化）②多种多样（例：多様な意見｜各种意见）,隐藏考点
若い,わかい,形容詞,年轻,若い世代 / 若い人々 / 若い時期,32,真题,否,「若い社員のしかり方がわからない。 / 若い社員はしかられた経験が乏しいため、 しかられると自分が否定されたと感じてやる気を失っ,①年轻（例：若い人｜年轻人）②幼稚（例：若い考え｜幼稚的想法）,隐藏考点
ガラス,がらす,名詞,玻璃,ガラスが割れる / ガラスを使う / ガラス製品,32,真题,否,年は板ガラス製造において記念すべき年である。 / この年、 ある (注1)画期的な板ガラス製造法,①玻璃（例：ガラスのコップ｜玻璃杯）②镜子（例：ガラスの鏡｜镜子）,隐藏考点
工夫,くふう,名·他サ,想办法,あれこれ工夫する（千方百计）,31,两者,是,グ上の工夫が必要である。 / ことが、運動の神経回路を改善,①巧妙设计（例：工夫が必要｜需要巧妙设计）②努力思考（例：工夫を凝らす｜努力思考）,黄金词
営業,えいぎょう,名詞,营业,営業を行う / 営業が好調 / 営業時間,31,真题,否,デパートに買い物に行く前に、 営業時間を取材しておこう。 / 飲食店には、 夜だけでなく昼も営業して、 ランチメニューを出しているところも多い。,①营业（例：営業中です｜正在营业）②推销（例：営業マン｜推销员）,隐藏考点
たしか,たしか,副詞,确实,たしか正しい / たしか覚えている / たしかそうだ,31,真题,否,とありました。 / アリ 「ああ、たしか 『わかる』,①确实（例：たしかにそう｜确实如此）②可靠（例：たしかな情報｜可靠的信息）,隐藏考点
増やす,ふやす,動詞,增加,数を増やす / 収入を増やす / 機会を増やす,31,真题,否,無給でも育児休暇を取る社員を増やし、生産の能率を上げること / 乾燥地帯の地下水を増やすには、環境に適した木を植える必要があると考えること,①增加（例：人数を増やす｜增加人数）②扩展（例：資源を増やす｜扩展资源）,隐藏考点
会話,かいわ,名詞,对话,会話を楽しむ / 会話が弾む / 会話に参加する,31,真题,否,会話の技術は、 運転技術とよく似ています。 / ですから、会話は、ボールゲームのようなものです。,①对话（例：会話を楽しむ｜享受对话）②交谈（例：会話が弾む｜交谈愉快）,隐藏考点
例えば,たとえば,副詞,例如,例えば使う / 例えば挙げる / 例えば説明する,31,真题,否,例えば、私はよく「文章を書くのが速い」 / と言われますが、 その場合にこう返すのです。,①例如（例：例えば、犬が好き｜例如，喜欢狗）②比如说（例：例えば、これが大事｜比如说，这很重要）,隐藏考点
他者,たしゃ,名詞,他人,他者を理解する / 他者に配慮する / 他者と交流する,31,真题,否,他者とのコミュニケーションにも興味がない。 / 運転で他の車に注意が払える人は会話でも他者に敬意が払えるところ,①他人（例：他者を尊重｜尊重他人）②外部（例：他者との関係｜与他人的关系）,隐藏考点
探す,さがす,動詞,寻找,仕事を探す / 解決策を探す / 方法を探す,31,真题,否,いように、 (注1) 誰しも自分だけの仕事を探しているのだろう。 / 職業の選択が自由になり、 昔よりも自分に合った仕事を探しやすくなった。,①寻找（物を探す｜寻找物品）②搜索（情報を探す｜搜索信息）,隐藏考点
昔,むかし,名詞,昔日,昔の思い出 / 昔を振り返る / 昔の人々,31,真题,否,昔に比べれば、 我々の職業選択の幅ははるかに広がっている。 / 職業の選択が自由になり、 昔よりも自分に合った仕事を探しやすくなった。,①以前（昔の話｜以前的故事）②古代（昔の人々｜古代的人们）,隐藏考点
ノート,のーと,名詞,笔记本,ノートに書く / ノートを取る / ノートを見返す,31,真题,否,いまどきの大学で、ノートをとっている学生はいないけれども、戦 / 次のAとBはそれぞれ、ノートやメモの取り方について書かれた文章である。,①笔记本（ノートを取る｜做笔记）②记录（ノートに書く｜写在笔记本上）,隐藏考点
部分,ぶぶん,名詞,部分,部分が欠ける / 部分を修正する / 部分的に,31,真题,否,(注3) 核心: 一番大切な部分 / 実力があれば、 自由にできる部分もあるから,①部分（部分的に｜部分地）②成分（成分の一部｜成分的一部分）,隐藏考点
管理,かんり,名詞,管理,管理が必要 / 管理を行う / 管理が難しい,31,真题,否,努力すれば、時間管理も上手になる / どこまで努力をしたのか、分かりやすく管理できるようになり、 (注5) 堂々と 「○○については何年,①管理（データを管理する｜管理数据）②经营（施設を管理する｜经营设施）,隐藏考点
市民,しみん,名詞,市民,市民が参加する / 市民の声 / 市民活動,31,真题,否,年度 河山市市民セミナーII / 河山市で開かれる市民セミナーの案内である。,①市民（市民権｜市民权）②居民（市民の生活｜居民的生活）,隐藏考点
毎日,まいにち,名詞,每天,毎日運動する / 毎日が新しい / 毎日を大切に,31,真题,否,と言っていいのだろうか。 / 毎日決まった時刻に温度変化を刺激,①每天（日々の生活｜日常生活）②每日（毎日運動する｜每天锻炼）,隐藏考点
駅,えき,名詞,车站,駅に着く / 駅を利用する / 駅が混雑する,31,真题,否,東京駅までのうんちんはいくらですか。 / 家から駅までの範囲は2キロぐらいだ。,①车站（駅に着く｜到达车站）②站点（駅で待つ｜在站点等）,隐藏考点
しっかり,しっかり,副詞,牢固,しっかり準備する / しっかり確認する / しっかり学ぶ,31,真题,否,自分に与えられた役割をしっかりはたすつもりだ。 / 自分がこれまでに経験したことや膨大な情報をしっかり理解する。,①牢固（しっかりした体｜结实的身体）②认真（しっかり勉強する｜认真学习）,隐藏考点
コピー,こぴー,名詞,复印,コピーを取る / コピーが必要 / コピー機,31,真题,否,この書類を至急コピーしてきてください。 / 学校の行事等の通知文書のコピーを添えて申請する。,①复印（コピーを取る｜复印）②拷贝（データのコピー｜数据的拷贝）,隐藏考点
安全,あんぜん,名詞,安全,安全を確保する / 安全が第一 / 安全に注意する,31,真题,否,恐怖や不安は、 安全性の向上を妨げる。 / 車の安全にとって重要なのはアクセルではなく、ブレーキな,①安全，平安（例：安全第一です。｜安全第一）②无危险（例：安全な場所。｜安全的地方）,隐藏考点
よろこび,よろこび,名詞,喜悦,よろこびを感じる / よろこびが広がる / よろこびを分かち合う,31,真题,否,(石本正『絵をかくよろこび』による) / 小さいことに喜びを持つことで楽しく仕事ができるようになる,①喜悦，快乐（例：よろこびの声。｜喜悦的声音）②幸福，欢喜（例：よろこびを分かち合う。｜分享快乐）,隐藏考点
成果,せいか,名詞,成果,成果を上げる / 成果が出る / 成果を評価する,31,真题,否,と自分の成果を見つけて評価する。 / の社長と一時間も話せるところまできた」,①成果，结果（例：成果を上げる。｜取得成果）②成就，成效（例：大きな成果。｜巨大的成就）,隐藏考点
嫌い,きらい,名詞,讨厌,嫌いな食べ物 / 嫌いを克服する / 嫌いがある,31,真题,否,特に嫌いではなかったから / お父さんが嫌いな果物は何でしょう。,①讨厌，不喜欢（例：彼は嫌いです。｜我不喜欢他）②厌恶，反感（例：嫌いな食べ物。｜讨厌的食物）,隐藏考点
午後,ごご,名詞,下午,午後に会う / 午後の予定 / 午後が楽しみ,31,真题,否,午後から雨が降りそうだから / 午後2時 3時 4時 (見学時間約40分),①下午，午后（例：午後の授業。｜下午的课）②午后时分（例：午後に会いましょう。｜下午见）,隐藏考点
歩く,あるく,動詞,走,道を歩く / 一人で歩く / 毎日歩く,31,真题,否,歩いて出勤することもおおい。 / ところが、わたしによって、歩きなれた道は退屈で,①走，步行（例：公園を歩く。｜在公园散步）②行走，移动（例：ゆっくり歩く。｜慢慢走）,隐藏考点
関心,かんしん,名,感兴趣,関心がある（感兴趣）,30,两者,是,人々の電気自動車に対する関心の高さ / メモやノートを的確にとれば話に関心が持てるようになる。,①关心，关注（例：関心を持つ。｜保持关注）②兴趣，注意（例：関心がある。｜有兴趣）,黄金词
姿,すがた,名,姿态,姿が美しい / 姿を見せる / 姿勢が良い,30,两者,是,努力する姿は、隠すことに価値がある / を人に見せることをやめてしまいます。,①身姿，形态（例：美しい姿。｜美丽的身姿）②样子，状态（例：姿を見せる。｜展示样子）,黄金词
守る,まもる,動詞,保护,規則を守る / 約束を守る / 環境を守る,30,真题,否,この店はでんとうの味を守り続けている。 / 社員の健康が守られ、社会の役に立つことにもなる。,①保护，守护（例：家族を守る。｜保护家人）②遵守，维持（例：ルールを守る。｜遵守规则）,隐藏考点
センター,せんたー,名詞,中心,センターに行く / センターが開く / センターで活動する,30,真题,否,集合場所:安井市市民センター前 / 河山市市民センター 第一会議室 (河山市上町3-5-2),①中心，中央（例：センターに行く。｜去中心）②中心机构（例：文化センター。｜文化中心）,隐藏考点
番号,ばんごう,名詞,号码,番号を確認する / 番号が必要 / 番号を付ける,30,真题,否,「市民セミナーIII参加希望」 / と明記の上、住所、氏名、年齢、電話番号を記入し,①号码（電話番号｜电话号码）②编号（部品番号｜部件编号）,隐藏考点
パソコン,ぱそこん,名詞,电脑,パソコンを使う / パソコンが壊れる / パソコンで作業する,30,真题,否,新しいパソコンが欲しいが、 / パソコンを国内で生産して海外で売ること,个人电脑（私のパソコン｜我的电脑）,隐藏考点
生かす,いかす,動詞,活用,経験を生かす / 才能を生かす / 時間を生かす,30,真题,否,と「もしそうなら」 / 人間一人一人が持つ記憶力は情報量の豊富なコンピュータを利用することでさらに生かせる。,①利用（経験を生かす｜利用经验）②活用（才能を生かす｜活用才能）,隐藏考点
変更,へんこう,名詞,变更,変更が必要 / 変更を加える / 変更がある,30,真题,否,「日本語の友・初級」 / に注文を変更したい。,变更（計画の変更｜计划变更）,隐藏考点
成功,せいこう,名詞,成功,成功を収める / 成功するために / 成功が期待される,30,真题,否,②この成功は何を指すか。 / 苦労がかない、彼は俳優として成功をおさめた。,成功（プロジェクトの成功｜项目成功）,隐藏考点
読書,どくしょ,名詞,阅读,読書が好き / 読書をする / 読書の時間,30,真题,否,(石原千秋 『未来形の読書術』による) / (村田夏子『読書の心理学 読書で開く心の世界への扉』 による),阅读（読書が好き｜喜欢阅读）,隐藏考点
広告,こうこく,名詞,广告,広告を出す / 広告が目立つ / 広告を見かける,30,真题,否,それは、企業からの広告料を利用しようという / (注2)ダイレクトメール: 個人に直接送られてくる広告,广告（テレビ広告｜电视广告）,隐藏考点
実際,じっさい,名,实际,実際に行う / 実際の状況 / 実際はどうか,29,两者,是,実際に見て感動した景色などを、そこに行っていない人に送るため / 自分の方が経験や知識があると思っていたが実際はそうではなかったから,实际（実際の状況｜实际情况）,黄金词
インターネット,いんたーねっと,名詞,互联网,インターネットを使う / インターネットが普及する / インターネットで調べる,29,真题,否,インターネットは、簡単に地図を取材できるので便利です。 / 始まる前に、放送は何時からか確認しようとインターネットで調べて驚いた。,互联网（インターネットを使う｜使用互联网）,隐藏考点
簡単,かんたん,形状詞,简单,簡単に理解する / 簡単な方法 / 簡単に使える,29,真题,否,この試験に合格するのは簡単で / インターネットは、簡単に地図を取材できるので便利です。,简单（簡単な問題｜简单的问题）,隐藏考点
木,き,名詞,树,木を植える / 木が生える / 木で作る,29,真题,否,木を植えることはいいことだ。 / でも、乾燥地帯に木を植えれば、少ししかない木が吸い取られる。,①树木（公園に木がある｜公园有树）②木材（木で作られた家具｜木制家具）,隐藏考点
積極,せっきょく,名詞,积极,積極に参加する / 積極が必要だ / 積極な態度,29,真题,否,そのためには 「努力」 / 日本での就職を考えている人は積極的に参加してくだ,①积极（彼は積極的な人です｜他是个积极的人）②主动（積極的に参加する｜主动参与）,隐藏考点
新,しん,接頭辞,新,新しいアイデア / 新に出発する / 新が始まる,29,真题,否,新商品がまずければいつでも全額返金する。 / 新商品の味が気に入らなければ条件つきで全額返金する。,①新的（新しい本を買った｜买了新书）②新鲜的（新鮮な野菜を食べる｜吃新鲜蔬菜）,隐藏考点
届く,とどく,動詞,到达,荷物が届く / メッセージが届く / 声が届く,29,真题,否,は、 ご連絡があるまでお預かります。 / なお、本日届きました 「日本語の友 初級」,①到达（手紙が届いた｜信件到达）②送达（荷物が届く｜包裹送到了。）,隐藏考点
競争,きょうそう,名詞,竞争,競争が激しい / 競争に勝つ / 競争で負ける,29,真题,否,何事にも 「早く、 早く」 / と (注1) せかされ、時間と競争,①竞争（競争が激しい｜竞争很激烈。）②比赛（競争に勝つ｜赢得比赛。）,隐藏考点
連絡,れんらく,名詞,联系,連絡を取る / 連絡が来る / 連絡先を教える,29,真题,否,お客様に連絡しなかったこと / けいたい電話にれんらくする,①联系（友達に連絡する｜联系朋友。）②通知（連絡をもらう｜收到通知。）,隐藏考点
市場,しじょう,名詞,市场,市場で売る / 市場が変化する / 市場に出る,29,真题,否,衣料品や家具などでは中古品市場や消費者同士の交換が盛んだ。 / 市場が広がれば、(注5)粗悪品や不良品が出回る可能性も高まる。,①市场（市場で買い物する｜在市场购物。）②市集（地元の市場｜当地的市集。）,隐藏考点
体験,たいけん,名詞,体验,体験を共有する / 体験が豊富だ / 体験に基づく,29,真题,否,小説のこの分野には筆者の実際の体験が書かれている。 / ときどき、 ながめたり、 人に見せたりして、 旅の追体験をし、イメージを,①体验（良い体験をした｜有过很好的体验。）②经历（貴重な体験｜珍贵的经历。）,隐藏考点
優れる,すぐれる,自下一,优秀；好，佳,優れた学者（杰出的学者）,28,两者,是,他人より優れた点を高く評価する。 / ぎじゅつてきにすぐれた選手が多かったから,①优秀（彼は優れた選手です｜他是优秀的选手。）②出色（優れた成績を残す｜取得了出色的成绩。）,黄金词
料理,りょうり,名詞,料理,料理を作る / 料理が得意だ / 料理に挑戦する,28,真题,否,この料理は辛くて食べられない。 / この料理を作る方針を教えてください。,①菜肴（料理が得意です｜擅长做菜。）②烹饪（料理を作る｜做饭。）,隐藏考点
味,あじ,名詞,味道,味が良い / 味を楽しむ / 味が濃い,28,真题,否,この店はでんとうの味を守り続けている。 / 味への自信を示すことが目的で、全国で一斉に行われる。,①味道（この料理は美味しい｜这道菜很好吃。）②风味（このお茶は独特な味がする｜这茶有独特的风味。）,隐藏考点
周囲,しゅうい,名詞,周围,周囲を確認する / 周囲が静かだ / 周囲に気を配る,28,真题,否,彼の今後の活躍に周囲の期待は高まる / 周囲の協力が得られれば、時間を自由に使えるから,①周围（周囲を見渡す｜环顾四周。）②环境（周囲の人々｜周围的人。）,隐藏考点
決まる,きまる,動詞,决定,日程が決まる / 方針が決まる / 結果が決まる,28,真题,否,血液型は親から子への遺伝によって、4種類のうち、どの型になるかが決まります。 / 型に関係はあると言えるかもしれませんが、それは血液型で性格が決まるということではありません。,①决定（結果が決まる｜结果已决定。）②确定（日時が決まる｜日期已确定。）,隐藏考点
種類,しゅるい,名詞,种类,種類が多い / 種類を選ぶ / 種類に分ける,28,真题,否,血液型は親から子への遺伝によって、4種類のうち、どの型になるかが決まります。 / こう考えると、やはり、血液型によって性格がたった4種類に分けられるとは 54。,①种类（多くの種類がある｜有很多种类。）②类别（様々な種類の花｜各种花的类别。）,隐藏考点
調査,ちょうさ,名詞,调查,調査を行う / 調査が進む / 調査結果を発表する,28,真题,否,ところが、ある調査によると日本の家の平均寿命は、 / 、日本では家を建て替えることが多いために、 家の平均寿命が短いという調査結果になったのだと,①调查（市場調査を行う｜进行市场调查。）②研究（データの調査｜数据研究。）,隐藏考点
昨日,きのう,名詞,昨天,昨日行った / 昨日と比べる / 昨日から始める,28,真题,否,昨日からかたが痛いんです。 / は、おかげさまで順調に売り上げを伸ばして,①昨天（昨日は雨だった｜昨天下雨了。）,隐藏考点
もっと,もっと,副詞,更多,もっと勉強する / もっと良くなる / もっと大切にする,28,真题,否,ら、自分はもっと充実するのかも、とついつい考えてしまうのだ。 / 他の人に比べると自分の努力は不十分で、もっと努力が必要だと思っているから,①更多（もっと食べたい｜想吃更多。）②更（もっと早く｜更快。）,隐藏考点
関する,かんする,動詞,有关,問題に関する / 研究に関する / 法律に関する,28,真题,否,洋服は試着できるが、仕事に関して / 教育に関する政府の方針が大きく変わった。,①有关（問題に関する情報｜有关问题的信息。）②涉及（法律に関する知識｜涉及法律的知识。）,隐藏考点
比べる,くらべる,動詞,比较,価格を比べる / 方法を比べる / 結果を比べる,28,真题,否,昔に比べれば、 我々の職業選択の幅ははるかに広がっている。 / 他の人に比べると自分の努力は不十分で、もっと努力が必要だと思っているから,①比较（二つを比べる｜比较两个。）②对比（成績を比べる｜对比成绩。）,隐藏考点
高校,こうこう,名詞,高中,高校に通う / 高校が楽しい / 高校で学ぶ,28,真题,否,を人に見せることをやめてしまいます。 / どんなことにも疑問を持たない高校生が増えている,①高中（彼は高校生です｜他是高中生。）,隐藏考点
支払う,しはらう,動詞,支付,料金を支払う / 税金を支払う / 代金を支払う,28,真题,否,来場者カードに商品番号と届け先および希望日を記入して販売スタッフに渡した後、 代金を支払う。 / 商品番号と希望日などを書いた来場者カードを販売スタッフに渡し、商品を届けてもらった後で代金を支払う。,①支付（例：お金を支払う｜支付钱。）②偿还（例：借金を支払う｜偿还债务。）,隐藏考点
無理,むり,名詞,不可能,無理をしない / 無理がある / 無理を言う,28,真题,否,自分の能力に適した仕事が与えられ無理がないから / A「もう無理だよ、 私には5キロなんて走れないよ。,①不可能（例：無理なお願い｜不可能的请求。）②勉强（例：無理をする｜做得太勉强。）,隐藏考点
対象,たいしょう,名詞,对象,対象を決める / 対象が広がる / 対象にする,28,真题,否,写真家が主体的に対象を選んで表現したもの / 写真家が対象を偶然にとらえて表現したもの,①对象（例：対象を決める｜确定对象。）②目的（例：研究の対象｜研究的目的。）,隐藏考点
部,ぶ,名詞,部,部を作る / 部が増える / 部に所属する,28,真题,否,第1部、第2部では、途中入場・退場をしないこと。 / 各企業の事業内容、採用方針など(質問は第3部で受ける),①部门（例：営業部｜销售部门。）②部分（例：部品が壊れた｜部件坏了。）,隐藏考点
おいしい,おいしい,形容詞,美味,おいしい料理 / おいしいと評判だ / おいしい味,28,真题,否,おいしい料理が食べられること / 見た目がよくないが、予想に違反しておいしかった,①美味（例：料理がおいしい｜菜很好吃。）②可口（例：おいしい果物｜美味的水果。）,隐藏考点
小,しょう,接頭辞,小,小さな声 / 小が好きだ / 小に分ける,28,真题,否,岸本小学校バザー開催に向けてのお願い / 岸本小学校では以下のようにバザーを予定しています。,①小的（例：小さな家｜小房子。）②少量（例：小さな声｜小声。）,隐藏考点
クラス,くらす,名詞,班级,クラスを作る / クラスが始まる / クラスメートと話す,28,真题,否,クラスに馴染んできた (注2) なあ、と思ったこ / 少しうまくなってきたので、 初心者向けのクラスだとものたりなくなってきた。,①班级（例：クラスメート｜班级同学。）②等级（例：クラス分け｜班级划分。）,隐藏考点
作家,さっか,名詞,作家,作家になる / 作家が書く / 作家の作品,28,真题,否,イメージの世界の作家の解説どおり読むもの / 作家が描いた世界を表現どおり解釈するもの,①作家（例：有名な作家｜著名的作家。）,隐藏考点
見学,けんがく,名詞,参观,見学に行く / 見学がある / 見学をする,28,真题,否,また、6人が同じ時間に一緒に見学することは可能か。 / 6人1組で申し込むことが可能で、同じ時間に一緒に見学することができる。,①参观（例：工場を見学する｜参观工厂。）②考察（例：学校見学｜学校考察。）,隐藏考点
提出,ていしゅつ,名詞,提交,提出期限がある / 提出を求める / 提出書類,28,真题,否,提出する証明書などは不要で、申請すればよい。 / 前回の会議での議論をもとに、全員改良案を作成のうえ、当日10時までに原田までご提出ください。,①提交（例：書類を提出する｜提交文件。）②提出（例：意見を提出する｜提出意见。）,隐藏考点
調べる,しらべる,動詞,调查,情報を調べる / 原因を調べる / 状況を調べる,28,真题,否,売れない本がなくなるように客の好みを調べる。 / 水質調査方法を学び、 周辺の川の汚染を調べてほしい,①调查、查找（例：情報を調べる｜查找信息。）②研究、考察（例：テーマを調べる｜研究主题。）,隐藏考点
ストレス,すとれす,名詞,压力,ストレスを感じる / ストレスが溜まる / ストレスを解消する,28,真题,否,でなく、ストレスが溜 (た) まります。 / 思っていたので、良いストレスもあると知って驚いた。,①压力、紧张（例：ストレスが溜まる｜压力很大。）,隐藏考点
出発,しゅっぱつ,名詞,出发,出発の時間 / 出発が遅れる / 出発する準備,28,真题,否,出発間際に、妹から電話がかかってきた。 / 悪天候で列車が運転をやめたため、旅行の出発が三日後に延長された。,①出发、启程（例：旅行に出発する｜出发去旅行。）,隐藏考点
聞き手,ききて,名詞,听众,聞き手が多い / 聞き手に伝える / 聞き手を意識する,28,真题,否,「話し言葉」 / 話し手と聞き手は、親しい関係の場合もあれば、 初対面の人、行きずり(注1),①听众、听者（例：聞き手が多い｜听众很多。）,隐藏考点
約,やく,接頭辞,大约,約束を守る / 約がある / 約で会う,27,真题,否,午後2時 3時 4時 (見学時間約40分) / 例えば、 サクラのソメイヨシノでは、5度前後の気温が約900時間53,①大约、估计（例：約10人が参加｜大约有10人参加。）②约定、协议（例：約束を守る｜遵守约定。）,隐藏考点
上手,じょうず,形状詞,擅长,上手に使う / 上手に話す / 上手な方法,27,真题,否,努力すれば、時間管理も上手になる / 進行役の運営が上手で発言しやすかったとき,①擅长、熟练（例：上手に話す｜说得很流利。）②高明、优秀（例：上手な演技｜表演很优秀。）,隐藏考点
山,やま,名詞,山,山に登る / 山が高い / 山を越える,27,真题,否,年度 河山市市民セミナーII / 河山市で開かれる市民セミナーの案内である。,①山、丘陵（例：山に登る｜爬山。）②高峰、山脉（例：高い山｜高山。）,隐藏考点
受付,うけつけ,名詞,接待,受付で待つ / 受付が混雑する / 受付をする,27,真题,否,・はがき1枚につき1名のみ受付可能です。 / 市役所市民課窓口 受付時間: 水曜日を除く 9:00~17:00,①接待、前台（例：受付で待つ｜在接待处等。）②登记、注册（例：受付を済ませる｜完成登记。）,隐藏考点
長め,ながめ,形状詞,稍长,少し長め / 長めの時間 / 長めに設定する,27,真题,否,では長めの話を聞きます。 / では、長めの話を聞きます。,①稍长、偏长（例：長めのスカート｜裙子稍长。）②较长时间（例：長めに休む｜休息较长时间。）,隐藏考点
夜,よる,名詞,夜晚,夜が明ける / 夜に出かける / 夜が静かだ,27,真题,否,昨日の夜、オリンピック中継見た? / あの人はたびたび夜遅くに電話をかけてくる。,①夜晚、晚上（例：夜に出かける｜晚上出门。）②夜间、夜里（例：夜が明ける｜天亮了。）,隐藏考点
若者,わかもの,名詞,年轻人,若者が集まる / 若者に人気だ / 若者の意見,27,真题,否,今、若者の間ではこんなうわさが普及している。 / 精神的な 『若者』 は、 友人が本を読んだと聞けば、たとえ自分が読んでない本であっても『読んだ,①年轻人（彼は若者です。｜他是年轻人。）②青年（若者が集まった。｜年轻人聚集了。）,隐藏考点
健康,けんこう,名詞,健康,健康を保つ / 健康が大事だ / 健康に気を付ける,27,真题,否,社員の健康が守られ、社会の役に立つことにもなる。 / 健康を保つためには、バランスのいい食事と運動が大切だ。,①健康（健康が大事です。｜健康很重要。）②健全（健康な生活を送る。｜过健康的生活。）,隐藏考点
試合,しあい,名詞,比赛,試合に勝つ / 試合が行われる / 試合を観る,27,真题,否,練習は本番の試合のために存在すべきもので / すなわち、休養することが試合にとって、今、,①比赛（サッカーの試合があります。｜有足球比赛。）②对抗赛（試合は楽しかった。｜比赛很有趣。）,隐藏考点
日常,にちじょう,名詞,日常,日常生活 / 日常が忙しい / 日常を楽しむ,27,真题,否,(野外活動研究会『目からウロコの日常物観察 / 会社で寄付が日常のことになり、食生活に対する意識も高まる。,①日常生活（日常が忙しい。｜日常生活很忙。）②平常（彼の日常は平凡だ。｜他的日常很平凡。）,隐藏考点
受け入れる,うけいれる,動詞,接受,意見を受け入れる / 変化を受け入れる / 提案を受け入れる,27,真题,否,チケットのお申し込みは電話で受け入れています / しかし、そんなときにはまず相手の考え方を受け入れてみて,①接受（新しい考えを受け入れる。｜接受新想法。）②容纳（彼を受け入れることが大事。｜接纳他很重要。）,隐藏考点
温度,おんど,名詞,温度,温度が高い / 温度を測る / 温度が下がる,27,真题,否,温度設定が「弱」 / になっていませんか?,①温度（温度が高いです。｜温度很高。）②气温（今日は温度が低い。｜今天气温低。）,隐藏考点
将来,しょうらい,名詞,将来,将来の夢 / 将来を考える / 将来に向けて,27,真题,否,たとえば、将来子供が生まれ家族が増えることを考えて建てた家も、子供が成人して独 / Aは電気自動車の技術が向上すると考え、Bは将来個人で電気自動車を所有することになるだろう,①将来（将来の夢があります。｜有未来的梦想。）②未来（将来を考える。｜考虑未来。）,隐藏考点
無料,むりょう,名詞,免费,無料で提供する / 無料のサービス / 無料で参加する,27,真题,否,見学は無料ですが、事前の申し込みが必要です。 / 京都楽遊パスオフィスへ行けば無料でもらえる。,①免费（このサービスは無料です。｜这个服务是免费的。）②无偿（無料で提供されます。｜无偿提供。）,隐藏考点
起きる,おきる,動詞,起床,事件が起きる / 問題が起きる / 変化が起きる,27,真题,否,食の多様化に伴う問題も起き / あって、初めからわかっていたら勉強しようという気も起きない。,①起床（朝6時に起きる。｜早上六点起床。）②发生（事故が起きた。｜发生了事故。）,隐藏考点
一方,いっぽう,名·接,一个方向；一方面；一直/另一方面，且说,一方が有利だ / 一方の意見 / 一方に進む,26,两者,是,一方、52-bはどうでしょうか。 / 言い訳になる一方で、努力を 「かっこう悪い」,①另一方面（彼は一方で忙しい。｜他一方面很忙。）②一方面（一方の意見を聞く。｜听一方面的意见。）,黄金词
寄付,きふ,名·他サ,捐献,お金を寄付する / 物品を寄付する / 団体に寄付する,26,两者,是,皆さんは寄付をしたことがあるだろうか。 / その寄付に対する考え方に、 今、 新しい動きが起こ,①捐款（例：寄付をしました｜我进行了捐款。）②捐赠（例：寄付を募っています｜正在募集捐赠。）,黄金词
コース,こーす,名,课程；路线,コースを選ぶ / コースが多様だ / コースを修了する,26,两者,是,いくつかのコースを用意してくれる。 / 教室はA~Dの4コースで、毎日2回ずつ開催しています。,①课程（例：このコースは面白い｜这个课程很有趣。）②路线（例：コースを選んでください｜请选择路线。）,黄金词
辛い,つらい,形容詞,辛苦,辛い経験 / 辛い思い / 辛い時期,26,真题,否,この料理は辛くて食べられない。 / 僕にも友達が出来なくて辛い時期が,①辛辣（例：この料理は辛い｜这道菜很辣。）②痛苦（例：辛い思い出｜痛苦的回忆。）,隐藏考点
テレビ,てれび,名詞,电视,テレビを見る / テレビが面白い / テレビで放送する,26,真题,否,が取り上げられます。 / (テレビドラマを見ながら),①电视（例：テレビを見ています｜我在看电视。）②电视节目（例：テレビが面白い｜电视节目很有趣。）,隐藏考点
会う,あう,動詞,见面,友人に会う / 初めて会う / 偶然に会う,26,真题,否,あなたに会えて本当によかった。 / 会い、自信を失うこともあるだろう。,①见面（例：友達に会う｜见朋友。）②相遇（例：偶然会った｜偶然相遇。）,隐藏考点
アンケート,あんけーと,名詞,问卷,アンケートに答える / アンケートを配布する / アンケート結果,26,真题,否,アンケート実施についてのお願い / のご感想やご希望を伺いたくアンケートを実施することにいたしました。,①问卷（例：アンケートに答えた｜我回答了问卷。）②调查（例：アンケートを実施する｜进行调查。）,隐藏考点
道路,どうろ,名詞,道路,道路を走る / 道路が混雑する / 道路を整備する,26,真题,否,どうろ工事が行われるから / い布に白い字で「夏祭り」,①道路（例：道路を渡る｜过马路。）②街道（例：この道路は混んでいる｜这条街道很拥挤。）,隐藏考点
乗る,のる,動詞,乘坐,電車に乗る / バスに乗る / 車に乗る,26,真题,否,は 「乗 / そして、 電車に乗るのが好きな 「鉄」,①乘坐（例：バスに乗る｜乘坐公交。）②搭乘（例：電車に乗る｜搭乘电车。）,隐藏考点
自己,じこ,名詞,自己,自己を見つめる / 自己が大事だ / 自己を表現する,26,真题,否,というものを形成していく。 / 私たちは小さい頃から② 「社会的な自己」,①自我（例：自己を見つめる｜审视自我。）②自身（例：自己を大切に｜珍惜自己。）,隐藏考点
とらえる,とらえる,動詞,抓住,問題をとらえる / 機会をとらえる / 意味をとらえる,26,真题,否,むしろ「人間問題」 / 力を肯定的にとらえてみよう。,①捕捉（例：チャンスをとらえる｜抓住机会。）②理解（例：意図をとらえる｜理解意图。）,隐藏考点
就職,しゅうしょく,名詞,就业,就職活動をする / 就職が決まる / 就職先を探す,26,真题,否,東西大学 「留学生のための就職セミナー」 / 右のページは、 留学生のために就職セミナーの案内である。,①就业（例：就職活動を始めた。｜开始就业活动。）②入职（例：新しい会社に就職した。｜在新公司入职。）,隐藏考点
会場,かいじょう,名詞,会场,会場が満員だ / 会場で行う / 会場を予約する,26,真题,否,というあいさつに、会場か / 会場が急にそうぞうしくなった。,①会场（例：会場はどこですか？｜会场在哪里？）②场地（例：イベントの会場が決まった。｜活动的场地已确定。）,隐藏考点
自動,じどう,名詞,自动,自動で動く / 自動が便利だ / 自動車を運転する,26,真题,否,れるために、電気自動車に乗る人はそれほど多くない。 / また、 電気自動車は構造が複雑ではないため、 一人用または二人用の小,①自动（例：自動ドアが開いた。｜自动门打开了。）②机械（例：自動運転車が増えている。｜自动驾驶车在增加。）,隐藏考点
海外,かいがい,名詞,海外,海外に行く / 海外で生活する / 海外の文化,26,真题,否,A社 海外引越サービス プラン比較 / 右のページは、A社とB社の海外引越サービスの案内である。,①海外（例：海外旅行に行きたい。｜想去海外旅行。）②国外（例：海外で働くことを考えている。｜考虑在国外工作。）,隐藏考点
プラン,ぷらん,名詞,计划,プランを立てる / プランが必要だ / プランを実行する,26,真题,否,A社のプラン②とB社のプランⅣV / A社 海外引越サービス プラン比較,①计划（例：旅行のプランを立てる。｜制定旅行计划。）②方案（例：新しいプランを提案した。｜提出新方案。）,隐藏考点
受け取る,うけとる,動詞,接收,荷物を受け取る / メッセージを受け取る / 給料を受け取る,26,真题,否,・早く荷物を受け取りたい方 / 海外で荷物を受け取るときは,①接收（例：荷物を受け取った。｜收到了包裹。）②获得（例：賞を受け取ることができた。｜获得了奖项。）,隐藏考点
けいじ,けいじ,名詞,警示,けいじを出す / けいじが重要だ / けいじを守る,26,真题,否,研究室の前のけいじを見る / りょうの前のけいじを見る,①警示（例：注意のけいじが出ている。｜有注意的警示。）②掲示（例：けいじ板に情報がある。｜公告板上有信息。）,隐藏考点
とおり,とおり,名詞,街道,とおりを歩く / とおりが賑やかだ / とおりに出る,26,真题,否,イメージの世界の作家の解説どおり読むもの / 作家が描いた世界を表現どおり解釈するもの,①按照（例：説明書のとおりにやる。｜按照说明书操作。）②街道（例：このとおりをまっすぐ行く。｜沿这条街直走。）,隐藏考点
口,くち,名詞,口,口を開ける / 口が大きい / 口に出す,26,真题,否,特に口が柔らかいというのが人間の顔の特徴です。 / それだからこそ、精神分析学ではふと口をついて出る言葉を、精神分析の大切な(注,①嘴（例：口を開けてください。｜请张嘴。）②入口（例：口から入る。｜从入口进入。）,隐藏考点
幸福,こうふく,名詞,幸福,幸福を感じる / 幸福が大事だ / 幸福な瞬間,26,真题,否,(奥山清行『ムーンショット デザイン幸福論』による) / 自分の作品が、 人類の幸福につながるきっかけになってほしい。,①幸福（例：幸福な家庭を築く。｜建立幸福的家庭。）②快乐（例：幸福を感じる瞬間。｜感受幸福的瞬间。）,隐藏考点
事務,じむ,名詞,事务,事務を行う / 事務が忙しい / 事務所で働く,26,真题,否,しかし、事務作業を簡略化するため、 8月より各課で直接注文していただくことになりま / これまで、事務用品は、 総務課で事務用品配達サービス会社に一括して注文、管理し、各課に支給し,①事务，办公工作（事務をしています｜我在做事务。）②事宜，事务性工作（事務的な内容｜事务性的内容。）,隐藏考点
地図,ちず,名詞,地图,地図を読む / 地図が必要だ / 地図を持つ,25,真题,否,かんばんや地図が外国語で書かれていないこと / インターネットは、簡単に地図を取材できるので便利です。,①地图，地理图（地図を見ます｜看地图。）②平面图，示意图（この地図は分かりやすい｜这张地图很清晰。）,隐藏考点
きっかけ,きっかけ,名詞,契机,きっかけを作る / きっかけがあった / きっかけに感謝する,25,真题,否,季節のきっかけは風邪をひきやすい。 / その意見に反対するきっかけは、主観的すぎるからだ。,①契机，机会（きっかけがあった｜有一个契机。）②原因，动机（きっかけを作る｜创造机会。）,隐藏考点
過ごす,すごす,動詞,度过,時間を過ごす / 休日を過ごす / 楽しく過ごす,25,真题,否,家族との時間を深刻に過ごしている。 / 春が訪れ、過ごしやすい季節になりました。,①度过，生活（楽しい時間を過ごす｜度过快乐的时光。）②消磨，闲逛（休日を過ごす｜闲逛度过假期。）,隐藏考点
違い,ちがい,名詞,差异,違いを理解する / 違いがある / 違いを認める,25,真题,否,れいに片付いているに違いない。 / にちがいない 4 わけではない,①差异，不同（違いを理解する｜理解差异。）②错误，差错（違いがある｜有错误。）,隐藏考点
現代,げんだい,名詞,现代,現代の技術 / 現代が求める / 現代に生きる,25,真题,否,現代は、 ①時間がどんどん加速されているとも言われます。 / いつも何かしていないと気が落ち着かない、現代人はそんなふう,①现代，当前（現代の技術｜现代技术。）②当代，现代社会（現代の問題｜当代问题。）,隐藏考点
各,かく,接頭辞,各个,各国の文化 / 各が異なる / 各自の意見,25,真题,否,各企業の採用担当者による業務説明 / 合同企業説明会 (講師: 各企業採用担当者),①各自，各个（各国の文化｜各国文化。）②每个，各种（各方面の意見｜各方面的意见。）,隐藏考点
修理,しゅうり,名詞,修理,修理を依頼する / 修理が必要だ / 修理をする,25,真题,否,修理を依頼してください。 / 修理しないで送り返してもらう,①修理，修复（車を修理する｜修理汽车。）②维修，修整（機械の修理｜机械的维修。）,隐藏考点
きちんと,きちんと,副詞,整齐,きちんと準備する / きちんと確認する / きちんと伝える,25,真题,否,消費者にも「厳しい目」 / 手をきちんとゆかにつけること,①整齐，规范（きちんと片付ける｜整理得很整齐。）②认真，仔细（きちんとやる｜认真地做。）,隐藏考点
小説,しょうせつ,名詞,小说,小説を読む / 小説を書く / 小説が好き,25,真题,否,小説家で自作解説をする人がたまにいる。 / 小説は言葉を使ってこの世界に似せたイメージを作る表現形式である、世界はそれ自身では主張を持たな,①小说，文学作品（小説を読む｜读小说。）,隐藏考点
金額,きんがく,名,金额,金額が大きい / 金額を確認する / 金額に対する,24,两者,是,一回の注文金額(税込) 届け先数 / 最近は毎月決まった金額でかけ放題の国際電話サービスがある。,①金额（例：金額は大きい｜金额很大。）②数额（例：金額を確認する｜确认金额。）,黄金词
家族,かぞく,名詞,家庭,家族がいる / 家族と一緒に / 家族を大切に,24,真题,否,一緒にに行く家族は外国での生活 / 家族との時間を深刻に過ごしている。,①家庭成员（例：家族と一緒に｜和家人一起。）②亲属（例：家族が多い｜家族成员很多。）,隐藏考点
まつ,まつ,動詞,等待,バスをまつ / 結果をまつ / チャンスをまつ,24,真题,否,が、もうしばらくお待ちいただけますでしょうか。 / 静かに自分の話をしながら次の話題に移るのを待つこと,①等待（例：駅でまつ｜在车站等。）②祭（例：祭りがある｜有节日。）,隐藏考点
したがう,したがう,動詞,遵循,規則にしたがう / 指示にしたがう / 流れにしたがう,24,真题,否,自分の気持ちに従ったから / 人は誰でも、 自分の話をしたがっているの,①遵从（例：指示にしたがう｜遵从指示。）②跟随（例：後ろにしたがう｜跟在后面。）,隐藏考点
しめす,しめす,動詞,表示,証拠をしめす / 方向をしめす / 結果をしめす,24,真题,否,飽きることが精神の成長を示すこともある。 / 味への自信を示すことが目的で、全国で一斉に行われる。,①表示（例：例をしめす｜举例说明。）②指示（例：道をしめす｜指示道路。）,隐藏考点
ほとんど,ほとんど,名詞,几乎,ほとんどの人 / ほとんどが理解する / ほとんどの時間,24,真题,否,そして、 各社ほとんど同じことを書 / この値段で売ったら、店の利益はほとんどない。,①几乎（例：ほとんど終わった｜几乎完成了。）②大部分（例：ほとんどの人｜大部分人。）,隐藏考点
講義,こうぎ,名詞,讲座,講義を受ける / 講義がある / 講義に参加する,24,真题,否,:00~10:50 7号館 一階大講義室 / :00~11:50 7号館 一階大講義室,①课程（例：講義を受ける｜上课。）②讲座（例：講義がある｜有讲座。）,隐藏考点
受講,じゅこう,名詞,听课,受講する科目 / 受講生が多い / 受講料を払う,24,真题,否,昨年度セミナー受講者の声 / ■受講は、高校生以上の方ならどなたでも可能です。,①上课（例：受講する学生｜上课的学生）②参加课程（例：受講を申し込む｜报名参加课程）,隐藏考点
花粉,かふん,名詞,花粉,花粉が飛ぶ / 花粉症に悩む / 花粉を吸う,24,真题,否,花粉症とは何でしょうか。 / しかし最近、 50 花粉症に悩される人が増えています。,①花粉（例：花粉が飛ぶ｜花粉在飞）②植物花粉（例：花粉症がある｜有花粉症）,隐藏考点
非常,ひじょう,形状詞,非常,非常に重要だ / 非常に効果的だ / 非常に便利だ,24,真题,否,やって損をするという研究は非常にまれであるし、 つ / ハンバーガー店のような外食産業では非常に珍しい試みだ。,①非常（例：非常に大きい｜非常大）②紧急（例：非常事態｜紧急情况）,隐藏考点
届ける,とどける,動詞,送达,荷物を届ける / 情報を届ける / 書類を届ける,24,真题,否,(注2)納品書 : 届けた商品の内容や金額が記入してある書類 / ・料金には、荷物の日本でのお引き取り、輸出入税関手続き 海外でのお届け費用を含みます。,①送达（荷物を届ける｜送达包裹）②传达（気持ちを届ける｜传达心意）,隐藏考点
食,しょく,名詞,食物,食が大切 / 食を楽しむ / 食に関する,24,真题,否,会社で寄付が日常のことになり、食生活に対する意識も高まる。 / 食文化の研究をしているので、市場は情報源として大切な場所である。,①食物（食べ物が大好き｜喜欢食物）②饮食（食事の時間｜吃饭时间）,隐藏考点
周り,まわり,名詞,周围,周りを見渡す / 周りの人 / 周りに気をつける,24,真题,否,Aでは相手の意見を認めることが大切だと述べ、 B では周りの人の言葉を聞くことが大切だと述べている。 / Aでは周りの人に自分の考えを伝えることが大切だと述べ、Bでは相手に認めてもらうことが大切だと述べている。,①周围（周りを見て｜看看周围）②附近（周りの人々｜附近的人）,隐藏考点
役立つ,やくだつ,動詞,有用,社会に役立つ / 仕事に役立つ / 知識が役立つ,24,真题,否,いつも、「もしそうなら」 / 恐怖や不安を取り除くことが、安全に役立つ。,①有用（役立つ情報｜有用的信息）②帮助（役立つ経験｜有帮助的经验）,隐藏考点
過程,かてい,名詞,过程,過程を経る / 過程が重要 / 過程を説明する,24,真题,否,ものを作る過程は、 本当に楽しい。 / 人間が問題を解決する過程は、コンピュータが膨大 (ぼうだい) なデータから必要な情報を引き出す過程と同じだ。,①过程（過程を大切に｜重视过程）②阶段（学習の過程｜学习的阶段）,隐藏考点
直接,ちょくせつ,副詞,直接,直接伝える / 直接会う / 直接確認する,24,真题,否,スポーツ技術や 「(注5) 身のこなし」 / 当者から具体的な業務内容について直接聞くこともできます。,①直接（直接会う｜直接见面）②立即（直接的な対応｜立即应对）,隐藏考点
建てる,たてる,動詞,建造,家を建てる / ビルを建てる / 計画を建てる,24,真题,否,もし家を建てるなら、どんな家がいいですか。 / 日本には、家はそこに住む家族に合わせて建てるという考え,①建造（家を建てる｜建造房子）②建立（信頼を建てる｜建立信任）,隐藏考点
おもちゃ,おもちゃ,名詞,玩具,おもちゃを買う / おもちゃで遊ぶ / おもちゃが好き,24,真题,否,また、 勝手ながら家具、 電気製品、 おもちゃは受け付けておりませんので、ご遠慮 / 近年、おもちゃメーカーが大人に向けのおもちゃに力を入れ、売り上げを伸ばしている。,①玩具（子供のおもちゃ｜孩子的玩具）②游戏（楽しいおもちゃ｜有趣的玩具）,隐藏考点
ちゅうりん,ちゅうりん,名詞,骑行,ちゅうりんを楽しむ / ちゅうりんする場所 / ちゅうりんが好き,24,真题,否,ちゅうりんじょうで張り紙を見る / 右のページは、 ある市の駐輪場の利用案内である。,①骑行（自転車のちゅうりん｜骑自行车）②环绕（ちゅうりんする｜环绕）,隐藏考点
鑑賞,かんしょう,名·他サ,鉴赏,音楽を鑑賞する（欣赏音乐）,23,两者,是,鑑賞する人が増えている。 / 当日のお持ち帰りをご希望の場合は、それぞれの待ち時間の間、 館内を鑑賞しながらお待ちになる,①欣赏（映画を鑑賞する｜欣赏电影）②观赏（美術鑑賞｜观赏美术）,黄金词
姿勢,しせい,名,姿势,姿勢を正す / 姿勢が悪い / 姿勢に気をつける,23,两者,是,スタート時の姿勢について / 強い影響を与えるかどうかは、読み手の姿勢で決まるものであるから,①姿势（正しい姿勢を保つ｜保持正确姿势）②态度（前向きな姿勢が大事｜积极的态度很重要）,黄金词
集中,しゅうちゅう,名·自他サ,集中,仕事に集中する / 勉強に集中する / 一点に集中する,23,两者,是,走り方の改善に集中できない場合 / 話の内容に集中できるようにするため,①集中（集中して勉強する｜专心学习）②专注（仕事に集中する｜专注于工作）,黄金词
しわ,しわ,名,皱纹,しわができる / しわを伸ばす / しわが気になる,23,两者,是,ができる。 / このしわを見たことがない人はい,①皱纹（顔にしわができる｜脸上有皱纹）②折痕（紙にしわがつく｜纸上有折痕）,黄金词
当然,とうぜん,副,当然，应该,当然の結果だ / 当然理解できる / 当然のことだ,23,两者,是,と評価が下がるのを恐れます。 / (注3) 必然 : そうなって当然のこと,①当然（当然の結果だ｜这是当然的结果）②理所当然（それは当然だ｜那是理所当然）,黄金词
経済,けいざい,名詞,经济,経済が成長する / 経済に関する / 経済を学ぶ,23,真题,否,寄付をするためには経済的に余裕がなければならない。 / (注1)途上国(とじょうこく): 経済成長の途中にある国,①经济（経済が成長する｜经济在增长）②经济学（経済を学ぶ｜学习经济学）,隐藏考点
新聞,しんぶん,名詞,新闻,新聞を読む / 新聞が届く / 新聞に載る,23,真题,否,(伊藤智章「窓」 2008年2月20日付朝日新聞夕刊による) / (岩下宣子 「実践 マナー塾」 2009年4月18日付日本経済新聞による),①报纸（新聞を読む｜看报纸）②新闻（最新の新聞｜最新的新闻）,隐藏考点
施設,しせつ,名詞,设施,施設を利用する / 施設が整っている / 施設に行く,23,真题,否,京都市内の主な観光施設で買うことができる。 / 人形や動物のようなロボットの心理的効果は科学的にも証明されていて、児童施設や病院でも利,①设施（新しい施設ができる｜新设施建成）②机构（教育施設が必要｜需要教育机构）,隐藏考点
対応,たいおう,名詞,应对,対応が早い / 対応を考える / 対応に困る,23,真题,否,はとても危険です。 / しかし、この「謙遜して努力を隠す対応」,①应对（問題に対応する｜应对问题）②处理（適切に対応する｜适当处理）,隐藏考点
開く,ひらく,動詞,打开,扉を開く / 会議を開く / 店を開く,23,真题,否,河山市で開かれる市民セミナーの案内である。 / 河山市外の自宅で学習塾を開いている 46歳の女性,①打开（ドアを開く｜打开门）②举行（会議を開く｜举行会议）,隐藏考点
名,な,名詞,名字,名が知られる / 名を名乗る / 名が大切,23,真题,否,・はがき1枚につき1名のみ受付可能です。 / 定員が20名なので早く申し込む必要がある。,①名字（名を名乗る｜报上名字）②名声（名が知られる｜名字被知道）,隐藏考点
指導,しどう,名詞,指导,指導を受ける / 指導が必要 / 指導する立場,23,真题,否,講師の指導が具体的でわかりやすかった。 / 本学の就職課担当者による履歴書の書き方指導,①指导（例：先生が指導する｜老师指导）②引导（例：道を指導する｜引导道路）,隐藏考点
セット,せっと,名詞,套装,セットを購入する / セットが揃う / セットに含まれる,23,真题,否,デパートに行って、 避難用のセットを買う / 一度しか使っていない新品同様のお皿のセット,①一套（例：セットを買った｜买了一套）②组合（例：セットメニュー｜套餐）,隐藏考点
生じる,しょうじる,動詞,产生,問題が生じる / 変化が生じる / 差が生じる,23,真题,否,どこかで手違いが生じたのではないかと思いますが、 / などに生じる嫌なにおいを消したりする働きを持っている。,①产生（例：問題が生じる｜出现问题）②发生（例：変化が生じる｜发生变化）,隐藏考点
起こる,おこる,動詞,发生,事故が起こる / 変化が起こる / 問題が起こる,23,真题,否,という公害に / からは大きな拍手が起こった,①发生（例：事故が起こる｜发生事故）②出现（例：事件が起こる｜出现事件）,隐藏考点
風景,ふうけい,名詞,风景,風景が美しい / 風景を楽しむ / 風景を描く,23,真题,否,などだ。 / 自然の風景や名所旧跡は静的である。,①风景（例：美しい風景｜美丽的风景）②景色（例：山の風景｜山的景色）,隐藏考点
電気,でんき,名詞,电,電気が消える / 電気を使う / 電気が必要,23,真题,否,れるために、電気自動車に乗る人はそれほど多くない。 / また、 電気自動車は構造が複雑ではないため、 一人用または二人用の小,①电（例：電気がつく｜电亮了）②电力（例：電気を使う｜使用电力）,隐藏考点
問い,とい,名詞,问题,問いを立てる / 問いに答える / 問いがある,23,真题,否,下の問いに対する答えとして最 / 下の問いに対する答えとして最も,①问题（例：問いを立てる｜提出问题）②询问（例：問いかける｜进行询问）,隐藏考点
納品,のうひん,名詞,交货,納品が遅れる / 納品を確認する / 納品書を出す,23,真题,否,とありました。 / 納品書(注2)にはたしかに「日本語の友・中級」,①交货（例：納品が遅れる｜交货延迟）②送货（例：納品書を出す｜出送货单）,隐藏考点
広げる,ひろげる,動詞,扩展,視野を広げる / 活動を広げる / 可能性を広げる,23,真题,否,サヒは(注2)要件を育児全体に広げ、 社員の子育てを後押しする。 / とによって、書かれている内容についての理解を深め、 見方を広げることができます。,①展开（例：地図を広げる｜展开地图）②扩展（例：活動を広げる｜扩展活动）,隐藏考点
負担,ふたん,名詞,负担,負担が大きい / 負担を軽減する / 負担を感じる,23,真题,否,大学生のコピー代の負担を少なくすること / 枚数が多いため、大学生にとってはそれなりの負担になる。,①负担（例：負担が大きい｜负担很大）②承担（例：負担を減らす｜减轻负担）,隐藏考点
売れる,うれる,動詞,畅销,商品が売れる / 本がよく売れる / 新製品が売れる,23,真题,否,売れない本も役割をもっていることを理解する。 / 売れない本にも興味をもってもらえるよう工夫する。,①畅销，热卖（この本はよく売れる。｜这本书畅销）②被卖掉（商品が売れる。｜商品被卖掉）,隐藏考点
誤解,ごかい,名詞,误解,誤解を招く / 誤解を解く / 誤解が生じる,23,真题,否,海外の生活では、習慣の違いから誤解が生じることがある。 / ば、何を理解していないのか、 何を誤解しているのかが、 教える側にとてもよくわかるからだ。,①误解，误会（彼の言葉を誤解した。｜误解了他的话）②错误理解（誤解を招く表現。｜引起误解的表达）,隐藏考点
歌,うた,名詞,歌曲,歌を歌う / 歌が好き / 歌を作る,23,真题,否,最後に流れる歌がいいところ / せいとに歌の意味を考えさせる,①歌曲，歌唱（彼は歌が上手だ。｜他唱歌很好）②唱歌（みんなで歌を歌った。｜大家一起唱歌）,隐藏考点
完成,かんせい,名·自他サ,完成,作品を完成する / 計画を完成する / 無事に完成する,22,两者,是,休みの前に資料を完成させたいから / ②読む人間がいて完成されるとはどういうことか。,①完成，结束（プロジェクトが完成した。｜项目完成了）②做完（宿題を完成させた。｜做完作业）,黄金词
筆者,ひっしゃ,名,笔者,筆者が述べる / 筆者の意見 / 筆者の考え,22,两者,是,と呼んだほうがよいと考えているか / 筆者は、なぜ環境問題を「人間問題」,①作者，写作者（筆者の意見です。｜这是作者的意见）②写作人（筆者は学生です。｜作者是学生）,黄金词
反対,はんたい,名詞,反对,反対する意見 / 反対が多い / 反対に遭う,22,真题,否,その意見に反対するきっかけは、主観的すぎるからだ。 / この事業に反対するきっかけは、環境への悪影響が予想されるからだ。,①反对，抵制（彼はその意見に反対だ。｜他反对这个意见）②对立（反対の立場を取る。｜采取对立立场）,隐藏考点
期待,きたい,名詞,期待,期待が高まる / 期待に応える / 期待を持つ,22,真题,否,彼の今後の活躍に周囲の期待は高まる / 読む人が期待する書き方をしているかという気持ち,①期待，盼望（新作に期待している。｜期待新作品）②期望（彼女に期待している。｜对她抱有期望）,隐藏考点
性格,せいかく,名詞,性格,性格が明るい / 性格を知る / 性格に合う,22,真题,否,が取り上げられます。 / これは、 血液型によって性格が決,①性格，个性（彼は明るい性格だ。｜他性格开朗。）②性情（性格が合う友達。｜性格合得来的朋友。）,隐藏考点
部屋,へや,名詞,房间,部屋を掃除する / 部屋が広い / 部屋にいる,22,真题,否,反対にだらしない印象を受けると、部屋の中をピカピカにしていても 「家の中もきたないだろう」 / ばお会いしたときに清潔な印象をうけると、その人の部屋が本当は汚かったとしても「部屋はいつもき,①房间，室内（部屋が広いです。｜房间很宽敞。）②居所（自分の部屋が好き。｜我喜欢自己的房间。）,隐藏考点
注目,ちゅうもく,名詞,关注,注目を集める / 注目が集まる / 注目するべき,22,真题,否,きれいな眺めに注目して、時間がたつのを忘れた。 / 寝不足で注目が足りないと、仕事でミスが多くなる。,①关注，注意（注目を集めるニュース。｜引人注目的新闻。）②瞩目（彼に注目している。｜我在关注他。）,隐藏考点
すすめる,すすめる,動詞,推荐,仕事をすすめる / 計画をすすめる / 話をすすめる,22,真题,否,この製品を買った人が、 それを他の人にすすめることに協力する。 / 車の運転で事故を起こさない人は会話も同じように慎重に進められるところ,①推荐（本をすすめる｜推荐一本书。）②劝说（行くようにすすめる｜劝说他去。）,隐藏考点
地球,ちきゅう,名詞,地球,地球を守る / 地球が危機にある / 地球に住む,22,真题,否,いずれ装置が完全に機能すれば、地球から新たに水を運ぶ / 宇宙では、地球から運ばれる水はコップ一杯 30-40 万円に相当するほど高価なものとなるが、,①地球（私たちの地球｜我们的地球。）,隐藏考点
意図,いと,名詞,意图,意図を説明する / 意図がある / 意図を理解する,22,真题,否,きわめて意図的な行為です。 / 本当の友達は、決して意図的に作るものではない。,①意图（彼の意図は不明｜他的意图不明。）②目的（意図を持って行動する｜有目的地行动。）,隐藏考点
セミナー,せみなー,名詞,研讨会,セミナーに参加する / セミナーを開催する / セミナーがある,22,真题,否,そこで、 セミナーや勉強会、 / 年度 河山市市民セミナーII,①研讨会（セミナーに参加する｜参加研讨会。）,隐藏考点
ずっと,ずっと,副詞,一直,ずっと続ける / ずっと大切にする / ずっと覚えている,22,真题,否,そのほうがずっとよく印象に残る / ずっと好調だったのに、 最後の試合で敗れてしまった。,①一直（ずっと待っている｜一直在等。）②始终（ずっと好きだった｜一直喜欢。）,隐藏考点
動く,うごく,動詞,移动,機械が動く / 計画が動く / 心が動く,22,真题,否,ドアの近くの人が動かなかったから / 今までも人工知能は使われていたが、 人のことばや動きから、意味を理解して動くロボットというの,①移动（車が動く｜车在动。）②活动（心が動く｜心动了。）,隐藏考点
いくら,いくら,名詞,多少,いくらかかる / いくらでもいい / いくらでも食べる,22,真题,否,東京駅までのうんちんはいくらですか。 / いくら覚えても、それを引き出せなければ役に立たない。,①多少（いくらですか？｜多少钱？）②无论多少（いくらでもいい｜无论多少都可以。）,隐藏考点
捨てる,すてる,動詞,丢弃,ゴミを捨てる / 古いものを捨てる / 考えを捨てる,22,真题,否,消費者は後者のこだわりを捨てつつある。 / あとで捨てるので、 ごみはそのまま保っておいていいですよ。,①丢弃（ゴミを捨てる｜丢掉垃圾。）②放弃（考えを捨てる｜放弃想法。）,隐藏考点
服,ふく,名詞,衣服,服を着る / 服が好き / 服を買う,22,真题,否,バーゲンセールで買ったが一度も着なかった服 / 外出時にはマスクやめがねで花粉が体に入るのを防ぎ、帰宅時には服についた花粉を落,①衣服（新しい服を買う｜买新衣服。）②服装（カジュアルな服｜休闲的衣服。）,隐藏考点
消す,けす,動詞,消除,電気を消す / 記録を消す / 音を消す,22,真题,否,木々がもともと持っているにおいを消す。 / 十年後、 二十年後はガソリン車が姿を消し、 電気をエ,①消除（火を消す｜灭火。）②关闭（電源を消す｜关掉电源。）,隐藏考点
一般,いっぱん,名詞,一般,一般的な意見 / 一般に知られる / 一般の人,22,真题,否,多田庭園は地元有力者多田家の別荘の庭を保存したもので、一般に公開されています。 / しかし、近い将来、 それらの問題も技術の進歩によって解決され、やがてはより身近で一般的な乗り物,①一般，普通的（例：一般的な考え｜一般的想法。）②通常，常规（例：一般的な手続き｜一般的程序。）,隐藏考点
スタッフ,すたっふ,名詞,员工,スタッフがいる / スタッフを募集する / スタッフと協力する,22,真题,否,販売スタッフがお届け先やご希望日をお伺いし、 その後、 お会計となります。 / 何かご不明な点がございましたら、お気軽に販売スタッフにお声をおかけください。,①工作人员，职员（例：スタッフがいます｜有工作人员。）②团队，组员（例：スタッフと協力｜与团队合作。）,隐藏考点
以外,いがい,名詞,以外,以外の選択肢 / 以外に考える / 以外の人,22,真题,否,人間以外の哺乳類の口について述べているのはどれか。 / それ以外の文章は、必ず、 書く人間のほかに、②読む人間がいて完成されるのだ。,①以外，除外（例：それ以外は無理｜除了这个不行。）②除了，除去（例：彼以外は知っている｜除了他我都知道。）,隐藏考点
担当,たんとう,名詞,负责,担当を決める / 担当が変わる / 担当する仕事,22,真题,否,各企業の採用担当者による業務説明 / 合同企業説明会 (講師: 各企業採用担当者),①负责，担任（例：担当を決める｜决定负责的工作。）②负责的工作（例：担当の仕事｜负责的工作。）,隐藏考点
かまう,かまう,動詞,关心,他人をかまう / 細かいことをかまう / 関係をかまう,22,真题,否,メモをとってもかまいません。 / メモと取ってもかまいません。,①关心，照顾（例：気にかまうな｜别在意。）②打扰，干涉（例：かまわないでください｜请不要打扰。）,隐藏考点
取れる,とれる,動詞,能取,コミュニケーションが取れる / バランスが取れる / ストレスが取れる,22,真题,否,を導入した。 / 練習に十分な時間が取れない場合,①能取，能够得到（例：簡単に取れる｜可以轻松得到。）②可以获得（例：チャンスが取れる｜可以获得机会。）,隐藏考点
未来,みらい,名詞,将来,未来を考える / 未来が楽しみ / 未来に向かう,22,真题,否,(石原千秋 『未来形の読書術』による) / なり、 未来の環境を変えることができるのではないだろうか。,①未来，将来（例：未来が楽しみ｜期待未来。）②前景，前途（例：未来の計画｜未来的计划。）,隐藏考点
どちら,どちら,代名詞,哪边,どちらがいい / どちらに行く / どちらでも構わない,22,真题,否,「ジミック」 / AとBのどちらの文章にも触れられている点は何か。,①哪一，哪个（例：どちらが好きですか｜你喜欢哪个？）②哪边，哪一方（例：どちらに行くの｜你要去哪里？）,隐藏考点
刺激,しげき,名詞,刺激,刺激を受ける / 刺激が強い / 刺激を与える,22,真题,否,毎日決まった時刻に温度変化を刺激 / スポーツ技術や 「(注5) 身のこなし」,①刺激，激励（例：刺激を受ける｜受到刺激。）②兴奋，冲动（例：刺激的な体験｜刺激的体验。）,隐藏考点
すでに,すでに,副詞,已经,すでに完成した / すでに知っている / すでに対応した,22,真题,否,走るための神経の仕組みはすでにできていて変えにくいから / 私が親と同居していた頃、既に引退した父が不機嫌になる種があった。,①已经，早已（例：すでに終わった｜已经结束了。）②早就，早已（例：すでに知っている｜早就知道了。）,隐藏考点
育てる,そだてる,動詞,培养,子供を育てる / 才能を育てる / 人材を育てる,22,真题,否,短期間で人材を育てられなくなる。 / (注1)哺乳類:子を乳で育てる動物,①培养（子供を育てる｜培养孩子。）②养育（植物を育てる｜养植物。）,隐藏考点
人工,じんこう,名詞,人造,人工の物 / 人工が増える / 人工的な,22,真题,否,世界で初めて人工知能が用いられたロボットであるということ / ばの意味を理解して、手足を動かして同じ動作をすることができる人工知能が入ったロボットが開発さ,①人造（人工の花｜人造花。）②人工的（人工的な環境｜人工环境。）,隐藏考点
まったく,まったく,副詞,完全,まったく理解できない / まったく変わらない / まったく同じだ,22,真题,否,とだからまったく驚きだ。 / もらう広告には全く興味がな,①完全（まったく同じ｜完全一样。）②全然（まったく分からない｜完全不懂。）,隐藏考点
表面,ひょうめん,名詞,表面,表面が滑らか / 表面を磨く / 表面に出る,22,真题,否,世紀ごろになると、表面に輝きがある薄 / く含み、表面に傷がたくさんある粗末な品質のものだった。,①表面（表面が滑らか｜表面光滑。）②外表（表面のデザイン｜外表设计。）,隐藏考点
機,き,名詞,机器,機が動く / 機を操作する / 機が必要,22,真题,否,の企業の広告をコピー用紙の裏面に印刷し、 大学に設置した無料コピー機にセットする。 / このような事情を実感していた① 大学生たちが5人集まって、無料でコピーがとれるコピー機を大学,①机器（機械を使う｜使用机器。）②机会（チャンスの機会｜机会的机会。）,隐藏考点
歌える,うたえる,動詞,能唱,日本語で歌える / 歌を歌える / 上手に歌える,22,真题,否,歌えるようになりますよ。 / 私はこれくらいのテンポの曲が歌いやすいと思う。,①能唱（歌が歌える｜能唱歌。）②会唱（彼は歌える｜他会唱。）,隐藏考点
物事,ものごと,名詞,事物,物事を考える / 物事が進む / 物事に対する,22,真题,否,物事を論理的に考える力を身につけることができます。 / どんな物事にも、楽しさや面白さを見つける努力をすること,①事情（物事を考える｜考虑事情。）②事物（物事の本質｜事物的本质。）,隐藏考点
すばらしい,すばらしい,形容詞,精彩,すばらしい景色 / すばらしい経験 / すばらしい人,21,真题,否,『すばらしい環境のなかを通 / 晴れている日は、この山頂からすばらしい景色が見える。,①出色（すばらしい景色｜美丽的风景。）②极好（すばらしい結果｜极好的结果。）,隐藏考点
友人,ゆうじん,名詞,朋友,友人と会う / 友人が多い / 友人を大切に,21,真题,否,友人がバイクを安くゆずってくれた。 / 学生の時代の友人がいきなり訪ねてきた,①朋友（友人と会う｜和朋友见面。）②知己（信頼できる友人｜值得信赖的朋友。）,隐藏考点
今後,こんご,名詞,今后,今後の予定 / 今後に期待する / 今後のこと,21,真题,否,今後とも「ジミック」 / 彼の今後の活躍に周囲の期待は高まる,①今后（今後の予定｜今后的计划。）②未来（今後の展望｜未来的展望。）,隐藏考点
あたりまえ,あたりまえ,形状詞,理所当然,あたりまえのことだ / あたりまえに思う,21,真题,否,ても当たり前」 / と思ってやってきた。,①理所当然（これはあたりまえだ｜这是理所当然的。）②平常的（あたりまえのこと｜平常的事。）,隐藏考点
国際,こくさい,名詞,国际,国際的な問題 / 国際が重要 / 国際的な関係,21,真题,否,あの大臣の発言は国際問題にまで普及した。 / 再生装置が完全に機能すると、 国際宇宙ステーションで使われる水はどうなると述べているか。,①国际的（国際的な問題｜国际问题。）②跨国的（国際的な関係｜国际关系。）,隐藏考点
払う,はらう,動詞,支付,料金を払う / 注意を払う / 税金を払う,21,真题,否,運転で他の車に注意が払える人は会話でも他者に敬意が払えるところ / がちですが、同じ場にいることに敬意を払って、その人にも (注2)話を振らないと。,①支付（お金を払う｜支付钱。）②偿还（借金を払う｜偿还债务。）,隐藏考点
レベル,れべる,名詞,水平,レベルが上がる / レベルを上げる / レベルが高い,21,真题,否,自分が納得するレベルを設けた場合 / 相手によってレベルが設定されている場合,①水平（レベルが高い｜水平很高。）②等级（レベルを上げる｜提高等级。）,隐藏考点
適切,てきせつ,形状詞,适当,適切に対応する / 適切な方法 / 適切な情報を与える,21,真题,否,というような説 / (注3)適切化をはかる: 適切になるようにする,①适当的（適切な対応｜适当的应对。）②恰当的（適切な判断｜恰当的判断。）,隐藏考点
小さい,ちいさい,形容詞,小,小さい子供 / 小さい頃 / 小さい声,21,真题,否,本を軽くするために活字小さくなったこと / 小さい文字が読みにくい高齢の読者が多くなったこと,①小的（小さい犬｜小狗。）②微小的（小さい声｜小声。）,隐藏考点
下がる,さがる,動詞,下降,温度が下がる / 価格が下がる / 気分が下がる,21,真题,否,と評価が下がるのを恐れます。 / 結果が出ても 「あれだけ準備すれば当然だ」,①下降（温度が下がる｜温度下降。）②退步（成績が下がる｜成绩退步。）,隐藏考点
第,だい,接頭辞,第,第三者の意見 / 第の段階 / 第に行う,21,真题,否,第1部、第2部では、途中入場・退場をしないこと。 / 各企業の事業内容、採用方針など(質問は第3部で受ける),①第（第1回｜第一回。）②顺序（第2章｜第二章。）,隐藏考点
具体,ぐたい,名詞,具体,具体的な例 / 具体を示す / 具体的に説明する,21,真题,否,講師の指導が具体的でわかりやすかった。 / 当者から具体的な業務内容について直接聞くこともできます。,①具体的（具体的な例｜具体的例子）②明确的（具体的な計画｜明确的计划）,隐藏考点
か月,かげつ,名詞,个月,か月が経つ / か月に一度 / か月の初め,21,真题,否,けがの治療に2か月かかった。 / 会社員の有田さんは3ヶ月後に海外支店に転勤することになった。,①月（1か月｜一个月）②月份（6か月間｜六个月）,隐藏考点
花,はな,名詞,花,花が咲く / 花を植える / 花が美しい,21,真题,否,そのくしゃみや鼻水によって花 / ゆっくり花を見たり音楽を楽しんだりする、そんな,①花朵（美しい花が咲いている｜美丽的花）②花卉（花を育てる｜种花）,隐藏考点
呼ぶ,よぶ,動詞,呼唤,名前を呼ぶ / タクシーを呼ぶ / 仲間を呼ぶ,21,真题,否,と呼びました。 / エンデは『モモ』という作品の中で「時間どろぼう」,①呼喊（名前を呼ぶ｜叫名字）②邀请（友達を呼ぶ｜叫朋友）,隐藏考点
文書,ぶんしょ,名詞,文档,文書を作成する / 文書を提出する / 文書に記載する,21,真题,否,以下は、ある会社が製品を注文してきた相手に出した文書である / これはビジネス文書に限ったことではないのだが、 何であれ文書を書いていると、 少しばかり緊張感を覚えるものだ。,①文件（重要な文書｜重要文件）②书面材料（文書を作成する｜制作文件）,隐藏考点
最後,さいご,名詞,最后,最後に確認する / 最後のチャンス / 最後の瞬間,21,真题,否,このまま最後まで書き上げられるか不安だという気持ち / ずっと好調だったのに、 最後の試合で敗れてしまった。,①最后（最後のチャンス｜最后机会）②最终（最後の結果｜最终结果）,隐藏考点
向上,こうじょう,名詞,提升,向上を目指す / 向上に努める / 向上するために,21,真题,否,恐怖や不安は、 安全性の向上を妨げる。 / 自社のイメージの向上や売り上げの増加などメリットの多い取り組みとなっている。,①提升（向上を目指す｜追求提升）②改善（生活が向上する｜生活改善）,隐藏考点
側,がわ,名詞,侧,左側にある / 右側に行く / 側に寄る,21,真题,否,写真家が写される側に刺激されて表現したもの / 社員や消費者が手軽に寄付ができて企業側にも利点があるもの,①侧面（車の側に立つ｜站在车旁）②旁边（友達の側にいる｜在朋友旁边）,隐藏考点
号,ごう,名詞,号,号を付ける / 号を発表する / 号が届く,21,真题,否,:00~10:50 7号館 一階大講義室 / :00~11:50 7号館 一階大講義室,①号码（電話番号｜电话号码）②称号（特別な号を持つ｜特别称号）,隐藏考点
鉄道,てつどう,名詞,铁路,鉄道を利用する / 鉄道が通る / 鉄道の駅,21,真题,否,鉄道ファンとは、鉄道が好きで鉄道に関することを趣味にしている人たちのことだ。,①铁路（鉄道が通っている｜铁路通行）②火车（鉄道に乗る｜坐火车）,隐藏考点
現実,げんじつ,名詞,现实,現実を受け入れる / 現実が厳しい / 現実に戻る,21,真题,否,予測はやがてこうなるだろうという現実の延長線上 / 目の前にあるものをできるだけ現実に近づけて描き表したもの,①现实（現実を見つめる｜面对现实）②实际情况（現実は厳しい｜现实很严峻）,隐藏考点
食べ物,たべもの,名詞,食物,食べ物を選ぶ / 食べ物が美味しい / 食べ物に気を付ける,21,真题,否,役割は、食べ物を食べるということでした。 / しかも口でその食べ物をつかむことが必要ですから、顔の,①食物（好きな食べ物｜喜欢的食物）②食品（新しい食べ物を試す｜尝试新食品）,隐藏考点
発見,はっけん,名詞,发现,発見を報告する / 発見がある / 発見すること,21,真题,否,どんな研究であっても、 役に立つ新しい発見につなげられるから / 研究の幅や、 発見につながる可能性を大きく (注1) 狭めてし,①发现（新しい星を発見した｜发现新星）②发觉（問題を発見した｜发现问题）,隐藏考点
時期,じき,名詞,时期,時期が来る / 時期に合わせる / 時期を選ぶ,21,真题,否,僕にも友達が出来なくて辛い時期が / 子供のころは皆、 親に違反する時期があるものだ,①时期（適切な時期に行う｜适当时机）②时间（その時期は忙しい｜那段时间很忙）,隐藏考点
顔,かお,名詞,脸,顔が赤くなる / 顔を洗う / 顔が見える,21,真题,否,冷水で顔を洗う方法は、(注1)頭をさえさせるのにいいばかりではない。 / 冷水で顔を洗う方法は、頭をすっきりさせるほかにどのような効果があるか,①脸（彼女の顔は美しい｜她的脸很美）②表情（彼の顔は真剣だ｜他的表情很认真）,隐藏考点
らしい,らしい,接尾辞,似乎,彼は忙しいらしい / それは難しいらしい / 彼女は来ないらしい,21,真题,否,自分らしい生き方が高く評価される。 / 晴らしい仲間たちが大勢いたからなのだ。,①似乎（彼は学生らしい｜他似乎是学生）②听说（彼女は来るらしい｜听说她要来）,隐藏考点
指定,してい,名詞,指定,指定を受ける / 指定がある / 指定に従う,21,真题,否,指定の店での買い物はすべて5%引きになる。 / 指定の美術館では入場料が100円引きになる。,①指定（指定された場所に行く｜去指定地点）②指派（役割を指定する｜指定角色）,隐藏考点
向け,むける,接尾辞,面向,子供向けの本 / 大人向けのイベント / 学生向けの講座,21,真题,否,学生向けの広告を、学生に対してのみ / 大学生向けの情報をコピーを使って提供すること,①面向（子供向けの本｜儿童书籍）②针对（大人向けのイベント｜针对成人活动）,隐藏考点
元,もと,名,原来,元に戻す / 元からある / 元気になる,20,两者,是,発行元に、振り込み手数料を負担してもらえる。 / 前回の会議での議論をもとに、全員改良案を作成のうえ、当日10時までに原田までご提出ください。,①元（元気な元気｜健康的元气）②来源（元はどこですか｜来源在哪里）,黄金词
超える,こえる,自下一,超过,国境 [こっきょう] を超える（超越国界）,20,两者,是,理屈を超えたところに本当の美がある。 / そして、書物を越えて、 私たちは世の中のあらゆるできごとについて,①超过（限界を超える｜超越极限）②跨越（山を超える｜跨越山）,黄金词
今回,こんかい,名詞,此次,今回のイベント / 今回の旅行 / 今回の会議,20,真题,否,今回のマラソン大会は、過去最大の規模で行われた。 / 今回の国際会議では人口問題が議論の焦点になった。,①这次（今回のイベントは楽しい｜这次活动很有趣）,隐藏考点
大会,たいかい,名詞,大会,大会に参加する / 大会が開催される / 大会の準備,20,真题,否,今回のマラソン大会は、過去最大の規模で行われた。 / 田中選手は前大会に続いて、今大会でも優勝を果たした。,①大会（スポーツ大会がある｜有体育大会）②会议（学会大会に参加する｜参加学术会议）,隐藏考点
億,おく,名詞,亿,一億円 / 二億人 / 三億ドル,20,真题,否,「きみに 10 億円やるから、好きなように使ってみなさい」 / そんな (注1) みみっちいことを考えていたら、10億円は,①亿（数词，表示十亿｜表示十亿）②许多（数量多｜数量很多）,隐藏考点
子,こ,名詞,孩子,子供が遊ぶ / 子供に教える / 子供が好き,20,真题,否,(注1)哺乳類:子を乳で育てる動物 / 血液型は親から子への遺伝によって、4種類のうち、どの型になるかが決まります。,①子（表示小孩或后代｜表示小孩）②子（表示某种物品的单位｜表示物品单位）,隐藏考点
がち,がち,接尾辞,倾向,彼は遅刻がち / 彼女は忘れがち / それは失敗がち,20,真题,否,我々は無条件にそう考えがちだ。 / 変わらないと思われがちな能力や適性も考え方によって変わるものだ。,①倾向于（常用于形容词后｜倾向于）②容易（表示某种状态｜容易出现）,隐藏考点
川,かわ,名詞,河,川を渡る / 川が流れる / 川の水,20,真题,否,悪くすると地下水が枯れ、川の流 / 河山市で開かれる市民セミナーの案内である。,①河流（水体｜水体）②川（地名或地形｜地名或地形）,隐藏考点
広がる,ひろがる,動詞,扩展,範囲が広がる / 影響が広がる / 可能性が広がる,20,真题,否,れた「植林神話」 / が世界に広がっているそうだ。,①扩展（范围变大｜范围扩大）②传播（影响扩大｜影响传播）,隐藏考点
運ぶ,はこぶ,動詞,运输,荷物を運ぶ / 物資を運ぶ / 人を運ぶ,20,真题,否,いずれ装置が完全に機能すれば、地球から新たに水を運ぶ / 実験や酸素を作るときには地球から運ばれた水が使用される。,①运输（搬运物品｜搬运物品）②携带（带着某物｜携带物品）,隐藏考点
仲間,なかま,名詞,伙伴,仲間と協力する / 仲間が増える / 仲間を大切にする,20,真题,否,晴らしい仲間たちが大勢いたからなのだ。 / ご家族で、仲間で、 美木の海をきれいにしよう!,①伙伴（同伴或朋友｜同伴或朋友）②同事（工作上的关系｜工作同事）,隐藏考点
まとめる,まとめる,動詞,总结,内容をまとめる / 考えをまとめる / 資料をまとめる,20,真题,否,人をまとめるのが好きだから / 印象に残ったことだけを後でメモやノートにまとめるとよい。,①整理（将东西归纳｜整理归纳）②汇总（集中信息｜集中信息）,隐藏考点
充実,じゅうじつ,名詞,充实,充実した時間 / 充実を求める / 充実感を得る,20,真题,否,いまの仕事がとても充実していること / ら、自分はもっと充実するのかも、とついつい考えてしまうのだ。,①充实（内容丰富｜内容丰富）②完善（功能齐全｜功能完善）,隐藏考点
なかなか,なかなか,副詞,相当,なかなか難しい / なかなか進まない / なかなか良い,20,真题,否,石川さんは頑丈で、なかなか意見を変えない。 / まあ、隣の芝生はよく見えると言われてしまえばそれまでだが、 自分にピッタリの洋服がなかなかな,①相当（程度很高｜相当高）②不容易（难以实现｜不容易实现）,隐藏考点
始まる,はじまる,動詞,开始,授業が始まる / 会議が始まる / プロジェクトが始まる,20,真题,否,これからすぐに会議が始まるから / に始まり、そこから「どうしてそうなるの?,①开始（例：授業が始まる｜课程开始）②发生（例：事件が始まる｜事件发生）,隐藏考点
応募,おうぼ,名詞,申请,応募がある / 応募を締め切る / 応募すること,20,真题,否,応募者多数の場合は抽選になります。 / 次の学生のうち、このコンテストの応募条件を満たしているのは誰か。,①申请（例：仕事に応募する｜申请工作）②报名（例：コンテストに応募する｜报名比赛）,隐藏考点
皿,さら,名詞,盘子,皿を洗う / 皿に盛る / 皿が割れる,20,真题,否,「置く」 / ということ,①盘子（例：皿を洗う｜洗盘子）②碟子（例：お皿に盛る｜盛在碟子里）,隐藏考点
携帯,けいたい,名詞,手机,携帯を持つ / 携帯が鳴る / 携帯で連絡する,20,真题,否,けいたい電話にれんらくする / 携帯電話は急速に普及してきている。,①手机（例：携帯を持つ｜拿着手机）②携带（例：携帯する物｜携带物品）,隐藏考点
世の中,よのなか,名詞,世界,世の中が変わる / 世の中を見る / 世の中の人々,20,真题,否,そして、書物を越えて、 私たちは世の中のあらゆるできごとについて / 書物だけでなく、世の中のできごとからもさまざまな影響を受けているから,①社会（例：世の中は変わる｜社会在变化）②世界（例：世の中の人々｜世界上的人）,隐藏考点
程度,ていど,名詞,程度,程度が高い / 程度を測る / 程度に応じて,20,真题,否,汗腺は人の体には200~500万か所ほどあるが、通常、そのうちの半分程度 / 信頼関係を築くにはある程度の時間が必要であり、その後で自分の考えを述べればよいのです。,①程度（例：程度が高い｜程度很高）②水平（例：能力の程度｜能力水平）,隐藏考点
着る,きる,動詞,穿,服を着る / コートを着る / 制服を着る,20,真题,否,でも、会社に着ていくには派手かな。 / スーツを必ず着て行かなければならない。,①穿（例：服を着る｜穿衣服）②戴（例：帽子を着る｜戴帽子）,隐藏考点
イベント,いべんと,名詞,活动,イベントを開催する / イベントに参加する / イベントが盛況,20,真题,否,準備を重ねてきたイベントが無事かなった。 / みんなの合同で、イベントの準備は着々と進んでいる。,①活动（例：イベントに参加する｜参加活动）②事件（例：特別なイベント｜特别事件）,隐藏考点
外,そと,接尾辞,外面,外に出る / 外で遊ぶ / 外が寒い,20,真题,否,暑い夏、外を歩くと汗が出る。 / (注4)規格外の農産物も似ている。,①外面（例：外に出る｜出去外面）②外部（例：外の世界｜外面的世界）,隐藏考点
集める,あつめる,動詞,收集,情報を集める / データを集める / 資金を集める,20,真题,否,その事件は世間の注目を集めた / 音も少ないことから、環境に優しい車として注目を集め、徐々に利用者も増えている。,①收集（例：切手を集める｜收集邮票）②聚集（例：人を集める｜聚集人）,隐藏考点
視点,してん,名詞,视角,視点を変える / 視点が重要 / 視点を持つ,20,真题,否,ラスをヨソモノの視点から観察する。 / しかし、どんな研究にも視点を変えれば学ぶところは必ずある,①观点（彼の視点は面白い｜他的观点很有趣）②视角（新しい視点が必要だ｜需要新的视角）,隐藏考点
含む,ふくむ,動詞,包含,情報を含む / 費用を含む / リスクを含む,20,真题,否,野菜にはビタミンが豊富に含まれている。 / ・代表者を含む参加者全員の氏名(ふりがな),①包含（水に塩を含む｜水里含有盐）②含有（この果物はビタミンCを含む｜这种水果含有维生素C）,隐藏考点
人気,にんき,名詞,人气,人気がある / 人気を集める / 人気のある場所,20,真题,否,この運動は、道具もいらず自宅で手軽にできるので、 人気がある。 / A「このレストラン、すごく人気があるから、予約して行ったほうがいいね」,①人气（彼は人気者だ｜他是个受欢迎的人）②受欢迎（この店は人気がある｜这家店很受欢迎）,隐藏考点
全員,ぜんいん,名詞,全员,全員が参加する / 全員に配布する / 全員の意見,20,真题,否,もう全員そろいましたか。 / ・代表者を含む参加者全員の氏名(ふりがな),①全体成员（全員が参加した｜全员参加了）②所有人（全員に配布された｜分发给所有人）,隐藏考点
教室,きょうしつ,名詞,教室,教室で勉強する / 教室が静か / 教室に入る,20,真题,否,「大人のパスタ」 / といった表現をよく,①教室（教室で勉強する｜在教室学习）②课堂（教室で授業を受ける｜在课堂上上课）,隐藏考点
回答,かいとう,名詞,回答,回答を待つ / 回答が来る / 回答すること,20,真题,否,以下は、 ある雑誌に寄せられた質問と、質問に対する回答である。 / 月24日を締め切り日として回答をお願いしていますが、現在のところあまり多くの回答が得られ,①回答（質問に回答する｜回答问题）②答复（彼の回答は正しい｜他的回答是正确的）,隐藏考点
世代,せだい,名詞,世代,世代が変わる / 世代を超える / 世代の違い,20,真题,否,疑問の対象は世代によって異なる / この世代の人たちはコンピュータの知識が乏しいように思います。,①世代（若い世代が増えている｜年轻一代在增加）②时代（この世代は特別だ｜这一代是特别的）,隐藏考点
睡眠,すいみん,名詞,睡眠,睡眠が大切 / 睡眠をとる / 睡眠不足になる,20,真题,否,睡眠不足て悩む人が多い。 / そのような人は、 十分な睡眠時間が取れていないからだと思うかも,①睡眠（十分な睡眠が必要｜需要充足的睡眠）②休息（睡眠が大切だ｜睡眠很重要）,隐藏考点
講座,こうざ,名詞,讲座,講座を受ける / 講座が開かれる / 講座の内容,20,真题,否,ある大学の公開講座の案内である。 / 公開講座一覧(講座の詳しい内容は、裏側をご覧下さい),①课程（新しい講座を開く｜开设新课程）②讲座（講座に参加する｜参加讲座）,隐藏考点
かかわる,かかわる,自五,关系到,生命にかかわる（性命攸关）,19,两者,是,多額の国家予算を使うにもかかわらず / 以下は、辞書の編集にかかわったことのある人が書いた文章である。,①涉及（問題にかかわる｜涉及问题）②关系（彼にかかわること｜与他有关的事）,黄金词
配る,くばる,他五,分配,気を配る（留神；警惕）,19,两者,是,配られたプリントに、 ビニール袋を持参 / 大勢で話しているときは、 発言しない人により多くの意識を配ってください。,①分发（本を配る｜分发书籍）②分配（お菓子を配る｜分配糖果）,黄金词
向ける,むける,他下一,朝，向,顔を下に向ける（低头）,19,两者,是,に目を向け、 我慢して買って / それでは消費者は嫌々 「傷物」,①朝向（顔を向ける｜朝向某个方向）②针对（子供向けの本｜针对儿童的书）,黄金词
雑誌,ざっし,名詞,杂志,雑誌を読む / 雑誌に載る / 雑誌を買う,19,真题,否,が取り上げられます。 / 下の文章は雑誌のコラムです。,①杂志（ファッション雑誌｜时尚杂志）,隐藏考点
伸ばす,のばす,動詞,延伸,技術を伸ばす / 可能性を伸ばす / 関係を伸ばす,19,真题,否,は、おかげさまで順調に売り上げを伸ばして / 相手を伸ばしたいという目的を持った行為である。,①延长（髪を伸ばす｜留长头发）②伸展（手を伸ばす｜伸手）,隐藏考点
値段,ねだん,名詞,价格,値段が高い / 値段を下げる / 値段を比較する,19,真题,否,この値段で売ったら、店の利益はほとんどない。 / 来月、 本製品販売1周年を迎えるにあたり、製品の使用効果、 値段などについてお客様,①价格（値段が高い｜价格很高）,隐藏考点
よろしく,よろしく,副詞,请多关照,よろしくお願いする / よろしく伝える / よろしくどうぞ,19,真题,否,販売店の皆様にはご面倒をおかけいたしますが、よろしくお願い申し上げます。 / お客様にはご迷惑をおかけし、申し訳ございませんが、どうぞよろしくお願いいたします。,①拜托（よろしくお願いします｜拜托了）②请多关照（今後ともよろしく｜请多关照）,隐藏考点
答える,こたえる,動詞,回答,質問に答える / 要求に答える / 期待に答える,19,真题,否,この製品を買った人が、アンケートに答えることに協力する。 / 以前の紙面は高齢の読者のニーズに十分こたえていなかった。,①回答（質問に答える｜回答问题）,隐藏考点
行為,こうい,名詞,行为,行為が問題になる / 行為を注意する / 行為を見直す,19,真题,否,「ほめる教育」 / きわめて意図的な行為です。,①行为（良い行為｜好的行为）②举动（不正な行為｜不正当的举动）,隐藏考点
遊ぶ,あそぶ,動詞,玩,友達と遊ぶ / 外で遊ぶ / 子供が遊ぶ,19,真题,否,遠慮しないでいつでも快く遊びに来てください。 / ールを独占していたら、次からは遊んでもらえなくなります。,①玩耍（公園で遊ぶ｜在公园玩）②消遣（ゲームを遊ぶ｜玩游戏）,隐藏考点
個人,こじん,名詞,个人,個人の意見 / 個人情報を守る / 個人が特定される,19,真题,否,けば、個人で車を持つ必要性は薄れてくるだろう。 / 型のものならば、個人で製造できる可能性もあるそうだ。,①个人（個人情報｜个人信息）②个体（個人の意見｜个人意见）,隐藏考点
がる,がる,接尾辞,表现,彼は喜ぶがる / 彼女は心配がる / 子供が泣きがる,19,真题,否,他人がうらやましがる仕事 / (注3) 威嚇する: ここでは、ほえて相手を怖がるせる,①表示希望（彼は行きたがる｜他想去）②表示感觉（彼女は寒がる｜她觉得冷）,隐藏考点
便,びん,名詞,方便,便が良い / 便を利用する / 便が届く,19,真题,否,(注6) 便なように: 便利なように / 教授も、筆記に (注6) 便なように、,①方便（便がいい｜很方便）②信件（便りが来る｜有信件来）,隐藏考点
記入,きにゅう,名詞,填写,記入を忘れる / 記入すること / 記入が必要,19,真题,否,「市民セミナーIII参加希望」 / と明記の上、住所、氏名、年齢、電話番号を記入し,①填写（用紙に記入する｜在表格上填写）,隐藏考点
東京,とうきょう,名詞,东京,東京に行く / 東京が好き / 東京の景色,19,真题,否,東京駅までのうんちんはいくらですか。 / 、 東京のような大都会で夜にまったく照明を使わ,①日本首都（東京に住んでいる｜住在东京）,隐藏考点
こんな,こんな,連体詞,这样的,こんなことはない / こんなに美しい / こんなに大きい,19,真题,否,今、若者の間ではこんなうわさが普及している。 / 書きながら、頭の中でこんなことを考えている。,①这样的（こんな天気は嫌だ｜我讨厌这样的天气）,隐藏考点
負ける,まける,動詞,输,試合に負ける / 競争に負ける / 誘惑に負ける,19,真题,否,試合に負けて本当に悔しかったので、もっと強くなるため / 失った時間を取り戻さないと競争に負けてしまうと思うこと,①输掉（試合に負ける｜在比赛中输）②失败（彼は負けることが嫌い｜他讨厌失败）,隐藏考点
逆,ぎゃく,名詞,相反,逆に考える / 逆の意見 / 逆に行く,19,真题,否,しかし、その逆もまた真である。 / あり、逆に、住まいによっては住み手の生活が (注3) 歪められることもある。,①相反（逆の立場｜相反的立场）②反向（逆に進む｜反向前进）,隐藏考点
道具,どうぐ,名詞,工具,道具を使う / 道具が必要 / 道具を揃える,19,真题,否,相手を攻撃する道具としての口です。 / 文章とは人と人とのコミュニケーションの道具だからだ。,①工具（作業の道具｜工作的工具）②器具（料理の道具｜烹饪的器具）,隐藏考点
コンピュータ,こんぴゅーたー,名詞,计算机,コンピュータを使う / コンピュータが壊れる / コンピュータの設定,19,真题,否,しかし、人がある問題解決をしている時は、そうしてコンピュータから引 / コンピュータは一人の人が覚えきれない、そもそも普通なら出会うこともない膨大な情報を記憶しており、われわれはそ,①计算机（コンピュータを使う｜使用计算机）,隐藏考点
データ,でーた,名詞,数据,データを分析する / データが消える / データを保存する,19,真题,否,市民水質調査データのお知らせ / ちょっと追加したいデータがあります。,①数据（データを分析する｜分析数据）,隐藏考点
繰り返す,くりかえす,動詞,重复,練習を繰り返す / 失敗を繰り返す / 同じことを繰り返す,19,真题,否,繰り返させられるようになれば / 新しい問題を繰り返し解いて、 自分の理解を確認しながら定義させる。,①重复（何度も繰り返す｜重复多次）②反复（同じことを繰り返す｜反复同样的事）,隐藏考点
町,まち,名詞,城镇,町を歩く / 町が賑やか / 町の中心,19,真题,否,町のいたるところに花が植えられている。 / この町は川によって二つの範囲に分かれている。,①城镇（小さな町｜小镇）②街道（町を歩く｜在街上走）,隐藏考点
雨,あめ,名詞,雨,雨が降る / 雨の日 / 雨が止む,19,真题,否,午後から雨が降りそうだから / 明日は広い範囲で強い雨が降るでしょう。,①降水（雨が降る｜下雨）②雨水（雨が多い｜雨水很多）,隐藏考点
特徴,とくちょう,名詞,特点,特徴を説明する / 特徴がある / 特徴を持つ,19,真题,否,の特徴は、他の「鉄」 / 人間の顔には、いろいろな特徴があります。,①特征（この商品の特徴｜这个商品的特点）②特色（地域の特徴｜地区的特色）,隐藏考点
笑顔,えがお,名詞,笑容,笑顔を見せる / 笑顔が素敵 / 笑顔で迎える,19,真题,否,自分が本当に好きな仕事であれば笑顔で楽しむことができる / 人は楽しいから笑顔になるのだが、「まず笑顔をつくると、それによって楽しい気持ちが湧いてくる」,①微笑（彼女の笑顔｜她的微笑）②开心（笑顔で話す｜微笑着说话）,隐藏考点
所有,しょゆう,名詞,拥有,所有を確認する / 所有権を持つ / 所有物を整理する,19,真题,否,電気自動車所有状況の予測 / Aは電気自動車の技術が向上すると考え、Bは将来個人で電気自動車を所有することになるだろう,①拥有（所有権を持つ｜拥有所有权）②占有（所有物を管理する｜管理所有物）,隐藏考点
美術,びじゅつ,名詞,美术,美術を学ぶ / 美術館に行く / 美術作品を見る,19,真题,否,指定の美術館では入場料が100円引きになる。 / 楽遊の表示がある博物館、美術館、寺院、庭園などで、このパスをお見せください。,①艺术（美術館に行く｜去美术馆）②美术（美術作品を鑑賞する｜欣赏美术作品）,隐藏考点
取り組む,とりくむ,動詞,致力于,問題に取り組む / 課題に取り組む / 仕事に取り組む,19,真题,否,悩みに取り組まずに切り捨ててしま / 資源やエネルギーを節約するための取り組み、工夫、習慣,①致力于（問題に取り組む｜致力于解决问题）②努力（課題に取り組む｜努力完成课题）,隐藏考点
悩む,なやむ,動詞,烦恼,問題に悩む / 将来に悩む / 選択に悩む,19,真题,否,あまり悩まずにシンプルさを求めていくこと / 性との間のギャップに悩むというのは、 ①よくあることです。,①烦恼（将来を悩む｜为未来烦恼）②苦恼（選択に悩む｜为选择苦恼）,隐藏考点
返却,へんきゃく,名詞,归还,返却を忘れる / 返却期限 / 返却すること,19,真题,否,着物は当日中に返却する予定だ。 / 今日中に返却する予定だったが、 店を,①归还（本を返却する｜归还书籍）②退还（返却期限｜归还期限）,隐藏考点
適性,てきせい,名詞,适合性,適性を考える / 適性がある / 適性を測る,19,真题,否,適性が十分あるとかいうケースのほうが稀でしょう。 / 自分の能力や適性と、実際に就いている職業や希望する職業、 あるいは生き方が必要とする能力や適,①适合性（この仕事に適性がある｜适合这份工作）②适应性（適性を持つ人｜有适应性的人）,隐藏考点
和紙,わし,名詞,和纸,和紙を使う / 和紙が美しい / 和紙で作る,19,真题,否,がある。 / ら使われている 「和紙」,①和式纸（和紙で作った手紙｜用和纸写的信）,隐藏考点
解釈,かいしゃく,名·他サ,解释，理解,解釈を誤 [あやま] る（解释错误）,18,两者,是,いから、ぼくたちは小説を『自由』 に解釈でくる。 / 『自由』に解釈すれば 『誤読』となることが多い。,①解释（この文の解釈は難しい｜这句话的解释很难）②理解（彼の解釈が正しい｜他的理解是正确的）,黄金词
香り,かおり,名,香味，芳香,花の香り（花香）,18,两者,是,新しいかおりにしたところ / 聞き慣れない言葉や音楽、初めての味や香りなどが立ち表れてくるのです。,①香气（花の香りがする｜花香四溢）②气味（良い香りがする｜有好香味）,黄金词
持参,じさん,名·他サ,带来（去）,昼食は持参する（自备午饭）,18,两者,是,履歴書を必ず持参しなければならない。 / 注意事項:服装はスーツとし、筆記用具を持参すること。,①携带（持参してください｜请携带）②带来（飲み物を持参する｜带饮料）,黄金词
自宅,じたく,名,自己家,自宅に帰る / 自宅で過ごす / 自宅を訪れる,18,两者,是,河山市外の自宅で学習塾を開いている 46歳の女性 / このサイトでは、ご自宅からインターネット本が注文できます、 午後4時以前にご注文いただけば,①自己家（自宅に帰る｜回家）,黄金词
鉄,てつ,名,铁,鉄が錆びる / 鉄を使う / 鉄で作る,18,两者,是,は 「乗 / と言われたりもする。,①铁（鉄の橋がある｜有铁桥）②金属（鉄の性質｜铁的特性）,黄金词
分野,ぶんや,名,领域,研究分野（研究领域）,18,两者,是,同じ分野の専門家でも、立場によって見解が異なる。 / 自分の研究分野は、理系であることには間違いない。,①领域（新しい分野に挑戦する｜挑战新领域）②范畴（科学の分野｜科学领域）,黄金词
面,めん,名,脸；面，表面,面が広い / 面に出る / 面を洗う,18,两者,是,し、人間も同様に、 悪い面もあればいい面もある。 / 好き嫌いで判断することによって、悪い面に気づきにくくなるから,①面（この面が大事だ｜这个面很重要）②方面（新しい面を探る｜探索新方面）,黄金词
失う,うしなう,他五,丢失；迷失,命を失う（丧命）,18,两者,是,会い、自信を失うこともあるだろう。 / 失った時間を取り戻さないと競争に負けてしまうと思うこと,①失去（大切なものを失う｜失去重要的东西）②丧失（自信を失う｜失去自信）,黄金词
訪れる,おとずれる,動詞,访问,旅行者が訪れる / 季節が訪れる / 変化が訪れる,18,真题,否,春が訪れ、過ごしやすい季節になりました。 / どこへでも行ける時代が訪れるかもしれない。,①到访（例：友達が訪れた｜朋友来访）②光临（例：春が訪れる｜春天来临）,隐藏考点
悩み,なやみ,名詞,烦恼,悩みを抱える / 悩みがある / 悩みを解決する,18,真题,否,と無縁の幸せは存在しないと思う。 / 彼は深刻な悩みをかかえているようだ。,①烦恼（例：悩みが多い｜烦恼很多）②忧虑（例：将来の悩み｜对未来的忧虑）,隐藏考点
とくに,とくに,副詞,特别,とくに重要だ / とくに注意する / とくに気をつける,18,真题,否,特に嫌いではなかったから / とくに辞書は同じ内容で同じデザインで大きな,①特别（例：とくに好き｜特别喜欢）②尤其（例：とくに大切｜尤其重要）,隐藏考点
映画,えいが,名詞,电影,映画を見る / 映画が好き / 映画を撮る,18,真题,否,岡田さんを話題の映画にさそった。 / この映画は動物の世間を描いた作品だ,①电影（例：映画を見た｜看了电影）,隐藏考点
公園,こうえん,名詞,公园,公園で遊ぶ / 公園に行く / 公園を散歩する,18,真题,否,の特徴は、他の「鉄」 / この公園は市がかんりしている,①公园（例：公園で遊ぶ｜在公园玩）,隐藏考点
食事,しょくじ,名詞,饮食,食事をする / 食事が美味しい / 食事に行く,18,真题,否,食事の後、 テーブルから皿をはずした。 / 市内のレストランでの食事が10%引きになる。,①用餐（例：食事をする｜吃饭）②饮食（例：食事が大事｜饮食很重要）,隐藏考点
きれい,きれい,形状詞,干净,きれいにする / きれいな街 / きれいに整理する,18,真题,否,|1 これは水をきれいにする装置です。 / きれいな眺めに注目して、時間がたつのを忘れた。,①漂亮（例：きれいな花｜漂亮的花）②干净（例：部屋がきれい｜房间很干净）,隐藏考点
寝る,ねる,動詞,睡觉,ベッドで寝る / 早く寝る / ゆっくり寝る,18,真题,否,食べないで寝ちゃったんだ。 / めて寝るまで「何をすべきか」,①睡觉（例：早く寝る｜早点睡）,隐藏考点
なくす,なくす,動詞,失去,問題をなくす / 差別をなくす / 物をなくす,18,真题,否,社会人になって職場で自信をなくした時、 どうすればいいか。 / (注3)萎縮している : 自信をなくして消極的になっている,①失去（例：財布をなくす｜丢了钱包）②消失（例：不安をなくす｜消除不安）,隐藏考点
はっきり,はっきり,副詞,清楚,はっきり言う / はっきり見える / はっきり伝える,18,真题,否,(注4) うろ覚 (おぼ) え: はっきりと覚えていないこと / (注2)何気(なにげ) なく はっきりとした目的や理由を持たないで,①清楚（例：はっきり言う｜清楚地说）②明确（例：はっきりした答え｜明确的答案）,隐藏考点
入場,にゅうじょう,名詞,入场,入場が無料 / 入場を許可する / 入場券を買う,18,真题,否,小学生は、大人と一緒に入場してください。 / 指定の美術館では入場料が100円引きになる。,①进入场所（例：会場に入場する｜进入会场）②入场券（例：入場券を買う｜买入场券）,隐藏考点
小さな,ちいさな,連体詞,小的,小さな声 / 小さな家 / 小さな問題,18,真题,否,実はそれが世界のほんの小さな一 / 年住み慣れた小さな家だったが、いざ引っ越しとなると、 使っていない,①小的（例：小さな家｜小房子）②微小的（例：小さな問題｜小问题）,隐藏考点
語る,かたる,動詞,讲述,経験を語る / 夢を語る / 歴史を語る,18,真题,否,ある40代の「乗り鉄」 / の女性は鉄道の魅力を52 語る。,①讲述（例：物語を語る｜讲故事）②谈论（例：歴史を語る｜谈论历史）,隐藏考点
できごと,できごと,名詞,事件,できごとが起こる / できごとを話す / できごとを記録する,18,真题,否,そして、書物を越えて、 私たちは世の中のあらゆるできごとについて / 書物だけでなく、世の中のできごとからもさまざまな影響を受けているから,①事件（例：大きなできごと｜重大事件）②经历（例：楽しいできごと｜愉快的经历）,隐藏考点
台,だい,名詞,台,台を用意する / 台に置く / 台が高い,18,真题,否,数十年後には一人一台電気自動車を持ち、全国 / ネルギーとする車を数人で一台利用している、 そんな時代が来るかもしれない。,①台子（例：テーブルの台｜桌子的台）②舞台（例：舞台に立つ｜站在舞台上）,隐藏考点
ルール,るーる,名詞,规则,ルールを守る / ルールがある / ルールを作る,18,真题,否,自分が決めたルールに従って仕事を終えた場合 / ルールに違反して退場になった選手が3人もいる,①规则（例：ゲームのルール｜游戏规则）②规范（例：ルールを守る｜遵守规范）,隐藏考点
達成,たっせい,名詞,达成,達成感を得る / 達成を目指す / 達成が難しい,18,真题,否,った達成の瞬間は訪れない。 / すなわち日常と離れた場所へ移動することでそれは達成されます。,①完成（例：目標を達成する｜完成目标）②实现（例：夢を達成する｜实现梦想）,隐藏考点
記録,きろく,名詞,记录,記録を取る / 記録が残る / 記録を更新する,18,真题,否,ピートが落ちてしまい、よい記録が出にくい。 / 市場で実際に売られている食物の記録をとるため,①记录（例：記録を取る｜做记录）②成绩（例：新記録を出す｜创下新记录）,隐藏考点
主張,しゅちょう,名詞,主张,主張を述べる / 主張が強い / 主張を支持する,18,真题,否,作家の作り出した世界から主張を読み取るもの / 古典的名著ともなれば評論でもさまざまな解釈が競われるこどがあえうが、 ふつうは評論の主張はは,①主张（例：意見を主張する｜主张意见）②声明（例：主張を述べる｜发表声明）,隐藏考点
申請,しんせい,名詞,申请,申請を出す / 申請が通る / 申請書を書く,18,真题,否,申請するだけで利用できる。 / 休暇の理由を証明する診断書などを添えて申請する。,①申请（例：ビザを申請する｜申请签证）②请求（例：助成金を申請する｜申请补助金）,隐藏考点
パス,ぱす,名詞,通行证,パスを見せる / パスを取得する / パスが必要,18,真题,否,このパスを手に入れるには、どうしたらいいか。 / 京都楽遊パスオフィスへ行けば無料でもらえる。,①通行证（例：パスを見せてください｜请出示通行证）②放弃（例：試験をパスする｜通过考试）,隐藏考点
ボトル,ぼとる,名詞,瓶子,ボトルを開ける / ボトルに入れる / ボトルが空く,18,真题,否,ボトルの形を変えたところ / また、 ボトルはペットボトルではな,①瓶子（例：水のボトル｜水瓶）②瓶装饮料（例：ボトルビール｜瓶装啤酒）,隐藏考点
あきらめる,あきらめる,動詞,放弃,夢をあきらめる / 目標をあきらめる / 希望をあきらめる,18,真题,否,簡単にあきらめない能力を養うためにどうしたらいいか。 / やると決めたことは最後まであきらめずにやる心強い人間になりたい。,放弃（例：夢をあきらめる｜放弃梦想）,隐藏考点
冷蔵,れいぞう,名詞,冷藏,冷蔵庫で保存する / 冷蔵が必要 / 冷蔵品を買う,18,真题,否,にしてください。 / 冷蔵庫の周囲に熱を逃すスペースがあ,冷藏（例：冷蔵庫に入れる｜放入冰箱）,隐藏考点
食品,しょくひん,名詞,食品,食品を選ぶ / 食品が新鮮 / 食品を保存する,18,真题,否,食品は隙間を空けて収納してく / 大量の食品を入れていませんか?,食品（例：食品を買う｜买食品）,隐藏考点
支払い,しはらい,名詞,支付,支払いをする / 支払いが遅れる / 支払い方法,18,真题,否,予約方法と代金の支払いはどうすればよいか。 / お支払いは指定の口座のお振込みのみになります。,付款（例：支払いを済ませる｜完成付款）,隐藏考点
伝わる,つたわる,動詞,传达,気持ちが伝わる / メッセージが伝わる / 意図が伝わる,18,真题,否,伝わっていなかったらしい / 脳を刺激し、汗腺への命令の伝わりをよくする。,传达（例：気持ちが伝わる｜传达感情）,隐藏考点
基本,きほん,名,基本，基础,基本を学ぶ / 基本が大事 / 基本に戻る,17,两者,是,基本的なことは、話の内容をいちいちすべてメモしまい、ということである。 / 年から2001年にかけて、 全国紙として有名な新聞が、 基本の活字を少し大きなものに変,基本（例：基本を学ぶ｜学习基础）,黄金词
幸せ,しあわせ,名·ナ形,幸福,幸せな家庭（幸福的家庭）,17,两者,是,だった。 / と幸せ感も,幸福（例：幸せな日々｜幸福的日子）,黄金词
信頼,しんらい,名·他サ,信赖,信頼を置く（信得过; 置信）,17,两者,是,客とのしんらい関係を大切にしてきたから / 人工衛星技術の進歩により信頼性の高い気,信任（例：信頼関係を築く｜建立信任关系）,黄金词
設計,せっけい,名·他サ,设计,建物を設計する / システムを設計する / 計画を設計する,17,两者,是,初めの設計では2階建てだったが、3階建ての家に延長することにした。 / 例えば、 高速道路や大きな道路の多くで雨水が道路上にたまりにくい設計になって,①设计（新しい建物の設計｜新建筑设计）②规划（プロジェクトの設計｜项目规划）,黄金词
反応,はんのう,名·自サ,反应,素早く反応する / 正しく反応する / 良く反応する,17,两者,是,花粉に対して体が過剰に反応して症状が出るのが花粉症というわけです。 / (注3)条件反射 : ある条件を与えられるといつも同じ反応をすること,①反应（化学反応が起こる｜发生化学反应）②回应（彼の反応は面白い｜他的反应很有趣）,黄金词
論文,ろんぶん,名,论文,論文を書く / 論文が完成する / 論文を提出する,17,两者,是,習学生小論文コンテストの募集案内である。 / 小論文は、要旨を含め5000字以内で書かなければならない。,①论文（大学の論文を書く｜写大学论文）,黄金词
取り入れる,とりいれる,他下一,收获；拿进,外国の文化を取り入れる（引进外国的文化）,17,两者,是,そのためには 「努力」 / 活を支援する、 というシステムを取り入れている。,①采纳（新しい技術を取り入れる｜采纳新技术）②吸收（知識を取り入れる｜吸收知识）,黄金词
向かう,むかう,自五,朝向；相对,鏡に向かう（照镜子）,17,两者,是,夢に向かっていくあなたの (注5)真摯 / 相手自身が望む方向へ向かうようにする行為である。,①前往（目的地に向かう｜前往目的地）②朝向（北に向かう｜朝北走）,黄金词
あるいは,あるいは,接续,或者,あるいは選択肢 / あるいは可能性 / あるいは方法,17,两者,是,あるいは、子どもが成長して、大き / イヌの挨拶行動は、(注4)生得的あるいは習得的(学習的)のどちらでしょうか?,①或者（AあるいはB｜A或者B）②也许（あるいはそうかもしれない｜也许是这样）,黄金词
範囲,はんい,名詞,范围,範囲を広げる / 範囲が狭い / 範囲を決める,17,真题,否,この会社は新しい範囲に進出した。 / 学期末試験の範囲を友達に取材しました。,①范围（活動の範囲を決める｜确定活动范围）②领域（研究の範囲｜研究领域）,隐藏考点
天気,てんき,名詞,天气,天気が良い / 天気予報 / 天気が悪い,17,真题,否,来週は天気が回復するそうだ。 / 最近は、天気の悪い日が続出している。,①天气（今日の天気は晴れ｜今天天气晴）,隐藏考点
文法,ぶんぽう,名詞,语法,文法を学ぶ / 文法が難しい / 文法を確認する,17,真题,否,B 「3課の文法の練習問題を / 単語や文法を覚えさせておけば外国語もできるようになること,①语法（日本語の文法を学ぶ｜学习日语语法）,隐藏考点
苦手,にがて,名詞,不擅长,苦手を克服する / 苦手な分野 / 苦手がある,17,真题,否,だからこそ、文章を書くのは苦手だ、 / 人前で話すのが苦手なのは、 自分はもともとおとなしいからだ。,①不擅长（数学が苦手です｜不擅长数学）②不喜欢（辛い食べ物が苦手｜不喜欢辣的食物）,隐藏考点
メートル,めーとる,名詞,米,メートルを測る / メートルが必要 / メートル単位,17,真题,否,B「まだ 500メートルだよ。 / メートルを速く走るためには最高速度を長く維持すればよいわけだが、世界トップクラスの選,①米制单位（例：三メートルです｜三米）,隐藏考点
万,まん,名詞,万,万が一 / 万を超える / 万の単位,17,真题,否,その店のセーターはせめて1万円はするだろう。 / 今年の映画祭の来場者は、 開幕から3日で10万人に達した。,①一万（例：万が一｜万一）②万分之一（例：万分の一｜万分之一）,隐藏考点
やる気,やるき,名詞,积极性,やる気が出る / やる気を持つ / やる気がない,17,真题,否,相手の心と行動に影響を与え、やる気を出させ / 経験は質素でも、やる気がある人を採用したい,①干劲，积极性（例：やる気が出ない｜没干劲）,隐藏考点
返事,へんじ,名詞,回复,返事をする / 返事が遅れる / 返事を待つ,17,真题,否,人の話に軽く返事をしながら車のエンジンを温めること / る返事を聞いて、1から3の中から、正しい答えを一つ選んでください。,①回答，回复（例：返事をください｜请回复）,隐藏考点
ふだん,ふだん,名詞,平时,ふだんの生活 / ふだんは忙しい / ふだんの習慣,17,真题,否,自分の研究や仕事がうまくいくように普段は抑えているもの / ふだん発言しない人も、 皆の話をよく聞いて会話に参加するようにすること,①平时，通常（例：ふだんは忙しい｜平时忙）,隐藏考点
おさえる,おさえる,動詞,抑制,コストをおさえる / 感情をおさえる / 問題をおさえる,17,真题,否,というような説 / (注2) 要点を抑える: 要点をつかむ,①抑制，控制（例：感情をおさえる｜控制情绪）,隐藏考点
もし,もし,副詞,如果,もし間違えたら / もし可能なら / もし困ったら,17,真题,否,と「もしそうなら」 / ただ、もし別の仕事を選ん,①如果，假如（例：もし雨が降ったら｜如果下雨）,隐藏考点
ちょっと,ちょっと,副詞,稍微,ちょっと待つ / ちょっと確認する / ちょっと難しい,17,真题,否,ぼくは 『ちょっとな... 』 と思う。 / は、試しにちょっと、 というわけにはいかない。,①稍微，一点（例：ちょっと待って｜稍等一下）,隐藏考点
残る,のこる,動詞,剩下,記憶に残る / 問題が残る / 痕跡が残る,17,真题,否,そのほうがずっとよく印象に残る / 聞いたことをすべてメモやノートに書くと記憶に残りやすい。,①剩下，遗留（例：食べ物が残る｜食物剩下）,隐藏考点
勧める,すすめる,動詞,推荐,商品を勧める / 方法を勧める / 参加を勧める,17,真题,否,母に強くすすめられたこと / Aは、なぜメモを取ることを勧めているか。,①推荐，劝告（例：本を勧める｜推荐书）,隐藏考点
もちろん,もちろん,副詞,当然,もちろん参加する / もちろん大切だ / もちろん正しい,17,真题,否,もちろん長く住める家がいいですよね。 / もちろん、その作品を制作したアーティストの意図は存在する。,①当然，必然（もちろん行きます｜当然去）,隐藏考点
困る,こまる,動詞,困扰,問題に困る / 状況に困る / お金に困る,17,真题,否,針が見つからなくて困った。 / 異常気象で食べる物が不足して困っている人や、 地震で家を失った人のため,①困扰，麻烦（困ります｜很困扰）②为难，难办（どう困るの？｜怎么为难？）,隐藏考点
例,れい,名詞,例子,例を挙げる / 例がある / 例を示す,17,真题,否,(例) 5月10日希望の場合・・・ 2月1日~4月10日 / ①いつしか身につけたことのひとつの例として近いものはどれか。,①例子，实例（いい例です｜好例子）②范例，样本（この例を見て｜看这个例子）,隐藏考点
現れる,あらわれる,動詞,出现,問題が現れる / 症状が現れる / 変化が現れる,17,真题,否,練習の効果がうまく現れない場合 / 実は、今花粉症ではない人も、 今後症状が現れる可能性があります。,①出现，显现（彼が現れた｜他出现了）②露面，显露（問題が現れた｜问题出现了）,隐藏考点
神経,しんけい,名詞,神经,神経が高ぶる / 神経を使う / 神経が細い,17,真题,否,さらにその物質には、人間の神経を安定させる効果もあると / 実は、普段慣れている動作ほど、 その動作に対する神経支配がしっかりとできあがっているからだ。,①神经，神经系统（神経が痛い｜神经痛）②神经，敏感（神経質な人｜敏感的人）,隐藏考点
避ける,さける,動詞,避免,リスクを避ける / 問題を避ける / 接触を避ける,17,真题,否,や 「ひと」 / 悩みを避けて切り捨てた 「もの」,①避开，躲避（危険を避ける｜避开危险）②避免，防止（問題を避ける｜避免问题）,隐藏考点
普通,ふつう,名詞,普通,普通に過ごす / 普通の人 / 普通の生活,17,真题,否,古典的名著ともなれば評論でもさまざまな解釈が競われるこどがあえうが、 ふつうは評論の主張はは / 指導を受ける(注3) ランナーも指摘された体の動きの修正に意識を向けてトレーニングするのが普通で,①普通，平常（普通の人｜普通人）②一般，常见（普通のこと｜常见的事）,隐藏考点
たかめる,たかめる,動詞,提高,技術をたかめる / 意識をたかめる / レベルをたかめる,17,真题,否,の(注5)感受性をたかめる。 / 法が、記憶力を高めるのです。,①提高，增高（声を高める｜提高声音）②增强，提升（意識を高める｜提升意识）,隐藏考点
日時,にちじ,名詞,日期时间,日時を決める / 日時が変更される / 日時を確認する,17,真题,否,日時 10月24日 (日) 10:00~14:00 / 日時 : 平成22年11月30日 (火) 10:00~15:00,①日期和时间（日時を決める｜决定日期）②时刻，时日（日時が近い｜日期临近）,隐藏考点
採用,さいよう,名詞,采用,採用が決まる / 採用を行う / 採用通知,17,真题,否,各企業の採用担当者による業務説明 / 合同企業説明会 (講師: 各企業採用担当者),①采用，采纳（新しい方法を採用｜采用新方法）②录用，聘用（彼を採用した｜录用了他）,隐藏考点
喜ぶ,よろこぶ,動詞,高兴,成功を喜ぶ / 贈り物を喜ぶ / 結果を喜ぶ,17,真题,否,部長が喜びそうなものを買っていく / 勝った喜び、負けた悔しさともに体内に残らない。,①感到高兴（例：彼は喜んでいる｜他很高兴）②庆祝（例：成功を喜ぶ｜庆祝成功）,隐藏考点
バス,ばす,名詞,公交,バスに乗る / バスが来る / バスを待つ,17,真题,否,このバスがあると、こんなことができます。 / バスの利益は、新幹線よりも料金が安いことだ。,①公共汽车（例：バスに乗る｜坐公交）②长途汽车（例：バス旅行｜长途旅行）,隐藏考点
野菜,やさい,名詞,蔬菜,野菜を食べる / 野菜が新鮮 / 野菜を育てる,17,真题,否,野菜にはビタミンが豊富に含まれている。 / 不ぞろいな野菜は、むしろ手作り品を思わせる長,①蔬菜（例：新鮮な野菜｜新鲜蔬菜）②农作物（例：野菜を育てる｜种植蔬菜）,隐藏考点
味わえる,あじわえる,動詞,能品尝,風味を味わえる / 体験を味わえる,17,真题,否,と幸せ感も / こんどは『源氏物語』のような古典作品を読んでも、深く味わうことができる。,①可以品尝（例：料理を味わえる｜可以品尝）②享受（例：楽しい時間を味わえる｜享受快乐时光）,隐藏考点
楽しみ,たのしみ,名詞,乐趣,楽しみがある / 楽しみを見つける / 楽しみを共有する,17,真题,否,それが小説を読む楽しみだ。 / シーズンは、あの選手の活躍が楽しみだ,①期待（例：旅行が楽しみ｜期待旅行）②乐趣（例：趣味は楽しみ｜爱好是乐趣）,隐藏考点
実現,じつげん,名詞,实现,実現する夢 / 実現が難しい / 実現に向けて,17,真题,否,10億円あれば実現できることを常に考える。 / あの政党は、よりよい世間の実現を目指している,①实现（例：夢を実現する｜实现梦想）②达成（例：計画を実現する｜达成计划）,隐藏考点
優先,ゆうせん,名詞,优先,優先順位をつける / 優先が必要 / 優先される,17,真题,否,会社や家庭よりも、社会全体を優先する。 / が深刻だったため、質より量を優先させて家が作られました。,①优先权（例：優先順位をつける｜设定优先级）②优先考虑（例：優先して行う｜优先进行）,隐藏考点
歴史,れきし,名詞,历史,歴史を学ぶ / 歴史が面白い / 歴史を振り返る,17,真题,否,松川歴史博物館別館では、明治時代の政治家の別荘を別館として公開しています。 / (注1)旧跡(きゅうせき):歴史上の出来事があった場所や、歴史上の物が残っている所,①历史（例：日本の歴史｜日本历史）②过去（例：歴史を学ぶ｜学习历史）,隐藏考点
正確,せいかく,名詞,准确,正確に測る / 正確な情報 / 正確さが求められる,17,真题,否,があると思っているからである。 / 言葉の正確な意味は辞書に問い合わせよう。,①准确（例：正確な情報｜准确的信息）②精确（例：正確に測る｜精确测量）,隐藏考点
光,ひかり,接尾辞,光,光が差す / 光を当てる / 光が強い,17,真题,否,秋の夜にはライトアップが行われ、 紅葉と滝が光の中に浮んで見えて見 / ところが、私たちはふだん生活している中で、つまり太陽の光のもとで見たとき、 イ,①光线（例：光が差し込む｜光线透进来）②光辉（例：光を放つ｜发出光辉）,隐藏考点
借りる,かりる,動詞,借,お金を借りる / 本を借りる / 力を借りる,17,真题,否,所有するより借りたほうがいい。 / 生きている間だけ世の中から借りている。,①借用（本を借りる｜借书）②租赁（車を借りる｜租车）,隐藏考点
庫,くら,接尾辞,库,庫に保管する / 庫が必要 / 庫を整理する,17,真题,否,にしてください。 / 冷蔵庫の周囲に熱を逃すスペースがあ,①仓库（物品庫｜物品仓库）②储藏室（冷蔵庫｜冰箱）,隐藏考点
朝,あさ,名詞,早上,朝に起きる / 朝が早い / 朝食を食べる,17,真题,否,今日は朝からのどが痛くて、食べ物を順調に飲み込めない。 / 明日は朝から冷え込んで、 山に近い分野では雪になるそうだ。,①早晨（朝ごはん｜早餐）②朝向（東の朝｜东边的早晨）,隐藏考点
豊か,ゆたか,形状詞,丰富,豊かな生活 / 豊かにする / 豊かな経験,17,真题,否,食の多様化自体は、食卓が豊かになるのだし悪いことではない。 / 豊かな内容は深く生きることをとおして自然に(注6)湧き出るのだろう。,①丰富（豊かな自然｜丰富的自然）②富裕（豊かな生活｜富裕的生活）,隐藏考点
作者,さくしゃ,名詞,作者,作者が有名 / 作者を知る / 作者の作品,17,真题,否,作者の意図が観る人の解釈を超える作品 / 作者も考えていなかったような見方、読み方ができることが芸術作品の魅力なのだ。,①创作者（小説の作者｜小说作者）②作家（有名な作者｜著名作家）,隐藏考点
心配,しんぱい,名詞,担心,心配がある / 心配をする / 心配をかける,17,真题,否,心配もしていないのに、心配を押し売 / (注2)一喜一憂する: 喜んだり心配したりする,①担心（心配しないで｜别担心）②忧虑（心配なこと｜担心的事）,隐藏考点
メーカー,めーかー,名詞,制造商,メーカーが多い / メーカーを選ぶ / メーカーの製品,17,真题,否,あるメーカーが、仕事中に飲んでもらうことをねらって緑茶の新製品を開発した。 / ある楽器メーカーによって、新しい木材を古い木材のように変化させる技術が開発された。,①制造商（自動車メーカー｜汽车制造商）②品牌（有名なメーカー｜知名品牌）,隐藏考点
交換,こうかん,名·他サ,交换,意見を交換する（交换意见）,16,两者,是,「日本語の友・初級」 / を「日本語の友・中級」,①互换（物を交換する｜交换物品）②替换（部品の交換｜更换部件）,黄金词
最終,さいしゅう,名,最后,最終的な決定 / 最終回 / 最終日,16,两者,是,最終リハーサルに参加する / 日間の開催期間で最終的には昨,①最终（最終回｜最后一集）②最后（最終目的｜最终目标）,黄金词
人物,じんぶつ,名,人物,人物が重要 / 人物を描く / 人物像,16,两者,是,と思った人物が話をしていくうちに、「な / 私自身、取材をしていて、最初は「感じ悪いな、こいつは」,①角色（映画の人物｜电影角色）②人（重要な人物｜重要人物）,黄金词
納得,なっとく,名·他サ,领会；信服,納得がいく（能理解）,16,两者,是,以前の紙面は読者が納得できるほど詳しく説明していなかった。 / なったかがしめされていて、 分かりやすく納得出来るものでした。,①理解，明白（彼は納得した。｜他明白了）②同意，认可（みんなが納得した。｜大家都同意）,黄金词
発言,はつげん,名·自他サ,发言,意見を発言する / 会議で発言する / 積極的に発言する,16,两者,是,発言が少ない人やおとなしい人の話をよく聞き、それに答えるようにすること / ふだん発言しない人も、 皆の話をよく聞いて会話に参加するようにすること,①发言，讲话（彼は発言した。｜他发言了）②意见，言论（重要な発言だ。｜重要的言论）,黄金词
予測,よそく,名·他サ,预测,予測がつかない（无法预测）,16,两者,是,電気自動車所有状況の予測 / 将来の状況を予測するような考え方ができること,①预测，预料（天気を予測する。｜预测天气）②推测，推断（結果を予測する。｜推测结果）,黄金词
社長,しゃちょう,名詞,社长,社長が挨拶する / 社長に会う / 社長の考え,16,真题,否,と自分の成果を見つけて評価する。 / とりあえず社長に電話で話しておいた。,①公司总裁（社長が来た。｜总裁来了）②领导，负责人（社長の指示。｜负责人的指示）,隐藏考点
電車,でんしゃ,名詞,电车,電車が遅れる / 電車に乗る / 電車を待つ,16,真题,否,は 「乗 / 電車が止まらなかったから,①电车，列车（電車が来た。｜电车来了）②城市轨道交通（電車で行く。｜坐电车去）,隐藏考点
授業,じゅぎょう,名詞,课程,授業を受ける / 授業が始まる / 授業を終える,16,真题,否,A「先週の授業、 どこまで進んだ? / 講義だけなら、宿題が出されたり授業中に当てられたりした高校時代のほ,①课程，课堂（授業が始まる。｜课程开始了）②教学，授课（授業を受ける。｜上课。）,隐藏考点
似る,にる,動詞,相似,性格が似る / 外見が似る / 親に似る,16,真题,否,会話の技術は、 運転技術とよく似ています。 / ①会話の技術は、運転技術とよく似ていますとあるが、この文章ではどんなところが似ていると述,①相似，像（彼に似ている。｜像他。）②相仿，类似（この色が似る。｜这个颜色相似。）,隐藏考点
見つかる,みつかる,動詞,被发现,解決策が見つかる / 仕事が見つかる / 答えが見つかる,16,真题,否,の (注4)糸口がみつかる。 / 私にふさわしいサイズの帽子がやっと見つかった。,①被发现，找到（鍵が見つかった。｜找到了钥匙。）②被找到，出现（良い仕事が見つかる。｜找到好工作。）,隐藏考点
ありがとう,ありがとう,感動詞,谢谢,ありがとうと言う / ありがとうを伝える / ありがとうの気持ち,16,真题,否,いつも「ジミック」 / A「これまでありがとう。,①谢谢，感谢（本当にありがとう。｜真的谢谢你。）,隐藏考点
働き,はたらき,名詞,工作,働きがいがある / 働きすぎ / 働き方,16,真题,否,を作り出します。 / などに生じる嫌なにおいを消したりする働きを持っている。,①工作，劳动（働きが大切だ。｜工作很重要。）②作用，功能（この機能は働きます。｜这个功能有效。）,隐藏考点
におい,におい,名詞,气味,においがする / においを嗅ぐ / においが強い,16,真题,否,人間の持つ嫌なにおいを防ぐ。 / 木々がもともと持っているにおいを消す。,①气味（例：いいにおいがする｜有好气味。）②臭味（例：悪いにおいがする｜有坏气味。）,隐藏考点
発表,はっぴょう,名詞,发表,発表を行う / 発表がある / 発表を準備する,16,真题,否,小論文は未発表のものに限ります。 / 以下は、ある会社が新商品の発表会で来場者に渡した案内である。,①发表（例：研究を発表する｜发表研究。）②宣布（例：結果を発表する｜宣布结果。）,隐藏考点
進歩,しんぽ,名詞,进步,進歩を遂げる / 進歩がある / 進歩に向かう,16,真题,否,技術の進歩によって仕事にかかる時間が短くなっている。 / AもBも、車の技術はますます進歩し、環境を意識した車が手軽に利用できるようになるかもしれ,①进步（例：技術が進歩する｜技术进步。）②发展（例：社会が進歩する｜社会发展。）,隐藏考点
引き出す,ひきだす,動詞,引出,能力を引き出す / 才能を引き出す / 情報を引き出す,16,真题,否,覚えていないものは引き出しようがない。 / 記憶力には、覚える力と引き出す力の二つがある。,①抽出（例：情報を引き出す｜提取信息。）②取出（例：お金を引き出す｜取出钱。）,隐藏考点
検索,けんさく,名詞,搜索,検索を行う / 検索に時間がかかる / 検索が必要,16,真题,否,れを検索エンジンによって、 検索し引きだせる。 / コンピュータがいくら豊富な知識を(注1) 内臓していても、人間自身がそうして検索した知識を、覚え、関連づけ、,①搜索（例：情報を検索する｜搜索信息。）②查找（例：データを検索する｜查找数据。）,隐藏考点
広い,ひろい,形容詞,宽广,広い場所で / 広い範囲に / 広い視野を持つ,16,真题,否,明日は広い範囲で強い雨が降るでしょう。 / 届く郵便物の量は、確かにその人の社会的な活動の広さと関係している。,①宽广（例：広い部屋｜宽敞的房间。）②广泛（例：広い知識｜广泛的知识。）,隐藏考点
小学,しょうがく,名詞,小学,小学に通う / 小学で学ぶ / 小学の友達,16,真题,否,小学生は、大人と一緒に入場してください。 / 別館の見学できるのは、 小学生以上の方に限ります。,①小学（例：小学に通う｜上小学。）②初等教育（例：小学教育｜初等教育。）,隐藏考点
自転,じてん,名詞,自行车,自転が速い / 自転に乗る / 自転を楽しむ,16,真题,否,あの自転車は弟にゆずりました。 / [35](自転車屋で) 客 「すみません、 自転車のブレーキ。,①自转（例：地球の自転｜地球自转。）②旋转（例：自転車の自転｜自行车旋转。）,隐藏考点
魅力,みりょく,名詞,魅力,魅力がある / 魅力に惹かれる / 魅力を感じる,16,真题,否,ある40代の「乗り鉄」 / 魅力のない空間になってしまう。,①魅力（例：彼女の魅力｜她的魅力。）②吸引力（例：魅力的な人｜有吸引力的人。）,隐藏考点
頑張る,がんばる,動詞,加油,勉強を頑張る / 仕事を頑張る / 試合を頑張る,16,真题,否,仕事も精一杯頑張ればそれだけ充実感を得ることができる。 / 良く頑張った、精一杯やったと心から思えることが大切なのではないでしょうか。,①努力（例：頑張って勉強する｜努力学习。）②坚持（例：最後まで頑張る｜坚持到最后。）,隐藏考点
ツアー,つあー,名詞,旅游,ツアーに参加する / ツアーを計画する / ツアーが人気,16,真题,否,別館見学ツアーに参加する。 / もう少し値段の質素なツアーはありませんか,①旅行团（楽しいツアーです｜这是个有趣的旅行团。）②观光行程（ツアーに参加します｜参加观光行程。）,隐藏考点
観察,かんさつ,名詞,观察,観察を行う / 観察が重要 / 観察に基づく,16,真题,否,威嚇することが観察されます。 / (野外活動研究会『目からウロコの日常物観察,①观察（星を観察する｜观察星星。）②监视（動物を観察する｜观察动物。）,隐藏考点
観光,かんこう,名詞,观光,観光に行く / 観光を楽しむ / 観光名所,16,真题,否,このページは、 観光客のための案内である。 / 京都市内の観光案内所、駅、ホテルなどで買える。,①观光旅游（観光地を訪れる｜访问观光地。）②游览（観光を楽しむ｜享受游览。）,隐藏考点
アルバイト,あるばいと,名詞,兼职,アルバイトをする / アルバイトが多い / アルバイトで稼ぐ,16,真题,否,アルバイト先の友達に譲る / 日中はアルバイトに行っています。,①兼职工作（アルバイトをしています｜我在做兼职。）②临时工（学生のアルバイト｜学生的临时工。）,隐藏考点
週間,しゅうかん,名詞,周,週間に一度 / 週間が経つ / 週間の予定,16,真题,否,買ってまだ一週間なのに、さっさと壊れた。 / お届け 発売日1週間前にご希望の送付先(国内に限る)へお届けします。,①一周（今週は忙しい｜这周很忙。）②周（毎週間の予定｜每周的计划。）,隐藏考点
中止,ちゅうし,名詞,中止,中止になる / 中止の理由 / 中止を決定する,16,真题,否,つぎのような場合はすぐに使用を中止し、点検をご依頼ください。 / 楽しみにしていたパーティーなのに、中止なんて本当にものたりない。,①停止（イベントが中止された｜活动被取消了。）②取消（計画を中止する｜取消计划。）,隐藏考点
飛行,ひこう,名詞,飞行,飛行が始まる / 飛行中に / 飛行を楽しむ,16,真题,否,を聞いた。 / 満員で乗れず、結局、飛行機に間に合わなかった。,①飞行（飛行機の飛行｜飞机飞行。）②飞翔（鳥が飛行する｜鸟在飞翔。）,隐藏考点
習慣,しゅうかん,名詞,习惯,習慣がある / 習慣を変える / 習慣にする,16,真题,否,と内藤さん。 / 毎日勉強することを習慣づける。,①习惯（良い習慣を持つ｜拥有好习惯。）②惯例（毎日の習慣｜每天的习惯。）,隐藏考点
植物,しょくぶつ,名詞,植物,植物が育つ / 植物に水をやる / 植物を観察する,16,真题,否,鉢に植えた植物に水をやるのを忘れていたら、花がさびてしまった。 / 昼は明るく、夜は暗いという自然のリズムがくずれ、 植物や動物に大きな影響を与えて,①植物（庭に植物がある｜院子里有植物。）②草木（植物を育てる｜种植植物。）,隐藏考点
好む,このむ,動詞,喜欢,音楽を好む / 生活スタイルを好む / 自然を好む,16,真题,否,(注3) 好むと好まざるにかかわらず: 好むか好まないかに関係なく / (注3)好むと好まざるにかかわらず、社会を維持するために (注4)秩序が必要であり、 その結果、,①喜欢（彼は音楽を好む｜他喜欢音乐。）②偏爱（甘いものを好む｜偏爱甜食。）,隐藏考点
ポスター,ぽすたー,名詞,海报,ポスターを貼る / ポスターが目立つ / ポスターを作る,16,真题,否,ポスターを貼る場所を増やす / 駅にはられていた「大人のピアノ教室」,①海报（映画のポスター｜电影海报。）②宣传画（イベントのポスター｜活动宣传画。）,隐藏考点
すし,すし,名詞,寿司,すしを食べる / すしが好き / すしを作る,16,真题,否,回転ずしで1回に食べる量の平均は一人約 10 皿だという。 / 前を通り過ぎるおいしそうなすしを見ていると、 どれも食べたくなる。,①寿司（お寿司が好きです｜我喜欢寿司。）,隐藏考点
定期,ていき,名詞,定期,定期を購入する / 定期が必要 / 定期を使う,16,真题,否,定期購入をされているお客様には、この商 / コーヒー豆を定期購入されているお客様、お得な割引フェアについてご案内いたします。,①定期（定期券を買う｜买定期票。）②定期的（定期的に会議がある｜定期开会。）,隐藏考点
機能,きのう,名·自サ,功能,機能を果たす（发挥机能）,15,两者,是,商品の機能や味を重視しなくなった。 / いずれ装置が完全に機能すれば、地球から新たに水を運ぶ,①功能（この機能は便利です｜这个功能很方便。）②机能（新しい機能が追加された｜新增功能。）,黄金词
実施,じっし,名·他サ,实施,計画を実施する / 政策を実施する / 実験を実施する,15,两者,是,アンケート実施についてのお願い / 大手ハンバーガー店が今月16日から実施するのは次のどれか。,①实施（計画を実施する｜实施计划。）②执行（実施が決定された｜决定执行。）,黄金词
修正,しゅうせい,名·他サ,修正,内容を修正する / 計画を修正する / 誤りを修正する,15,两者,是,ことであると考えることによって、 解決 / この場合、運動技術の修正は、 「運動の神経回路を修正する」,①修正（文書を修正する｜修正文件。）②修改（修正が必要です｜需要修改。）,黄金词
地域,ちいき,名,地方,地域に住む / 地域の特産品 / 地域が発展する,15,两者,是,この地域で作成された果物はとてもおいしい。 / 以下は、自分の仕事として、さまざまな地域の課題に住民とともに取り組んでいる人が書いた文章で,①地区（この地域は静かです｜这个地区很安静。）②区域（地域の特性｜区域特性。）,黄金词
募集,ぼしゅう,名·他サ,募集,会員を募集する（招募会员）,15,两者,是,習学生小論文コンテストの募集案内である。 / 大西病院では、現在事務職員を募集しています。,①招募（新しいメンバーを募集する｜招募新成员。）②征集（意見を募集します｜征集意见。）,黄金词
あらゆる,あらゆる,连体,所有，一切,あらゆる問題（所有问题）,15,两者,是,そして、書物を越えて、 私たちは世の中のあらゆるできごとについて / 空気や水と同じように、土地も家も道具も、あらゆる諸物は世の中から預かって、生きている間だけ借,①各种各样（あらゆる問題がある｜各种问题。）,黄金词
むしろ,むしろ,副,与其，不如,むしろ良いと思う / むしろ効果的だ / むしろ困る,15,两者,是,むしろ「人間問題」 / むしろものをもたないほうと思っている,①反而（むしろ楽しいです｜反而很有趣。）②倒不如（むしろ行きたい｜倒不如去。）,黄金词
ひく,ひく,動詞,拉,ピアノをひく / ギターをひく / 注意をひく,15,真题,否,母は「風邪をひかないのは、 / 季節のきっかけは風邪をひきやすい。,①拉、引（例：車をひく｜拉车。）②吸（例：タバコをひく｜吸烟。）,隐藏考点
近い,ちかい,形容詞,近,近い場所に / 近い距離で / 近い友達,15,真题,否,テストが近いので、深刻に勉強した。 / ①いつしか身につけたことのひとつの例として近いものはどれか。,①近、靠近（例：駅が近い｜车站很近。）②亲密（例：友達が近い｜朋友很亲密。）,隐藏考点
暑い,あつい,形容詞,热,暑い日が続く / 暑い時期に / 暑い気候,15,真题,否,もう秋になるの、今日の暑さは / その国も今の時期はそうとう暑いだろう。,①热、炎热（例：今日は暑い｜今天很热。）②热情（例：暑いおもてなし｜热情款待。）,隐藏考点
用意,ようい,名詞,准备,用意をする / 用意が整う / 用意が必要,15,真题,否,資料の用意をしていないから / けんこうしんだん書を用意する,①准备、预备（例：用意ができた｜准备好了。）②安排、布置（例：食事の用意｜安排餐食。）,隐藏考点
たつ,たつ,動詞,立,役にたつ / 時間がたつ / 計画がたつ,15,真题,否,きれいな眺めに注目して、時間がたつのを忘れた。 / A:一度電源を切り、1分くらい経ってからまたつけてみてください。,①立、站立（例：立ってください｜请站起来。）②经过、流逝（例：時間がたつ｜时间流逝。）,隐藏考点
心理,しんり,名詞,心理,心理を学ぶ / 心理が影響する / 心理に興味がある,15,真题,否,(村田夏子『読書の心理学 読書で開く心の世界への扉』 による) / 鈴木花子 (心理カウンセラー 『社会人のコミュニケーション』 秋川出版 著者),①心理、心态（例：心理的な問題｜心理问题。）②心理学（例：心理を学ぶ｜学习心理学。）,隐藏考点
売り上げ,うりあげ,名詞,销售,売り上げが増える / 売り上げを伸ばす / 売り上げを報告する,15,真题,否,は、おかげさまで順調に売り上げを伸ばして / 昨日夏に販売を開始いたしました商品「エネルギーZ」,①销售额（例：売り上げが増えた｜销售额增加。）②营业收入（例：売り上げが好調｜营业收入良好。）,隐藏考点
あたる,あたる,動詞,碰,日光にあたる / 問題にあたる / 担当にあたる,15,真题,否,という公害に / 都会で星が見えないのは、夜の街の照明が空気中のちりなどに当たって起こる「光害」,①碰、撞（例：ボールがあたる｜球碰到了。）②命中、击中（例：予想があたる｜预测正确了。）,隐藏考点
渡す,わたす,動詞,交,荷物を渡す / 書類を渡す / チケットを渡す,15,真题,否,販売店が、 お客様にアンケート用紙を渡すことに協力する。 / 以下は、ある会社が新商品の発表会で来場者に渡した案内である。,①交给、递（例：手紙を渡す｜递信。）②转交、传递（例：荷物を渡す｜转交行李。）,隐藏考点
離れる,はなれる,動詞,离开,家族と離れる / 職場を離れる / 故郷を離れる,15,真题,否,そんな職業意識をはなれても、 市場はおもしろい。 / Aは滞在中の発見を重視し、Bは日常から離れられる場所を選ぶことを重視している。,①离开、分开（例：家から離れる｜离开家。）②疏远、远离（例：心が離れる｜心疏远了。）,隐藏考点
本来,ほんらい,名詞,本来,本来の目的 / 本来の姿 / 本来の考え,15,真题,否,(中略)「ほめる教育」 / (注2)神髄:中心となる本来の性質,①本来，原本（本来の目的は何ですか？｜原本的目的是什么？）②实际上，实际上（本来はそうではない。｜实际上不是那样。）,隐藏考点
方向,ほうこう,名詞,方向,方向を決める / 方向が変わる / 方向を示す,15,真题,否,相手自身が望む方向へ向かうようにする行為である。 / 僕も人類の一人として、この地球がよりよい方向に進み、 幸福な未来へ,①方向，方位（北の方向に進む。｜向北走。）②趋势，倾向（新しい方向に進む。｜朝新的方向前进。）,隐藏考点
話題,わだい,名詞,话题,話題になる / 話題を提供する / 話題が豊富,15,真题,否,岡田さんを話題の映画にさそった。 / 静かに自分の話をしながら次の話題に移るのを待つこと,①话题，议题（この話題は面白い。｜这个话题很有趣。）②谈论，讨论（話題に上ることが多い。｜经常被讨论的话题。）,隐藏考点
人口,じんこう,名詞,人口,人口が増える / 人口が減る / 人口に関するデータ,15,真题,否,今回の国際会議では人口問題が議論の焦点になった。 / 高齢者人口の増加が原因でしょうが、 新聞を読む人の総数,①人口，居民（この国の人口は多い。｜这个国家人口很多。）②人群，人数（人口が増えている。｜人口在增加。）,隐藏考点
減る,へる,動詞,减少,人口が減る / 数が減る / コストが減る,15,真题,否,再利用でごみが減り、環境にもいい。 / 活字が大きくなって情報が少しだけ減ったこと,①减少，减小（人数が減る。｜人数减少了。）②降低，减轻（体重が減る。｜体重减轻了。）,隐藏考点
近く,ちかく,名詞,附近,近くにある / 近くの店 / 近くで遊ぶ,15,真题,否,ドアの近くの人が動かなかったから / 近くの公園でドラマのさつえいが行われた。,①附近，周围（近くに公園があります。｜附近有公园。）②不久，快要（近く会議があります。｜不久会有会议。）,隐藏考点
読者,どくしゃ,名詞,读者,読者が増える / 読者に向けて / 読者の意見,15,真题,否,小さい文字が読みにくい高齢の読者が多くなったこと / 以前の紙面は高齢の読者のニーズに十分こたえていなかった。,①读者，阅读者（この本の読者は多い。｜这本书的读者很多。）②观众，听众（雑誌の読者が増えた。｜杂志的读者增加了。）,隐藏考点
以前,いぜん,名詞,以前,以前に行った / 以前の経験 / 以前の話,15,真题,否,以前の紙面は活字の大きさを内容ほど重視していなかった。 / 以前の紙面は高齢の読者のニーズに十分こたえていなかった。,①以前，过去（以前はよく行った。｜以前常去。）②之前，先前（以前の話をしましょう。｜说说之前的事。）,隐藏考点
詳しい,くわしい,形容詞,详细,詳しい説明 / 詳しい情報 / 詳しい内容,15,真题,否,詳しくはホームページをご覧ください。 / 以前の紙面は読者が納得できるほど詳しく説明していなかった。,①详细，具体（詳しい説明が必要です。｜需要详细说明。）②精通，熟悉（彼は詳しい知識がある。｜他很熟悉这方面的知识。）,隐藏考点
職業,しょくぎょう,名詞,职业,職業を選ぶ / 職業に就く / 職業が多様,15,真题,否,を求めているのではないだろうか。 / 職業選択における自分だけの (注3) 「必然」,①职业，工作（彼の職業は教師です。｜他的职业是教师。）②行业，领域（医療の職業に就く。｜从事医疗行业。）,隐藏考点
全部,ぜんぶ,名詞,全部,全部を集める / 全部が揃う / 全部を確認する,15,真题,否,全部をやろうとすることは、すべてがうまく運べないこ / 一人で全部食べないで、私の分も保っておいてください。,①所有的事物（例：全部を見せてください｜请把全部都给我看。）②整体（例：全部が揃った｜全部都齐了。）,隐藏考点
著者,ちょしゃ,名詞,作者,著者が書く / 著者の意図 / 著者にインタビューする,15,真题,否,言葉を使っているというのもポイントで、著者の思考をなぞることができてしまう。 / 鈴木花子 (心理カウンセラー 『社会人のコミュニケーション』 秋川出版 著者),①书籍的作者（例：著者の名前｜作者的名字。）②创作人（例：著者の意図｜作者的意图。）,隐藏考点
女性,じょせい,名詞,女性,女性が多い / 女性に人気 / 女性の意見,15,真题,否,日本では、これまでは 「鉄」 / といえば男性だと思われていたが、近年は女性,①女性性别（例：女性が多い｜女性很多。）②女性的特征（例：女性らしい｜女性特征。）,隐藏考点
学習,がくしゅう,名詞,学习,学習を続ける / 学習が大切 / 学習の方法,15,真题,否,河山市外の自宅で学習塾を開いている 46歳の女性 / 初めに単語や文法を教えておく必要はないし、外国語の学習も可能というこ,①学习知识（例：学習が大切｜学习很重要。）②掌握技能（例：学習する時間｜学习的时间。）,隐藏考点
住む,すむ,動詞,居住,都市に住む / 海外に住む / アパートに住む,15,真题,否,今住んでいるところから通えるから / もちろん長く住める家がいいですよね。,①居住于某地（例：東京に住む｜住在东京。）②生活（例：ここに住んでいます｜我住在这里。）,隐藏考点
保つ,たもつ,動詞,保持,バランスを保つ / 関係を保つ / 健康を保つ,15,真题,否,山田さんは、いつも約束の時間を保つ人です。 / 一人で全部食べないで、私の分も保っておいてください。,①保持状态（例：健康を保つ｜保持健康。）②维持（例：平和を保つ｜维持和平。）,隐藏考点
互い,たがい,名詞,互相,互いに助け合う / 互いに理解する / 互いの意見,15,真题,否,お互い感情的になっていると、 / (注3)相反する:互いに対立する,①彼此（例：互いに助け合う｜互相帮助。）②相互（例：互いの理解｜相互理解。）,隐藏考点
一定,いってい,名詞,一定,一定の時間 / 一定の条件 / 一定の基準,15,真题,否,この 「抗体」 / が蓄積されて一定,①固定不变（例：一定のルール｜固定的规则。）②某种程度（例：一定の時間｜一定的时间。）,隐藏考点
楽,らく,名詞,乐,楽をする / 楽がある / 楽を求める,15,真题,否,会社勤めの生活は楽だった。 / 楽しくはないが、楽だった。,①轻松愉快（例：楽な仕事｜轻松的工作。）②音乐（例：楽しい音楽｜愉快的音乐。）,隐藏考点
同時,どうじ,名詞,同时,同時に行う / 同時に発生する / 同時に進める,15,真题,否,すべての商品を同時に発送できるように努力している / 新制度で育児中の女性社員の負担を軽減すると同時に、男性社員の育児参加を促す。,①同时发生（例：同時に行う｜同时进行。）②并行（例：同時に進む｜并行推进。）,隐藏考点
相談,そうだん,名詞,咨询,相談を受ける / 相談がある / 相談に乗る,15,真题,否,経験ほうふな相談員を募集する / 個別相談の申し込みをしたうえで、 13:00に7号館の2階202に行く。,①商量、讨论（例：友達と相談する｜和朋友商量。）②请教、咨询（例：先生に相談した｜请教老师。）,隐藏考点
ちょう,ちょう,接尾辞,超,ちょう高い / ちょう面白い / ちょう大きい,15,真题,否,この計画はじゅんちょうに進んでいる。 / ハトは平和のしょうちょうだと言われている。,①调、调子（例：音のちょうがいい｜音调很好。）②超、超过（例：ちょうすごい｜超厉害。）,隐藏考点
調子,ちょうし,名詞,状态,調子が良い / 調子を整える / 調子が悪い,15,真题,否,(注6)絶好調の:非常に調子が良い / (注4)ノツている: ここでは、調子が良い,①状态、情况（例：調子がいい｜状态很好。）②音调、音色（例：調子を合わせる｜调整音调。）,隐藏考点
問い合わせる,といあわせる,動詞,询问,サービスを問い合わせる / 詳細を問い合わせる,15,真题,否,街で知らない人に道を問い合わせられた。 / ご質問はこの電話番号にお問い合わせください。,询问、咨询（例：会社に問い合わせる｜向公司询问。）,隐藏考点
日々,ひび,名詞,日常,日々の生活 / 日々の活動 / 日々の仕事,15,真题,否,だった。 / そうすることで、日々の慌しい生活を忘,每天、日常（例：日々の生活｜日常生活。）,隐藏考点
低い,ひくい,形容詞,低,低い声で / 低い位置に / 低い温度,15,真题,否,だった。 / (注1) 希薄でも: ここでは、低くても,低、矮（例：声が低い｜声音低。）,隐藏考点
音,おと,名詞,声音,音がする / 音を聞く / 音が大きい,15,真题,否,ドアの音が大きかったから / テレビの音が大きかったから,声音、音响（例：音が聞こえる｜能听到声音。）,隐藏考点
複数,ふくすう,名詞,多个,複数の選択肢 / 複数の人 / 複数の問題,15,真题,否,複数の大学が合同でスポーツ大会を行った。 / ゾウの世話を複数で行う場合、 ゾウは人に (注1)序列をつけます。,复数、多数（例：複数の選択肢｜多个选择。）,隐藏考点
費用,ひよう,名詞,费用,費用がかかる / 費用を抑える / 費用を計算する,15,真题,否,保証の分野を超えた修理に関しては、費用がかかります。 / 磨くことで輝きを出すことは可能だったが、特別な技術が必要で、手間も費用もか,费用、开支（例：費用がかかる｜需要费用。）,隐藏考点
任せる,まかせる,動詞,委托,仕事を任せる / 計画を任せる / 選択を任せる,15,真题,否,人で任せてはいけません。 / ウソの世話を経験の乏しい新人一人に任せられない理由はなぜか,委托、托付（例：仕事を任せる｜委托工作。）,隐藏考点
設定,せってい,名詞,设置,設定を変更する / 設定が必要 / 設定を確認する,15,真题,否,相手に引き渡す期限が設定されている場合 / あそこまで走りなさい、というルールがあらかじめ設定されているからだ。,①设定，配置（例：設定を変更する｜更改设置。）②设想，设定（例：設定を考える｜考虑设定。）,隐藏考点
退屈,たいくつ,名詞,无聊,退屈を感じる / 退屈な時間 / 退屈を解消する,15,真题,否,まちがいなく、 退屈するようになるでしょう。 / ところが、わたしによって、歩きなれた道は退屈で,①无聊，乏味（例：退屈な時間｜无聊的时间。）②无趣，单调（例：退屈な映画｜无趣的电影。）,隐藏考点
古い,ふるい,形容詞,旧,古い本 / 古い友達 / 古い習慣,15,真题,否,とある。 / 日本の古いことわざにも、「言葉は(注2)心の使い」,①旧的，古老（例：古い家｜旧房子。）②过时的，陈旧（例：古い考え｜过时的想法。）,隐藏考点
最,さい,名詞,最,最初に行う / 最後の瞬間 / 最も重要,15,真题,否,下の問いに対する答えとして最 / 最優秀賞(1名: 賞状および図書券3万円分),①最，最好的（例：最初の人｜第一个人。）②最，极限（例：最速の車｜最快的车。）,隐藏考点
精神,せいしん,名詞,精神,精神が安定する / 精神的な支え / 精神を鍛える,15,真题,否,精神的な 『若者』とはどういう人か。 / それが知的な(注2) 虚栄心というもので、これがなくなったら精神的な『老人』,①精神，心灵（例：精神的な支え｜精神支持。）②精神，意志（例：精神を強く持つ｜要有强大的意志。）,隐藏考点
登山,とざん,名詞,登山,登山を楽しむ / 登山に行く / 登山の計画,15,真题,否,A「次の登山、大山に登るのはどう? / 登山や魚釣りという人もいるだろう。,①登山，爬山（例：登山を楽しむ｜享受登山。）②登山，攀登（例：登山に行く｜去登山。）,隐藏考点
発達,はったつ,名詞,发展,発達が早い / 発達を促す / 発達に関する研究,15,真题,否,(注2) 進化: 生物が発達によって長い間に変化すること / 交通機関が発達することで、人々の移動できる範囲は確実に広がっている。,①发展，成长（例：発達が早い｜发展很快。）②发达，进步（例：発達した国｜发达国家。）,隐藏考点
式,しき,名詞,式,式を行う / 式がある / 式に参加する,15,真题,否,とする。 / 結婚式の後のパーティーには手軽な服装で来てください。,①形式，方式（例：式を行う｜进行仪式。）②仪式，典礼（例：結婚式｜婚礼。）,隐藏考点
迷う,まよう,動詞,迷,選択に迷う / 方向に迷う / 判断に迷う,15,真题,否,つらいと思ったら迷わず逃げても構わない。 / 迷いながらも複雑に絡みあった要素をうまく切り捨てていくこと,①迷路，困惑（例：道に迷う｜迷路了。）②犹豫，踌躇（例：選択に迷う｜在选择上犹豫。）,隐藏考点
明るい,あかるい,形容詞,明亮,明るい未来 / 明るい色 / 明るい性格,15,真题,否,照明の登場で夜も明るくなり、人々の生活は安全 / そのため、光源の色や明るさが太陽の色とは変わって,①明亮，光明（例：明るい部屋｜明亮的房间。）②开朗，乐观（例：明るい性格｜性格开朗。）,隐藏考点
計画,けいかく,名詞,计划,計画を立てる / 計画が進む / 計画を実行する,15,真题,否,伺い、計画に反映させたいと考えております。 / るだろうし、計画していなかった出来事に出会えるかもしれない。,①计划（例：計画を立てる｜制定计划。）②规划（例：新しい計画｜新计划）,隐藏考点
各課,かくか,名詞,各科,各課で学ぶ / 各課の内容 / 各課の試験,15,真题,否,管理も各課でお願いいたします。 / しかし、事務作業を簡略化するため、 8月より各課で直接注文していただくことになりま,①各科（例：各課の授業｜各科的课程）②各部门（例：各課の連携｜各部门的合作）,隐藏考点
指示,しじ,名詞,指示,指示を出す / 指示に従う / 指示がある,15,真题,否,会社の上司の指示にも「なんで? / 指示された文字数に足りていないから,①指示（例：指示を出す｜发出指示）②指导（例：指示を受ける｜接受指导）,隐藏考点
面接,めんせつ,名詞,面试,面接を受ける / 面接に行く / 面接がある,15,真题,否,面接で自分を語るということは②自分自身を見出しにするということです。 / 面接の準備をする作業は自分自身を見つめ直すいいきっかけになると私は思います。,①面试（例：面接を受ける｜参加面试）②会面（例：面接の時間｜面试时间）,隐藏考点
汗腺,かんせん,名詞,汗腺,汗腺が働く / 汗腺を刺激する / 汗腺の機能,15,真题,否,そして多くの汗腺が活発に働いていれば、蒸発しやすいさらさらした汗が作られ、体温調節がス / 汗は汗腺によって作られるが、この汗腺は汗を作るだけだはなく、汗を体外に出す働きも持ってい,①汗腺（例：汗腺が働く｜汗腺在工作）,隐藏考点
鉛筆,えんぴつ,名詞,铅笔,鉛筆を使う / 鉛筆で書く / 鉛筆が折れる,15,真题,否,「鉛筆でかいたのになぜ消えないの。 / この鉛筆はもう縮んでいて、 ちょっと書きづらい。,①铅笔（例：鉛筆で書く｜用铅笔写）,隐藏考点
物語,ものがたり,名詞,故事,物語を読む / 物語がある / 物語を書く,15,真题,否,小さいころから物語の感想を話せる / で物語を追っていくというやり方で、絵本を見ていくことです。,①故事（例：物語を読む｜阅读故事）②传说（例：古い物語｜古老的传说）,隐藏考点
落語,らくご,名詞,落语,落語を聞く / 落語が好き / 落語をする,15,真题,否,だった。 / 落語は日本の伝統的な芸能,①落语（例：落語を聞く｜听落语）,隐藏考点
改善,かいぜん,名·他サ,改善，改进,状況を改善する / 品質を改善する / 問題を改善する,14,两者,是,誰でもできる運動なのに、なぜその改善が難しいのだろう。 / 教えられたように走るフォームを改善することが簡単ではないからだ。,①改善（例：改善が必要｜需要改善）②改进（例：改善策を考える｜考虑改进方案）,黄金词
過去,かこ,名,过去，既往,過去を振り返る / 過去がある / 過去の出来事,14,两者,是,ただ、過去を振り返って、 『ああ、だいたいあ / 今回のマラソン大会は、過去最大の規模で行われた。,①过去（例：過去を振り返る｜回顾过去）②历史（例：過去の出来事｜历史事件）,黄金词
基準,きじゅん,名,标准,基準を設ける / 基準に従う / 基準がある,14,两者,是,(注4)規格 ( きかく): 基準 / (注2)ハードル: ここでは、基準,①标准，准则（評価の基準です｜评价标准）②依据，依据（基準に従って｜按照标准）,黄金词
実験,じっけん,名·他サ,实验,実験を行う / 実験に参加する / 実験の結果を確認する,14,两者,是,変わるかを調べる実験を行ったことがあります。 / 実験や酸素を作るときには地球から運ばれた水が使用される。,①实验，试验（科学の実験｜科学实验）,黄金词
人材,じんざい,名,人才,人材を育成する / 人材が必要 / 人材を採用する,14,两者,是,かもその人材の育成には時間がかかる。 / だからこそ、いつの時代でも、どの組織でも、優秀な人材の獲得に (注3)躍起,①人才，优秀的人（優れた人材｜优秀的人才）②人力资源（人材を育成する｜培养人力资源）,黄金词
取り上げる,とりあげる,他下一,拿起；提出,受話器 [じゅわき] を取り上げる（拿起听筒）,14,两者,是,が取り上げられます。 / と言っていいのだろうか。,①提起，提出（問題を取り上げる｜提出问题）②采纳，接受（意見を取り上げる｜采纳意见）,黄金词
なお,なお,副·接续,依然；更,なお続ける / なお確認する / なお重要だ,14,两者,是,は、 ご連絡があるまでお預かります。 / なお、本日届きました 「日本語の友 初級」,①此外，另外（なお、注意してください｜另外，请注意）②仍然，依然（なお、問題は解決していない｜问题仍未解决）,黄金词
一人一人,ひとりひとり,副,每人，各自,一人一人確認する / 一人一人大切にする / 一人一人違う,14,两者,是,人間一人一人が持つ情報量はコンピュータの持つ情報量を到底超えることができない。 / 人間一人一人が持つ記憶力は情報量の豊富なコンピュータを利用することでさらに生かせる。,①每个人，各个（参加者は一人一人｜每位参与者）,黄金词
様子,ようす,名詞,样子,様子を見る / 様子が変わる / 様子を伝える,14,真题,否,(注5)堂々と: 自信のある様子で / あの選手の練習の様子を取材したときは、とても緊張しました。,①样子，状态（様子を見て｜观察状态）②情形，情况（様子がおかしい｜情况不对劲）,隐藏考点
気分,きぶん,名詞,心情,気分がいい / 気分を変える / 気分が悪い,14,真题,否,暑さのせいで、 気分が悪くなる人が続出した。 / 私たちが森林に入るとリラックスした気分になるのは、このためだ。,①心情，情绪（気分がいい｜心情很好）②状态，感觉（気分が悪い｜感觉不好）,隐藏考点
どんどん,どんどん,副詞,不断,どんどん増える / どんどん進める / どんどん良くなる,14,真题,否,①時間がどんどん加速されているとはどういうことか。 / 現代は、 ①時間がどんどん加速されているとも言われます。,①不断，逐渐（どんどん進む｜不断前进）②迅速，飞快（どんどん増える｜迅速增加）,隐藏考点
世話,せわ,名詞,照顾,世話をする / 世話になる / 世話が焼ける,14,真题,否,いつもお世話になっております。 / ゾウの世話を複数で行う場合、 ゾウは人に (注1)序列をつけます。,①照顾，关照（子供の世話をする｜照顾孩子）②帮助，援助（世話になりました｜谢谢你的帮助）,隐藏考点
及び,および,接続詞,以及,A及びB / A及びC / A及びD,14,真题,否,最優秀賞(1名: 賞状および図書券3万円分) / つきましては、本製品をお買い上げのお客様へのアンケート用紙の配布及びご協力の呼びかけをお願,①和、与（A及びB｜A和B）,隐藏考点
キロ,きろ,名詞,公里,キロを測る / キロが必要 / キロを超える,14,真题,否,家から駅までの範囲は2キロぐらいだ。 / A「もう無理だよ、 私には5キロなんて走れないよ。,①公里（10キロ走った｜跑了10公里）,隐藏考点
新た,あらた,形状詞,新的,新たな挑戦 / 新たな発見 / 新たに始める,14,真题,否,そこで人は新たな刺激、つまり日常に存在し / いずれ装置が完全に機能すれば、地球から新たに水を運ぶ,①新的（新たな挑戦｜新的挑战）,隐藏考点
運転,うんてん,名詞,驾驶,運転をする / 運転が上手 / 運転中,14,真题,否,会話の技術は、 運転技術とよく似ています。 / ボーッと運転をしていると、事故を起こしかねません。,①驾驶（車を運転する｜驾驶汽车）,隐藏考点
起こす,おこす,動詞,引起,問題を起こす / 変化を起こす / 革命を起こす,14,真题,否,(注1) クラッシュする: 衝突事故を起こす / ボーッと運転をしていると、事故を起こしかねません。,①引起（問題を起こす｜引起问题）②唤醒（子供を起こす｜叫醒孩子）,隐藏考点
グループ,ぐるーぷ,名詞,小组,グループに参加する / グループができる / グループで活動する,14,真题,否,この二つの会社は、同じ企業グループにぞくしている / 自分の話を聞いてもらいながらグループの話も聞くこと,①小组（グループで活動する｜小组活动）,隐藏考点
欠点,けってん,名詞,缺点,欠点を直す / 欠点がある / 欠点を認める,14,真题,否,のは、絵本としては、②大きな欠点です。 / その仲間についての話を大まかに言えば、 性格に欠点を持つ人間だったが、そのために面白い,①缺点（欠点を改善する｜改善缺点）,隐藏考点
つかむ,つかむ,動詞,抓住,チャンスをつかむ / 機会をつかむ / 感覚をつかむ,14,真题,否,(注2) 要点を抑える: 要点をつかむ / しかも口でその食べ物をつかむことが必要ですから、顔の,①抓住（チャンスをつかむ｜抓住机会）,隐藏考点
字,じ,名詞,字,字を書く / 字がきれい / 字を読む,14,真题,否,前の講義といえば、一字一句ノートするのは常識であった。 / 字を書いていると、そちらに気を取られて、 (注7) 内容がおるすになりやすい。,①字（漢字の字｜汉字）,隐藏考点
ゆっくり,ゆっくり,副詞,慢慢,ゆっくり話す / ゆっくり考える / ゆっくり進む,14,真题,否,句一句、ゆっくり話したものだ。 / ゆっくり花を見たり音楽を楽しんだりする、そんな,①慢慢地（ゆっくり話す｜慢慢说）,隐藏考点
仕組み,しくみ,名詞,结构,仕組みを理解する / 仕組みが複雑 / 仕組みを説明する,14,真题,否,そのためには 「努力」 / (注1)神経回路 (かいろ): ここでは、 神経をつなぐ仕組み,①结构，机制（この仕組みは複雑だ｜这个结构很复杂）②安排，组织（新しい仕組みを作る｜建立新机制）,隐藏考点
成績,せいせき,名詞,成绩,成績が良い / 成績を上げる / 成績が悪い,14,真题,否,午後1時ごろの方が午前10時ごろより成績がよい。 / (注1) ガリ勉 : 成績を上げるために勉強ばかりする様子,①成绩，分数（彼の成績は良い｜他的成绩很好）②业绩，表现（成績が上がった｜成绩提高了）,隐藏考点
出席,しゅっせき,名詞,出席,出席を取る / 出席が必要 / 出席する,14,真题,否,明日の会議に出席してください。 / 出席者に必要な情報を伝える義務はある。,①出席，参加（会議に出席する｜参加会议）②到场，出场（授業に出席する｜上课出席）,隐藏考点
厳しい,きびしい,形容詞,严格,厳しいルール / 厳しい指導 / 厳しい評価,14,真题,否,消費者にも「厳しい目」 / をきちんと持つことが求められる。,①严格，严厉（先生が厳しい｜老师很严格）②艰难，苛刻（競争が厳しい｜竞争很激烈）,隐藏考点
春,はる,名詞,春天,春が来る / 春を迎える / 春の訪れ,14,真题,否,春が訪れ、過ごしやすい季節になりました。 / 花粉症の人もそうではない人も、 春は過ごし方に少し 54。,①春天，春季（春が来た｜春天来了）②青春，年轻（春のような心｜年轻的心）,隐藏考点
代金,だいきん,名詞,费用,代金を支払う / 代金が必要 / 代金を確認する,14,真题,否,来場者カードに商品番号と届け先および希望日を記入して販売スタッフに渡した後、 代金を支払う。 / 通信販売などでは、 注文した商品が気に入らなければその代金を客に返金するという保証制度は一般的だが、,①费用，款项（代金を支払う｜支付费用）②价格，账款（代金が高い｜价格很高）,隐藏考点
カード,かーど,名詞,卡片,カードを使う / カードが届く / カードを作る,14,真题,否,来場者カードに商品番号と届け先および希望日を記入して販売スタッフに渡した後、 代金を支払う。 / 来場者カードに商品番号と配達希望日を記入して販売スタッフに渡し、 商品が自宅に届いたときに代金を支払う。,①卡片，证件（名刺カード｜名片）②信用卡（クレジットカード｜信用卡）,隐藏考点
証,あかし,接尾辞,证据,証を示す / 証が必要 / 証を提出する,14,真题,否,「大人」 / けがをしたときのために健康保険証を持参する。,①证据，证明（証を見せる｜出示证据）②证书，凭证（卒業証｜毕业证书）,隐藏考点
驚く,おどろく,動詞,惊讶,結果に驚く / 変化に驚く / 発見に驚く,14,真题,否,思っていたので、良いストレスもあると知って驚いた。 / ずっと一人で生きてきた後で、集団に入ってみると、その居心地の良さ、 安楽さに驚くのである。,①惊讶，吃惊（彼に驚く｜我很惊讶）②感到意外（結果に驚いた｜对结果感到意外）,隐藏考点
短い,みじかい,形容詞,短的,短い時間 / 短い文章 / 短い距離,14,真题,否,しなければならないことが多くて時間が短く感じられる。 / 何かに夢中になっていると一日の時間が短く感じられる。,①短，短暂（この映画は短い｜这部电影很短）②简短，简洁（短い説明｜简短的说明）,隐藏考点
片付ける,かたづける,動詞,整理,部屋を片付ける / 荷物を片付ける / 仕事を片付ける,14,真题,否,と、またしかられる / れるなら、どうして普段から片付けないの」,①整理、收拾（部屋を片付ける｜整理房间）②解决、处理（問題を片付ける｜处理问题）,隐藏考点
途中,とちゅう,名詞,途中,途中で止まる / 途中にある / 途中まで行く,14,真题,否,途中でも質問を受けること / 第1部、第2部では、途中入場・退場をしないこと。,①途中、半路（途中で会う｜在路上遇见）②中途、未完成（途中でやめる｜中途停止）,隐藏考点
つもり,つもり,名詞,打算,つもりでいる / つもりがない / つもりを伝える,14,真题,否,今度は田中さんもしょうたいするつもりです。 / 自分に与えられた役割をしっかりはたすつもりだ。,①打算、计划（行くつもりです｜打算去）②认为、觉得（彼は来るつもりだ｜他打算来）,隐藏考点
部長,ぶちょう,名詞,部长,部長に相談する / 部長がいる / 部長を任命する,14,真题,否,部長が喜びそうなものを買っていく / 報告書の電子ファイルを部長に送る,①部门经理（営業部長｜销售部经理）②主任、负责人（プロジェクト部長｜项目负责人）,隐藏考点
寒い,さむい,形容詞,寒冷,寒い日 / 寒い季節 / 寒い場所,14,真题,否,「寒さに強い」 / 寒かったら、エアコンの温度を調節してください。,①冷、寒冷（今日は寒い｜今天很冷）②冷淡、冷漠（彼は寒い態度だ｜他态度冷淡）,隐藏考点
今年,ことし,名詞,今年,今年の目標 / 今年が始まる / 今年の出来事,14,真题,否,今年も卒業生を送り出した。 / 私の今年の方針は漢字を600 字覚えることだ。,①今年、当前年度（今年の目標｜今年的目标）,隐藏考点
座る,すわる,動詞,坐,椅子に座る / 席に座る / 前に座る,14,真题,否,入口でパンフレットを受け入れてから席にお座りください / わえるし、車と違って座っているだけで目的地に着けるのがいい」。,①坐、就座（椅子に座る｜坐在椅子上）,隐藏考点
レストラン,れすとらん,名詞,餐厅,レストランで食事する / レストランに行く / レストランが混んでいる,14,真题,否,の特徴は、他の「鉄」 / 市内のレストランでの食事が10%引きになる。,①餐厅、饭店（レストランで食事｜在餐厅用餐）,隐藏考点
長,ながい,名詞,长,長い時間 / 長い道 / 長い話,14,真题,否,新しい料理長を決めること / 不ぞろいな野菜は、むしろ手作り品を思わせる長,①长、长者（長い道｜长路）②领导、负责人（部長は長だ｜部门负责人）,隐藏考点
感覚,かんかく,名詞,感觉,感覚が鋭い / 感覚を研ぎ澄ます / 感覚が鈍い,14,真题,否,私たちの感覚は同じ刺激を受け続けていると、 その強 / 著しい場合には刺激の感覚が消失することもあり、こう,①感觉、感知（感覚が鋭い｜感觉敏锐）②意识、直觉（感覚でわかる｜凭直觉知道）,隐藏考点
箱,はこ,名詞,箱子,箱を開ける / 箱に入れる / 箱がある,14,真题,否,荷物が10箱以上あるのでな / 箱に入った未使用のヘアドライヤーと説明書,①箱子（本を箱に入れる｜把书放进箱子里）②盒子（お菓子の箱｜糖果盒）,隐藏考点
着く,つく,動詞,到达,目的地に着く / 駅に着く / 先に着く,14,真题,否,いので早く着くように送りたい。 / っさと着くので、もう少しそこで待っていてください。,①到达（駅に着く｜到达车站）②抵达（目的地に着く｜到达目的地）,隐藏考点
外国,がいこく,名詞,外国,外国に行く / 外国の文化 / 外国人と交流する,14,真题,否,一緒にに行く家族は外国での生活 / テレビで外国語教育についてのとうろんが行われた,①外国（外国に行く｜去外国）②异国（外国の文化｜外国文化）,隐藏考点
帰る,かえる,動詞,回家,家に帰る / 故郷に帰る / 早く帰る,14,真题,否,タクシーで帰る予定だから / 山田さんならとっくに帰りましたよ,①回家（家に帰る｜回家）②返回（学校に帰る｜返回学校）,隐藏考点
課長,かちょう,名詞,课长,課長に報告する / 課長がいる / 課長を任命する,14,真题,否,おみやげのこうほを課長に伝える / 課長「そうか、じゃ、 もう一度計算して出して」,①科长（課長に相談する｜咨询科长）②部门经理（課長の仕事｜科长的工作）,隐藏考点
飼い主,かいぬし,名詞,主人,飼い主がいる / 飼い主に頼む / 飼い主と一緒に,14,真题,否,イヌ社会の経験も飼い主による教育もないイヌ / イヌ社会での経験より飼い主の教育があったほうが、スムーズにできる。,①主人（犬の飼い主｜狗的主人）②饲养者（猫の飼い主｜猫的饲养者）,隐藏考点
公開,こうかい,名詞,公开,公開する / 公開がある / 公開の場,14,真题,否,調査結果は、後日ホームページ上で公開いたします。 / 水質調査結果について、ホームページで公開するので見てほしい,①公开（映画を公開する｜公开电影）②发布（情報を公開する｜发布信息）,隐藏考点
証明,しょうめい,名詞,证明,証明を求める / 証明が必要 / 証明を提出する,14,真题,否,提出する証明書などは不要で、申請すればよい。 / 休暇の理由を証明する診断書などを添えて申請する。,①证明（証明書を出す｜出证明书）②证据（証明が必要｜需要证据）,隐藏考点
妻,つま,名詞,妻子,妻がいる / 妻と一緒に / 妻に相談する,14,真题,否,妻を病院に連れていくから / 妻と猫と静かな生活を送りたい,①妻子（私の妻｜我的妻子）②配偶（彼の妻｜他的配偶）,隐藏考点
コーヒー,こーひー,名詞,咖啡,コーヒーを飲む / コーヒーが好き / コーヒーを淹れる,14,真题,否,電気ポットと一度だけ使用したコーヒーカップ / この会社は、このようにして得た広告掲載料を、 無料コピ,①咖啡（コーヒーを飲む｜喝咖啡）②咖啡饮料（コーヒーショップ｜咖啡店）,隐藏考点
ホテル,ほてる,名詞,酒店,ホテルに泊まる / ホテルがある / ホテルを予約する,14,真题,否,京都市内の観光案内所、駅、ホテルなどで買える。 / そのホテルは古いですが、部屋はとても清潔でしたよ。,①酒店（例：ここは新しいホテルです｜这里是新酒店）②旅馆（例：温泉ホテルに泊まる｜住温泉旅馆）,隐藏考点
飲み物,のみもの,名詞,饮料,飲み物を注文する / 飲み物が必要 / 飲み物を持参する,14,真题,否,A「あ、飲み物がなくなってしまいましたね。 / 強い日ざしに備え、帽子、タオル、飲み物などをご用意ください。,①饮料（例：飲み物を注文します｜点饮料）②饮品（例：冷たい飲み物が好き｜喜欢冷饮）,隐藏考点
熱,ねつ,名詞,热,熱がある / 熱を測る / 熱を下げる,14,真题,否,冷蔵庫の周囲に熱を逃すスペースがあ / 熱が下がるまで、冷静にしていたほうがいい。,①热度（例：熱があるかもしれない｜可能发热）②热情（例：熱を込めて話す｜热情地谈）,隐藏考点
掲載,けいさい,名詞,刊登,掲載される / 掲載を依頼する / 掲載が決まる,14,真题,否,様の感想なども掲載させていただく予定です。 / この会社は、このようにして得た広告掲載料を、 無料コピ,①刊登（例：記事が掲載された｜文章被刊登）②发布（例：広告を掲載する｜发布广告）,隐藏考点
名前,なまえ,名詞,名字,名前を呼ぶ / 名前がある / 名前を変更する,14,真题,否,ファイルにしりょうの名前を書く / (近江源太郎監修『色の名前』による),①名字（例：私の名前は田中です｜我的名字是田中）②名称（例：この名前は有名です｜这个名字很有名）,隐藏考点
言語,げんご,名詞,语言,言語を学ぶ / 言語が多様 / 言語を話す,14,真题,否,セミナーには心理学や言語学の分野から多数の専門家が参加した。 / (黑田龍之助『外国語の水曜日 学習法としての言語学入円』による),①语言（例：日本語は難しい｜日语很难）②言辞（例：言語を学ぶのが好き｜喜欢学语言）,隐藏考点
明確,めいかく,形状詞,明确,明確に説明する / 明確な方針 / 明確に伝える,14,真题,否,作者の意図が明確で素直に解釈できる作品 / ことは、事実なのか意見なのかを明確にするこ,①明确（例：明確な答えが必要です｜需要明确的答案）②清晰（例：明確に説明してください｜请清晰地解释）,隐藏考点
企画,きかく,名詞,计划,企画を立てる / 企画が進む / 企画を実行する,14,真题,否,を企画している。 / ある旅行会社は、 「大人の旅」,①计划（例：新しい企画を考えています｜在想新计划）②项目（例：企画が成功した｜项目成功了）,隐藏考点
回収,かいしゅう,名詞,回收,回収する / 回収が必要 / 回収を行う,14,真题,否,の回収・交換について / 三村株式会社製 「はさみ SB-A」,①回收（例：古紙を回収します｜回收旧纸）②收回（例：回収が完了しました｜回收完成）,隐藏考点
開催,かいさい,名·他サ,召开，举办,体育大会を 開催する（举办运动会）,13,两者,是,岸本小学校バザー開催に向けてのお願い / 昨年度も同じテーマでセミナーを開催し、 多くの方が参加されました。,①举办（例：イベントを開催します｜举办活动）②举行（例：会議を開催する｜举行会议）,黄金词
監督,かんとく,名·他サ,监督；导演,工事を監督する / 映画を監督する / 部下を監督する,13,两者,是,選手がかんとくの指示をよく聞いたから / た映画監督になっていたら、たしかに楽しいだろう。,①监督（彼はプロジェクトを監督している｜他在监督项目）②管理（監督者が必要です｜需要管理者）,黄金词
機関,きかん,名,机关，机构,機関がある / 機関に所属する / 機関を設立する,13,两者,是,*②~④でのご利用は、 交通機関の利用日と同じ日に限ります。 / 交通機関が発達することで、人々の移動できる範囲は確実に広がっている。,①机构（研究機関で働いています｜在研究机构工作）②机关（政府機関の役割｜政府机关的角色）,黄金词
検討,けんとう,名·他サ,讨论,問題を検討する / 方法を検討する / 可能性を検討する,13,两者,是,さんはA、B両社のどのプランを検討したらいいか。 / 検討項目は添付ファイルの通りですので、 ご確認ください。,①考虑（新しい提案を検討中です｜在考虑新提案）②研究（問題を検討する｜研究问题）,黄金词
差,さ,名,差，差别,差がある / 差を埋める / 差を感じる,13,两者,是,この昼と夜の価格差は一体、 何によるものなのだろうか。 / つくづく思いますけれど、会話ほど、個人のレベル差が大きいものはありません。,①差距（成績の差が大きい｜成绩差距大）②差异（意見の差がある｜意见有差异）,黄金词
参考,さんこう,名,参考,参考にする（作为参考，借鉴）,13,两者,是,文字数は4500~5000字で、 参考文献リストは文字数に含めません。 / ベストセラーになる小説は、とりあえず何かいいところがあって売れているのだから、読めば参考に,①参考（資料を参考にしてください｜请参考资料）②借鉴（他の例を参考にする｜参考其他例子）,黄金词
制限,せいげん,名·他サ,限制,時間を制限する / 使用を制限する / 量を制限する,13,两者,是,のままの自分」 / (注2) 制約する : 制限する,①限制（時間の制限があります｜有时间限制）②约束（利用制限がある｜有使用限制）,黄金词
追加,ついか,名·他サ,追加,人員を追加する（添补人员）,13,两者,是,・プラン④のみ、他のプランに追加してのご利用が可能です。 / でも長距離の場合は追加料金を払っていただくことがあります。,①追加（情報を追加しました｜添加了信息）②增补（資料の追加が必要｜需要资料增补）,黄金词
有効,ゆうこう,名·ナ形,有效,有効に活用する / 有効な方法 / 有効に使う,13,两者,是,「想像力」 / 「表現力」,①有效（このクーポンは有効です｜这个优惠券有效）②有益（有効な手段です｜是有益的手段）,黄金词
利益,りえき,名,利益,利益を上げる / 利益が出る / 利益を計算する,13,两者,是,ジョギングは健康の利益になる。 / この値段で売ったら、店の利益はほとんどない。,①利益（企業の利益を追求する｜追求企业利益）②好处（社会に利益をもたらす｜给社会带来好处）,黄金词
望む,のぞむ,他五,希望，愿望,出世 [しゅっせ] を望む（期望发迹）,13,两者,是,それぞれの望むことを自由にさせる。 / つまり、こちらが望んでいるような方法へ向,①希望（成功を望んでいます｜希望成功）②期待（良い結果を望む｜期待好结果）,黄金词
目指す,めざす,他五,以……为目标,歌手を目指す（想当歌手）,13,两者,是,そうなっていることを目指し / あの政党は、よりよい世間の実現を目指している,①瞄准，目标（夢を目指す｜瞄准梦想）②指向，致力于（成功を目指す｜致力于成功）,黄金词
くらす,くらす,動詞,生活,都市でくらす / 海外でくらす / 快適にくらす,13,真题,否,猫のように自由に暮らしたい / 大学に入学してから、一人でくらしています。,①生活，过日子（楽しくくらす｜快乐地生活）②居住，生活在（東京にくらす｜住在东京）,隐藏考点
便利,べんり,名詞,方便,便利な道具 / 便利が良い / 便利を感じる,13,真题,否,(注6) 便なように: 便利なように / インターネットは、簡単に地図を取材できるので便利です。,①方便，实用（便利な道具｜方便的工具）②便利，快捷（便利なサービス｜快捷的服务）,隐藏考点
やはり,やはり,副詞,果然,やはり大切だ / やはり難しい / やはりそうだ,13,真题,否,面倒だが、やはりこの仕事は断れない。 / そのためにはやはりロは一番前にとび出ていて、しかも固くなければいけません。,①果然，果真（やはりそうだ｜果然是这样）②还是，依然（やはり大好き｜还是很喜欢）,隐藏考点
地下,ちか,名詞,地下,地下に行く / 地下がある / 地下で働く,13,真题,否,悪くすると地下水が枯れ、川の流 / 京都市内のバスや地下鉄などに乗るともらえる。,①地下，地面下（地下鉄に乗る｜坐地铁）②隐秘，秘密（地下活動｜地下活动）,隐藏考点
願,がん,名詞,愿望,願を叶える / 願がある / 願を込める,13,真题,否,事務所で教室使用願の紙をもらう / つきましては、本製品をお買い上げのお客様へのアンケート用紙の配布及びご協力の呼びかけをお願,①愿望，期望（願いが叶う｜愿望成真）②请求，愿望（願いを込めて｜带着愿望）,隐藏考点
ゲーム,げーむ,名詞,游戏,ゲームをする / ゲームが好き / ゲームを楽しむ,13,真题,否,の件でございますが、 100台のうち / ですから、会話は、ボールゲームのようなものです。,①游戏，玩乐（ゲームをする｜玩游戏）②比赛，竞赛（サッカーゲーム｜足球比赛）,隐藏考点
社内,しゃない,名詞,公司内,社内で会議する / 社内が活発 / 社内のルール,13,真题,否,以下は、ある会社の社内文書である。 / 以下は、靴の会社の技術部員が受け取った社内メールである。,①公司内部（社内会議｜公司内部会议）②企业内部（社内の雰囲気｜企业内部氛围）,隐藏考点
磨く,みがく,動詞,磨练,技術を磨く / 才能を磨く / スキルを磨く,13,真题,否,講演会などに出かけて自己を磨いている人も多いはずだ。 / 板ガラスの表面を磨いて輝きを出す技術の開発に成功したから,①磨练，提升（技術を磨く｜提升技术）②打磨，擦亮（靴を磨く｜擦亮鞋子）,隐藏考点
リポート,れぽーと,名詞,报告,リポートを書く / リポートを提出する / リポートが必要,13,真题,否,宿題のレポートはほぼ終わった。 / この二つのレポートはテーマがことなります。,①报告，汇报（リポートを書く｜写报告）②报道，新闻（リポートを読む｜读报道）,隐藏考点
場面,ばめん,名詞,场景,場面が変わる / 場面を描く / 場面に出る,13,真题,否,こういう場面ではこのように / 「ビジネス場面での効果的なコミュニケーション法」,①场景（例：この場面が好きです。｜我喜欢这个场景。）②场合（例：特別な場面です。｜这是个特别的场合。）,隐藏考点
役所,やくしょ,名詞,政府机关,役所に行く / 役所で働く / 役所が必要,13,真题,否,"市役所ホームページ (http: / www.city, kawayama.lg.jp",①政府机关（例：役所に行きます。｜去政府机关。）②公共机构（例：役所で手続き。｜在公共机构办理手续。）,隐藏考点
男性,だんせい,名詞,男性,男性が多い / 男性に人気 / 男性が参加,13,真题,否,日本では、これまでは 「鉄」 / 河山市のスーパーに勤務している35歳の男性,①男性（例：彼は男性です。｜他是男性。）②男士（例：男性が多いです。｜男性很多。）,隐藏考点
忙しい,いそがしい,形容詞,忙碌,忙しい時期 / 忙しい仕事 / 忙しい日々,13,真题,否,最近忙しくて生活のリズムがみだれている。 / 忙しい中にも、のんびり過ごす時間をできるだけ持ったほうがよい。,①忙碌（例：今、忙しいです。｜现在很忙。）②繁忙（例：忙しい時期です。｜这是繁忙的时期。）,隐藏考点
足りる,たりる,動詞,足够,時間が足りる / お金が足りる / 能力が足りる,13,真题,否,考えようとする姿勢が足りない。 / 実力が足りないところは、努力で補いたい,①足够（例：これで足りる。｜这样就足够了。）②满足（例：条件が足りる。｜条件满足。）,隐藏考点
指摘,してき,名詞,指摘,指摘を受ける / 指摘がある / 指摘をする,13,真题,否,部下のミスを指摘するのは上司の務めだ。 / 中川さんの指摘は、いつもふさわしいです。,①指出（例：問題を指摘します。｜我会指出问题。）②指正（例：指摘がありました。｜有了指正。）,隐藏考点
飛ぶ,とぶ,動詞,飞,空を飛ぶ / 海外に飛ぶ / 鳥が飛ぶ,13,真题,否,鳥はなぜ飛べるのですか。 / 物まねのじょうずな人が小鳥の鳴き声や (注) 汽笛や飛行機の飛ぶ音などをまねてみせると、 人は感,①飞翔（例：鳥が飛ぶ。｜鸟在飞。）②跳跃（例：彼は飛ぶ。｜他在跳。）,隐藏考点
急,きゅう,名詞,急,急がしい時 / 急がしい仕事 / 急がしい日,13,真题,否,(注1) せかされる : 急がされる / Q:ゲームをしていたら、 急に画面が暗くなってしまいました。,①紧急（例：急な用事です。｜这是紧急的事情。）②迅速（例：急に来てください。｜请迅速来。）,隐藏考点
上がる,あがる,動詞,上升,温度が上がる / 価格が上がる / 気分が上がる,13,真题,否,作業能率が上がって一日の仕事の時間が短くなっている。 / それに楽しいと思ってすることは、何かとスムーズに運び成果もあがるものだ。,①上升（例：温度が上がる。｜温度上升。）②提高（例：成績が上がる。｜成绩提高了。）,隐藏考点
要求,ようきゅう,名詞,要求,要求がある / 要求をする / 要求に応える,13,真题,否,この仕事には高い語学力が要求される。 / 文章は読み手の要求にこたえることでできあがる。,①要求（例：要求があります。｜有要求。）②请求（例：彼の要求です。｜这是他的请求。）,隐藏考点
足,あし,名詞,脚,足が痛い / 足を運ぶ / 足が速い,13,真题,否,(小林寛道『運動神経の科学一誰でも足は速くなる』による) / らぬ土地へ出かけたら、観光名所は省略しても、市場へは足をはこぶ。,①脚，腿部（彼は足が速い。｜他的脚很快。）②足够，满足（これで足りる。｜这样就足够了。）,隐藏考点
理想,りそう,名詞,理想,理想を持つ / 理想に近づく / 理想が高い,13,真题,否,誰にとってもふるさとだと思えるような理想の場所をつくりたい。 / こんなはずではなかったと 抱いていた理想が崩れそうになることがあるかもしれません。,①理想，完美的状态（彼女の理想は高い。｜她的理想很高。）,隐藏考点
豊富,ほうふ,形状詞,丰富,豊富な経験 / 豊富な情報 / 豊富な知識,13,真题,否,人間一人一人が持つ記憶力は情報量の豊富なコンピュータを利用することでさらに生かせる。 / コンピュータがいくら豊富な知識を(注1) 内臓していても、人間自身がそうして検索した知識を、覚え、関連づけ、,①丰富，充足（資源が豊富だ。｜资源丰富。）②富裕，富饶（豊富な経験。｜丰富的经验。）,隐藏考点
そもそも,そもそも,名詞,本来,そもそも問題 / そもそも理由 / そもそも考え,13,真题,否,(注2)そもそも:もともと / ところで、 (注2) そもそも好き嫌いとは何だろうか?,①本来，原本（そもそも何が問題か。｜本来是什么问题？）②根本，最初（そもそも始まりは。｜根本的开始是。）,隐藏考点
引,いん,名詞,引导,引を引く / 引が強い / 引を受ける,13,真题,否,「ジミック」 / しかし、人がある問題解決をしている時は、そうしてコンピュータから引,①拉，牵引（彼はドアを引いた。｜他拉了门。）②引起，导致（問題を引き起こす。｜引起问题。）,隐藏考点
創造,そうぞう,名詞,创造,創造する力 / 創造が必要 / 創造の過程,13,真题,否,ぼくが 「想像」 / と「もしそうなら」,①创造，建立（新しいアイデアを創造する。｜创造新想法。）,隐藏考点
無駄,むだ,名詞,浪费,無駄を省く / 無駄が多い / 無駄にする,13,真题,否,無駄なものを買わずに、質素な生活を送っている / (注2)宝のもち腐 (くさ)れである: せっかくいいものでも無駄になってしまう,①浪费，无效（無駄な時間を過ごす。｜浪费时间。）②无意义（無駄な議論。｜无意义的讨论。）,隐藏考点
スピード,すぴーど,名詞,速度,スピードが速い / スピードを上げる / スピードで勝負,13,真题,否,止まったり、スピードを落としたりすることで事故は防げる。 / その後はスピードが落ちてきても、それまでのペースを意識することで減速が抑,①速度，速率（スピードが速い。｜速度很快。）②迅速，效率（スピードが大事。｜速度很重要。）,隐藏考点
表す,あらわす,動詞,表示,気持ちを表す / 意見を表す / 感謝を表す,13,真题,否,目で見たものを想像力で補い美しく描き表したもの / 目で見たものを心のなかに感じ取って描き表したもの,①表示，表达（感情を表す。｜表达感情。）②象征，代表（意味を表す。｜象征意义。）,隐藏考点
戻る,もどる,動詞,返回,元に戻る / 家に戻る / 話題に戻る,13,真题,否,文化の異なる国へ旅行してから、日常へ戻ってきたとき / れて、再び日常に戻るときのためのエネルギーを充電することができる。,①返回，回去（家に戻る。｜回家。）②恢复，复原（元の状態に戻る。｜恢复原状。）,隐藏考点
単純,たんじゅん,形状詞,简单,単純な方法 / 単純に考える / 単純な問題,13,真题,否,となると、 な / たとえば、「走る」,①简单，单纯（この問題は単純です。｜这个问题很简单。）②直白，明了（彼の言い方は単純です。｜他说话很直白。）,隐藏考点
動かす,うごかす,動詞,移动,機械を動かす / 計画を動かす / 気持ちを動かす,13,真题,否,(注5) 身のこなし: 体の動かし方 / ばの意味を理解して、手足を動かして同じ動作をすることができる人工知能が入ったロボットが開発さ,①移动，推动（車を動かす。｜移动汽车。）②使动，影响（心を動かす。｜打动心灵。）,隐藏考点
距離,きょり,名詞,距离,距離を測る / 距離がある / 距離を縮める,13,真题,否,距離に関係なく、市内の乗り物が無料になる。 / 高速度に達したら残りの距離はできるだけそのペースを守る。,①距离，间隔（駅までの距離。｜到车站的距离。）②距离感（距離を置く。｜保持距离。）,隐藏考点
気温,きおん,名詞,气温,気温が下がる / 気温を測る / 気温が高い,13,真题,否,確かに、気温の上昇も重要です。 / 気温の低下に対応できるようになる 2 気温の変化を感じなくなる,①气温，温度（今日の気温は高い。｜今天气温很高。）,隐藏考点
順位,じゅんい,名詞,排名,順位が上がる / 順位を決める / 順位が低い,13,真题,否,ウソが新人の順位が低いと思っている間は反抗することがあるから / を順位は高く、 新しく係に入ってきた人の順位は、ゾウから見れば最低です。,①顺序，名次（彼は順位が一位です。｜他的名次第一。）②排名，等级（順位を決める。｜决定排名。）,隐藏考点
土地,とち,名詞,土地,土地を買う / 土地が広い / 土地に住む,13,真题,否,市場はその土地の『生きた食 / らぬ土地へ出かけたら、観光名所は省略しても、市場へは足をはこぶ。,①土地，地面（この土地は広い。｜这块土地很大。）②地区，地方（この土地は歴史があります。｜这个地方有历史。）,隐藏考点
トップ,とっぷ,名詞,顶端,トップに立つ / トップを目指す / トップが決まる,13,真题,否,トップにそんな時間があるはずはない。 / トップの姿勢次第で、他の出席者は積極的に参加す,①顶端，最高（彼がトップです。｜他是第一。）②首位，第一（トップに立つ。｜站在首位。）,隐藏考点
体力,たいりょく,名詞,体力,体力をつける / 体力が必要 / 体力がある,13,真题,否,選手の体力が上回っていたから / Bは最後まで体力を消耗させないことが大切だと述べている。,①体力，体能（体力をつける。｜增强体力。）②耐力，精力（体力が必要です。｜需要体力。）,隐藏考点
教養,きょうよう,名詞,修养,教養を身につける / 教養がある / 教養を深める,13,真题,否,ぼくは『教養』という言葉を二つの意味でとらえている。 / 言ってみるものだ、そんなふうにして、ぼくたちは教養を身につける。,①教养，文化（彼は教養があります。｜他有教养。）②知识，修养（教養を深める。｜加深知识。）,隐藏考点
受け付ける,うけつける,動詞,接受,申し込みを受け付ける / 質問を受け付ける / 注文を受け付ける,13,真题,否,・見学がツアーのみで、 自由見学は受け付けていません。 / また、 勝手ながら家具、 電気製品、 おもちゃは受け付けておりませんので、ご遠慮,①接受，受理（申し込みを受け付ける。｜接受申请。）②容许，允许（意見を受け付ける。｜允许意见。）,隐藏考点
表,ひょう,名詞,表面,表が美しい / 表に出る / 表を作る,13,真题,否,予定表の内容をしゅうせいする / (森本哲郎『日本語 表と裏』による),①表面（例：表が光っている｜表面在发光。）②表格（例：表を作成する｜制作表格。）,隐藏考点
丁寧,ていねい,形状詞,礼貌,丁寧に説明する / 丁寧に扱う / 丁寧な対応をする,13,真题,否,もっと丁寧に積んでください。 / ていねいにじこぶんせきをするといい,①礼貌（例：丁寧に話す｜礼貌地说话。）②细致（例：丁寧に作る｜细致地制作。）,隐藏考点
提供,ていきょう,名詞,供应,提供を受ける / 提供するサービス / 提供がある,13,真题,否,大学生向けの情報をコピーを使って提供すること / (注)提供する:自分の持っている物を他の人のために出す,①提供（例：サービスを提供する｜提供服务。）②供给（例：情報を提供する｜提供信息。）,隐藏考点
電源,でんげん,名詞,电源,電源を入れる / 電源が切れる / 電源を確認,13,真题,否,電源コードが異常に熱くなる。 / 電源コードに深いきずや変形がある。,①电源（例：電源を入れる｜打开电源。）②电源插座（例：電源を探す｜寻找电源插座。）,隐藏考点
整理,せいり,名詞,整理,整理をする / 整理が必要 / 整理が進む,13,真题,否,得た情報をもう一度思い出して整理する。 / 整理のために人生の貴重な時間が奪われるから,①整理（例：整理整頓する｜整理整顿。）②清理（例：整理する時間｜清理时间。）,隐藏考点
そろう,そろう,動詞,齐全,条件がそろう / 道具がそろう / メンバーがそろう,13,真题,否,もう全員そろいましたか。 / バーベキューに必要な材料がそろったお得なセットです。,①齐全（例：全員がそろった｜全员齐全。）②一致（例：意見がそろう｜意见一致。）,隐藏考点
温泉,おんせん,名詞,温泉,温泉に入る / 温泉がある / 温泉を楽しむ,13,真题,否,山田 「今度の連休、木村さんは温泉にいくみたいだよ。 / 疲れを感じたとき、温泉に行きたくなるという人も多いのではないでしょうか。,①温泉（例：温泉に行く｜去温泉。）②疗养地（例：温泉宿に泊まる｜住在温泉旅馆。）,隐藏考点
券,けん,名詞,票,券を買う / 券が必要 / 券を使う,13,真题,否,最優秀賞(1名: 賞状および図書券3万円分) / 優秀賞(3名程度: 賞状および図書券1万円分),①票券（例：入場券を買う｜买入场券。）②优惠券（例：割引券を使う｜使用优惠券。）,隐藏考点
ショップ,しょっぷ,名詞,商店,ショップで買い物 / ショップが多い / ショップを訪れる,13,真题,否,リサイクルショップに売る / PWQ 文具 インターネットショップご担当者様,①商店（例：お土産ショップ｜纪念品商店。）②专卖店（例：ブランドショップ｜品牌专卖店。）,隐藏考点
研修,けんしゅう,名詞,培训,研修を受ける / 研修がある / 研修を行う,13,真题,否,について学ぶように上司から指示された。 / サラさんは、通学型研修で「ビジネスマナー」,①培训（例：研修を受ける｜参加培训。）②学习（例：新入社員研修｜新员工培训。）,隐藏考点
映像,えいぞう,名詞,影像,映像が流れる / 映像を撮る / 映像を編集,13,真题,否,性能のカメラで撮られた映像です。 / これらの映像は、 何台ものカメラを使い、出演者の表情を近くから映したり,①影像（映画の映像｜电影的影像。）②图像（テレビの映像｜电视图像）,隐藏考点
機械,きかい,名詞,机器,機械が動く / 機械を使う / 機械が壊れる,13,真题,否,専用の機械を使い、 ガラスのコップにオリジナルの絵や模様をつけます。 / この機械の使い方を忘れないように、もう一度最初から反省しておきましょう。,①机器（工作に使う機械｜工作用机器）②机械（機械の部品｜机械部件）,隐藏考点
スタンプ,すたんぷ,名詞,印章,スタンプを押す / スタンプが必要 / スタンプを集める,13,真题,否,会場内の8か所のスタンプ台に種類の異なるスタンプが置かれていますので、スタンプカードに押し,①印章（スタンプを押す｜盖印章）②邮票（切手のスタンプ｜邮票印章）,隐藏考点
ふるさと,ふるさと,名詞,故乡,ふるさとに帰る / ふるさとが懐かしい / ふるさとを思い出す,13,真题,否,だから「ふるさと」 / を持つ人に対する憧れがある。,①故乡（ふるさとに帰る｜回故乡）②家乡（ふるさとの風景｜家乡风景）,隐藏考点
収集,しゅうしゅう,名詞,收集,収集が趣味 / 収集をする / 収集が増える,13,真题,否,年末のごみの収集について / ノートにはスケジュール管理や収集した情報,①收集（切手を収集する｜收集邮票）②收藏（古い本の収集｜收藏旧书）,隐藏考点
飼う,かう,動詞,饲养,ペットを飼う / 犬を飼う / 猫を飼う,13,真题,否,以下は、ペットとして犬を飼う人に向けて書かれた文章である。 / し、実際に介護施設などで動物を飼おうとすると、 アレルギーや世話の問題など、難しい,①饲养（犬を飼う｜养狗）②养殖（魚を飼う｜养鱼）,隐藏考点
語彙,ごい,名詞,词汇,語彙を増やす / 語彙が豊富 / 語彙を学ぶ,13,真题,否,言葉知識 (文字・語彙・文法)・ / 言葉知識 (文字・語彙・文法) ・ 読解,①词汇（語彙を増やす｜增加词汇）②词语（豊富な語彙｜丰富的词语）,隐藏考点
展,てん,接尾辞,展览,展を開催する / 展が行われる / 展に参加する,13,真题,否,販売のお知らせ / も販売いたします。,①展览（美術展を開く｜举办美术展）②展示（新製品の展｜新产品展示）,隐藏考点
洋紙,ようし,名詞,洋纸,洋紙を使う / 洋紙が必要 / 洋紙を買う,13,真题,否,のほかに、古くか / また、洋紙は表面に凹凸が少,①西式纸（洋紙で作る｜用西式纸制作）②进口纸（洋紙の種類｜进口纸种类）,隐藏考点
ライン,らいん,名詞,线路,ラインを引く / ラインがある / ラインを確認,13,真题,否,がありま / と「オンライン状態」,①线条（ラインを引く｜画线）②线路（電車のライン｜电车线路）,隐藏考点
限り,かぎり,名,限度；只要,限りがある（有限）,12,两者,是,なったかぎり 2 したかぎり / の努力は大切だが、 限りがある。,①限度，范围（私の知る限り｜我所知的范围）②只要，尽量（できる限り頑張る｜尽量努力）,黄金词
加速,かそく,名·自他サ,加速,成長が加速する / 速度を加速する / 変化が加速する,12,两者,是,①時間がどんどん加速されているとはどういうことか。 / 現代は、 ①時間がどんどん加速されているとも言われます。,①加快，促进（速度を加速する｜加快速度）②加速器（加速の装置｜加速装置）,黄金词
吸収,きゅうしゅう,名·他サ,吸收,知識を吸収する / 情報を吸収する / 水分を吸収する,12,两者,是,こで、 太陽光線の吸収を防ぐ物質を表面に塗ることで温度上昇を抑えている。 / 私はこれまで、このしわは単に皮膚が水分を吸収し膨らんでできたもので、何の役割もな,①吸取，吸收（知識を吸収する｜吸收知识）②消化，接受（情報を吸収する｜接受信息）,黄金词
事実,じじつ,名,事实,事実が明らかになる / 事実を知る / 事実を確認,12,两者,是,その事実だけを(注2)列 / のかわからない、という事実である。,①事实，真相（これは事実です｜这是真实的）,黄金词
装置,そうち,名,装置,装置を設置する / 装置が動く / 装置を使う,12,两者,是,いずれ装置が完全に機能すれば、地球から新たに水を運ぶ / 年に、 ステーションで使用した水をリサイクルする装置が設置された。,①设备，装置（新しい装置を設置する｜安装新设备）②机制，系统（安全装置がある｜有安全机制）,黄金词
尊重,そんちょう,名·他サ,尊重,意見を尊重する / 文化を尊重する / 個性を尊重する,12,两者,是,話し合いでは、 少数意見も尊重しよう。 / 個性の重視ということが注目されるようになって以来、「子どもの興味を尊重し、一人ひとりの子ど,①尊重，重视（意見を尊重する｜尊重意见）②敬重，敬仰（彼を尊重している｜尊重他）,黄金词
段階,だんかい,名,阶段,段階を踏む / 段階がある / 段階を上げる,12,两者,是,世の中の人に読んでもらえる段階まで上達すること / そのため、 加速、最高速度の維持、減速というそれぞれの段階に,①阶段，层次（次の段階に進む｜进入下一个阶段）②等级，级别（段階を上げる｜提升等级）,黄金词
通常,つうじょう,名,通常，一般,通常通り / 通常の業務 / 通常の生活,12,两者,是,しかし、 通常はそんなことはしない。 / そして、通常でも半分しか働いていないのに、冷房を多用するなどして汗を,①通常，平常（通常の手続き｜正常程序）②一般，普通（通常の状態｜一般状态）,黄金词
生物,せいぶつ,名,生鲜食品,生物が新鮮 / 生物を食べる / 生物が豊富,12,两者,是,(注2) 進化: 生物が発達によって長い間に変化すること / (注) 細菌 (さいきん ) 非常に小さくて目に見えない生物,①生物，生命体（生物の多様性｜生物多样性）②生物学（生物を研究する｜研究生物）,黄金词
比較,ひかく,名·他サ,比较,価格を比較する / 方法を比較する / データを比較する,12,两者,是,A社 海外引越サービス プラン比較 / その案内の記事では、これまでの活字と新しい活字を比較して、いかに見やすく,①比较，对比（比較することが大切｜比较很重要）②相对，较量（比較的に見る｜相对来看）,黄金词
否定,ひてい,名·他サ,否定,事実を否定する / 考えを否定する / 意見を否定する,12,两者,是,なんだ」 / ように生きる」,①拒绝某种观点（例：それは否定できない。｜这无法否认）②否认事实（例：彼はその事実を否定した。｜他否认了事实）,黄金词
普及,ふきゅう,名·自サ,普及,社会に普及する / 急速に普及する / 広く普及する,12,两者,是,携帯電話は急速に普及してきている。 / この病気は人から人へ普及する可能性がある。,①广泛传播（例：この技術は普及している。｜这项技术普及）②大众化（例：スマートフォンの普及。｜智能手机普及）,黄金词
作り出す,つくりだす,他五,开始做；发明,新語 [しんご] を作り出す（创出新词）,12,两者,是,を作り出します。 / 験のほか、酸素を作り出すのにも使われる。,①创造出（例：新しいアイデアを作り出す。｜创造新想法）②制造（例：彼は音楽を作り出す。｜他创作音乐）,黄金词
自ら,みずから,副,亲自,自ら決める / 自ら行動する / 自ら学ぶ,12,两者,是,い込みにすぎないのではないか、意欲や行動力の乏しさに対する弁解にすぎないのではないか、と自ら / な理由がないまま行った自らの行動を、納得し、(注5)正当化するためにも、感情や好き嫌いを用いる。,①自己（例：自ら行動する。｜自己行动）②亲自（例：自ら説明した。｜亲自解释）,黄金词
思い込み,おもいこみ,名詞,偏见,思い込みを捨てる / 思い込みが強い / 思い込みに注意,12,真题,否,なんだ」 / くて単純なことがシンプルだ」,①主观判断（例：それは思い込みだ。｜那是主观判断）②错误信念（例：彼の思い込みが原因。｜他的错误信念）,隐藏考点
夏,なつ,名詞,夏天,夏が来る / 夏を楽しむ / 夏が暑い,12,真题,否,は、おかげさまで順調に売り上げを伸ばして / 北半球と南半球では夏と冬が矛盾している。,①夏季（例：夏は暑い。｜夏天很热）②夏天（例：夏休みが楽しみ。｜期待暑假）,隐藏考点
事故,じこ,名詞,事故,事故が起こる / 事故を防ぐ / 事故が多い,12,真题,否,(注1) クラッシュする: 衝突事故を起こす / ボーッと運転をしていると、事故を起こしかねません。,①意外事件（例：交通事故が起きた。｜发生交通事故）②事故（例：大きな事故だった。｜是个大事故）,隐藏考点
高齢,こうれい,名詞,高龄,高齢者が増える / 高齢が心配 / 高齢の方,12,真题,否,小さい文字が読みにくい高齢の読者が多くなったこと / 高齢者人口の増加が原因でしょうが、 新聞を読む人の総数,①年长（例：高齢者が増えている。｜老年人增多）②老年（例：高齢化社会。｜老龄化社会）,隐藏考点
ビジネス,びじねす,名詞,商业,ビジネスを始める / ビジネスが成功する / ビジネスを展開,12,真题,否,「ビジネス場面での効果的なコミュニケーション法」 / (河合薫 日経ビジネス 2011年3月7日所得による),①商业活动（例：ビジネスを始める。｜开始商业）②生意（例：ビジネスが成功した。｜生意成功）,隐藏考点
金曜,きんよう,名詞,星期五,金曜の夜 / 金曜に会う / 金曜が楽しみ,12,真题,否,知人に聞いて、「金曜25時」 / というのは土曜の午前1時のことだと知った。,①星期五（例：金曜に会いましょう。｜周五见）②周五（例：金曜は休み。｜周五休息）,隐藏考点
先輩,せんぱい,名詞,前辈,先輩に教わる / 先輩がいる / 先輩を尊敬,12,真题,否,先輩に紹介をしてもらったから / 経験から言うと、同僚や先輩の温かい言葉が耳に入らなくなってしまうのは、そう,①前辈，资历较深的人（彼は私の先輩です｜他是我的前辈）②学长，学姐（先輩に相談しました｜向学长咨询）,隐藏考点
身近,みぢか,形状詞,身边,身近な問題 / 身近に感じる / 身近な存在,12,真题,否,身近な人に迷惑がかかるから / 水質調査に参加し、 身近な環境についてもっと知ってほしい,①身边，近旁（身近な人と話す｜和身边的人谈）②亲近，熟悉（身近な存在です｜是亲近的存在）,隐藏考点
迷惑,めいわく,名詞,麻烦,迷惑をかける / 迷惑がかかる / 迷惑を受ける,12,真题,否,身近な人に迷惑がかかるから / 者が増えるにつれ、昼食時には本来の目的以外で席を利用している、 私語が多く迷惑にな,①麻烦，困扰（迷惑をかけてすみません｜抱歉打扰了）②打扰，干扰（迷惑な音がする｜有干扰的声音）,隐藏考点
けが,けが,名詞,伤,けがをする / けがが治る / けがに注意,12,真题,否,けがの治療に2か月かかった。 / ●けがや急病の場合に備え、健康保険書を忘れずにお持ちください。,①受伤，伤害（けがをしました｜我受伤了）②损伤，创伤（けがが治った｜伤好了）,隐藏考点
テーブル,てーぶる,名詞,桌子,テーブルを囲む / テーブルがある / テーブルを拭く,12,真题,否,食事の後、 テーブルから皿をはずした。 / 狭い部屋でもテーブルの上に物を置かない,①桌子，餐桌（テーブルに座る｜坐在桌子上）②表格，数据表（テーブルを作成する｜制作表格）,隐藏考点
実力,じつりょく,名詞,实力,実力を試す / 実力がある / 実力をつける,12,真题,否,実力のない者には自由は重すぎる。 / 実力があれば、 自由にできる部分もあるから,①实力，能力（実力を発揮する｜展现实力）②真实水平（実力がある｜有真实水平）,隐藏考点
一斉,いっせい,名詞,同时,一斉に行動する / 一斉に集まる / 一斉に発表,12,真题,否,味への自信を示すことが目的で、全国で一斉に行われる。 / ところで、これらの花は、なぜ春に一斉に咲くのでしょう。,①同时，一起（みんなが一斉に走る｜大家同时跑）②齐心协力（一斉に行動する｜齐心协力行动）,隐藏考点
音楽,おんがく,名詞,音乐,音楽を聴く / 音楽が好き / 音楽を演奏,12,真题,否,人達は読書や映画、音楽とそれぞれに主張する。 / ゆっくり花を見たり音楽を楽しんだりする、そんな,①音乐，乐曲（音楽を聴く｜听音乐）②乐器演奏（音楽を演奏する｜演奏音乐）,隐藏考点
休む,やすむ,動詞,休息,仕事を休む / 体を休める / 学校を休む,12,真题,否,体操の途中で休まないこと / 時間は貴重なので、休むときにも能率的に過ごしたほうがよい。,①休息，放松（少し休む｜稍微休息）②请假，停工（仕事を休む｜请假不工作）,隐藏考点
読み手,よみて,名詞,读者,読み手が多い / 読み手を意識する / 読み手に伝える,12,真题,否,文章の価値を決めるのは読み手の存在だ。 / 文章が成立するには読み手の存在が必要だ。,①读者，阅读者（読み手の気持ち｜读者的感受）②书写者的对象（読み手を意識する｜考虑读者）,隐藏考点
動き,うごき,名詞,动作,動きが速い / 動きを見る / 動きがある,12,真题,否,その寄付に対する考え方に、 今、 新しい動きが起こ / 速く走る動きを頭に描いてその感覚を体で感じるようにする。,①动作，活动（彼の動きが速い。｜他的动作快）②变化，变动（経済の動きが気になる。｜关注经济变化）,隐藏考点
システム,しすてむ,名詞,系统,システムが動く / システムを構築する / システムが必要,12,真题,否,寄付をするのに手間がかかるシステムである。 / 活を支援する、 というシステムを取り入れている。,①系统，体系（新しいシステムを導入する。｜引入新系统。）②制度，机制（教育システムが重要だ。｜教育制度很重要。）,隐藏考点
出会う,であう,動詞,相遇,友人に出会う / 素晴らしい人に出会う / 機会に出会う,12,真题,否,学校にいた頃に出会った友達 / 旅先で、すばらしい風景や名所 (注1) 旧跡に出合ったとき、 わたしも人なみには感激する。,①相遇，碰见（友達に出会った。｜遇见了朋友。）②邂逅，遇见（運命の人に出会う。｜遇见命中注定的人。）,隐藏考点
卒業,そつぎょう,名詞,毕业,卒業する時 / 卒業が近い / 卒業を祝う,12,真题,否,今年も卒業生を送り出した。 / 対象: 平成24年3月までに卒業予定の本学留学生,①毕业，完成学业（大学を卒業した。｜我大学毕业了。）,隐藏考点
根,ね,名詞,根,根を張る / 根が生える / 根を抜く,12,真题,否,でもこれは、根の性質を考えると、納得できる理論で / (注1) 幹: 木の、根から上のほうに伸びて、 枝葉を出す部分,①根，根部（木の根が深い。｜树根很深。）②根源，来源（問題の根を探る。｜探寻问题的根源。）,隐藏考点
加える,くわえる,動詞,添加,条件を加える / 説明を加える / 内容を加える,12,真题,否,ちらしにイラストを加える / ですから、 「書き言葉」,①添加，增加（塩を加える。｜加盐。）②补充，附加（意見を加える。｜补充意见。）,隐藏考点
仕方,しかた,名詞,方法,仕方がない / 仕方を考える / 仕方に従う,12,真题,否,まい込んでおく参加の仕方になってしまう場合もある。 / Aは電気自動車の利用者が増えると考え、Bは電気自動車の普及に加え利用の仕方も変化するだろ,①方法，方式（良い仕方がない。｜没有好办法。）②无奈，没办法（仕方がない。｜没办法。）,隐藏考点
好み,このみ,名詞,喜好,好みが分かれる / 好みに合う / 好みを言う,12,真题,否,食べ物の好みや服の好みだけではありません。 / 売れない本がなくなるように客の好みを調べる。,①喜好，偏好（彼の好みは独特だ。｜他的喜好很独特。）②爱好，兴趣（趣味の好みが合う。｜兴趣爱好相同。）,隐藏考点
荷物,にもつ,名詞,行李,荷物を持つ / 荷物が届く / 荷物を預ける,12,真题,否,・早く荷物を受け取りたい方 / ・料金には、荷物の日本でのお引き取り、輸出入税関手続き 海外でのお届け費用を含みます。,①行李，包裹（荷物を持つ。｜我拿着行李。）②负担，负荷（荷物が重い。｜行李很重。）,隐藏考点
優秀,ゆうしゅう,形状詞,优秀,優秀な人材 / 優秀な成績 / 優秀な技術,12,真题,否,優秀な人材を獲得できなくなる。 / 田中さんは子供のころから優秀だったらしい,①优秀，出色（彼は優秀な学生だ。｜他是优秀的学生。）②杰出，卓越（優秀な成績を収める。｜取得了优秀的成绩。）,隐藏考点
予想,よそう,名詞,预想,予想が外れる / 予想を立てる / 予想に反する,12,真题,否,見た目がよくないが、予想に違反しておいしかった / この事業に反対するきっかけは、環境への悪影響が予想されるからだ。,①预想，预测（天気を予想する｜预测天气。）②预期，期望（結果を予想する｜预期结果。）,隐藏考点
席,せき,名詞,座位,席を取る / 席が空く / 席に座る,12,真题,否,入口でパンフレットを受け入れてから席にお座りください / 者が増えるにつれ、昼食時には本来の目的以外で席を利用している、 私語が多く迷惑にな,①座位，席位（席に座る｜坐在座位上。）②场所，位置（会議の席｜会议的场所。）,隐藏考点
事情,じじょう,名詞,情况,事情がある / 事情を説明する / 事情に応じる,12,真题,否,では、どのような事情で米の消費量が半減したのか。 / 以下は、留学生が日本事情について書いた文章である。,①情况，缘由（事情を説明する｜解释情况。）②事务，事情（事情がある｜有事情。）,隐藏考点
友,とも,名詞,朋友,友と会う / 友ができる / 友に頼る,12,真题,否,とありました。 / が入っておりました。,①朋友，友人（友と遊ぶ｜和朋友玩。）②伙伴，知己（親しい友｜亲密的朋友。）,隐藏考点
育つ,そだつ,動詞,成长,才能が育つ / 子供が育つ / 技術が育つ,12,真题,否,もは親のその価値観を刷り込まれ(注)ながら育っていきます。 / ところが、集団行動の経験もなく、家でも甘やかされて育ってイヌは。,①成长，发育（子供が育つ｜孩子在成长。）②培养，发展（才能が育つ｜培养才能。）,隐藏考点
事前,じぜん,名詞,事先,事前に準備する / 事前に確認する / 事前に知らせる,12,真题,否,事前申し込みは不要です。 / 見学は無料ですが、事前の申し込みが必要です。,①事前，提前（事前に準備する｜提前准备。）②预先，预告（事前の通知｜提前通知。）,隐藏考点
ガイド,がいど,名詞,指南,ガイドを読む / ガイドが必要 / ガイドに従う,12,真题,否,いずみデパート通信販売ショッピングガイド / [21] ボランティアで町の名所をガイドしている。,①导游，向导（ガイドを頼む｜请导游。）②指南，指引（旅行ガイド｜旅行指南。）,隐藏考点
材料,ざいりょう,名詞,材料,材料を集める / 材料が揃う / 材料を使う,12,真题,否,健康に良い材料を使ったところ / るとか、安い材料を使っているとか、そういったことは 51 ない。,①材料，原料（料理の材料｜料理的材料。）②资料，文献（研究材料｜研究资料。）,隐藏考点
要素,ようそ,名詞,要素,要素が含まれる / 要素を分析する / 要素に注目する,12,真题,否,日本人は「シンプル」 / (注1) ファクター: 要素,①要素，成分（重要な要素｜重要的要素。）②因素，因子（要素を分析する｜分析因素。）,隐藏考点
土,つち,名詞,土壤,土が肥える / 土を耕す / 土に植える,12,真题,否,車を使って土がかたくなったこと / 種をまいたら、土でふさいで水をやってください。,①土壤，土地（土を耕す｜耕种土壤。）②土，泥土（土が湿っている｜土壤湿润。）,隐藏考点
廃止,はいし,名詞,废止,廃止が決まる / 廃止を提案する / 廃止に反対する,12,真题,否,両国が互いに主張を譲らず、会議は予定より早く廃止された。 / その制度は現状に合わなくなったので、 先月で廃止された。,①废止，取消（法律が廃止された｜法律被废止了。）②停止，终止（制度が廃止された｜制度被终止了。）,隐藏考点
受験,じゅけん,名詞,考试,受験を受ける / 受験が近い / 受験に合格する,12,真题,否,先輩 「受験する大学は決まった? / 私は来年大学を受験する高校3年生です。,①参加考试（大学を受験する｜参加大学考试。）②考试（受験の準備をする｜准备考试。）,隐藏考点
総務,そうむ,名詞,总务,総務が担当する / 総務に相談する / 総務を通じて,12,真题,否,っているなどといった、様々な苦情が総務課に寄せられています。 / 取引先にお送りする年始の挨拶状につきまして、 総務課から一括発送する相手先のリストを作成し,①总务，行政（総務部で働く｜在总务部工作。）②综合管理（総務の仕事をする｜做综合管理的工作。）,隐藏考点
大量,たいりょう,名詞,大量,大量に仕入れる / 大量が出る / 大量を処理する,12,真题,否,質の良い板ガラスの大量生産が可能になったこと / 板ガラスの大量生産が可能になって普及が進んだこと,①大量，许多（大量の人が集まる｜很多人聚集。）②大规模（大量生産される｜大规模生产。）,隐藏考点
消える,きえる,動詞,消失,記憶が消える / 問題が消える / 光が消える,12,真题,否,所有していてもいつかは消えてしまう。 / 人はぽつんと生まれて、ぷつんと消えていく。,①消失，消散（光が消える｜光消失了。）②熄灭（火が消える｜火熄灭了。）,隐藏考点
満足,まんぞく,名詞,满意,満足が得られる / 満足を感じる / 満足に終わる,12,真题,否,読んだ後に満足感が得られるもの。 / をもつ、コンピューターをもつ、所有することで満足感を得ている。,①满意，满足（結果に満足する｜对结果满意。）②知足（生活に満足している｜对生活满意。）,隐藏考点
限界,げんかい,名詞,极限,限界を超える / 限界がある / 限界に挑戦する,12,真题,否,は、どこかで限界があるだろう。 / (注1)能力の天井: 能力の限界,①极限，限制（自分の限界を知る｜知道自己的极限。）②界限（限界を超える｜超越界限。）,隐藏考点
つまる,つまる,動詞,堵塞,管がつまる / 言葉につまる / 喉がつまる,12,真题,否,(注1)自嘲: 自分をつまらない、 だめな人間だと思うこと / 私のアイディアのもとは、自分の生きてきた道の中にすべて詰まっているのだ、というふうに思って,①堵塞，塞住（道がつまる｜道路堵塞。）②充满，堆满（箱がつまる｜箱子堆满了。）,隐藏考点
発売,はつばい,名詞,发售,発売が開始される / 発売を待つ / 発売に関する,12,真题,否,なお、前回に続き、来年発売のマラソンシューズの構造について検討します。 / シューズの発売予定を確認することと、11日15時までに発売方法の改善案を出すこと,①发售，上市（新商品を発売する｜发售新商品。）②发布（本を発売する｜发布书籍。）,隐藏考点
手数,てすう,名詞,麻烦,手数がかかる / 手数をかける / 手数を省く,12,真题,否,発行元に、振り込み手数料を負担してもらえる。 / *お振込みの場合、手数料はお客様負担でお願いいたします。,①麻烦，费事（手数がかかる｜很麻烦。）②工夫，努力（手数をかける｜费心思。）,隐藏考点
ティッシュ,てぃっしゅ,名詞,纸巾,ティッシュを使う / ティッシュが必要 / ティッシュを持つ,12,真题,否,今日も新宿駅前でティッシュをもらった。 / ケットなどに入れて持ち歩けるポケットティッシュだ。,①纸巾（例：ティッシュを使う｜用纸巾。）,隐藏考点
じっくり,じっくり,副詞,仔细,じっくり考える / じっくり取り組む / じっくり学ぶ,12,真题,否,新しい意味をどう説明するかをじっくり考えているから / それに対して、 ① 書くという表現の場合には、たいていはひとりで、じっくり時間をかけて、ノート,①仔细地（例：じっくり考える｜仔细考虑。）②慢慢地（例：じっくり待つ｜慢慢等待。）,隐藏考点
細かい,こまかい,形容詞,细致,細かい作業 / 細かい点 / 細かい部分,12,真题,否,(注5)丹念に: 細かく注意しながら / 細かい条件にこだわらないで (注1) 大胆に述べるな,①细小的（例：細かい字｜细小的字。）②详细的（例：細かい説明｜详细的说明。）,隐藏考点
かなり,かなり,形状詞,相当,かなり難しい / かなり重要だ / かなり効果的だ,12,真题,否,かなりの時間をかけてテーマを絞った。 / そして(注6) もはやかなり前から警告されているとお,①相当（例：かなり難しい｜相当难。）②很（例：かなり疲れた｜很累。）,隐藏考点
会員,かいいん,名詞,会员,会員になる / 会員が増える / 会員に登録する,12,真题,否,水森市国際交流協会 会員の皆様 / 会員情報のファイルをこうしんする,①会员（例：会員になった｜成为会员。）,隐藏考点
案,あん,名,主意；方案,案を出す（出主意）,11,两者,是,しりょうを分類方法の案を作る / 前回の会議の記録を確認することと、11日10時までにシューズ改良案を出すこと,①提案（例：新しい案｜新的提案。）②计划（例：案を練る｜制定计划。）,黄金词
維持,いじ,名·他サ,维持,現状 [げんじょう] 維持（维持现状）,11,两者,是,組織の活力を維持できなくなる。 / そのため、 加速、最高速度の維持、減速というそれぞれの段階に,①维持（例：健康を維持する｜维持健康。）,黄金词
移動,いどう,名·自他サ,移动，转移,場所を移動する / 都市に移動する / 素早く移動する,11,两者,是,移動にかかる時間が短くなった分、 目的地にゆっくり滞在 / 交通機関が発達することで、人々の移動できる範囲は確実に広がっている。,①移动（例：移動する｜进行移动。）②转移（例：移動手段｜转移手段。）,黄金词
絵本,えほん,名,绘本，图画书,絵本を読む / 絵本が好き / 絵本を買う,11,两者,是,小さいころから絵本を読んでやる / 以下は、絵本の選び方について述べた文章である。,①绘本（例：子供の絵本｜孩子的绘本。）,黄金词
延長,えんちょう,名,延长；继续,延長が決まる / 延長を申請する / 延長に応じる,11,两者,是,夏期の開館時間を1時間延長することにします / 予測はやがてこうなるだろうという現実の延長線上,①延长（例：時間を延長する｜延长时间。）,黄金词
議論,ぎろん,名·他サ,讨论,問題を議論する / 方針を議論する / 積極的に議論する,11,两者,是,今回の国際会議では人口問題が議論の焦点になった。 / というのは、仲間との議論はみんながやっていたからだろう。,①讨论（例：議論が始まった｜开始讨论。）②争论（例：激しい議論｜激烈的争论。）,黄金词
訓練,くんれん,名·他サ,训练,技術を訓練する / 部隊を訓練する / 能力を訓練する,11,两者,是,今から、 防災訓練を行います。 / 分を抑えることも大切で、それが社会人としての訓練でもあります。,①训练（例：犬の訓練｜训练狗。）②培养（例：技術の訓練｜培养技术。）,黄金词
貢献,こうけん,名·自サ,贡献,社会に貢献する / 発展に貢献する / 積極的に貢献する,11,两者,是,新しい寄付の形で、これまでと比べ手軽に寄付できるようになり、社会貢献がしやすくなった。 / 社会貢献に関心はあっても寄付をするのは面倒だと実際の行動には移さない人も少なくなかった。,①贡献（例：社会に貢献｜为社会贡献。）②捐赠（例：資金を貢献｜捐赠资金。）,黄金词
困難,こんなん,名·ナ形,困难,困難な状況 / 困難を乗り越える / 困難に直面する,11,两者,是,勉強で成績が良い人間は、困難を克服する力を持っている。 / 仕事では、新しいアイデアを提示したり、困難な課題を解決したりする,①困难（例：困難な状況｜困难的情况。）②艰难（例：困難を乗り越える｜克服困难。）,黄金词
出張,しゅっちょう,名·自サ,出差,海外に出張する / 東京に出張する / 一週間出張する,11,两者,是,社長の出張の日程を確認する / B 「山田さんは出張中だよ。,①出差（例：出張に行く｜去出差）②出外（例：出張中です｜正在出差）,黄金词
省略,しょうりゃく,名·他サ,省略,内容を省略する / 説明を省略する / 手順を省略する,11,两者,是,ここは省略してもかまわない。 / たくさんの説明をつい省略してしまいがちだ。,①省略（例：省略する部分｜省略的部分）②简化（例：省略して説明｜简化说明）,黄金词
手続き,てつづき,名,手续,手続きをすませる（办好手续）,11,两者,是,この休暇を取るときに、 どんな手続きが必要か。 / 就職活動のマナー、 履歴書の書き方、 ビザの変更に関する諸手続きなど,①手续（例：手続きが必要｜需要手续）②程序（例：手続きが複雑｜程序复杂）,黄金词
同僚,どうりょう,名,同事,同僚と話す / 同僚がいる / 同僚に相談する,11,两者,是,チェさんは、職場の同僚とバーベキューに行くことになった。 / 経験から言うと、同僚や先輩の温かい言葉が耳に入らなくなってしまうのは、そう,①同事（例：同僚と話す｜和同事聊天）②伙伴（例：信頼できる同僚｜可信赖的同事）,黄金词
容器,ようき,名,容器,容器に入れる / 容器が必要 / 容器を洗う,11,两者,是,味だけでなく容器にも消費者の好みを反映させている。 / 本来の用途ではないが、 この容器は花瓶にしてもいいと思う。,①容器（例：プラスチックの容器｜塑料容器）②器皿（例：容器に入れる｜放入容器）,黄金词
防ぐ,ふせぐ,他五,防御；预防,火を防ぐ（防火）,11,两者,是,人間の持つ嫌なにおいを防ぐ。 / 外出時にはマスクやめがねで花粉が体に入るのを防ぎ、帰宅時には服についた花粉を落,①防止（例：事故を防ぐ｜防止事故）②阻止（例：感染を防ぐ｜阻止感染）,黄金词
絶対,ぜったい,副,绝对；坚决,絶対に禁じる（绝对禁止）,11,两者,是,-絶対に失敗しないビジネス経営哲学』による) / この例外は、 自分だけにわかればいいメモと、 絶対に他人に見,①绝对，绝对的（これは絶対に必要です。｜这绝对必要）②绝对地，毫无疑问（彼は絶対に来ます。｜他一定会来）,黄金词
買い物,かいもの,名詞,购物,買い物に行く / 買い物をする / 買い物が楽しい,11,真题,否,指定の店での買い物はすべて5%引きになる。 / デパートに買い物に行く前に、 営業時間を取材しておこう。,①购物，买东西（買い物に行きます。｜去购物）②采购，购买（食料品の買い物。｜采购食品）,隐藏考点
高まる,たかまる,動詞,提高,意識が高まる / 関心が高まる / 期待が高まる,11,真题,否,彼の今後の活躍に周囲の期待は高まる / 会社で寄付が日常のことになり、食生活に対する意識も高まる。,①提高，增强（期待が高まる。｜期待增加）②上升，增高（緊張感が高まる。｜紧张感上升）,隐藏考点
血液,けつえき,名詞,血液,血液が流れる / 血液を検査する / 血液型がある,11,真题,否,が取り上げられます。 / これは、 血液型によって性格が決,①血液，血（血液型は何ですか？｜你的血型是什么？）,隐藏考点
窓,まど,名詞,窗户,窓を開ける / 窓がある / 窓から見る,11,真题,否,窓に使用できる板ガラスの製造法が初めて実用化されたから / (伊藤智章「窓」 2008年2月20日付朝日新聞夕刊による),①窗户，窗口（窓を開けてください。｜请打开窗户）②窗格，窗框（窓の外はきれいです。｜窗外很美）,隐藏考点
来月,らいげつ,名詞,下月,来月に行く / 来月の予定 / 来月が楽しみ,11,真题,否,来月の選挙の結果が注目されている。 / 来月、スポーツ大会がかいさいされる。,①下个月，下一个月（来月旅行します。｜下个月去旅行）,隐藏考点
設置,せっち,名詞,设置,設置が完了する / 設置を行う / 設置に関する,11,真题,否,冷蔵庫が水平に設置されている / 冷蔵庫が水平に設置されていますか?,①设置，安装（機械を設置します。｜安装机器）②设立，建立（新しいシステムを設置。｜建立新系统）,隐藏考点
変,へん,名詞,变化,変がある / 変を感じる / 変に気づく,11,真题,否,アンケートの回答形式を変(か)える / 年から2001年にかけて、 全国紙として有名な新聞が、 基本の活字を少し大きなものに変,①变化，变动（天気が変わった。｜天气变了）②奇怪，异常（変な音がする。｜有奇怪的声音）,隐藏考点
デザイン,でざいん,名詞,设计,デザインが素晴らしい / デザインを考える / デザインにこだわる,11,真题,否,デザインの意味を部長に話す / とくに辞書は同じ内容で同じデザインで大きな,①设计，构思（新しいデザインを考えます。｜考虑新设计）②样式，款式（このデザインが好きです。｜我喜欢这个样式）,隐藏考点
不満,ふまん,名詞,不满,不満がある / 不満を言う / 不満を解消する,11,真题,否,参加者が不満をもたないよう、十分情報を伝えること / 仕事に大きな不満はないが、 そうかといって格別面白いというわけでもない。,①不满，不满意（彼は不満を言った。｜他说了不满）②不快，不愉快（不満を感じています。｜感到不快）,隐藏考点
意外,いがい,形状詞,意外,意外な結果 / 意外に難しい / 意外な発見,11,真题,否,しかし意外と、 あまりメモもとらず、「聞 / これが②自分の仕事だと (注2) 胸を張って言える人は意外と少ないのではないだろうか。,①意想不到（予想外のこと｜意想不到的事）②意外性（意外な結果｜意外的结果）,隐藏考点
常識,じょうしき,名詞,常识,常識を疑う / 常識が通用する / 常識に従う,11,真题,否,(注5)突拍子もない: 常識から外れた / (注2)社会通念:広く社会に受け入れられている常識,①普遍的认知（一般的な知識｜一般知识）②社会常识（社会での常識｜社会常识）,隐藏考点
中学,ちゅうがく,名詞,中学,中学に通う / 中学がある / 中学の友達,11,真题,否,を人に見せることをやめてしまいます。 / 私たちはなぜか、 中学、 高校生の頃に「努力する姿」,①初中教育（中学校の教育｜初中教育）②中学阶段（中学の時期｜中学时期）,隐藏考点
危険,きけん,名詞,危险,危険が伴う / 危険を避ける / 危険にさらされる,11,真题,否,はとても危険です。 / しかし、この「謙遜して努力を隠す対応」,①有害状态（危険な状態｜危险状态）②潜在风险（潜在的な危険｜潜在危险）,隐藏考点
コミュニケーション,こみゅにけーしょん,名詞,沟通,コミュニケーションを取る / コミュニケーションが大切 / コミュニケーションを改善する,11,真题,否,「ビジネス場面での効果的なコミュニケーション法」 / 仕事をスムーズ進めるためには、コミュニケーションをうまくとることが重要です。,①交流方式（コミュニケーションの方法｜交流方式）②信息传递（情報の伝達｜信息传递）,隐藏考点
テーマ,てーま,名詞,主题,テーマを決める / テーマに沿って / テーマが面白い,11,真题,否,【テーマ】自国における地球温暖化対策 / 昨年度も同じテーマでセミナーを開催し、 多くの方が参加されました。,①主题内容（テーマの内容｜主题内容）②讨论话题（話し合いのテーマ｜讨论话题）,隐藏考点
紹介,しょうかい,名詞,介绍,紹介を受ける / 紹介する人 / 紹介に感謝する,11,真题,否,先輩に紹介をしてもらったから / 参加者全員がお互いを知るために、一分ずつ手軽な自己紹介を行った。,①推荐介绍（紹介すること｜推荐介绍）②引见他人（他人を紹介する｜介绍他人）,隐藏考点
専門,せんもん,名詞,专业,専門がある / 専門を学ぶ / 専門に従事する,11,真题,否,大学での専門が役に立ちそうだから / 同じ分野の専門家でも、立場によって見解が異なる。,①专业领域（専門の分野｜专业领域）②专门知识（専門的な知識｜专业知识）,隐藏考点
ミス,みす,名詞,错误,ミスをする / ミスが起こる / ミスを訂正する,11,真题,否,「もし、またミスをしたら」 / B「それが、ミスの連続でね……。,①错误失误（ミスをする｜犯错误）②失误行为（ミスを犯す｜犯失误）,隐藏考点
責任,せきにん,名詞,责任,責任を持つ / 責任がある / 責任を果たす,11,真题,否,人間が責任を持って考えるべき問題だから / 彼は責任感が強く、この仕事のリーダーにふさわしい。,①义务担当（責任を持つ｜承担责任）②责任感（責任感を感じる｜感到责任感）,隐藏考点
症,しょう,接尾辞,症状,症が出る / 症を診断する / 症に悩む,11,真题,否,花粉症とは何でしょうか。 / しかし最近、 50 花粉症に悩される人が増えています。,①病症（例：この症は治りにくい。｜这个病难治）②症状（例：症が悪化した。｜症状恶化）,隐藏考点
物質,ぶっしつ,名詞,物质,物質が変化する / 物質を分析する / 物質に関する,11,真题,否,さらにその物質には、人間の神経を安定させる効果もあると / ある物質の働きについて、 この文章からわかることは何か。,①物体（例：この物質は重い。｜这个物体很重）②材料（例：新しい物質を発見した。｜发现新材料）,隐藏考点
落ち着く,おちつく,動詞,平静,気持ちが落ち着く / 状況が落ち着く / 場所が落ち着く,11,真题,否,人々の気持ちを落ち着かせる。 / いつも何かしていないと気が落ち着かない、現代人はそんなふう,①安定下来（例：心が落ち着く。｜心情平静）②冷静（例：彼はすぐに落ち着いた。｜他很快冷静下来）,隐藏考点
勝つ,かつ,動詞,胜利,試合に勝つ / 競争に勝つ / 困難に勝つ,11,真题,否,早く何かを仕上げないと他の人に勝てないと思うこと / 人との競争に勝つためには、時間をもっと有効に使うようにしたほうがよい。,①获胜（例：試合に勝った。｜赢得比赛）②战胜（例：敵に勝つ。｜战胜敌人）,隐藏考点
来場,らいじょう,名詞,到场,来場を促す / 来場者が多い / 来場に感謝する,11,真题,否,以下は、ある会社が新商品の発表会で来場者に渡した案内である。 / 本日は東西インテリア新作ベッド発表会にご来場くださり、 まことにありがとうございます。,①到场（例：多くの人が来場した。｜很多人到场）②出席（例：来場をお待ちしています。｜期待你的出席）,隐藏考点
能率,のうりつ,名詞,效率,能率が上がる / 能率を上げる / 能率を測る,11,真题,否,作業能率が上がって一日の仕事の時間が短くなっている。 / 時間は貴重なので、休むときにも能率的に過ごしたほうがよい。,①效率（例：能率が上がった。｜效率提高了）②生产力（例：能率的な作業。｜高效的工作）,隐藏考点
特定,とくてい,名詞,特定,特定の条件 / 特定が必要 / 特定を行う,11,真题,否,特定のちいきで、 商品を売る店を増やした / 出す特定の手段のようなものは考えられない。,①特定的（例：特定の条件。｜特定条件）②明确（例：特定の対象。｜明确对象）,隐藏考点
事業,じぎょう,名詞,事业,事業を展開する / 事業が成功する / 事業に参加する,11,真题,否,事業のきぼを大きくしたから / 企業が慈善事業のためではなく利益を上げるために行うもの,①事业（例：新しい事業を始める。｜开始新事业）②项目（例：この事業は成功した。｜这个项目成功了）,隐藏考点
頼む,たのむ,動詞,请求,仕事を頼む / 助けを頼む / お願いを頼む,11,真题,否,もの作りを頼まれたときは喜びを感じるということ / 完成したことがわかるのは、誰かに頼まれて作っているもの、,①请求（例：手伝って頼む。｜请求帮忙）②依赖（例：彼に頼むつもり。｜打算依赖他）,隐藏考点
つい,つい,副詞,不经意,つい忘れる / つい言ってしまう / つい遅くなる,11,真题,否,つい自分で直してしまうことも / の言葉につい (注1) 反発したくなることもあるでしょう。,①不经意（例：つい言ってしまった。｜不经意说了）②刚刚（例：つい見たばかり。｜刚刚看到）,隐藏考点
反発,はんぱつ,名詞,反抗,反発を受ける / 反発が強い / 反発する意見,11,真题,否,(注1)反発(はんぱつ) する: 言い返す / の言葉につい (注1) 反発したくなることもあるでしょう。,①反感，抵触（彼に反発を感じた｜感到反感）②反弹，回弹（弾が反発した｜子弹反弹）,隐藏考点
関連,かんれん,名詞,关联,関連がある / 関連を調べる / 関連に注意する,11,真题,否,では、 どうしたら、 そういう関連して引き出 / コンピュータがいくら豊富な知識を(注1) 内臓していても、人間自身がそうして検索した知識を、覚え、関連づけ、,①关联，联系（この問題は関連がある｜这个问题有关联）②相关性（関連性を調べる｜调查相关性）,隐藏考点
実行,じっこう,名詞,执行,実行に移す / 実行が必要 / 実行する計画,11,真题,否,また、より儀式的な挨拶行動が(注5)円滑に実行されるためには、 / まだ計画が不十分なのに、 実行できると限定するのは早すぎると思う。,①执行，实施（計画を実行する｜执行计划）②实际行动（実行に移す｜付诸实际行动）,隐藏考点
右,みぎ,名詞,右边,右に曲がる / 右が見える / 右側にある,11,真题,否,右のページは、 留学生のために就職セミナーの案内である。 / 右のページは、A社とB社の海外引越サービスの案内である。,①右边（右に曲がる｜向右转）②右侧（右側の席｜右侧的座位）,隐藏考点
来週,らいしゅう,名詞,下周,来週に会う / 来週の予定 / 来週が楽しみ,11,真题,否,来週は天気が回復するそうだ。 / 「来週の登山の持ち物について質問があります。,①下周（来週の予定｜下周的计划）,隐藏考点
降る,ふる,動詞,降落,雨が降る / 雪が降る / 大量に降る,11,真题,否,午後から雨が降りそうだから / 明日は広い範囲で強い雨が降るでしょう。,①降落，降下（雪が降る｜下雪）②降临（雨が降る｜下雨了）,隐藏考点
売る,うる,動詞,出售,商品を売る / 車を売る / 本を売る,11,真题,否,パソコンを国内で生産して海外で売ること / この値段で売ったら、店の利益はほとんどない。,①出售，销售（本を売る｜卖书）②贩卖（商品を売る｜卖商品）,隐藏考点
ゴール,ごーる,名詞,目标,ゴールを目指す / ゴールが近い / ゴールに到達する,11,真题,否,不調だった山中選手がついにゴールを決めた。 / しかし、自分が初めて作るもの、 自分が自分の欲求で作り始めたものは、そういったゴールがはっきり,①目标，终点（ゴールを目指す｜朝着目标前进）②进球（ゴールを決める｜进球）,隐藏考点
趣味,しゅみ,名詞,爱好,趣味を持つ / 趣味が多い / 趣味を楽しむ,11,真题,否,一言で鉄道ファンといってもその趣味の内容は多種多様だ。 / ところで、彼ら鉄道ファンたちは50趣味を楽しんでいるのだろうか。,①爱好，兴趣（趣味は読書｜我的爱好是阅读）②嗜好（趣味を楽しむ｜享受爱好）,隐藏考点
資源,しげん,名詞,资源,資源を活用する / 資源が豊富 / 資源を管理する,11,真题,否,この国は天然資源にとぼしい。 / 現在、世界には環境問題や資源問題など早急に解決しなければならない課題が数多く存在する。,①资源，财源（自然資源｜自然资源）②原料（資源を活用する｜利用资源）,隐藏考点
決して,けっして,副詞,绝不,決して忘れない / 決して諦めない / 決して妥協しない,11,真题,否,あったけれど、 僕は決して友達を作ろうとはしなかった。 / ゴール直前では決して余計な力は使わず、 走り抜けるイメージでゴールしよう。,①绝对不（決して諦めない｜绝不放弃）②决不（決して言わない｜绝对不说）,隐藏考点
こだわる,こだわる,動詞,执着,品質にこだわる / 細部にこだわる / 方法にこだわる,11,真题,否,見た目にこだわらなくなった。 / というのは、素材にこだわった商品らしい。,①执着于（細かいことにこだわる｜执着于细节）②拘泥于（形式にこだわる｜拘泥于形式）,隐藏考点
湧く,わく,動詞,涌现,興味が湧く / やる気が湧く / アイデアが湧く,11,真题,否,締めくくれば、 明日への活力も湧くてきた。 / 仕事もまず表情を意識することで楽しい気持ちが湧いてくる。,①涌现（感情が湧く｜涌现感情）②涌出（湧き水が湧く｜涌出泉水）,隐藏考点
ぜひ,ぜひ,副詞,务必,ぜひ参加する / ぜひ試す / ぜひ来る,11,真题,否,この機会に是非ご購入くださいますようにご案内申し上げます。 / 中学生の田中さんは古い建物に興味があるので、この別館をぜひ見学したいと考えている。,①务必（ぜひ来てください｜务必来）②一定（ぜひやりたい｜一定想做）,隐藏考点
習得,しゅうとく,名詞,掌握,習得が必要 / 習得を目指す / 習得する方法,11,真题,否,スポーツ技術や 「(注5) 身のこなし」 / の習得には、神経回路に直接的に刺激を与えるようなトレーニン,①掌握（技術を習得する｜掌握技术）②学习（知識を習得する｜学习知识）,隐藏考点
間違い,まちがい,名詞,错误,間違いを訂正する / 間違いがある / 間違いに気づく,11,真题,否,自分の研究分野は、理系であることには間違いない。 / ごみの分別方法を変更するので、間違いなく分別してほしい。,①错误（間違いを犯す｜犯错误）②失误（間違いがある｜有失误）,隐藏考点
冊,さつ,接尾辞,册,冊を数える / 冊が届く / 冊を読む,11,真题,否,仕事に関することは何でも一冊のノートに / 本日貴社(注1)から教科書 40冊が届きました。,①册（本を一冊｜一本书）②卷（一冊の本｜一本书）,隐藏考点
押す,おす,動詞,按,ボタンを押す / 車を押す / 意見を押す,11,真题,否,種類以上のスタンプを押し / 先生にはんこを押してもらう,①按（ボタンを押す｜按按钮）②推（ドアを押す｜推门）,隐藏考点
乏しい,とぼしい,形容詞,匮乏,資源が乏しい / 知識が乏しい / 経験が乏しい,11,真题,否,このスープは塩味がとぼしい。 / ですから、ゾウの経験の乏しい新しい人に、特に一,①贫乏（資源が乏しい｜资源贫乏）②缺乏（経験が乏しい｜经验缺乏）,隐藏考点
いったい,いったい,副詞,究竟,いったい何がある / いったいどうなる / いったい誰が,11,真题,否,なのか知るのは、それを追求する / それだけに一体どういうものが「幸福」,①究竟（いったい何だ｜究竟是什么）②到底（いったいどうする｜到底怎么办）,隐藏考点
うれしい,うれしい,形容詞,高兴,うれしい気持ち / うれしい知らせ / うれしい瞬間,11,真题,否,ものが出来上がったときはうれしいということ / ものを作るときも完成したときもうれしいということ,①高兴（今日はうれしい日です｜今天是开心的一天）②开心（友達に会えてうれしい｜见到朋友很开心）,隐藏考点
もとづく,もとづく,動詞,基于,データにもとづく / 事実にもとづく / 原則にもとづく,11,真题,否,(注2) 順位制: 上下関係にもとづいてできた順序の決まり / 最新の研究に基づいた日本綜各事典が、歴史教育社から発行されます。,①基于（事実にもとづく｜基于事实）②依赖（経験にもとづく｜依赖经验）,隐藏考点
保存,ほぞん,名詞,保存,保存をする / 保存が必要 / 保存に注意する,11,真题,否,生ものは破れないように冷蔵庫に入れて保存してください。 / 旅先で集めたものを保存しておいて、多くの人たちと情報を交換するため,①保存（データを保存する｜保存数据）②保留（食材を保存する｜保存食材）,隐藏考点
街,まち,名詞,街道,街を歩く / 街が賑わう / 街に住む,11,真题,否,街で知らない人に道を問い合わせられた。 / 見知らぬ街の市場で珍しいものを見つけるため,①街道（街を歩く｜在街上走）②城市（大きな街｜大城市）,隐藏考点
落ちる,おちる,動詞,掉落,成績が落ちる / 気持ちが落ちる / 階段から落ちる,11,真题,否,ピートが落ちてしまい、よい記録が出にくい。 / その後はスピードが落ちてきても、それまでのペースを意識することで減速が抑,①掉落（リンゴが落ちる｜苹果掉了）②下降（点数が落ちる｜分数下降）,隐藏考点
翌日,よくじつ,名詞,翌日,翌日が楽しみ / 翌日まで待つ / 翌日が来る,11,真题,否,、 「起きてから寝るまでが今日」 / 翌日以降の受け取り、郵送も可能です。,①第二天（翌日、会議があります｜第二天有会议）②次日（翌日、旅行に出発｜次日出发）,隐藏考点
通知,つうち,名詞,通知,通知を受け取る / 通知が届く / 通知を確認する,11,真题,否,結果通知のはがきを持参する。 / 学校の行事等の通知文書のコピーを添えて申請する。,①通知（メールで通知する｜通过邮件通知）②告知（イベントの通知｜活动通知）,隐藏考点
あつかう,あつかう,動詞,处理,問題をあつかう / 商品をあつかう / 情報をあつかう,11,真题,否,今の若者は親から大事に扱われ、しかられた / こわれやすいので、丁寧にあつかってください。,①处理（問題をあつかう｜处理问题）②对待（お客様をあつかう｜对待顾客）,隐藏考点
報告,ほうこく,名詞,报告,報告をする / 報告がある / 報告を受ける,11,真题,否,報告書の数字をしゅうせいする / 報告書の電子ファイルを部長に送る,①报告（結果を報告する｜报告结果）②汇报（進捗を報告｜汇报进展）,隐藏考点
冬,ふゆ,名詞,冬天,冬が来る / 冬を楽しむ / 冬に備える,11,真题,否,北半球と南半球では夏と冬が矛盾している。 / 冬の寒さも緩み、 春の陽気が感じられるようになってきました。,①冬天（冬が来た｜冬天来了）②寒季（冬は寒い｜冬天很冷）,隐藏考点
費,ひ,接尾辞,费用,費がかかる / 費を抑える / 費を計算する,11,真题,否,学生が払うべきコピー代を、 広告費として後から企業に請求できるから / 飲食店に限らず、店を経営していくためには、材料費、光熱費、 店員の給料などさまざまなコストが,①费用（この費は高いです｜这个费用很高）②花费（時間を費やす｜花费时间）,隐藏考点
獲得,かくとく,名詞,获得,獲得を目指す / 獲得が難しい / 獲得するチャンス,11,真题,否,優秀な人材を獲得できなくなる。 / に客も獲得できるランチは、「おいしい」 54。,①获得（資格を獲得した｜获得资格）②取得（情報を獲得する｜获取信息）,隐藏考点
思い出す,おもいだす,動詞,回忆,記憶を思い出す / 経験を思い出す / 名前を思い出す,11,真题,否,孤独になったときこそ思い出される。 / ようになり、実際に試験をしてみるとまったく思い出せないということが起こる。,①回忆（昔のことを思い出す｜回忆过去）②想起（彼の顔を思い出す｜想起他的脸）,隐藏考点
固い,かたい,形容詞,坚固,固い意志 / 固い約束 / 固い信念,11,真题,否,必ずしも固い必要はない。 / て固い、それが普通の動物の口の特徴なのです。,①坚硬（固い石｜坚硬的石头）②严肃（固い表情｜严肃的表情）,隐藏考点
休暇,きゅうか,名詞,假期,休暇を取る / 休暇が楽しみ / 休暇を過ごす,11,真题,否,を導入した。 / アサヒビールは子供の誕生日や運動会などのために休暇を取れる「子育て休暇」,①假期（夏休暇が楽しみ｜期待暑假）②休息（休暇を取る｜请假）,隐藏考点
効率,こうりつ,名詞,效率,効率が良い / 効率を上げる / 効率的に働く,11,真题,否,スピードや(注1)効率性ばかりを / するのに (注2) 効率的な時間帯があることが分かっているそうです。,①效率（効率が良い｜效率高）②效能（作業の効率｜工作的效能）,隐藏考点
シンプル,しんぷる,形状詞,简单,シンプルにする / シンプルな方法 / シンプルなデザイン,11,真题,否,日本人は「シンプル」 / くて単純なことがシンプルだ」,①简单（シンプルなデザイン｜简单的设计）②朴素（シンプルな生活｜朴素的生活）,隐藏考点
交通,こうつう,名詞,交通,交通が混雑する / 交通を整備する / 交通事故が起きる,11,真题,否,*②~④でのご利用は、 交通機関の利用日と同じ日に限ります。 / 交通機関が発達することで、人々の移動できる範囲は確実に広がっている。,①交通（交通が混雑する｜交通拥堵）②运输（交通手段｜交通工具）,隐藏考点
えいよう,えいよう,名詞,营养,えいようが豊富 / えいようを摂取する / えいようが不足する,11,真题,否,えいようをやりすぎたこと / えいようのバランスがよい食事にしたいから,①营养（えいようが大切｜营养很重要）②养分（食事のえいよう｜饮食的养分）,隐藏考点
妥当,だとう,名詞,妥当,妥当な判断 / 妥当性を確認する / 妥当な理由,11,真题,否,理解が妥当かどうか確認しながら読むこと / 内容の論理性や妥当性などを考えながら読むこと,①妥当（妥当な判断｜合理的判断）②合理（妥当な価格｜合理的价格）,隐藏考点
欲,よく,名詞,欲望,欲が深い / 欲を満たす / 欲が出る,11,真题,否,しかし、所有欲をふくらませるに / たしかに、私たちはものへの所有欲が強い。,①欲望（物を欲しがる｜渴望物品）②欲求（何かを求める｜追求某种东西）,隐藏考点
今度,こんど,名詞,这次,今度の予定 / 今度は違う / 今度の機会,11,真题,否,今度は田中さんもしょうたいするつもりです。 / 山田 「今度の連休、木村さんは温泉にいくみたいだよ。,①这次（今度の旅行｜这次旅行）②下次（今度は行こう｜下次去）,隐藏考点
態度,たいど,名詞,态度,態度が変わる / 態度を改める / 態度が悪い,11,真题,否,場面に応じて適切な態度をとれる自分 / 昨日のあの人の態度はあいまいだった。,①态度（彼の態度が悪い｜他的态度不好）②姿态（堂々とした態度｜自信的姿态）,隐藏考点
限定,げんてい,名詞,限定,限定版を購入する / 限定がある / 限定商品,11,真题,否,現在、数量限定半額セールを実施中。 / 今日は少し寒くなったので、 エアコンの温度を高めに限定した。,①限制（数量を限定する｜限制数量）②限定版（限定商品｜限量商品）,隐藏考点
詳細,しょうさい,名詞,详细,詳細を確認する / 詳細が必要 / 詳細に説明する,11,真题,否,また、 お振り込み等の詳細については、歴 / なお、注文方法の詳細については、改めて説明会を行う予定です。,①详细（詳細な説明｜详细的说明）②细节（詳細を確認する｜确认细节）,隐藏考点
減らせる,へらせる,動詞,减少,コストを減らせる / 時間を減らせる,11,真题,否,自国でのごみを減らす取り組みについて / どうすれば不良品を減らせるか、 どうすれば作業,①可以减少（時間を減らせる｜可以减少时间）②能降低（コストを減らせる｜能降低成本）,隐藏考点
信ずる,しんずる,動詞,相信,可能性を信ずる / 未来を信ずる / 力を信ずる,11,真题,否,親に決められた生き方を信じられる。 / あの人は小さなことを大げさに言うので、そのまま信じないほうがいい。,①相信（彼を信ずる｜相信他）②信任（友を信ずる｜信任朋友）,隐藏考点
事典,じてん,名詞,词典,事典を引く / 事典が役立つ / 事典を読む,11,真题,否,岩田さんはこの事典をなるべく安く手に入れたい。 / 右のページは、 ある事典の販売に関する案内である。,①词典（辞書の事典｜词典）②百科全书（百科事典｜百科全书）,隐藏考点
交流,こうりゅう,名詞,交流,交流を深める / 交流がある / 交流を楽しむ,11,真题,否,東丘国際交流協会 留学生寮入居募集係 / 異文化交流の催促のために、ボランティア団体が毎月イベントを聞いている。,①交流（文化交流｜文化交流）②沟通（意見を交流する｜交流意见）,隐藏考点
祭,まつり,接尾辞,节日,祭が開催される / 祭に参加する / 祭を祝う,11,真题,否,に参加し / 右のページは、 ある文化祭の参加者募集の案内である。,①节日（お祭りがある｜有节日）②庆典（祭りを楽しむ｜享受庆典）,隐藏考点
思い出,おもいで,名詞,回忆,思い出を語る / 思い出がある / 思い出に残る,11,真题,否,自分のふるさとには嫌な思い出しかないから / 祖父はいつも若いころの思い出を懐かしそうに反省して私に話してくれる。,①回忆（楽しい思い出｜快乐的回忆）②记忆（昔の思い出｜过去的记忆）,隐藏考点
飽きる,あきる,動詞,厌倦,仕事に飽きる / 生活に飽きる / ゲームに飽きる,11,真题,否,よく言えば慣れてくる、悪く言えば飽きてくるのです。 / 事柄にもよるが、一般に、飽きる人間の方が下等で、飽きない人間の方が上等と思われている。,①厌倦（ゲームに飽きた｜厌倦游戏）②腻烦（同じことに飽きる｜腻烦同样的事）,隐藏考点
賛成,さんせい,名詞,赞成,賛成を得る / 賛成が多い / 賛成する意見,11,真题,否,AもBも、賛成している。 / (注4)~に賛同する: ここでは、~を理解して賛成する,①赞成（その意見に賛成｜赞成这个意见）②同意（彼の提案に賛成｜同意他的提案）,隐藏考点
清掃,せいそう,名詞,清扫,清掃を行う / 清掃が必要 / 清掃を依頼する,11,真题,否,今年も美木市内の海岸の清掃活動を実施します。 / 次は、ある団体のホームページに載っている海岸清掃活動の参加者募集の案内である。,①清扫（学校の清掃｜学校清扫）②打扫（部屋の清掃｜打扫房间）,隐藏考点
ペット,ぺっと,名詞,宠物,ペットを飼う / ペットが好き / ペットと遊ぶ,11,真题,否,また、 ボトルはペットボトルではな / しかし、 ペットボトルを好むといっても、その形や色については意見が,①宠物（犬はペットです｜狗是宠物）②伴侣动物（猫もペット｜猫也是宠物）,隐藏考点
手紙,てがみ,名詞,信件,手紙を書く / 手紙が届く / 手紙を送る,11,真题,否,手紙というものは、不思議な伝達手段である。 / りする(注1)ような手紙を書いてはいけない。,①信件（友達に手紙を書く｜给朋友写信）,隐藏考点
ビュフェ,びゅっふぇ,名詞,自助餐,ビュフェで食べる / ビュフェが人気 / ビュフェを楽しむ,11,真题,否,および 「みよし」 / レストラン 「ベルン」,①自助餐（ホテルのビュフェ｜酒店自助餐）,隐藏考点
自習,じしゅう,名詞,自学,自習をする / 自習が大切 / 自習の時間,11,真题,否,このメールを書いた人は、自習室のどのような問題を指摘しているか。 / 自習室をいつも利用している者ですが、お願いがあってメールしました。,①自学（図書館で自習｜在图书馆自学）,隐藏考点
黒鉛,こくえん,名詞,石墨,黒鉛を使う / 黒鉛が必要 / 黒鉛を取り扱う,11,真题,否,黒鉛と顔料は、色の元になるもので / 紙に書かれた文字の状態をそれぞれ簡単に説明すると、前者は細かくくだかれた黒鉛が紙の表面,①石墨（黒鉛の鉛筆｜石墨铅笔）,隐藏考点
長所,ちょうしょ,名詞,优点,長所を伸ばす / 長所がある / 長所を活かす,11,真题,否,T男全員分の長所の記入ができた。 / ってほしい、長所を見つける目を持ってほしい、という意図で提案した。,①优点（彼の長所は優しいこと｜他的优点是温柔）②长处（長所を伸ばす｜发展长处）,隐藏考点
着物,きもの,名詞,和服,着物を着る / 着物が美しい / 着物を選ぶ,11,真题,否,着物を着ることができるから / 着物を着た落語家が舞台に正座したまま、一人で何役も演じ、語って聞かせる。,①和服（伝統的な衣服です｜传统衣服）②衣服（一般的な服装です｜一般的服装）,隐藏考点
入会,にゅうかい,名詞,入会,入会を申し込む / 入会が決まる / 入会手続き,11,真题,否,に入会したいと思っている。 / 右のページは、 あるテニススクールの入会案内である。,①加入（団体に参加すること｜加入团体）②入会手続き（会員になる手続き｜入会手续）,隐藏考点
発芽,はつが,名詞,发芽,発芽を促す / 発芽が早い / 発芽する条件,11,真题,否,は発芽する」 / と思われがちです。,①发芽（植物が芽を出すこと｜植物发芽）②成長の始まり（成長の初期段階｜成长的初期）,隐藏考点
引退,いんたい,名·自サ,引退，退职,競技から引退する / 正式に引退する / 職場から引退する,10,两者,是,私が親と同居していた頃、既に引退した父が不機嫌になる種があった。 / ひどい風邪を引いてしまい、 明日のスピーチ大会は引退するしかない。,①退休（職業を辞めること｜退休）②退役（軍人が退くこと｜军人退役）,黄金词
餌,えさ,名,饵食；诱饵,餌を与える / 餌が必要 / 餌を買う,10,两者,是,えさの量が適切ではないこと / 動物に直接えさをあたえられるようになったから,①饲料（動物の食べ物｜动物的食物）②餌食（捕食されるもの｜被捕食的东西）,黄金词
活字,かつじ,名,活字，铅字,活字が印刷される / 活字を使う / 活字が読みやすい,10,两者,是,その案内の記事では、これまでの活字と新しい活字を比較して、いかに見やすく / 年から2001年にかけて、 全国紙として有名な新聞が、 基本の活字を少し大きなものに変,①活字（印刷に使う文字｜印刷用的文字）②印刷用文字（印刷に用いる文字｜印刷用文字）,黄金词
活躍,かつやく,名·自サ,活跃，活动,社会で活躍する / 積極的に活躍する / 国際的に活躍する,10,两者,是,という答えが多く返ってくる。 / 彼の今後の活躍に周囲の期待は高まる,①活跃（活動的に働くこと｜积极工作）②奮闘（努力して活動すること｜努力活动）,黄金词
活用,かつよう,名·他サ,有效利用,人材を活用する（合理利用人才）,10,两者,是,えではどこかに穴ができて、 あとで活用することができない。 / 科学に関心がないので、携帯電話などの機器を十分に活用していない。,①活用（効果的に使うこと｜有效利用）②利用（有効に使うこと｜有效使用）,黄金词
合計,ごうけい,名,合计,合計を計算する / 合計が出る / 合計を確認する,10,两者,是,合計で1万円以上ご購入の場合、 送料は略します。 / ・往復でご利用の場合、 配送料金の合計から200円の割引になります,①总计（合計の数値｜总计数值）②总和（合算した結果｜合算结果）,黄金词
攻撃,こうげき,名·他サ,攻击,相手を攻撃する / システムを攻撃する / 意見を攻撃する,10,两者,是,相手に噛みついて攻撃する。 / 相手を攻撃する道具としての口です。,①攻击（敵に対する行動｜对敌的攻击）②攻め（敵を攻めること｜攻击敌人）,黄金词
自体,じたい,名,本身,自体が重要 / 自体を理解する / 自体が変わる,10,两者,是,農作物自体の品質に基づいてつけること / 食の多様化自体は、食卓が豊かになるのだし悪いことではない。,①自身（例：自体が大事です｜自身很重要）②本身（例：自体は問題ない｜本身没问题）,黄金词
職場,しょくば,名,职场,職場で働く / 職場が変わる / 職場の雰囲気,10,两者,是,職場での人間関係を大事にするにはどうすればいいか。 / 職場で自分の努力を認めてもらうにはどうすればいいか。,①工作场所（例：職場に行く｜去工作场所）②职场环境（例：職場が楽しい｜职场很有趣）,黄金词
書類,しょるい,名,文件,書類を提出する / 書類が必要 / 書類を整理する,10,两者,是,この書類を至急コピーしてきてください。 / 重要な書類は必ず金庫に入れて、頑丈に管理してください。,①文件（例：書類を提出する｜提交文件）②资料（例：書類を整理する｜整理资料）,黄金词
人類,じんるい,名,人类,人類の歴史 / 人類が進化する / 人類の未来,10,两者,是,年に人類は初めて月に到達した。 / 社会に貢献し、 人類が進歩するため,①人类（例：人類の歴史｜人类历史）②人类社会（例：人類の未来｜人类的未来）,黄金词
制度,せいど,名,制度,制度を改革する / 制度が整う / 制度に従う,10,两者,是,新制度は9月1日付で新設した。 / れまでは看護で休む際にも診断書や薬袋のコピーなどを証拠として提出する必要があったが、 新制度は,①制度（例：制度を改革する｜改革制度）②体制（例：制度が必要｜需要制度）,黄金词
増加,ぞうか,名·自他サ,增加,人口が増加する / 数が増加する / 急速に増加する,10,两者,是,高齢者人口の増加が原因でしょうが、 新聞を読む人の総数 / 自社のイメージの向上や売り上げの増加などメリットの多い取り組みとなっている。,①增加（例：人口が増加する｜人口增加）②增多（例：増加傾向｜增多趋势）,黄金词
一言,ひとこと,名,一句话,一言で言うと / 一言が大切 / 一言を添える,10,两者,是,一言に心打たれることもあります。 / 先生の一言が、 私をこの研究にみちびいてくれた。,①一句话（例：一言で言うと｜一句话）②简短的言辞（例：一言お願いします｜请简短说）,黄金词
方針,ほうしん,名,方针,方針を立てる（制定方针）,10,两者,是,台風の方針がそれたので、特に被害は出なかった。 / 私の今年の方針は漢字を600 字覚えることだ。,①方针（例：方針を決める｜决定方针）②政策（例：方針が明確｜方针明确）,黄金词
生み出す,うみだす,他五,产生出，创造,作品を生み出す（创作出作品）,10,两者,是,(注4)もたらす: ここでは、生み出す / しかし、そうすることで、最速の思考が生み出され,①创造（例：新しいアイデアを生み出す｜创造新想法）②产生（例：利益を生み出す｜产生利益）,黄金词
たとえ,たとえ,副,即使，就算,たとえ失敗しても / たとえ困難でも / たとえそうでも,10,两者,是,たとえ読まれることのない / たとえ平凡な才能でも、 自分にピッタリの仕事を探せれば良いと思っている。,①即使（例：たとえ雨が降っても｜即使下雨）②即便（例：たとえ難しくても｜即便困难）,黄金词
モデル,もでる,名,模型；模范；模特,モデルを作る / モデルが必要 / モデルを参考にする,10,两者,是,村の人たちのしゅうにゅうを増やすため 4 新しいビジネスモデルを示すため / 環境団体が各商品の情報を常に書き換えているので、 最新のモデルを選ぶことができる,①模特（彼女はモデルです｜她是模特）②模型（このモデルは新しいです｜这个模型是新的）,黄金词
入学,にゅうがく,名詞,入学,入学を祝う / 入学が決まる / 入学手続き,10,真题,否,とする。 / 大学に入学してから、一人でくらしています。,入学（大学に入学しました｜入学大学）,隐藏考点
いく,いく,名詞,去,いくつかの選択肢 / いくに行く / いくのが楽しみ,10,真题,否,いくつかのコースを用意してくれる。 / 山田氏は有名な科学者で、いくつもの本に研究論文を掲示している。,①去（学校にいく｜去学校）②行く（友達といく｜和朋友去）,隐藏考点
合格,ごうかく,名詞,合格,合格を目指す / 合格が出る / 合格通知,10,真题,否,この試験に合格するのは簡単で / 友達の合格をみんなで祝った。,合格（試験に合格しました｜通过考试）,隐藏考点
植える,うえる,動詞,种植,木を植える / 花を植える / 野菜を植える,10,真题,否,木を植えることはいいことだ。 / でも、乾燥地帯に木を植えれば、少ししかない木が吸い取られる。,植える（花を植える｜种花）,隐藏考点
申し上げる,もうしあげる,動詞,说,お礼を申し上げる / ご報告を申し上げる / ご挨拶を申し上げる,10,真题,否,今後とも「ジミック」 / の製品をご愛用くださいますようお願い申し上げます。,申し上げる（感謝を申し上げます｜感谢您）,隐藏考点
リサイクル,りさいくる,名詞,回收,リサイクルをする / リサイクルが進む / リサイクルの重要性,10,真题,否,使用後の水はリサイクルされ、 再生装置からすべて供給される。 / 年に、 ステーションで使用した水をリサイクルする装置が設置された。,リサイクル（リサイクルが大切です｜回收很重要）,隐藏考点
完全,かんぜん,形状詞,完全,完全に理解する / 完全な解決策 / 完全にマスターする,10,真题,否,と思っているようだが、僕は完全には同 / いずれ装置が完全に機能すれば、地球から新たに水を運ぶ,完全（完全な計画です｜完全的计划）,隐藏考点
伸びる,のびる,動詞,伸展,能力が伸びる / 売上が伸びる / 背が伸びる,10,真题,否,たり、自信を持たせたり、伸びていくようにする / そして僕はそこからすくすくと伸びる一本の木なのだ。,伸びる（髪が伸びる｜头发在长）,隐藏考点
サッカー,さっかー,名詞,足球,サッカーをする / サッカーが好き / サッカーの試合,10,真题,否,サッカーでもバスケットボールでも、ひとりでボ / A「昨日、サッカーの試合見に行ったんでしょ?,サッカー（サッカーが好きです｜喜欢足球）,隐藏考点
有名,ゆうめい,形状詞,著名,有名になる / 有名な作品 / 有名な場所,10,真题,否,田中さんは数学の世間では有名だ / 山田氏は有名な科学者で、いくつもの本に研究論文を掲示している。,①著名，出名（彼は有名な俳優です。｜他是著名演员）②知名，闻名（この店は有名です。｜这家店很有名）,隐藏考点
記事,きじ,名詞,文章,記事を書く / 記事が掲載される / 記事を読む,10,真题,否,というような説 / 紙面に余裕ができるように記事の表現を簡略化したこと,①文章，报道（新聞の記事を読みました。｜读了新闻文章）②记录，记载（彼のブログに記事があります。｜他博客上有文章。）,隐藏考点
重い,おもい,形容詞,重,重い荷物 / 重い責任 / 重い気持ち,10,真题,否,実力のない者には自由は重すぎる。 / 文字が拡大されて辞書が以前より重くなったこと,①沉重，重的（荷物が重いです。｜行李很重。）②严重，艰难（問題が重いです。｜问题很严重。）,隐藏考点
向く,むく,動詞,朝向,方向を向く / 仕事に向く / 正面を向く,10,真题,否,この仕事、私には向いていないんだろうね。 / (注7) 内容がおるすになりやすい : 内容に注意が向かなくなりやすい,①朝向，面向（北に向いています。｜面向北方。）②适合，倾向（彼は教師に向いています。｜他适合当老师。）,隐藏考点
隠す,かくす,動詞,隐藏,事実を隠す / 感情を隠す / 情報を隠す,10,真题,否,はとても危険です。 / しかし、この「謙遜して努力を隠す対応」,①隐藏，掩藏（秘密を隠しています。｜我在隐藏秘密。）②遮掩，掩盖（顔を隠しています。｜我在遮住脸。）,隐藏考点
一生,いっしょう,名詞,一生,一生を共にする / 一生の思い出 / 一生懸命に働く,10,真题,否,(注5)真摯な:まじめで一生懸命な / (注2) 猛練習: 一生懸命練習すること,①一辈子，终生（彼は一生懸命働きます。｜他努力工作一辈子。）②一生的，终身的（一生の友達です。｜是终生的朋友。）,隐藏考点
年度,ねんど,名詞,年度,年度が始まる / 年度を決める / 年度末の報告,10,真题,否,昨年度セミナー受講者の声 / 年度 河山市市民セミナーII,①年度，学年（今年度の計画です。｜这是今年的计划。）②年份，年度（年度末の報告です。｜这是年度报告。）,隐藏考点
スムーズ,すむーず,形状詞,顺利,スムーズに進める / スムーズに運営する / スムーズな流れ,10,真题,否,(注5)円滑に:スムーズに、滑らかに / それに楽しいと思ってすることは、何かとスムーズに運び成果もあがるものだ。,①顺利，流畅（会議はスムーズに進みました。｜会议进行得很顺利。）②平滑，顺畅（スムーズな動きです。｜动作很平滑。）,隐藏考点
毎週,まいしゅう,名詞,每周,毎週会う / 毎週の予定 / 毎週の活動,10,真题,否,毎週 水曜 9:00~12:00 / 毎週金曜 13:00~16:00,①每周，周周（毎週会っています。｜我们每周见面。）②每星期（毎週の予定です。｜这是每周的计划。）,隐藏考点
係,かかり,名詞,负责人,係が決まる / 係を担当する / 係の仕事,10,真题,否,(岸本小学校バザー係:山田) / 河山市本町1-1-1 河山市役所市民課 市民セミナー係,①负责，相关（彼は係の者です。｜他是负责的人。）②部门，职务（係の仕事をしています。｜我在做部门的工作。）,隐藏考点
スーパー,すーぱー,名詞,超市,スーパーで買い物する / スーパーが混雑する / スーパーの特売,10,真题,否,河山市のスーパーに勤務している35歳の男性 / 近所のスーパーの隣にはクリーニング屋がある。,①超市（食料品を買う｜去超市买食品。）②大型商店（いろいろな商品がある｜有各种商品。）,隐藏考点
病院,びょういん,名詞,医院,病院に行く / 病院で治療を受ける / 病院が近い,10,真题,否,妻を病院に連れていくから / 病院に友だちのおみまいに行く,①医院（病気を治す場所｜这是治病的地方。）②医疗机构（手術を行う｜这里进行手术。）,隐藏考点
レンタル,れんたる,名詞,租赁,レンタルを利用する / レンタルに申し込む / レンタルが人気,10,真题,否,先週、車をレンタルした。 / [エイトのレンタルシステム],①租赁（映画をレンタルする｜我租了电影。）②借用（本をレンタルする｜我借了书。）,隐藏考点
しばらく,しばらく,副詞,一会儿,しばらく待つ / しばらく続ける / しばらく休む,10,真题,否,しばらく必要のない衣類など / しばらく様子を見ようと思う。,①一段时间（しばらくお待ちください｜请稍等一会儿。）②暂时（しばらく休む｜我暂时休息。）,隐藏考点
発揮,はっき,名詞,发挥,発揮する力 / 発揮が期待される / 発揮の場,10,真题,否,などと言われます。 / とか、 「個性を磨くべきだ」,①发挥（能力を発揮する｜发挥我的能力。）②展现（実力を発揮する｜展现我的实力。）,隐藏考点
珍しい,めずらしい,形容詞,稀有,珍しい動物 / 珍しい経験 / 珍しい景色,10,真题,否,見知らぬ街の市場で珍しいものを見つけるため / ハンバーガー店のような外食産業では非常に珍しい試みだ。,①稀有（珍しい動物｜这是稀有的动物。）②罕见（珍しい景色｜这是罕见的风景。）,隐藏考点
配達,はいたつ,名詞,配送,配達を依頼する / 配達が遅れる / 配達の時間,10,真题,否,商品番号を書いた来場者カードを販売スタッフに渡して配達日などを確認した後、 代金を支払う。 / これまで、事務用品は、 総務課で事務用品配達サービス会社に一括して注文、管理し、各課に支給し,①配送（荷物を配達する｜我在配送包裹。）②送货（新聞を配達する｜我在送报纸。）,隐藏考点
一部,いちぶ,名詞,一部分,一部を変更する / 一部が欠ける / 一部の情報,10,真题,否,特定の商品を買うと売り上げの一部が寄付されるというもの / 社員に定食代の一部が返金され、寄付をする余裕ができる。,①一部分（本の一部｜这是书的一部分。）②部分（一部の人｜这是部分人。）,隐藏考点
節約,せつやく,名詞,节约,節約を心がける / 節約が大切 / 節約の方法,10,真题,否,大学生にコピー代の節約を意識してもらうこと / 会社は社会の役に立つことができ、食堂の経費の節約にもなる。,①节省（お金を節約する｜我在节省钱。）②节约（時間を節約する｜我在节约时间。）,隐藏考点
利点,りてん,名詞,优点,利点がある / 利点を説明する / 利点を活かす,10,真题,否,社員や消費者が手軽に寄付ができて企業側にも利点があるもの / この仕組みは、広告を掲載する企業にとっても②利点がある。,①优点（この商品の利点｜这个商品的优点。）②好处（利点が多い｜有很多好处。）,隐藏考点
思いつく,おもいつく,動詞,想到,アイデアを思いつく / 方法を思いつく / 解決策を思いつく,10,真题,否,それに思いついてできたのです」 / ほかの人が思いつかない仕事を探すほうがいい。,①想到，想出（いいアイデアを思いついた｜我想到一个好主意。）②突然想到（急に思いついた｜我突然想到。）,隐藏考点
短,たん,接頭辞,短,短い時間 / 短い距離 / 短い文章,10,真题,否,短期間で人材を育てられなくなる。 / だが、宇宙開発は短期間で成果が得られるものではない。,①短的，短暂的（短い時間｜这是短时间。）②简短的（短い文章｜这是简短的文章。）,隐藏考点
休憩,きゅうけい,名詞,休息,休憩を取る / 休憩が必要 / 休憩時間,10,真题,否,仕事終わったので、休憩しよう。 / 分ほど休憩を隔てて、11時から再開します。,①休息，停顿（少し休憩しましょう｜我们休息一下吧。）②间歇（休憩時間｜这是休息时间。）,隐藏考点
しょう,しよう,名詞,将,しょうがない / しょうを考える / しょうを決める,10,真题,否,どうしようもない時には、逃げればいい。 / ハトは平和のしょうちょうだと言われている。,①将要，表示意图（行こうしょう｜我们要去吧。）②表示推测（明日は晴れしょう｜明天可能会晴。）,隐藏考点
飲む,のむ,動詞,喝,水を飲む / 薬を飲む / お酒を飲む,10,真题,否,お酒をたくさん飲みたいから / かぜ薬を飲んだが、利益が感じられない。,①喝，饮用（水を飲む｜我在喝水。）②吞下（薬を飲む｜我在吃药。）,隐藏考点
予報,よほう,名詞,预报,予報が外れる / 予報を確認する / 予報が出る,10,真题,否,天気予報がなかい、 今日は一日中快晴だった。 / 妻「ねえ、 最近、天気予報、当たらないよね。,①预报，预测（天気予報｜这是天气预报。）②预告（ニュースの予報｜这是新闻预告。）,隐藏考点
ファン,ふぁん,名詞,粉丝,ファンが多い / ファンになる / ファンを増やす,10,真题,否,のファンが急増しているらしい。 / ところで、彼ら鉄道ファンたちは50趣味を楽しんでいるのだろうか。,①迷，爱好者（彼のファンです｜我是他的粉丝。）②风扇（扇風機のファン｜这是风扇的风。）,隐藏考点
本物,ほんもの,名詞,真品,本物の宝石 / 本物を見分ける / 本物の価値,10,真题,否,もしそれが「物まね」 / 本物は買えないけど模型なら買えるし」,①真品，真实（本物の宝石｜这是本物的宝石。）②真正的（本物の友達｜这是本物的朋友。）,隐藏考点
こと,こと,名詞,事情,ことがある / ことを考える / ことが重要,10,真题,否,ごとからでも「自分にとって意味あること」 / を読みとれるということではないでしょうか。,①事情，事（大事なこと｜这是重要的事情。）②行为，动作（すること｜这是要做的事。）,隐藏考点
単に,たんに,副詞,仅仅,単に説明する / 単に問題を解く / 単に言う,10,真题,否,ただ単に安ければいいというものではないと思えてくる。 / せいでも何でもなく、単に復習をしていないだけだということが多いのだ。,①仅仅，只是（単に遊びです｜这仅仅是玩。）②简单地（単に言えば｜简单来说。）,隐藏考点
画面,がめん,名詞,画面,画面がきれい / 画面を共有する / 画面を見つめる,10,真题,否,パソコンの画面が映らなくなってしまった。 / Q:ゲームをしていたら、 急に画面が暗くなってしまいました。,①画面（例：画面がきれいです｜屏幕很清晰。）②画面（例：画面を切り替え｜切换屏幕。）,隐藏考点
中心,ちゅうしん,名詞,中心,中心に位置する / 中心が重要 / 中心を目指す,10,真题,否,(注2)神髄:中心となる本来の性質 / 庭の中心には池があり、 滝が約3メートルの高さから流れ落ちています。,①中心（例：中心に置く｜放在中心。）②中心（例：中心が大事｜中心很重要。）,隐藏考点
感じ,かんじ,名詞,感觉,感じが良い / 感じを伝える / 感じがする,10,真题,否,(注2)ぬくもり : あたたかい感じ / (注2)違和感 : いつもと違う感じ,①感觉（例：いい感じです｜感觉很好。）②感觉（例：不思議な感じ｜有种奇妙的感觉。）,隐藏考点
都合,つごう,名詞,方便,都合がいい / 都合を合わせる / 都合を考える,10,真题,否,都合のいい曜日をれんらくする / 自分を納得させるために、都合よく持つものなのだろう。,①方便（例：都合がいい｜这很方便。）②情况（例：都合を考える｜考虑情况。）,隐藏考点
引越,ひっこし,名詞,搬家,引越を手伝う / 引越が決まる / 引越の準備,10,真题,否,A社 海外引越サービス プラン比較 / B社 海外引越サービス プラン診断,①搬家（例：引越が決まった｜我决定搬家。）②迁移（例：引越の準備｜准备搬家。）,隐藏考点
最新,さいしん,名詞,最新,最新の情報 / 最新を追う / 最新の技術,10,真题,否,最新の技術を受け入れた製品について説明してもらいました / 最新の意味が、辞書に載ってない、 とはよく言われることである。,①最新（例：最新の情報｜这是最新的信息。）②最近（例：最新の技術｜这是最近的技术。）,隐藏考点
計算,けいさん,名詞,计算,計算が合う / 計算をする / 計算が難しい,10,真题,否,時間も通勤に使っている計算になる。 / 課長「そうか、じゃ、 もう一度計算して出して」,①计算（例：計算が難しい｜计算很难。）②算数（例：計算をする｜我在做算数。）,隐藏考点
発送,はっそう,名詞,发货,発送する荷物 / 発送が完了する / 発送の手続き,10,真题,否,台は今月末に発送を予定しております。 / 一部の商品の発送が遅れるので待ってほしい,①发货（例：発送の準備｜准备发货。）②寄送（例：発送します｜我会寄送。）,隐藏考点
以降,いこう,名詞,以后,以降の予定 / 以降に連絡する / 以降の時間,10,真题,否,翌日以降の受け取り、郵送も可能です。 / 製造が注文に追い付かず来月以降になる予定です。,①之后（例：以降の予定｜这是以后的计划。）②以后（例：以降は自由｜以后是自由的。）,隐藏考点
郵送,ゆうそう,名詞,邮寄,郵送する書類 / 郵送が遅れる / 郵送の手続き,10,真题,否,翌日以降の受け取り、郵送も可能です。 / 申し込みは以下の方法 (郵送)でお願いします。,①邮寄（例：郵送します｜我会邮寄。）②寄信（例：郵送の手続き｜这是邮寄的手续。）,隐藏考点
代表,だいひょう,名詞,代表,代表に選ばれる / 代表を務める / 代表が発表する,10,真题,否,・代表者を含む参加者全員の氏名(ふりがな) / ・代表者の氏名(ふりがな)、郵便番号、住所、電話番号,①代表，代理（彼が代表です｜他是代表。）②象征，标志（彼女は希望の代表です｜她是希望的象征。）,隐藏考点
郵便,ゆうびん,名詞,邮政,郵便が届く / 郵便を出す / 郵便のサービス,10,真题,否,それは父宛に届く郵便物の量 / ・代表者の氏名(ふりがな)、郵便番号、住所、電話番号,①邮政，邮件（郵便が届きました｜邮件到了。）②邮寄，寄送（郵便を出します｜我会寄信。）,隐藏考点
経営,けいえい,名詞,经营,経営が難しい / 経営を学ぶ / 経営の方針,10,真题,否,経営のプロからアドバイスを受けたから / 以下は、ある企業の経営者の考えである。,①经营，管理（会社を経営しています｜我在经营公司。）②运营，运作（経営が難しいです｜经营很困难。）,隐藏考点
分析,ぶんせき,名詞,分析,分析を行う / 分析が必要 / 分析の結果,10,真题,否,それだからこそ、精神分析学ではふと口をついて出る言葉を、精神分析の大切な(注 / 敗したのか、どうすれば同じミスをせずに済むかを落ち着いて分析することができない。,①分析，解析（データを分析します｜我会分析数据。）②剖析，研究（問題を分析する｜分析问题。）,隐藏考点
メッセージ,めっせーじ,名詞,信息,メッセージを送る / メッセージが届く / メッセージを受け取る,10,真题,否,による) / (黒石祐治「メッセージを高める 黒石の法則」,①信息，消息（メッセージを送ります｜我会发送信息。）②讯息，通知（メッセージが届いた｜信息已送达。）,隐藏考点
性質,せいしつ,名詞,性质,性質が異なる / 性質を理解する / 性質が重要,10,真题,否,(注2)神髄:中心となる本来の性質 / どん忘れていってしまう性質なのだ。,①性质，特性（物の性質を知る｜了解物品的性质。）②性格，特点（彼の性質は優しい｜他的性格很温柔。）,隐藏考点
あいまい,あいまい,形状詞,模糊,あいまいな表現 / あいまいにする / あいまいな状況,10,真题,否,昨日のあの人の態度はあいまいだった。 / とすれば、一見理解したようでいて実はまだあいまいさが,①模糊，不明确（答えがあいまいです｜答案不明确。）②含糊，暧昧（あいまいな表現｜含糊的表达。）,隐藏考点
学び,まなび,名詞,学习,学びを深める / 学びの場 / 学びを得る,10,真题,否,他人におしえることは、自分自身の学びにつながる。 / 他人におしえてもらうことは、 効果的な学びにつながる。,①学习，学问（学びを深める｜深入学习。）②领悟，体会（多くの学びがあります｜有很多领悟。）,隐藏考点
各自,かくじ,名詞,各自,各自の意見 / 各自が参加する / 各自の役割,10,真题,否,飲み物と調理器具は、各自が持参する。 / 発言の機会が多く、 各自の意見が認められたとき,①各自，各个（各自の意見があります｜每个人都有自己的意见。）②各人，各方（各自の役割を果たす｜各自履行角色。）,隐藏考点
作,さく,名詞,制作,作を発表する / 作が完成する / 作を楽しむ,10,真题,否,話題作は次々と変わるので、 共通の特徴がつかめないから / になっている話題作をせっせと追いかける、 というのは①もっとよくない。,①制作，创作（作品を作ります｜我会创作作品。）②做，制造（料理を作る｜做菜。）,隐藏考点
意欲,いよく,名詞,意愿,意欲がある / 意欲を持つ / 意欲を高める,10,真题,否,といった / しかし、意欲や行動力なら、気持ちを,①渴望，愿望（新しいことに挑戦したい意欲｜想挑战新事物的渴望。）②积极性，热情（仕事に対する意欲がある｜对工作有热情。）,隐藏考点
熱い,あつい,形容詞,热的,熱い飲み物 / 熱い情熱 / 熱い夏,10,真题,否,面が熱くなることがあります。 / 異常に熱くならないが注意して,①热的，温度高（熱いお茶を飲む｜喝热茶。）②热情的，激烈的（熱い議論が交わされた｜进行了激烈的讨论。）,隐藏考点
倍,ばい,名詞,倍数,倍になる / 倍の価値 / 倍の数,10,真题,否,絶好調の時間帯に2倍の (注7) ノルマを課し、 それ以外は軽く流す。 / また、 1960年から2010年の50年で、肉の消費量は約5倍に、 乳製品は約4倍に増えた。,①倍数，倍增（値段が倍になる｜价格翻倍。）②加倍，翻倍（努力を倍にする｜加倍努力。）,隐藏考点
思い込む,おもいこむ,動詞,相信,正しいと思い込む / 成功を思い込む / 誤解を思い込む,10,真题,否,大丈夫」 / 「物まね」,①深信，坚信（彼は勝てると思い込んでいる｜他坚信能赢。）②固执，执念（間違いだと考え込む｜固执地认为是错误。）,隐藏考点
器,うつわ,名詞,器具,器を使う / 器が必要 / 器を選ぶ,10,真题,否,住まいは「生活の器」 / であると言われている。,①器具，工具（料理の器を用意する｜准备料理的器具。）②才能，能力（彼は器が大きい｜他很有才能。）,隐藏考点
帯,おび,接尾辞,带,帯を締める / 帯が必要 / 帯を持つ,10,真题,否,するのに (注2) 効率的な時間帯があることが分かっているそうです。 / 「午前と午後に一度ずつ効率の上がる時間帯に、最も集中して勉強すれば効果的。,①带子，腰带（帯を締める｜系上腰带。）②范围，领域（この帯の色は美しい｜这个颜色很美。）,隐藏考点
ボックス,ぼっくす,名詞,盒子,ボックスに入れる / ボックスを開ける / ボックスがある,10,真题,否,が、いまだに「燃えるごみ」 / のボックスに入れてください。,①盒子，箱子（お菓子のボックス｜糖果盒子。）②包厢，座位（ボックス席に座る｜坐在包厢里。）,隐藏考点
キャンセル,きゃんせる,名詞,取消,キャンセルする理由 / キャンセルが出る / キャンセルの手続き,10,真题,否,ホテルの予約をキャンセルする / ・予約した時間に連絡なく15分以上遅れた場合はキャンセルとなります。,①取消，撤销（予約をキャンセルする｜取消预约。）②作废，失效（契約をキャンセルする｜取消合同。）,隐藏考点
工場,こうじょう,名詞,工厂,工場で働く / 工場が稼働する / 工場の見学,10,真题,否,米や野菜は、工場で生産され / 工場で作られる製品と同様に手間の多いことがわかるから,①工厂，制造厂（自動車の工場で働く｜在汽车工厂工作。）②生产地，作坊（この工場は大きい｜这个工厂很大。）,隐藏考点
湯,ゆ,名詞,汤,湯を沸かす / 湯が出る / 湯を注ぐ,10,真题,否,風呂の湯の熱い温度や腕時計を付けたときの (注2) 違和感など、 / 心臓から遠い足先などから温泉のお湯をゆっくり、 たっぷりかけていきま,①热水，汤（お風呂の湯が熱い｜浴缸里的水很热。）②汤水，液体（スープの湯を注ぐ｜倒入汤水。）,隐藏考点
家庭,かてい,名詞,家庭,家庭が大切 / 家庭を持つ / 家庭の事情,10,真题,否,が幸福だと思っている。 / AもBも、 家庭で一緒に遊べるようなロボットだと述べている。,①家庭，家人一起生活的地方（私の家庭は賑やかです｜我的家庭很热闹。）,隐藏考点
素材,そざい,名詞,材料,素材を選ぶ / 素材が豊富 / 素材を加工する,10,真题,否,だから、 良い素材を使うことによ / というのは、素材にこだわった商品らしい。,①材料，制作物品的原料（この料理の素材は新鮮です｜这道菜的材料很新鲜。）,隐藏考点
空港,くうこう,名詞,机场,空港に着く / 空港を利用する / 空港が混雑する,10,真题,否,平山空港から友人の家に、 ビン入りのジ / . 海外旅行から帰国した大原さんは、 今、 平山空港にいる。,①机场，飞机起降的地方（空港は混んでいます｜机场很拥挤。）,隐藏考点
規則,きそく,名詞,规则,規則を守る / 規則がある / 規則を変更する,10,真题,否,とかいわれる / 学習者のやる気が出るようにすべての規則を説明するべきだ。,①规则，约定的行为准则（学校の規則を守りましょう｜遵守学校的规则。）,隐藏考点
認識,にんしき,名詞,认识,認識が変わる / 認識を持つ / 認識を深める,10,真题,否,「必要な情報」 / 定の共通認識(注2)を持っています。,①认识，理解某事物的状态（彼の認識は正しいです｜他的认识是正确的。）,隐藏考点
かつて,かつて,副詞,曾经,かつて経験した / かつて訪れた / かつて存在した,10,真题,否,かつての旅は、道中が楽しかった。 / 鈴木氏は、かつてフランスに住んでいた。,①曾经，过去的某个时间（かつてここに住んでいました｜我曾经住在这里。）,隐藏考点
協会,きょうかい,名詞,协会,協会に参加する / 協会が設立される / 協会の活動,10,真题,否,本協会では、下記のとおり来年度の入居者を募集します。 / (日本放送協会・日本放送出版協会 (NHK出版) 編 『NHK 仕事学のすすめ 2010年10-1 1月号』による),①协会，组织共同活动的团体（スポーツ協会に参加しています｜参加体育协会。）,隐藏考点
専用,せんよう,名詞,专用,専用の道具 / 専用が必要 / 専用のスペース,10,真题,否,結果は、7月中旬に専用ウェブページ上で公開します。 / 専用の機械を使い、 ガラスのコップにオリジナルの絵や模様をつけます。,①专用，特定用途的（この道は専用です｜这条路是专用的。）,隐藏考点
配送,はいそう,名詞,配送,配送が早い / 配送を依頼する / 配送の手配,10,真题,否,商品ページには、東京への配送は店に商品があれば3日、取り寄せなら10日程度かかると書かれてい / 高さの合計が90cm で重さが 13kgのスーツケースを、配送会社の営業所に持っていって通常配送で送,①配送，送货到指定地点（商品は翌日配送されます｜商品次日配送。）,隐藏考点
出演,しゅつえん,名詞,出演,出演する機会 / 出演が決まる / 出演の準備,10,真题,否,それは出演者と観客との一体感から生まれる感動だ。 / これらの映像は、 何台ものカメラを使い、出演者の表情を近くから映したり,①出演，参与表演或节目（彼は映画に出演します｜他出演电影。）,隐藏考点
読解,どっかい,名詞,阅读理解,読解が難しい / 読解を練習する / 読解のテスト,10,真题,否,言葉知識 (文字・語彙・文法) ・ 読解 / 言語知識 (文字. 語彙. 文法) 読解,①理解文章（例：文章を読解する｜理解文章。）②理解能力（例：読解力を高める｜提高理解能力。）,隐藏考点
医療,いりょう,名詞,医疗,医療が進歩する / 医療を受ける / 医療の現場,10,真题,否,が、今年度より各自で指定の医療機関の中から選んで受診していただくことになりました。 / 定期健康診断についてこれまで定期健康診断は毎年9月にアラキ医療センターで実施してきました,①医疗服务（例：医療が必要です｜需要医疗。）②医学研究（例：医療の進歩｜医学在进步。）,隐藏考点
スーツケース,すーつけーす,名詞,行李箱,スーツケースを持つ / スーツケースが壊れる / スーツケースを開ける,10,真题,否,スーツケースをお選びください。 / スーツケースレンタル専朽 エイト,①旅行箱（例：スーツケースを持つ｜带着旅行箱。）,隐藏考点
娘,むすめ,名詞,女儿,娘がいる / 娘を育てる / 娘の友達,10,真题,否,[45] 遠足の日の朝、 娘は、 「いってきます」 / [46] 5歳の娘は、 私と同じ警察官になりたいと言っている。,①女儿（例：娘がいます｜我有一个女儿。）②女孩（例：娘が遊んでいる｜女孩在玩。）,隐藏考点
移転,いてん,名·自他サ,迁移，搬家,移転する予定 / 移転が完了する / 移転の理由,9,两者,是,「洋食レオナール」 / が一時休業し移転すること。,①搬迁地点（例：会社を移転する｜搬迁公司。）②转移位置（例：移転が決まった｜决定搬迁。）,社区推荐
開始,かいし,名·自他サ,开始,開始する時間 / 開始が遅れる / 開始の合図,9,两者,是,は、おかげさまで順調に売り上げを伸ばして / 昨日夏に販売を開始いたしました商品「エネルギーZ」,①开始行动（例：授業を開始する｜开始上课。）②启动程序（例：プロジェクトを開始｜启动项目。）,社区推荐
回数,かいすう,名,次数,回数を重ねる（屡次）,9,两者,是,けれども、50年で一日の食事の回数や / 分割払いの支払い回数を自由に決めることができる。,①次数（例：回数を数える｜数次数。）②频率（例：回数が多い｜频率很高。）,社区推荐
加工,かこう,名·他サ,加工,加工を行う / 加工が必要 / 加工の技術,9,两者,是,(注4)加工する: ここでは、作り上げる / 勉強とは加工業のようなものではないかと思います。,①加工处理（例：食品を加工する｜加工食品。）②制作工艺（例：加工技術｜制作工艺。）,社区推荐
教員,きょういん,名,教师,教員になる（当教师）,9,两者,是,大学の講義の多くは、聞いていれば済むし、 たまに意見を求める教員がいても、 / 受講する前に勉強してこなかったからと責める教員はいませんから、やりすごし(注1)さえすれば終わ,①教师身份（例：教員として働く｜作为教师工作。）②教育工作者（例：教員が集まる｜教育工作者聚集。）,社区推荐
講師,こうし,名,讲师,講師が教える / 講師に質問する / 講師の話,9,两者,是,講師の指導が具体的でわかりやすかった。 / 合同企業説明会 (講師: 各企業採用担当者),①授课老师（例：講師が来る｜讲师会来。）②讲座讲师（例：講師の話を聞く｜听讲师的讲座。）,社区推荐
工事,こうじ,名·自サ,工程，施工,工事中（正在施工）,9,两者,是,どうろ工事が行われるから / マンションの入り口に、水道工事のお知らせが掲示されていた。,①施工（建物の工事中です｜建筑正在施工。）②工程（工事が進んでいます｜工程在进行中。）,社区推荐
支配,しはい,名·他サ,支配,世の中を支配する（掌权治世）,9,两者,是,支配人「お客様を間違った部屋に案内してしまたそうだね」 / 実は、普段慣れている動作ほど、 その動作に対する神経支配がしっかりとできあがっているからだ。,①控制（彼は会社を支配している｜他控制公司。）②统治（国を支配する｜统治国家。）,社区推荐
処理,しょり,名·他サ,处理,処理を行う / 処理が必要 / 処理に時間,9,两者,是,なれば、一カ所当たり1ccの処理のはずが、2倍の2ccの処理になる。 / 働いている汗腺が100か所あって、そこで100ccの汗を作って出すという処理をしなければ,①处理（データを処理します｜处理数据。）②应对（問題を処理する｜应对问题。）,社区推荐
世間,せけん,名,社会，世上,世間が狭い / 世間に出る / 世間を知る,9,两者,是,田中さんは数学の世間では有名だ / この映画は動物の世間を描いた作品だ,①社会（世間の目が気になる｜在意社会的目光。）②人际关系（世間は狭い｜人际关系很小。）,社区推荐
余裕,よゆう,名,充裕,余裕がある / 余裕を持つ / 余裕がない,9,两者,是,紙面に余裕ができるように記事の表現を簡略化したこと / 寄付をするためには経済的に余裕がなければならない。,①富余（時間に余裕があります｜有时间的富余。）②宽裕（心に余裕を持つ｜心里要宽裕。）,社区推荐
我々,われわれ,名,我们,我々が行う / 我々にとって / 我々の意見,9,两者,是,我々は無条件にそう考えがちだ。 / 昔に比べれば、 我々の職業選択の幅ははるかに広がっている。,①我们（我々は行動する｜我们要行动。）,社区推荐
適する,てきする,自サ,适合；适当,教師に適した人（适合当老师的人）,9,两者,是,自分の能力に適した仕事が与えられ無理がないから / 自由に仕事を選べる環境で、誰もが自分に適した仕事をしたいと考えている。,①适合（この仕事に適する｜适合这份工作。）②合适（条件に適する｜条件合适。）,社区推荐
伴う,ともなう,自·他五,伴随,権力は責任を伴う（权力伴随责任）,9,两者,是,これは危険を伴う実験だ。 / 食の多様化に伴う問題も起き,①伴随（問題が伴う｜伴随问题。）②随之（変化が伴う｜变化随之而来）,社区推荐
用いる,もちいる,他上一,使用；采用,新人を用いる（录用新人）,9,两者,是,世界で初めて人工知能が用いられたロボットであるということ / 自分の行動や選択が間違っていなかったと思うために用いるもの,①使用（この道具を用いる｜使用这个工具）②采用（方法を用いる｜采用方法）,社区推荐
温かい,あたたかい,イ形,暖和的；温暖的,暖かい天気（暖和的天气）,9,两者,是,(注2)ぬくもり : あたたかい感じ / 花なんて暖かくなれば咲くものだと50,①温暖（温かい飲み物｜温暖的饮料）②热情（温かい歓迎｜热情的欢迎）,社区推荐
もともと,もともと,副,根本，本来,元々優れていた（本来就很优秀）,9,两者,是,(注2)そもそも:もともと / 木々がもともと持っているにおいを消す。,①本来，原本（もともとそう思っていた｜本来就这样想）②起初，最初（もともと友達だった｜最初是朋友）,社区推荐
深める,ふかめる,動詞,加深,深めることができる / 深めるために / 深める必要,9,真题,否,理解を深めたり、 見方を広げるように読むこと / これからも様々な国との相互理解を深めていこうと思う。,①加深，深化（理解を深める｜加深理解）②增进，拓展（関係を深める｜增进关系）,边缘词
景色,けしき,名詞,风景,景色が美しい / 景色を楽しむ / 景色を見る,9,真题,否,いつ出かけても、おなじ景色にめぐりあえる。 / 晴れている日は、この山頂からすばらしい景色が見える。,①风景，景色（美しい景色｜美丽的风景）②景象，情景（田舎の景色｜乡村的景象）,边缘词
残す,のこす,動詞,留下,残すことができる / 残すために / 残すべき,9,真题,否,このお金は、何かあった時に備えて残しておこう。 / 残された時間ですべてを利用することができないから,①留下，保留（思い出を残す｜留下回忆）②遗留，剩下（食べ物を残す｜剩下食物）,边缘词
大丈夫,だいじょうぶ,形状詞,没问题,大丈夫だと思う / 大丈夫に見える / 大丈夫な状況,9,真题,否,B「こちらは大丈夫ですよ。 / 絵がわからなくても大丈夫だ,①没问题，没事（大丈夫ですか？｜没问题吗？）②可靠，放心（大丈夫だと思う｜我觉得没问题）,边缘词
優勝,ゆうしょう,名詞,冠军,優勝を目指す / 優勝すること / 優勝が決まる,9,真题,否,できれば、きっと優勝できるだろう。 / 田中監督が選手たちに厳しくするのは、 一度は優勝を,①冠军，获胜（大会で優勝した｜在比赛中获胜）②胜利，第一名（優勝を目指す｜目标是冠军）,边缘词
季節,きせつ,名詞,季节,季節が変わる / 季節を感じる / 季節に合わせる,9,真题,否,季節のきっかけは風邪をひきやすい。 / 春が訪れ、過ごしやすい季節になりました。,①季节，时节（春の季節｜春天的季节）②时期，阶段（季節の変わり目｜季节的变换）,边缘词
かかえる,かかえる,動詞,抱怨,かかえる問題 / かかえる負担 / かかえる悩み,9,真题,否,彼は深刻な悩みをかかえているようだ。 / 不安を抱えたままでは問題を解決するのがむずかしい。,①抱，怀抱（子供をかかえる｜抱着孩子）②承担，负担（問題をかかえる｜承担问题）,边缘词
コラム,こらむ,名詞,专栏,コラムを書く / コラムを読む / コラムに掲載,9,真题,否,下の文章は雑誌のコラムです。 / 以下は、雑誌のコラムである。,①专栏，栏目（新聞のコラム｜报纸的专栏）②短文，评论（コラムを書く｜写短文）,边缘词
分ける,わける,動詞,分开,分けることができる / 分けるために / 分ける必要,9,真题,否,2組に分けて申し込む必要があり、 同じ時間に一緒に見学できない可能性もある。 / こう考えると、やはり、血液型によって性格がたった4種類に分けられるとは 54。,①分开，分配（グループに分ける｜分成小组）②区分，划分（種類を分ける｜区分种类）,边缘词
勝手,かって,名詞,随意,勝手にする / 勝手が良い / 勝手に決める,9,真题,否,などと、こちらが勝手にその人 / 人間関係もきっとさわやかでしょう」,①随心所欲（勝手にやってください｜请随意做）②自私自利（勝手な行動｜自私的行为）,边缘词
次第,しだい,名詞,次第,次第に変わる / 次第に進む / 次第に増える,9,真题,否,さ、性質、明瞭性などはしだいに弱まります。 / トップの姿勢次第で、他の出席者は積極的に参加す,①情况（次第に変わる｜情况逐渐变化）②顺序（次第に進める｜按顺序进行）,边缘词
おかげ,おかげ,名詞,多亏,おかげで助かる / おかげを受ける / おかげで成功,9,真题,否,は、おかげさまで順調に売り上げを伸ばして / 昨日夏に販売を開始いたしました商品「エネルギーZ」,①多亏（あなたのおかげです｜多亏了你）②恩惠（おかげで助かった｜多亏了你的帮助）,边缘词
面倒,めんどう,名詞,麻烦,面倒がかかる / 面倒をかける / 面倒を避ける,9,真题,否,面倒だが、やはりこの仕事は断れない。 / 販売店の皆様にはご面倒をおかけいたしますが、よろしくお願い申し上げます。,①麻烦（面倒な仕事｜麻烦的工作）②照顾（面倒を見る｜照顾他）,边缘词
両方,りょうほう,名詞,两者,両方を選ぶ / 両方が必要 / 両方を考える,9,真题,否,AとBの両方を読んで、後の問いに / 地球から運ばれる水と再生装置で作られた水の両方が使用される。,①两者（両方とも大切｜两者都重要）②双方（両方の意見｜双方的意见）,边缘词
流れ,ながれ,名詞,流动,流れが速い / 流れを変える / 流れに乗る,9,真题,否,説明の流れを変えないこと / 運よく時代の流れに乗れたから,①流动（川の流れ｜河流的流动）②趋势（時代の流れ｜时代的趋势）,边缘词
ニーズ,にーず,名詞,需求,ニーズに応える / ニーズを把握する / ニーズが高まる,9,真题,否,新聞だって「お客様は神様」 / でしょうから、その「神様」,①需求（市場のニーズ｜市场的需求）②需要（顧客のニーズ｜顾客的需求）,边缘词
いかに,いかに,副詞,如何,いかにして解決する / いかに重要 / いかに考える,9,真题,否,その案内の記事では、これまでの活字と新しい活字を比較して、いかに見やすく / になり、人材の育成に多大の努力を注ぐとともに、いかに公正な評価のシステムを組み込むのかという,①如何（いかにして解決するか｜如何解决）②怎样（いかに大切か｜有多重要）,边缘词
辞書,じしょ,名詞,词典,辞書を引く / 辞書に載っている / 辞書を使う,9,真题,否,言葉の正確な意味は辞書に問い合わせよう。 / とくに辞書は同じ内容で同じデザインで大きな,①字典（辞書を引く｜查字典）,边缘词
絞る,しぼる,動詞,挤压,絞ることができる / 絞るために / 絞る必要,9,真题,否,高齢者から情報を絞ったほうが良いという意見があったこと / ューをいくつかに絞るという方法で、コストをおさえているケースが多い。,①榨取（果汁を絞る｜榨果汁）②集中（考えを絞る｜集中思考）,边缘词
出かける,でかける,動詞,出门,出かける準備 / 出かける時間 / 出かけること,9,真题,否,いつ出かけても、おなじ景色にめぐりあえる。 / 講演会などに出かけて自己を磨いている人も多いはずだ。,①外出（友達と出かける｜和朋友外出）②出门（買い物に出かける｜出门购物）,边缘词
的確,てきかく,形状詞,准确,的確に伝える / 的確な判断 / 的確な情報,9,真题,否,話を聞いているときは「なるほどなあ」 / と思っていても、それを的確にメモしてなければ、あとに,①准确（的確な情報｜准确的信息）②恰当（的確な判断｜恰当的判断）,边缘词
得意,とくい,名詞,擅长,得意な分野 / 得意を活かす / 得意を持つ,9,真题,否,とほめられ / (注3)得手不得手(えてふえて): 得意不得意,①擅长（得意な科目｜擅长的科目）②得意洋洋（得意そうな顔｜得意的样子）,边缘词
返す,かえす,動詞,返回,返すことができる / 返すために / 返すべき,9,真题,否,の中に返していかなければならない。 / 例えば、私はよく「文章を書くのが速い」,①归还（本を返す｜归还书籍）②回报（恩を返す｜回报恩情）,边缘词
年間,ねんかん,名詞,年限,年間の計画 / 年間を通じて / 年間の目標,9,真题,否,同社には最大2年間を無給で休める育児休業制度もあるが、 利用できる制度の選択肢を増やす必 / から 16年間、独立するまで、 文章で (注6) 顧客にリポートを作る仕事でしたから速くないと困りま,①一年间（年間の計画｜一年的计划）②年度（年間の収入｜年度收入）,边缘词
年齢,ねんれい,名詞,年龄,年齢を重ねる / 年齢が上がる / 年齢に関係なく,9,真题,否,「大人」 / 「市民セミナーIII参加希望」,①年龄（年齢を聞く｜询问年龄）②岁数（年齢が若い｜年龄很小）,边缘词
締め切り,しめきり,名詞,截止,締め切りが迫る / 締め切りを守る / 締め切りを延ばす,9,真题,否,資料の締め切りが明日だから / 定員に達したら締め切りとなります。,①截止日期（締め切りが近い｜截止日期临近）②截止时间（締め切りを守る｜遵守截止时间）,边缘词
不思議,ふしぎ,名詞,奇怪,不思議な出来事 / 不思議に思う / 不思議な世界,9,真题,否,としても不思議ではないと思う。 / 症になっても不思議ではありません。,①神秘（不思議な現象｜神秘的现象）②奇怪（不思議な話｜奇怪的故事）,边缘词
最高,さいこう,名詞,最高,最高の結果 / 最高を目指す / 最高に楽しむ,9,真题,否,練習でも最高の力を出すこと / 本番で最高の実力を発揮させるためにすることを、練習と呼びます。,①最好（最高の結果｜最好的结果）②极限（最高の喜び｜极大的快乐）,边缘词
今月,こんげつ,名詞,这个月,今月の予定 / 今月の目標 / 今月のイベント,9,真题,否,台は今月末に発送を予定しております。 / 大手ハンバーガー店が今月16日から実施するのは次のどれか。,①这个月（今月の予定｜这个月的计划）②本月（今月の収入｜本月的收入）,边缘词
全額,ぜんがく,名詞,全额,全額を支払う / 全額返金 / 全額を受け取る,9,真题,否,新商品がまずければいつでも全額返金する。 / どの商品でもまずければ条件つきで全額返金する。,①全部金额（全額を支払う｜支付全部金额）,边缘词
咲く,さく,動詞,开花,咲く時期 / 咲く花 / 咲くことが楽しみ,9,真题,否,メやモモなど多くの木々が花を咲かせます。 / ところで、これらの花は、なぜ春に一斉に咲くのでしょう。,①开花（花が咲く｜花开了）,边缘词
ひどい,ひどい,形容詞,糟糕,ひどい状況 / ひどい目に遭う / ひどいことを言う,9,真题,否,これ、ひどく下手な書き方じゃないだろうか。 / (注3)しょげかえる : ひどくがっかりする,①糟糕的（ひどい目に遭う｜遭遇糟糕的事）②严重的（ひどい怪我｜严重的伤）,边缘词
支援,しえん,名詞,支持,支援を受ける / 支援が必要 / 支援を行う,9,真题,否,活を支援する、 というシステムを取り入れている。 / 社員の子育てを支援することで、日本の人口減少をくい止めること,①支持帮助（支援を受ける｜接受支持）②资助（経済的支援｜经济支持）,边缘词
素直,すなお,形状詞,坦率,素直に話す / 素直な気持ち / 素直に受け入れる,9,真题,否,結果が完璧でなくても、 「よくやった」 / 作者の意図が明確で素直に解釈できる作品,①坦率的（素直な気持ち｜坦率的心情）②顺从的（素直に従う｜顺从地服从）,边缘词
聞,きき,名詞,听,聞くことが大切 / 聞く耳を持つ / 聞く姿勢,9,真题,否,それから、質問とせんたくしを聞 / 結果が完璧でなくても、 「よくやった」,①听（音楽を聞く｜听音乐）②问（質問を聞く｜问问题）,边缘词
アドバイス,あどばいす,名詞,建议,アドバイスを受ける / アドバイスをする / アドバイスが役立つ,9,真题,否,経営のプロからアドバイスを受けたから / (注2) 助言 (じょげん) : アドバイス,①建议（アドバイスをする｜给建议）,边缘词
おかしい,おかしい,形容詞,奇怪,おかしいと思う / おかしい状況 / おかしいことを言う,9,真题,否,杯分以上でもおかしくない / と思うことは結構、 多いものである。,①奇怪的（おかしい話｜奇怪的故事）②好笑的（おかしいジョーク｜好笑的笑话）,边缘词
構成,こうせい,名詞,构成,構成を考える / 構成が重要 / 構成を見直す,9,真题,否,いずれも未来のイメージを構成するものである。 / 小説を、このように構成するのだ、 そこが心地いい(注3) のだ、とわかることである。,①构成（文章の構成｜文章的构成）②组成部分（構成要素｜组成部分）,边缘词
脳,のう,名詞,大脑,脳が働く / 脳を鍛える / 脳に良い,9,真题,否,脳を刺激し、汗腺への命令の伝わりをよくする。 / 汗が出ている時に冷えたものをとると、脳が「体は冷,①大脑（脳が働く｜大脑在工作）,边缘词
感じとる,かんじとる,動詞,感知,感じとることができる / 感じとるために / 感じとる能力,9,真题,否,(注)知覚する : 感じ取る / 目で見たものを心のなかに感じ取って描き表したもの,①感受到（例：気持ちを感じとる｜感受到情绪）②理解（例：相手の意図を感じとる｜理解对方的意图）,边缘词
火,ひ,名詞,火,火が燃える / 火を使う / 火を消す,9,真题,否,め、大変勝手ながら12月9日(火)に延期させていただきます。 / 日時 : 平成22年11月30日 (火) 10:00~15:00,①火焰（例：火が燃えている｜火在燃烧）②火灾（例：火が出た｜发生火灾）,边缘词
宿題,しゅくだい,名詞,作业,宿題をする / 宿題がある / 宿題を出す,9,真题,否,宿題のレポートはほぼ終わった。 / A「ねえ、夏休みの宿題、進んでる?,①作业（例：宿題をする｜做作业）,边缘词
おさめる,おさめる,動詞,收纳,おさめることができる / おさめるために / おさめる必要,9,真题,否,苦労がかない、彼は俳優として成功をおさめた。 / ついて、約1800項目が収められた事典です。,①收纳（例：本をおさめる｜收纳书籍）②完成（例：仕事をおさめる｜完成工作）,边缘词
連れる,つれる,動詞,带领,連れることができる / 連れるために / 連れる人,9,真题,否,妻を病院に連れていくから / 電車を見たがる子どもを連れて電車を見に,①带领（例：子供を連れる｜带着孩子）②陪伴（例：友達を連れる｜陪伴朋友）,边缘词
タイプ,たいぷ,名詞,类型,タイプが異なる / タイプを選ぶ / タイプに合わせる,9,真题,否,つまり、この2タイプは自分の仕事に対して無関係なのです。 / 鉄道ファンにはいろいろなタイプがあり、 楽しみ方も 54。,①类型（例：好きなタイプ｜喜欢的类型）②打字（例：タイプする｜打字）,边缘词
温暖,おんだん,形状詞,温暖,温暖な気候 / 温暖を保つ / 温暖な環境,9,真题,否,【テーマ】自国における地球温暖化対策 / あなたの国の地球温暖化対策や、それについての意見を紹介してください。,①温暖（例：温暖な気候｜温暖的气候）②温和（例：温暖な性格｜温和的性格）,边缘词
ご覧,ごらん,名詞,观看,ご覧いただく / ご覧になる / ご覧の通り,9,真题,否,詳しくはホームページをご覧ください。 / 史教育社ホームページをご覧ください。,①观看（例：ご覧ください｜请观看）②查看（例：ご覧になって｜请查看）,边缘词
取り除く,とりのぞく,動詞,去除,取り除くことができる / 取り除くために / 取り除く必要,9,真题,否,恐怖や不安を取り除くことが、安全に役立つ。 / . 木の皮を取り除いた幹の部分を原料とし、丈夫で破れにくい。,①去除（例：汚れを取り除く｜去除污垢）②消除（例：不安を取り除く｜消除不安）,边缘词
応ずる,おうずる,動詞,响应,応ずることができる / 応ずるために / 応ずる姿勢,9,真题,否,場面に応じて適切な態度をとれる自分 / 内容や教え方を相手に応じて変えられること,①响应（例：要望に応ずる｜响应要求）②适应（例：状況に応ずる｜适应情况）,边缘词
美しい,うつくしい,形容詞,美丽,美しい風景 / 美しい音楽 / 美しい瞬間,9,真题,否,秋の夜には紅葉と滝が美しく見える。 / 目で見たものを想像力で補い美しく描き表したもの,①美丽的（彼女は美しいです。｜她很美丽）②优雅的（美しい動き。｜优雅的动作）,边缘词
再,さい,接頭辞,再,再確認する / 再利用する / 再発見する,9,真题,否,が欲しいから / 自国の資源の再利用について,①再次（再度お会いしましょう。｜再见面吧）②重新（再確認してください。｜请重新确认）,边缘词
動作,どうさ,名詞,动作,動作が速い / 動作を確認する / 動作を行う,9,真题,否,しかし、動作の修正には多くの時間と繰り返しが必要であり、またその効果が上がらないことも多 / 実は、普段慣れている動作ほど、 その動作に対する神経支配がしっかりとできあがっているからだ。,①动作（動作が速い。｜动作很快）②行为（彼の動作は自然だ。｜他的行为自然）,边缘词
急ぐ,いそぐ,動詞,急忙,急ぐ必要がある / 急ぐことができる / 急ぐ時間,9,真题,否,急ぐものはプラン①で、その他のものはプラン②で送る。 / 急ぐものはプラン①で、その他のものはプラン③で送る。,①赶快（急いで行こう。｜赶快去）②匆忙（急いで準備する。｜匆忙准备）,边缘词
疲れる,つかれる,動詞,疲惫,疲れることがある / 疲れる前に / 疲れる原因,9,真题,否,昨日は残業で疲れちゃって。 / 少し疲れたので、友達に運転を交代してもらった。,①疲惫（仕事で疲れた。｜工作累了）②累（今日は疲れた。｜今天很累）,边缘词
壊れる,こわれる,動詞,破损,壊れることがある / 壊れる前に / 壊れる音,9,真题,否,買ってまだ一週間なのに、さっさと壊れた。 / こわれやすいので、丁寧にあつかってください。,①坏掉（おもちゃが壊れた。｜玩具坏了）②破裂（ガラスが壊れた。｜玻璃破了）,边缘词
耐える,たえる,動詞,忍耐,耐えることができる / 耐えるために / 耐える必要,9,真题,否,「寒さに強い」 / という選択肢を持っておく,①忍耐（辛さに耐える。｜忍耐痛苦）②承受（痛みに耐える。｜承受疼痛）,边缘词
発展,はってん,名詞,发展,発展を促す / 発展に寄与する / 発展が期待される,9,真题,否,宇宙開発に伴い近年の科学技術が発展したと言ってもよい。 / この町の発展はあわただしく、数年前とは様子がずいぶん変わりました。,①发展（国の発展。｜国家发展）②进步（技術の発展。｜技术进步）,边缘词
申し訳,もうしわけ,名詞,歉意,申し訳を伝える / 申し訳がある / 申し訳を感じる,9,真题,否,残り 10台につきましては誠に申し訳ございませんが、 / B 「申し訳ありません、山下はただいま会議で席を外しております。,①抱歉（申し訳ありません。｜很抱歉）②歉意（申し訳ない気持ち。｜感到歉意）,边缘词
怖い,こわい,形容詞,可怕,怖いがる / 怖い夢 / 怖い話,9,真题,否,落語には、怖い話や感動的な話もあるそうだ。 / (注3) 威嚇する: ここでは、ほえて相手を怖がるせる,①可怕（暗いのは怖い。｜黑暗很可怕）②害怕（彼は怖い顔をしている。｜他看起来很可怕）,边缘词
手段,しゅだん,名詞,手段,手段を選ぶ / 手段が必要 / 手段で解決する,9,真题,否,文字以外に表現手段がないから / 出す特定の手段のようなものは考えられない。,①方法，手法（成功の手段を考える｜考虑成功的方法）②手段，手脚（手段を選ばない｜不择手段）,边缘词
ながめる,ながめる,動詞,眺望,ながめる景色 / ながめる時間 / ながめること,9,真题,否,止まり、そして一日でも眺めていることができる。 / 好きなときに好きなだけ立ち止まって風景を眺められる点,①凝视，注视（空をながめる｜凝视天空）②欣赏，观赏（景色をながめる｜欣赏风景）,边缘词
人数,にんずう,名詞,人数,人数が増える / 人数を確認する / 人数が足りない,9,真题,否,日時と人数などを聞いてメモをした。 / ・はがき1通で申し込める人数は、 4人までです。,①人数，人数统计（参加人数を確認する｜确认参加人数）,边缘词
コスト,こすと,名詞,成本,コストを削減する / コストがかかる / コストを見積もる,9,真题,否,開発のコスト 4 はんばいの方法 / かかるが、そのコストをおさえられれば、商品の価格を下げても利益は上げることができる。,①成本，费用（コストを削減する｜减少成本）②代价，代价（コストが高い｜成本很高）,边缘词
穏やか,おだやか,形状詞,平静,穏やかに過ごす / 穏やかになる / 穏やかな気持ち,9,真题,否,(注) 安住する: ここでは、穏やかに過ごす / 穏やかな彼女がロックを聞くなんて、矛盾している。,①平静，安宁（穏やかな海｜平静的海）②温和，和善（穏やかな性格｜温和的性格）,边缘词
寮,りょう,名詞,宿舍,寮に住む / 寮で生活する / 寮がある,9,真题,否,年4月から寮に入居したいと思い、 自分の希望を / 寮ではみんなが合同でシャワールームを使っている。,①宿舍，宿舍楼（学生寮に住む｜住在学生宿舍）,边缘词
ランチ,らんち,名詞,午餐,ランチを食べる / ランチに行く / ランチが美味しい,9,真题,否,ランチメニューはなぜ安い? / ランチメニューを安くできる理由は単純明快だ。,①午餐，午饭（ランチを食べる｜吃午餐）,边缘词
メニュー,めにゅー,名詞,菜单,メニューを選ぶ / メニューが豊富 / メニューを確認する,9,真题,否,ランチメニューはなぜ安い? / ランチメニューを安くできる理由は単純明快だ。,①菜单，菜品（メニューを選ぶ｜选择菜单）②选项，选择（メニューが豊富｜菜单丰富）,边缘词
ケース,けーす,名詞,案例,ケースがある / ケースを考える / ケーススタディ,9,真题,否,適性が十分あるとかいうケースのほうが稀でしょう。 / ューをいくつかに絞るという方法で、コストをおさえているケースが多い。,①案例，情况（特別なケース｜特殊情况）②盒子，箱子（ケースに入れる｜放在盒子里）,边缘词
だんだん,だんだん,副詞,渐渐,だんだん増える / だんだん良くなる / だんだん寒くなる,9,真题,否,過程でだんだん引っ込んできたのはそのためです。 / 子供が熱を出したが、 薬を飲ませたらだんだん生き生きしてきた。,①渐渐，逐渐（だんだん良くなる｜渐渐变好）②越来越，愈加（だんだん寒くなる｜越来越冷）,边缘词
子育て,こそだて,名詞,育儿,子育てをする / 子育てが大変 / 子育てに悩む,9,真题,否,を導入した。 / (「子育て休暇」 2007年9月5日付日本経済新聞による),①养育孩子（例：子育てが大変です｜养育孩子很难）②育儿（例：子育てに時間がかかる｜育儿需要时间）,边缘词
駅前,えきまえ,名詞,车站前,駅前で待つ / 駅前に行く / 駅前の店,9,真题,否,駅前に新しくできたラーメン屋はいつも込んでいる。 / .この書店はもうすぐ商店街から引退し、駅前のビルの中で店を始めるらしい。,①车站前（例：駅前に行きます｜去车站前）②站前（例：駅前で待っています｜在站前等）,边缘词
か所,かしょ,名詞,地点,か所を訪れる / か所を選ぶ / か所が多い,9,真题,否,当日は、市の調査員とともに美安川の数か所を回り、調査を行います。 / 汗腺は人の体には200~500万か所ほどあるが、通常、そのうちの半分程度,①地方（例：いくつかのか所｜几个地方）②地点（例：重要なか所｜重要的地点）,边缘词
太陽,たいよう,名詞,太阳,太陽が昇る / 太陽を浴びる / 太陽が沈む,9,真题,否,そのため、光源の色や明るさが太陽の色とは変わって / ところが、私たちはふだん生活している中で、つまり太陽の光のもとで見たとき、 イ,①太阳（例：太陽が昇る｜太阳升起）②日光（例：太陽の光｜阳光）,边缘词
品質,ひんしつ,名詞,品质,品質が高い / 品質を保つ / 品質を確認する,9,真题,否,く含み、表面に傷がたくさんある粗末な品質のものだった。 / 品質に比べて値段が高いと言う人もいるが、 私は妥当な金額だと思う。,①质量（例：品質が高い｜质量很高）②品位（例：品質を重視する｜重视品质）,边缘词
スペース,すぺーす,名詞,空间,スペースが必要 / スペースを確保する / スペースで遊ぶ,9,真题,否,分別スペースにて、ゴミを分別する / 冷蔵庫の周囲に熱を逃すスペースがあ,①空间（例：スペースが必要です｜需要空间）②场所（例：広いスペース｜宽敞的场所）,边缘词
教師,きょうし,名詞,教师,教師になる / 教師が教える / 教師に相談する,9,真题,否,教師が社会生活上のルールを教えていない点 / 教師は生徒の模範となるような行動をとるべきだ。,①教师（例：教師になりたい｜想成为教师）②老师（例：優しい教師｜温柔的老师）,边缘词
予算,よさん,名詞,预算,予算を立てる / 予算が足りない / 予算を見直す,9,真题,否,多額の国家予算を使うにもかかわらず / ご予算に合わせて、花束をお作りします。,①预算（例：予算を立てる｜制定预算）②经费（例：予算が足りない｜预算不够）,边缘词
米,べい,名詞,米饭,米を炊く / 米が美味しい / 米を食べる,9,真题,否,日本食というと米の印象が強く、私は、日本人は米を一日三食食べていると思っていた。 / ある調査によると、1960年の日本の米の消費量は一人当たり年間約120キロだったが、2010年は約60,①大米（例：米を炊く｜煮米饭）②米国（例：米の文化｜美国文化）,边缘词
来年,らいねん,名詞,明年,来年に期待する / 来年の計画 / 来年が楽しみ,9,真题,否,なお、前回に続き、来年発売のマラソンシューズの構造について検討します。 / いただきましたが、 来年より 4月に会費(4月から翌年3月の1年分)を納めていただくことにな,①明年（例：来年行きます｜明年去）②下年（例：来年の計画｜明年的计划）,边缘词
並べる,ならべる,動詞,排列,並べる順番 / 並べること / 並べるのが得意,9,真题,否,(注2)列挙する : 並べる / (注1)展示(てんじ) する: 並べて見せる,①排列（本を並べる｜排列书籍）②摆放（花を並べる｜摆放花朵）,边缘词
載せる,のせる,動詞,载入,載せる情報 / 載せる内容 / 載せること,9,真题,否,けれども、 最新の意味を辞書に載せたとたん、その意味が消 / その辞書は、もう使われもしない古い意味を載せていることになる。,①放置（荷物を載せる｜放置行李）②刊登（記事を載せる｜刊登文章）,边缘词
流す,ながす,動詞,流动,流す音楽 / 流す水 / 流す時間,9,真题,否,ランニングをして汗を流す / りの意見に流されてしまうことだ。,①播放（音楽を流す｜播放音乐）②冲洗（水を流す｜冲洗水）,边缘词
養う,やしなう,動詞,养育,養うために / 養うこと / 養う責任,9,真题,否,力を養うのが勉強の (注3) 本質なのです。 / 簡単にあきらめない能力を養うためにどうしたらいいか。,①培养（子供を養う｜培养孩子）②维持（健康を養う｜维持健康）,边缘词
書店,しょてん,名詞,书店,書店で買う / 書店に行く / 書店が好き,9,真题,否,月15日までに書店で予約し、 2月1日に書店で全額を支払う。 / 1月15日までに書店で予約し、 1月20日までに全額を振り込む。,①书店（近くの書店｜附近的书店）,边缘词
しんけん,しんけん,名詞,认真,しんけんに取り組む / しんけんに考える / しんけんに話す,9,真题,否,学習者が真剣に取り組めるように工夫をするべきだ。 / あのころはまだ、 将来のことをしんけんに考えていなかった。,①认真（しんけんに取り組む｜认真对待）②严肃（しんけんな表情｜严肃的表情）,边缘词
ボランティア,ぼらんてぃあ,名詞,志愿者,ボランティアをする / ボランティアに参加する / ボランティア活動,9,真题,否,ボランティア団体に寄付する / 多くのボランティアの方の協力で,①志愿者（ボランティア活動｜志愿者活动）,边缘词
編集,へんしゅう,名詞,编辑,編集を行う / 編集が必要 / 編集を依頼する,9,真题,否,編集者とはそれくらい重要な仕事だと私は思う。 / 以下は、辞書の編集にかかわったことのある人が書いた文章である。,①编辑（記事の編集｜编辑文章）,边缘词
コンテスト,こんてすと,名詞,比赛,コンテストに参加する / コンテストがある / コンテストで優勝する,9,真题,否,習学生小論文コンテストの募集案内である。 / 次の学生のうち、このコンテストの応募条件を満たしているのは誰か。,①比赛（写真コンテスト｜摄影比赛）,边缘词
対策,たいさく,名詞,对策,対策を講じる / 対策が必要 / 対策を考える,9,真题,否,日本のオフィスでの節電対策について / 【テーマ】自国における地球温暖化対策,①对策（対策を講じる｜采取对策）②措施（対策を立てる｜制定措施）,边缘词
含める,ふくめる,動詞,包含,含めること / 含める内容 / 含める必要がある,9,真题,否,研修内容は、日程も含めて、今日中にお知らせします。 / 小論文は、要旨を含め5000字以内で書かなければならない。,①包含，包含在内（例：全員を含める｜包含所有人）②包括，纳入（例：費用を含める｜包括费用）,边缘词
辺り,あたり,名詞,附近,辺りを散歩する / 辺りが静か / 辺りの風景,9,真题,否,森さんはこの辺りに店を所有しているらしい。 / 髪が長いと首の辺りが暑いので、夏はいつも髪を畳んでいます。,①附近，周围（例：辺りを見回す｜环顾四周）②大约，左右（例：三時辺り｜大约三点）,边缘词
付き合う,つきあう,動詞,交往,付き合うこと / 付き合う相手 / 付き合う時間,9,真题,否,(注) ゴマンと付き合い、やっとそれがわかったのだから、 私は相当に鈍い。 / 交際、付き合い、コミュニケーション、愛、 会話─どのような呼び方をしてもいいけれども、,①交往，交际（例：友達と付き合う｜和朋友交往）②陪伴，陪同（例：彼と付き合う｜陪伴他）,边缘词
返送,へんそう,名詞,退回,返送を依頼する / 返送が必要 / 返送すること,9,真题,否,商品を返送する際には、 商品と一緒に納品書を返送してください。 / き、同封の返信用封筒に入れて、7月末日までにご返送くださいますようお願い申し上げます。,①退回，寄回（例：商品を返送する｜退回商品）②回寄，返回（例：書類を返送する｜返回文件）,边缘词
掃除,そうじ,名詞,清扫,掃除をする / 掃除が終わる / 掃除を手伝う,9,真题,否,ごみが減ってそうじの必要がなくなったから / 「掃除のために高いロボットを買わなくても」,①清扫，打扫（例：部屋を掃除する｜打扫房间）②整理，清理（例：掃除をする｜进行清理）,边缘词
返品,へんぴん,名詞,退货,返品を受け付ける / 返品ができる / 返品すること,9,真题,否,納品書の返品理由欄には、 / 返品・交換をご希望のお客様は、返品・交換係にまずご連絡ください。,①退货，退回（例：返品を受け付ける｜接受退货）②退换，换货（例：返品手続き｜退换手续）,边缘词
前日,ぜんじつ,名詞,前一天,前日までに / 前日が楽しみ / 前日を準備する,9,真题,否,"予約と料金の支払いは、利用の前日までに済ませておく。 / [27]テストの前日になってじたばたしてもしかたない,",①前一天，前日（例：前日に出発する｜前一天出发）②前天，前日（例：前日の日記｜前天的日记）,边缘词
復習,ふくしゅう,名詞,复习,復習をする / 復習が大切 / 復習を忘れない,9,真题,否,て復習の機会をつくらないと、一回本を読んだだけで「もうわかった。 / 学生時代の勉強は、いやでも復習がカリキュラムの中に織り込まれている(注1),①复习，温习（例：復習をする｜进行复习）②回顾，重温（例：復習の時間｜复习时间）,边缘词
常温,じょうおん,名詞,常温,常温で保存する / 常温が適切 / 常温で食べる,9,真题,否,に、常温の料理を好みません。 / 常温の料理を好んで食べたこと,①常温，室温（例：常温で保存する｜常温保存）②常态温度（例：常温の水｜常温的水）,边缘词
マネ,まね,名詞,模仿,マネをする / マネが上手 / マネを学ぶ,9,真题,否,他人の真似をする必要もありません。 / に、他人の作品をマネているのでは、自分の表現にはならないのではないか。,①模仿，效仿（例：マネをする｜模仿）②模仿行为（例：マネが上手｜擅长模仿）,边缘词
マーク,まーく,名詞,标记,マークをつける / マークが必要 / マークを確認する,9,真题,否,そのマークがあれば、文字で「トイレ」 / 公衆トイレの入り口に描かれている男女の絵のマーク。,①标记（特定の場所にマークをつける｜在特定地方标记）②符号（マークを付けた商品｜带标记的商品）,边缘词
折る,おる,動詞,折叠,折ることができる / 折るのが簡単 / 折る方法,9,真题,否,を利用し / 折り紙の「折って畳むこと」,①折叠（紙を折る｜折叠纸）②打断（骨を折る｜折断骨头）,边缘词
開ける,あける,動詞,打开,開けるドア / 開けること / 開ける音,9,真题,否,.時間をあけてから、選手と話し合いをする。 / 同じ話を二度と開けないと考えて、集中して開く,①打开（ドアを開ける｜打开门）②开启（新しい扉を開ける｜开启新门）,边缘词
打ち水,うちみず,名詞,洒水,打ち水をする / 打ち水が効果的 / 打ち水の時間,9,真题,否,私はそのとき初めて打ち水というもの / 夏休みに、友達に誘われて打ち水のイベントに参加しました。,①洒水（庭に打ち水をする｜在庭院洒水）②降温（気温を下げるための打ち水｜洒水降温）,边缘词
平日,へいじつ,名詞,工作日,平日が忙しい / 平日を過ごす / 平日が好き,9,真题,否,に入会したいと思っている。 / 付が開いている平日の開館時間には伺うことができません。,①工作日（平日は忙しい｜工作日很忙）②普通日（平日でも遊びに行く｜平日也去玩）,边缘词
香道,こうどう,名詞,香的艺术,香道を学ぶ / 香道が好き / 香道の技術,9,真题,否,「香道」 / 私は、 友人が香道の体験ができる教,①香道（香道を学ぶ｜学习香道）②香文化（日本の香文化｜日本的香文化）,边缘词
打ち合わせ,うちあわせ,名,事先商量,打ち合わせをする（碰头）,8,两者,是,どうりょうと打ち合わせをする / 他の打ち合わせの予定があるから,①会议（打ち合わせをする｜进行会议）②商谈（打ち合わせを行う｜进行商谈）,社区推荐
応援,おうえん,名·他サ,支援；声援,応援を求める（求援）,8,两者,是,なりたい自分になることを、服が応援してくれるはずだ。 / 応援してくださったことだと思います 4応援していただいたことだと思います,①支持（友達を応援する｜支持朋友）②助威（チームを応援する｜为团队助威）,社区推荐
需要,じゅよう,名,需要,需要に応える（满足需求）,8,两者,是,気象情報から食品の高度な需要 / この商品にはとぼしい需要しかない。,①需求（市場の需要が高い｜市场需求高）②需要量（需要が増加する｜需求增加）,社区推荐
瞬間,しゅんかん,名,瞬间,瞬間が大切 / 瞬間を楽しむ / 瞬間に感じる,8,两者,是,った達成の瞬間は訪れない。 / そもそも、ものを作って感じることの一つは、『完成した』という瞬間がいったいいつな,①瞬间（その瞬間を見逃す｜错过那一瞬间）②片刻（瞬間の出来事｜瞬间的事情）,社区推荐
食物,しょくもつ,名,食物,食物を選ぶ / 食物が豊富 / 食物を保存する,8,两者,是,市場で実際に売られている食物の記録をとるため / 人口が増えれば、 必要とされる食物や生活物資の量も増える。,①食用的东西（ご飯は食物です｜米饭是食物）②营养来源（食物から栄養を取る｜从食物中获取营养）,社区推荐
森林,しんりん,名,森林,森林を歩く / 森林が美しい / 森林を保護する,8,两者,是,しかし、 森林の役割を重視するあまり、 自然の循環を忘 / 乾燥地帯での森林の役割を見直して、木をどんどん植えるようと考えること,①树木繁茂的地方（森林が広がっている｜森林在扩展）②自然生态系统（森林は生態系です｜森林是生态系统）,社区推荐
続出,ぞくしゅつ,名·自サ,接连发生,事故が続出している（接连发生事故）,8,两者,是,満員電車から乗客が続出してきた。 / 最近は、天気の悪い日が続出している。,①接连出现（問題が続出している｜问题接连出现）②频繁发生（事故が続出した｜事故频繁发生）,社区推荐
立場,たちば,名,立场,立場を理解する / 立場が異なる / 立場を考える,8,两者,是,同じ分野の専門家でも、立場によって見解が異なる。 / その立場から少しでもふるさとがいい状態になるように努力したい。,①处境或位置（彼の立場を理解する｜理解他的立场）②观点或态度（立場を明確にする｜明确自己的立场）,社区推荐
調節,ちょうせつ,名·他サ,调节,音量を調節する（调节音量）,8,两者,是,Aは走り方を調節することが大切だと述べ、 / 寒かったら、エアコンの温度を調節してください。,①调整或控制（温度を調節する｜调整温度）②适应变化（環境に調節する｜适应环境）,社区推荐
添付,てんぷ,名·他サ,附上,写真を添付する（附上照片）,8,两者,是,添付ファイル: 7月11日技術部全体会議 / 検討項目は添付ファイルの通りですので、 ご確認ください。,①附加或附上（書類に添付する｜附加文件）②附带文件（メールに添付した｜附在邮件中）,社区推荐
身分,みぶん,名,身份,身分の高い人（地位高贵的人）,8,两者,是,当日は結果通知のは葉書または身分を証明するものを持参してください。 / . 1月6日から1月31日の間に竹本駅東駐輪場の管理人室に行き、申請書を提出し、身分証明証を,①身份或地位（彼の身分は高い｜他的身份很高）②社会角色（身分を明かす｜揭示身份）,社区推荐
命令,めいれい,名,命令,命令を堅く守る（严守命令）,8,两者,是,世話に慣れていない新人がウソに対して命令ばかりしてしまうから / ウソが新人をベテランだと思いこみ経験者の命令を聞かなくなるから,①指示或命令（上司の命令に従う｜遵从上司的命令）②命令的行为（命令を出す｜发出命令）,社区推荐
支える,ささえる,他下一,支撑；支持,一家の暮らしを支える（维持一家生活）,8,两者,是,私の国の食文化も私たちの健康を支えてくれていたのだろうか。 / 日本人が守ってきた伝統的な食文化は、日本人の健康を支えていたのだ。,①支持或支撑（彼を支える｜支持他）②帮助或扶持（家族を支える｜帮助家人）,社区推荐
妨げる,さまたげる,他下一,妨碍,交通を妨げる（妨碍交通）,8,两者,是,「嫌い」 / .「好き」,①阻碍或妨碍（進行を妨げる｜妨碍进展）②干扰或影响（仕事を妨げる｜干扰工作）,社区推荐
試す,ためす,他五,尝试,性能 [せいのう] を試す（试验性能）,8,两者,是,皆さんも、ぜひ試してみてください。 / いろいろ試してみたがうまくいかず、もう自分ではど,①尝试（新しいことを試す｜尝试新事物）②检验（能力を試す｜检验能力）,社区推荐
触れる,ふれる,自下一,接触；涉及,手で品物 [しなもの] に触れる（用手摸东西）,8,两者,是,異文化に触れたのがきっかけで、この仕事を始めた。 / AとBのどちらの文章にも触れられている点は何か。,①接触（手に触れる｜手接触）②提及（話題に触れる｜提及话题）,社区推荐
すなわち,すなわち,接续,即，换言之,すなわち言い換えると / すなわち重要な / すなわち意味する,8,两者,是,すなわち、休養することが試合にとって、今、 / すなわち日常と離れた場所へ移動することでそれは達成されます。,①也就是说（すなわち、こういうことだ｜也就是说，这样）,社区推荐
コーチ,こーち,名,教练,コーチに教わる / コーチが指導する / コーチと練習する,8,两者,是,コーチの指導が理解できない場合 / コーチの指導を受けながら走り方の修正に全神経を集中させて走る。,①教练（サッカーのコーチ｜足球教练）②辅导员（学生のコーチ｜学生辅导员）,社区推荐
スタート,すたーと,名,开始,スタートをきる（出发）,8,两者,是,からスタートすることであろうか。 / まず、スタートから60メートル付近までは上半身を前に倒すようにして一気に加速する、そして最,①开始（レースのスタート｜比赛开始）②出发（スタート地点｜出发地点）,社区推荐
円,えん,名詞,圆形,円を描く / 円が大きい / 円を測る,8,真题,否,円(1名分): 数種類のお肉と野菜がたっぷり / 円以上する店でも昼は1000円前後になるといったものだ。,①圆形（円の形｜圆的形状）②日元（日本円｜日本元）,边缘词
苦労,くろう,名詞,辛苦,苦労を重ねる / 苦労が多い / 苦労を理解する,8,真题,否,彼は苦労を重ねて、 社長にまでしゅっせした。 / 苦労がかない、彼は俳優として成功をおさめた。,①辛苦（苦労が多い｜很辛苦）②艰难（苦労を重ねる｜经历艰难）,边缘词
重ねる,かさねる,動詞,叠加,重ねることができる / 重ねる方法 / 重ねる時間,8,真题,否,のよいイメージを重ねていきます。 / 悪い印象を重ねてしまうようです。,①叠加（経験を重ねる｜积累经验）②重复（言葉を重ねる｜重复说）,边缘词
大げさ,おおげさ,形状詞,夸张,大げさに言う / 大げさな表現 / 大げさに反応する,8,真题,否,僕は作品を描い / 彼の話はいつも大げさだ。,①夸张（大げさな表現｜夸张的表达）②过于（大げさに言う｜说得过于夸张）,边缘词
デパート,でぱーと,名詞,百货商店,デパートで買い物する / デパートが近い / デパートに行く,8,真题,否,デパートに行って、 避難用のセットを買う / デパートに買い物に行く前に、 営業時間を取材しておこう。,①百货商店（デパートで買い物｜在百货商店购物）,边缘词
風邪,かぜ,名詞,感冒,風邪をひく / 風邪が治る / 風邪にかかる,8,真题,否,母は「風邪をひかないのは、 / 季節のきっかけは風邪をひきやすい。,①感冒（風邪をひいた｜感冒了）②风寒（風邪を引く｜得了风寒）,边缘词
白い,しろい,形容詞,白色,白い服 / 白い花 / 白い紙,8,真题,否,「置く」 / ということ,①白色（白い花｜白色的花）②纯洁（白い心｜纯洁的心）,边缘词
近づく,ちかづく,動詞,接近,近づく距離 / 近づく時間 / 近づく理由,8,真题,否,(広瀬弘忠『人はなぜ危険に近づくのか』 による) / 性格がその性格に近づいてしまっているということもあるそうです。,①接近（近づいてきた｜接近过来）②靠近（近づく音｜靠近的声音）,边缘词
築く,きずく,動詞,建立,築く家 / 築く関係 / 築く基盤,8,真题,否,その結果、今まで築いてきた人間関係まで壊してしまうことさえ / だれとでもよい関係を築いておけば、 初対面の人にもよいイメージを与えられる。,①建立（信頼を築く｜建立信任）②构建（家を築く｜构建家园）,边缘词
見直す,みなおす,動詞,重新审视,見直す必要 / 見直す時間 / 見直す機会,8,真题,否,乾燥地帯での森林の役割を見直して、木をどんどん植えるようと考えること / また、ノートに書いておけば、 自分の考えを後から見直すこともできます。,①重新审视（計画を見直す｜重新审视计划）②改正（意見を見直す｜修改意见）,边缘词
ペース,ぺーす,名詞,节奏,ペースを保つ / ペースが速い / ペースを変える,8,真题,否,高速度に達したら残りの距離はできるだけそのペースを守る。 / 会話も車の運転のように他者とペースを合わせることが求められるところ,①节奏（ペースを保つ｜保持节奏）②速度（ペースが速い｜速度很快）,边缘词
軽い,かるい,形容詞,轻的,軽い荷物 / 軽い運動 / 軽い気持ち,8,真题,否,本を軽くするために活字小さくなったこと / 人の話に軽く返事をしながら車のエンジンを温めること,①轻的（軽い荷物｜轻的行李）②简单（軽い問題｜简单的问题）,边缘词
鏡,かがみ,接尾辞,镜子,鏡を見つめる / 鏡が映る / 鏡に映る,8,真题,否,のなかで、(注1)老眼鏡を必要とする人の割合が増えたからです。 / (注1)老眼鏡: 年をとって近くが見えにくくなった人のための眼鏡,①镜子（鏡を見た｜看了镜子）②反射（鏡の中｜镜子里的反射）,边缘词
割合,わりあい,名詞,比例,割合が高い / 割合を計算する / 割合が低い,8,真题,否,用したい」 / または「やや利用したい」,①比例（割合が高い｜比例很高）②份额（割合を計算する｜计算份额）,边缘词
多少,たしょう,名詞,多少,多少の差 / 多少の時間 / 多少の費用,8,真题,否,って多少価格が高くなっても52。 / もっとも多少働いたとしても、仕事の本質はわからな,①多少（多少の問題｜一些问题）②一些（多少の人｜一些人）,边缘词
結局,けっきょく,名詞,结果,結局のところ / 結局はそうなる / 結局の結果,8,真题,否,満員で乗れず、結局、飛行機に間に合わなかった。 / 重要な提案なので会議できちんと言い訳をしたが、結局、賛成を得られなかった。,①结果，结局（映画の結局は驚きだった。｜电影的结局很惊人。）②最后，最终（結局、彼は来なかった。｜最后，他没来。）,边缘词
下記,かき,名詞,以下,下記の通り / 下記の内容 / 下記の情報,8,真题,否,て、申し込み締め切り日必着で、下記までお送りください。 / 下記①②③をイーメールに書き、 4月23日 (金)までに事務局へお申し込みください。,①以下，下面（下記の内容をご確認ください。｜请确认以下内容。）,边缘词
最大,さいだい,名詞,最大,最大の利益 / 最大の問題 / 最大の挑戦,8,真题,否,この「変化」 / した状態となるのです。,①最大，最大（これは最大の問題です。｜这是最大的问题。）②最重要，最关键（最大のポイントはここです。｜最重要的点在这里。）,边缘词
さつえい,さつえい,名詞,拍摄,さつえいを行う / さつえいの準備 / さつえい場所,8,真题,否,近くの公園でドラマのさつえいが行われた。 / 山田さんはいつもここから夕日を撮影している。,①拍摄，摄影（映画のさつえいが始まった。｜电影的拍摄开始了。）②制作，创作（新しいさつえいが楽しみです。｜期待新的制作。）,边缘词
腕,うで,名詞,手臂,腕を伸ばす / 腕が痛い / 腕を鍛える,8,真题,否,腕時計をはずして、 机の上に置いた。 / 中川さんは腕を畳んで、何か考えているようだった。,①手腕，能力（彼は腕がいい。｜他的能力很强。）②手臂，胳膊（腕を上げてください。｜请抬起手臂。）,边缘词
時計,とけい,名詞,钟表,時計を合わせる / 時計が壊れる / 時計を見る,8,真题,否,腕時計をはずして、 机の上に置いた。 / 時計の電池が切れてしまったので、新しいのに交代した。,①钟表，手表（新しい時計を買った。｜买了新手表。）②计时器，时间计量器（時計が壊れた。｜钟表坏了。）,边缘词
安定,あんてい,名詞,稳定,安定した状態 / 安定を保つ / 安定が必要,8,真题,否,会社のきぼが大きくて安定しているところ / さらにその物質には、人間の神経を安定させる効果もあると,①稳定，安定（経済が安定している。｜经济很稳定。）②安全，稳固（安定した生活が大切。｜安全的生活很重要。）,边缘词
返金,へんきん,名詞,退款,返金を受ける / 返金の手続き / 返金が遅れる,8,真题,否,新商品がまずければいつでも全額返金する。 / 通信販売などでは、 注文した商品が気に入らなければその代金を客に返金するという保証制度は一般的だが、,①退款，退还（商品に不満があったので返金した。｜因为对商品不满而退款。）②退钱，返还（返金手続きは簡単です。｜退款手续很简单。）,边缘词
まこと,まこと,名詞,诚实,まことの心 / まことを尽くす / まことの言葉,8,真题,否,しかし、その逆もまた真である。 / 眞夏の屋外でずっと仕事をしたら、 くたくたになった,①诚实，真实（彼はまことな人です。｜他是个诚实的人。）②真相，真理（まことのことを知りたい。｜想知道真相。）,边缘词
歩む,あゆむ,動詞,行走,歩む道 / 歩む速度 / 歩む方向,8,真题,否,地図に頼らずにまっすぐに歩む人生 / ゆっくり歩むからこそ、道ばたに咲く花に気づいたり、きれいな夕日を楽しむ気分になれるのです。,①走，行走（彼は道を歩む。｜他在路上走。）②前进，进展（新しい道を歩む。｜走上新路。）,边缘词
貴重,きちょう,形状詞,珍贵,貴重な経験 / 貴重な時間 / 貴重な資源,8,真题,否,整理のために人生の貴重な時間が奪われるから / 時間は貴重なので、休むときにも能率的に過ごしたほうがよい。,①珍贵的（貴重な宝物｜珍贵的宝物）②重要的（貴重な経験｜重要的经验）,边缘词
課題,かだい,名詞,课题,課題を解決する / 課題が多い / 課題に取り組む,8,真题,否,苦労して問題を片付け、課題を仕上げるのが楽しい。 / 現在、世界には環境問題や資源問題など早急に解決しなければならない課題が数多く存在する。,①课题（研究課題｜研究课题）②问题（解決すべき課題｜需要解决的问题）,边缘词
わずか,わずか,形状詞,仅仅,わずかに残る / わずかの時間 / わずかの差,8,真题,否,この10年で、この鳥の自然環境わずかに変化した / 第2には、わずかな傷も許さないなど見た目へのこだわりだ。,①仅仅（わずか一人｜仅仅一个人）②微小的（わずかの差｜微小的差别）,边缘词
移す,うつす,動詞,移动,移す場所 / 移す手間 / 移す時間,8,真题,否,思いをそのまま行動に移せていないのです。 / 思いが行動に移せていないときは、誤解されるだけ,①移动（荷物を移す｜移动行李）②转移（データを移す｜转移数据）,边缘词
手軽,てがる,形状詞,简单,手軽にできる / 手軽な方法 / 手軽な料理,8,真题,否,社員や消費者が手軽に寄付ができて企業側にも利点があるもの / 新しい寄付の形で、これまでと比べ手軽に寄付できるようになり、社会貢献がしやすくなった。,①简单的（手軽な料理｜简单的料理）②方便的（手軽に使える｜方便使用）,边缘词
複雑,ふくざつ,名詞,复杂,複雑な問題 / 複雑な状況 / 複雑な関係,8,真题,否,また、 電気自動車は構造が複雑ではないため、 一人用または二人用の小 / 日本文化にはいろいろな (注3) 相反する要素が複雑に絡みあって、それらを生かしたま,①复杂的（複雑な問題｜复杂的问题）②难以理解的（複雑な気持ち｜难以理解的心情）,边缘词
膨大,ぼうだい,名詞,庞大,膨大なデータ / 膨大な量 / 膨大な情報,8,真题,否,コンピュータは一人の人が覚えきれない、そもそも普通なら出会うこともない膨大な情報を記憶しており、われわれはそ / 人間が問題を解決する過程は、コンピュータが膨大 (ぼうだい) なデータから必要な情報を引き出す過程と同じだ。,①庞大的（膨大なデータ｜庞大的数据）②大量的（膨大な費用｜大量的费用）,边缘词
服装,ふくそう,名詞,服饰,服装がカジュアル / 服装を整える / 服装に気を使う,8,真题,否,注意事項:服装はスーツとし、筆記用具を持参すること。 / 結婚式の後のパーティーには手軽な服装で来てください。,①服饰（カジュアルな服装｜休闲的服装）②穿着（服装を整える｜整理服装）,边缘词
衣類,いるい,名詞,衣物,衣類を整理する / 衣類が多い / 衣類を選ぶ,8,真题,否,最近、「可燃ごみ」 / の回収日に出すことになっ,①衣物（衣類の整理｜整理衣物）②服装（衣類を選ぶ｜选择衣服）,边缘词
プリンター,ぷりんたー,名詞,打印机,プリンターが壊れる / プリンターを使う / プリンターの設定,8,真题,否,いつも「ジミック」 / のプリンターをご愛用いただき、ありがとうございます。,①打印机（プリンターが故障｜打印机坏了）②输出设备（プリンターで印刷｜用打印机打印）,边缘词
習う,ならう,動詞,学习,習うことが多い / 習う時間 / 習う内容,8,真题,否,最近、子どもがピアノを習いたいと言いだした。 / 人前で話すのが苦手なのは、 学校で話し方を習わなかったからだ。,①学习（日本語を習う｜学习日语）②练习（楽器を習う｜练习乐器）,边缘词
誕生,たんじょう,名詞,出生,誕生の瞬間 / 誕生を祝う / 誕生の記念,8,真题,否,を導入した。 / 三つの市の合同で、県で一番大きな市が誕生した。,①出生（子供の誕生｜孩子的出生）②诞生（新しい技術の誕生｜新技术的诞生）,边缘词
許す,ゆるす,動詞,允许,許すことができる / 許す理由 / 許す限界,8,真题,否,ように生きる」 / ことが許され、 「逃げる」,①允许（行動を許す｜允许行为）②原谅（過ちを許す｜原谅错误）,边缘词
あく,あく,動詞,恶化,あくが出る / あくを取る / あくが強い,8,真题,否,紙袋に穴があいていたので、セロテープでふさいだ。 / (注5)粗悪(そあく) 品: 粗末(そまつ)で質が悪いもの,①打开（ドアがあく｜门打开了）②空闲（時間があく｜有空闲时间）,边缘词
代わり,かわり,名詞,替代,代わりに行く / 代わりをする / 代わりの品,8,真题,否,青山君の代わりに営業に行くこと / そういう場合には、上司はしかる代わりに「どうしたんだ。,①替代（友達の代わり｜替代朋友）②代替（代わりの方法｜替代的方法）,边缘词
遊び,あそび,名詞,玩耍,遊びに行く / 遊びが好き / 遊びを楽しむ,8,真题,否,(山川学而『遊びと文化』 による) / 仕事そのものも、「仕事は趣味や遊びとはちがう。,①玩耍（子供が遊び｜孩子在玩耍）②游戏（遊びの時間｜游戏时间）,边缘词
ポイント,ぽいんと,名詞,要点,ポイントを押さえる / ポイントが重要 / ポイントをまとめる,8,真题,否,てすべてを (注4)頭ごなしに叱るのではなく、ポイントで叱るのです。 / 人間というのは、 自分でわかっていることに関しては手早くポイントだけを取り出して相手に教えて、,①要点（重要なポイント｜重要要点）②积分（ポイントを貯める｜积累积分）,边缘词
パーティー,ぱーてぃー,名詞,聚会,パーティーを開く / パーティーに参加する / パーティーが盛り上がる,8,真题,否,結婚式の後のパーティーには手軽な服装で来てください。 / 楽しみにしていたパーティーなのに、中止なんて本当にものたりない。,①聚会（誕生日パーティー｜生日聚会）②宴会（クリスマスパーティー｜圣诞宴会）,边缘词
多,さわ,形状詞,多,多くの人 / 多くの選択肢 / 多くの経験,8,真题,否,AもBも、 多機能で値段が安いロボットだと述べている。 / しかし、動作の修正には多くの時間と繰り返しが必要であり、またその効果が上がらないことも多,①多（人が多い｜人很多）②许多（多くの選択肢｜许多选择）,边缘词
固定,こてい,名詞,固定,固定された位置 / 固定する方法 / 固定が必要,8,真题,否,(注1)固定観念:簡単には変わらない考え / 走るフォームは一度固定されると変えられないから,①固定（固定された位置｜固定位置）②稳定（固定された状態｜稳定状态）,边缘词
安心,あんしん,名詞,安心,安心できる場所 / 安心を得る / 安心が大事,8,真题,否,A社との間には頑丈な信頼関係があるので安心です。 / 山田「子供が安心して遊べる場所がなくなったからだと思います。,①安心，心情平静（彼は安心している。｜他很安心。）②放心，消除担忧（心配がなくなったので安心だ。｜没有担心所以放心。）,边缘词
遅い,おそい,形容詞,慢,遅い時間 / 遅い反応 / 遅い進行,8,真题,否,時間帯が遅ければ遅いほど成績が上がる。 / あの時のことを今ごろ謝ってもとっくに遅いよ,①慢，速度慢（彼は遅いバスを待っている。｜他在等慢巴士。）②晚，时间晚（遅い時間に帰る。｜晚回家。）,边缘词
すごい,すごい,形容詞,厉害,すごい成果 / すごい技術 / すごい経験,8,真题,否,受賞できるとは思わなかったので、すごくうれしいです。 / A「このレストラン、すごく人気があるから、予約して行ったほうがいいね」,①厉害，了不起（彼の技術はすごい。｜他的技术很厉害。）②惊人，令人惊讶（すごい景色だ。｜真是惊人的景色。）,边缘词
秋,あき,名詞,秋天,秋の風 / 秋の味覚 / 秋の景色,8,真题,否,もう秋になるの、今日の暑さは / 秋の夜には紅葉と滝が美しく見える。,①秋天，季节（秋は美しい季節です。｜秋天是美丽的季节。）,边缘词
建,けん,名詞,建立,建を進める / 建が必要 / 建を作る,8,真题,否,けんこうしんだん書を用意する / そんなふうに家族の形が変わったとき、今まで住んでいた家を建,①建造，建设（新しい家を建てる。｜建造新房子。）,边缘词
間に合う,まにあう,動詞,赶上,間に合う時間 / 間に合う方法 / 間に合うかどうか,8,真题,否,満員で乗れず、結局、飛行機に間に合わなかった。 / すべての商品の製造が間に合わないので来月以降の発送になる,①赶上，及时到达（電車に間に合った。｜赶上电车了。）,边缘词
成犬,せいけん,名詞,成年犬,成犬になる / 成犬の特徴 / 成犬を飼う,8,真题,否,子イヌと成犬を区別できないイヌ / 挨拶できるイヌが挨拶しない成犬に,①成年犬，成熟的狗（成犬は大人の犬です。｜成年犬是大狗。）,边缘词
生き物,いきもの,名詞,生物,生き物が多い / 生き物を観察する / 生き物の世界,8,真题,否,他の生きものに対しての人間の役割をもっと考える / (針山孝彦『生き物たちの情報戦略------生存をかけた静かなる戦い』による),①生物，活的东西（生き物がたくさんいる。｜有很多生物。）,边缘词
名所,めいしょ,名詞,名胜,名所を訪れる / 名所が多い / 名所を紹介する,8,真题,否,自然の風景や名所旧跡は静的である。 / らぬ土地へ出かけたら、観光名所は省略しても、市場へは足をはこぶ。,①名胜，著名的地方（この町の名所は美しい。｜这个城镇的名胜很美。）,边缘词
競う,きそう,動詞,竞争,競う相手 / 競うことが多い / 競う場面,8,真题,否,私たちはテストのたびに学年でトップを競っていた。 / 古典的名著ともなれば評論でもさまざまな解釈が競われるこどがあえうが、 ふつうは評論の主張はは,①竞争，争夺（彼らは速さを競っている。｜他们在比速度。）②比拼，较量（技術を競う。｜比拼技术。）,边缘词
自覚,じかく,名詞,自觉,自覚がある / 自覚を持つ / 自覚が必要,8,真题,否,理の世界」 / 知識の不足を自覚して評論を読む人,①自我意识（自覚が大切です｜自我意识很重要。）②自我认知（自覚を持つこと｜要有自我认知。）,边缘词
博物,はくぶつ,名詞,博物馆,博物館を訪れる / 博物館の展示 / 博物館が面白い,8,真题,否,松川歴史博物館別館では、明治時代の政治家の別荘を別館として公開しています。 / 楽遊の表示がある博物館、美術館、寺院、庭園などで、このパスをお見せください。,①博物学（博物館に行きました｜我去了博物馆。）②自然科学（博物の研究｜研究自然科学。）,边缘词
痛い,いたい,形容詞,疼痛,痛いところ / 痛い思い / 痛い経験,8,真题,否,昨日からかたが痛いんです。 / いたいことを伝えられないことが不満な人,①疼痛（頭が痛いです｜头很痛。）②痛苦（心が痛い｜心里很痛。）,边缘词
昼,ひる,名詞,白天,昼の時間 / 昼に行く / 昼の活動,8,真题,否,円以上する店でも昼は1000円前後になるといったものだ。 / 飲食店には、 夜だけでなく昼も営業して、 ランチメニューを出しているところも多い。,①白天（昼に出かけます｜白天出门。）②午餐时间（昼ごはんを食べる｜吃午饭。）,边缘词
未,ひつじ,接頭辞,未完成,未完成の作品 / 未完成の計画 / 未完成の状態,8,真题,否,箱に入った未使用のヘアドライヤーと説明書 / 日用品、食料品、台所用品、食器、かばんなどを受けつけておりますが、いずれも未使用のものに限ら,①未完成（未だ終わっていない｜还没完成。）②未成年（未成年者の権利｜未成年人权利。）,边缘词
製,せい,接尾辞,制造,製品を作る / 製の品質 / 製の技術,8,真题,否,緑茶のボトルに関する②ある消費者調査の結果を見ると、 金属製ボトルに対し / また、 勝手ながら家具、 電気製品、 おもちゃは受け付けておりませんので、ご遠慮,①制造（製品を作る｜制造产品。）②制作（製作過程｜制作过程。）,边缘词
育児,いくじ,名詞,育儿,育児が大変 / 育児をする / 育児の方法,8,真题,否,とする。 / サヒは(注2)要件を育児全体に広げ、 社員の子育てを後押しする。,①抚养孩子（育児が大変です｜抚养孩子很辛苦。）②教育（育児に関する本｜关于教育的书。）,边缘词
問う,とう,動詞,询问,問うことが大事 / 問う姿勢 / 問う機会,8,真题,否,年齢を問わず、 渡すことができる。 / この数十年の変化の中で、もっとも大きく変わったものは何かと問われると、私は人生の選択肢が (注,①询问（質問を問う｜询问问题。）②质疑（真実を問う｜质疑真相。）,边缘词
壁,かべ,名詞,墙壁,壁にぶつかる / 壁を作る / 壁がある,8,真题,否,そのため、 仕事などで壁にぶ / アルファベットを使わない国での初めての開催であったため、特に問題になったのが、言葉の壁だった。,①墙壁（壁に絵がある｜墙上有画。）②障碍（壁を乗り越える｜克服障碍。）,边缘词
楽遊,らくゆう,名詞,娱乐,楽遊を楽しむ / 楽遊の時間 / 楽遊が好き,8,真题,否,京都楽遊パスで、京都を楽しもう! / パスについている楽遊オリジナルガイ,①娱乐活动（楽遊が好きです｜我喜欢娱乐活动。）②轻松玩乐（楽遊の時間｜轻松玩乐的时间。）,边缘词
さっさと,さっさと,副詞,迅速,さっさと行く / さっさと終わる / さっさと食べる,8,真题,否,買ってまだ一週間なのに、さっさと壊れた。 / 雷が鳴り出したと思ったら、さっさと雨が降り出した。,①迅速地（さっさと行こう｜快点去吧。）②干脆地（さっさとやめて｜干脆地停止。）,边缘词
肉,にく,名詞,肉类,肉を焼く / 肉が好き / 肉を食べる,8,真题,否,しており、肉や乳製品の消化が苦手だという。 / 鍋ふたでふさぐと、 中の肉に熱が通りやすくなります。,①肉类（肉を食べる｜吃肉。）②肉体（肉体労働｜体力劳动。）,边缘词
海,うみ,名詞,海洋,海で泳ぐ / 海が見える / 海に行く,8,真题,否,「美木 海の会」 / 事務局 電話 : 01-4321-5577,①海洋（海が広がる｜海洋很广阔。）②大海（大海原｜大海原。）,边缘词
照明,しょうめい,名詞,照明,照明をつける / 照明が明るい / 照明を調整する,8,真题,否,という公害に / 異なる照明のもとで見た色,①照明设备（照明をつける｜打开照明。）②光线（照明が明るい｜光线很亮。）,边缘词
冷える,ひえる,動詞,变冷,冷えると痛む / 冷えるのが早い / 冷える季節,8,真题,否,になっていませんか? / 冷えるまでお待ちください。,①变冷（体が冷える｜身体变冷。）②冷却（飲み物が冷える｜饮料变冷。）,边缘词
新入,しんにゅう,名詞,新入生,新入生が来る / 新入生に会う / 新入生が多い,8,真题,否,新入生をサークルに勧誘した。 / 新入社員の仕事を補足するのが私の役割です。,①新入生（新入生が来た｜新入生来了。）②新员工（新入社員が入った｜新员工加入了。）,边缘词
雪,ゆき,名詞,雪花,雪が降る / 雪を見る / 雪で遊ぶ,8,真题,否,、寒い地域では雪や氷が原因でスリップ事故が多発する。 / 明日は朝から冷え込んで、 山に近い分野では雪になるそうだ。,①雪花（雪が降る｜下雪了。）②积雪（雪が積もる｜积雪很厚。）,边缘词
あちこち,あちらこちら,代名詞,到处,あちこち行く / あちこち探す / あちこちにある,8,真题,否,一週間以上あちこち探しているが見つからない。 / 私は体が生き生きしているうちに、 あちこち旅行をしたいと思う。,①到处（あちこち探す｜到处寻找。）②各处（あちこち行く｜各处去。）,边缘词
棚,たな,名詞,架子,棚に置く / 棚を作る / 棚が高い,8,真题,否,(注2) 自分のことを棚に上げて:ここでは、 自分ができるかどうかに関係なく / ですから、 私がすべてのマネージャーに伝えているのは、 「自分のことを棚に上げて(注2)、ス,①架子（本棚がある｜有书架。）②储物架（棚に置く｜放在架子上。）,边缘词
実感,じっかん,名詞,真实感,実感が湧く / 実感を持つ / 実感する,8,真题,否,絵がわかったという実感が大切だ / 自分たちの手元にまで届いているのだと実感する。,①真实感（実感が湧く｜有真实感。）②切身感受（実感を持つ｜要有切身感受。）,边缘词
以来,いらい,名詞,以来,以来ずっと / 以来の出来事 / 以来の友達,8,真题,否,このパソコンは発売以来、順調に売り上げを伸ばし、 人気商品になった。 / り、それ以来、ポケットティッシュを道で配ることが定着していったらしい。,①自从（例：彼は日本に以来｜自从他来到日本。）②以来（例：それ以来、ずっと｜自那以后，一直。）,边缘词
初回,しょかい,名詞,首次,初回の放送 / 初回に参加する / 初回の反応,8,真题,否,初回は1月20日までにお振り込みください。 / 支払い回数:3回 (初回9900円、 第2回~第3回月9500円),①第一次（例：初回の放送｜第一次播出。）②首次（例：初回の参加｜首次参加。）,边缘词
ポケット,ぽけっと,名詞,口袋,ポケットに入れる / ポケットがある / ポケットから出す,8,真题,否,用に配るためのポケットティッシュを開発した。 / ケットなどに入れて持ち歩けるポケットティッシュだ。,①口袋（例：ポケットに入れる｜放进口袋。）②小袋（例：小さなポケット｜小口袋。）,边缘词
ありのまま,ありのまま,名詞,如实,ありのままを受け入れる / ありのままの自分 / ありのままに話す,8,真题,否,という言葉である。 / 自分のことをありのままに語れるようになる。,①如实（例：ありのままの自分｜如实的自己。）②真实（例：ありのままを見せる｜展示真实。）,边缘词
発想,はっそう,名詞,想法,発想を変える / 発想が豊か / 発想を練る,8,真题,否,による) / 料理の発想力を高めること,①想法（例：新しい発想｜新的想法。）②创意（例：発想を広げる｜拓展创意。）,边缘词
スタイル,すたいる,名詞,风格,スタイルが良い / スタイルを変える / スタイルにこだわる,8,真题,否,は、 「人がアッと驚くよ / であることが多いでしょう。,①风格（例：独自のスタイル｜独特风格。）②样式（例：スタイルを変える｜改变样式。）,边缘词
星,ほし,名詞,星星,星が輝く / 星を見る / 星に願いを,8,真题,否,という公害に / 都会で星は見られないのでしょうか。,①星星（例：夜空の星｜夜空中的星星。）②明星（例：彼は人気の星｜他是受欢迎的明星。）,边缘词
返信,へんしん,名詞,回复,返信を待つ / 返信が来る / 返信を書く,8,真题,否,ご返信いただきたくよろしくお願いいたします。 / き、同封の返信用封筒に入れて、7月末日までにご返送くださいますようお願い申し上げます。,①回复（例：メールの返信｜邮件回复。）②答复（例：返信を待つ｜等待回复。）,边缘词
期日,きじつ,名詞,截止日期,期日が迫る / 期日を守る / 期日を延ばす,8,真题,否,支払いの期日を20日まで延ばしてもらいたい。 / 支払いの期日について内田様に確認を取りたい。,①截止日期（例：期日を守る｜遵守截止日期。）②期限（例：期日が近い｜期限快到了）,边缘词
恋愛,れんあい,名詞,恋爱,恋愛が始まる / 恋愛を楽しむ / 恋愛に悩む,8,真题,否,何も恋愛に限らないけれど、 そのような深い体験をもっていると、 / もしつらい恋愛で苦しんだ人が、 ある恋愛ものを読んで慰められたとすると、 そのときのこと,①恋爱（例：恋愛が始まる｜恋爱开始了）②爱情（例：恋愛の悩み｜爱情烦恼）,边缘词
持続,じぞく,名詞,持续,持続可能な / 持続する力 / 持続的な成長,8,真题,否,(山本博『持続力』による) / 意欲を持続させるためには、,①持续，维持（努力を持続する｜持续努力）②持续时间（持続時間が長い｜持续时间长）,边缘词
曲,きょく,名詞,曲子,曲を作る / 曲が流れる / 曲を聴く,8,真题,否,曲によってはリラックスできないから、 反対だ / 私はこれくらいのテンポの曲が歌いやすいと思う。,①曲子，音乐（この曲が好きです｜我喜欢这首歌）②弯曲，曲线（道が曲がっている｜路弯了）,边缘词
徒歩,とほ,名詞,步行,徒歩で行く / 徒歩の距離 / 徒歩で移動する,8,真题,否,北門から登山鉄道で山頂へ→徒歩で植物園へ / →植物園前からボートで北口前へ→徒歩で北口へ,步行，走路（徒歩で行く｜步行去）,边缘词
元気,げんき,名詞,健康,元気が出る / 元気をもらう / 元気でいる,8,真题,否,「出身地を元気にしたいと思っています」 / という言葉を聞くたびに②羨ましくなる。,①健康，精神（元気な子供｜健康的孩子）②活力，精神状态（元気が出る｜有活力）,边缘词
遠い,とおい,形容詞,遥远,遠い場所 / 遠い未来 / 遠い親戚,8,真题,否,高くても遠い場所でのんびり過ごせればよかった。 / そんな楽器がそろったオーケストラの演奏が聴ける日もそう遠くはないか,远，距离大（家が遠い｜家很远）,边缘词
中断,ちゅうだん,名詞,中断,中断する / 中断がある / 中断を避ける,8,真题,否,この山には、曲がって枯れた木や中断した木がたくさんある。 / 林さんは今勤めている会社を中断して、 別の会社に転職するらしい。,中断，暂停（作業を中断する｜暂停工作）,边缘词
雰囲気,ふんいき,名詞,氛围,雰囲気がいい / 雰囲気を楽しむ / 雰囲気を変える,8,真题,否,絵の雰囲気や調子がつかみにくいこと / 絵と物語の、雰囲気や調子が異なること,氛围，气氛（いい雰囲気の店｜气氛好的店）,边缘词
東,ひがし,名詞,东方,東に行く / 東の空 / 東の方角,8,真题,否,東丘国際交流協会 留学生寮入居募集係 / 東丘国際交流協会 留学生寮入居者募集係 〒199-0001 東丘市南区 591,东，方向（東の方角｜东边）,边缘词
暖房,だんぼう,名詞,暖气,暖房をつける / 暖房が効く / 暖房が必要,8,真题,否,暖房使用についてのお願い / 節電のため、室内温度は22度以下に設定するとともに、 使用していない場所の暖房を切ること、退社,暖气，取暖设备（暖房をつける｜开暖气）,边缘词
公演,こうえん,名詞,演出,公演がある / 公演に行く / 公演を楽しむ,8,真题,否,しかし、生の公演を鑑賞することの良さの一つに、 自分の視点で楽しめるということがある。 / かつては、演劇の公演は生で鑑賞することが一般的だったが、 最近は、 自宅で公演のビデオやDVD を,演出，表演（公演がある｜有演出）,边缘词
乗り越える,のりこえる,動詞,克服,乗り越えることが大切 / 乗り越える力 / 乗り越えるために,8,真题,否,自分の能力で乗り越えられないことはない。 / そして、 自分の能力で困難を乗り越えることができたとき、面白さやよろこびを感じるのです。,①克服（困難を乗り越える｜克服困难）②越过（山を乗り越える｜越过山）,边缘词
具合,ぐあい,名詞,情况,具合が悪い / 具合を聞く / 具合を確認する,8,真题,否,具合でも悪いのだろうか、 / 弊社のデジタルカメラ「BS-ZG1」,①情况（具合が悪い｜感觉不舒服）②状态（具合を見て｜看情况）,边缘词
歌手,かしゅ,名詞,歌手,歌手になる / 歌手が歌う / 歌手のコンサート,8,真题,否,よく歌手のようにうまく歌いたい / [46]姉は歌手の赤川ケイの大ファンで、彼女の,①歌唱者（有名な歌手｜有名的歌手）,边缘词
受診,じゅしん,名詞,就诊,受診する / 受診の予約 / 受診が必要,8,真题,否,が、今年度より各自で指定の医療機関の中から選んで受診していただくことになりました。 / 翌年3月までの間で受診日を決め、 直接医療機関に予約を入れて受診するようにしてください。,①就诊（病院を受診する｜去医院就诊）,边缘词
サポート,さぽーと,名詞,支持,サポートを受ける / サポートが必要 / サポートを提供する,8,真题,否,サポートを受けたい日本語の文章 / このサポートを受けられるのは誰か。,①支持（サポートを提供する｜提供支持）②援助（サポートが必要｜需要帮助）,边缘词
男,おとこ,名詞,男性,男がいる / 男に聞く / 男の友達,8,真题,否,T 男のつぶやきを聞き、自信 / T男を見ると、全く書けていない。,①男性（男の子｜男孩）②男人（男の人｜男人）,边缘词
金魚,きんぎょ,名詞,金鱼,金魚を飼う / 金魚が泳ぐ / 金魚を見つける,8,真题,否,以下は、金魚の飼い方について書かれた文章である。 / ヒーターを入れて、飼育水の温度を18~20度に保てば、 金魚は活発に泳いでえさもよく食べるように,①金鱼（金魚を飼う｜养金鱼）,边缘词
一致,いっち,名·自サ,一致,意見が一致する（意见一致）,7,两者,是,むしろピッタリ一致しているとか、能力 / AとBの意見が一致しているのはどれか。,①一致（意見が一致する｜意见一致）②相符（結果が一致する｜结果相符）,社区推荐
観客,かんきゃく,名,观众,観客が集まる / 観客に拍手 / 観客を楽しませる,7,两者,是,観客が泣いたり笑ったりする。 / それは出演者と観客との一体感から生まれる感動だ。,①观众（観客が集まる｜观众聚集）②听众（観客の反応｜听众反应）,社区推荐
共同,きょうどう,名·自サ,共同,共同で作業する / 共同のプロジェクト / 共同の目標,7,两者,是,友人と共同で新しい会社を作成することにした。 / ゾウが新しい人を十分認めるまでは、経験者との共同作業が必要なのです。,①共同（共同作業｜共同工作）②合作（共同のプロジェクト｜合作项目）,社区推荐
偶然,ぐうぜん,名·ナ形,偶然,偶然のでき事（偶然的事）,7,两者,是,単なる偶然の積み重なりの結果なのだ。 / 「自分の好みや (注3) 得手不得手で選んだ」,①意外发生（例：偶然会った｜偶然遇见）②随机情况（例：偶然の出会い｜偶然的相遇）,社区推荐
形式,けいしき,名,形式,形式が重要 / 形式を整える / 形式を変える,7,两者,是,アンケートの回答形式を変(か)える / 小説は言葉を使ってこの世界に似せたイメージを作る表現形式である、世界はそれ自身では主張を持たな,①外在形态（例：形式的な挨拶｜形式上的问候）②样式、方式（例：形式を整える｜整理形式）,社区推荐
懸命,けんめい,名·ナ形,拼命的,懸命に働く（拼命工作）,7,两者,是,(注5)真摯な:まじめで一生懸命な / (注2) 猛練習: 一生懸命練習すること,①拼命努力（例：懸命に働く｜拼命工作）②全力以赴（例：懸命に勉強する｜全力学习）,社区推荐
肯定,こうてい,名·他サ,肯定,肯定する / 肯定的な意見 / 肯定を求める,7,两者,是,力を肯定的にとらえてみよう。 / という考え方を肯定する人間観を意味している,①确认、认可（例：肯定的な返事｜肯定的回答）②积极态度（例：肯定的な意見｜积极的意见）,社区推荐
項目,こうもく,名,细目；索引或目录,項目を追加する / 項目を確認する / 項目が多い,7,两者,是,ついて、約1800項目が収められた事典です。 / はがきに以下の項目を記入して郵送してください。,①条目、项目（例：項目を追加する｜添加项目）②内容、事项（例：重要な項目｜重要事项）,社区推荐
取材,しゅざい,名·自他サ,采访,取材を受ける / 取材に行く / 取材をする,7,两者,是,学期末試験の範囲を友達に取材しました。 / インターネットは、簡単に地図を取材できるので便利です。,①采访、报道（例：取材に行く｜去采访）②收集资料（例：取材をする｜进行采访）,社区推荐
順,じゅん,名,顺序,順を守る / 順が大切 / 順に進む,7,两者,是,この計画はじゅんちょうに進んでいる。 / ご利用日の1か月前から先着順でご予約を受け付けます。,①顺序、次序（例：順番に並ぶ｜按顺序排）②顺利、顺畅（例：順調に進む｜顺利进行）,社区推荐
診断,しんだん,名·他サ,诊断,診断を受ける / 診断が出る / 診断をする,7,两者,是,B社 海外引越サービス プラン診断 / ・以上の診断結果だけではなく、 各プランの詳しい内容をご確認のうえ、お申し込みください。,①医学诊断（例：診断を受ける｜接受诊断）②判断、评估（例：診断結果｜诊断结果）,社区推荐
男女,だんじょ,名,男女,男女が参加する / 男女の違い / 男女の関係,7,两者,是,を聞いた。 / 20代と30代では、男女とも70%前後である。,①男性与女性（例：男女の比率｜男女比例）②性别（例：男女共学｜男女同校）,社区推荐
頂上,ちょうじょう,名,顶峰,頂上に立つ / 頂上を目指す / 頂上から見る,7,两者,是,山に登り始めて5時間ぐらいして、ようやく頂上に着いた。 / この星は、夏の夜12時ごろ、 空の頂上のあたりに見える。,①山顶、顶端（例：頂上に立つ｜站在山顶）②最高点、巅峰（例：頂上を目指す｜目标是顶峰）,社区推荐
手間,てま,名,劳力和时间,手間がかかる（费事）,7,两者,是,寄付をするのに手間がかかるシステムである。 / 備や調理に手間がかからず、 多くの料理人を働かせる必要もない。,①工夫、时间（この仕事は手間がかかる｜这工作费时）②麻烦、费事（手間をかけさせてすみません｜抱歉让你麻烦）,社区推荐
途端,とたん,名,刚……时，就……,途端に驚く / 途端に思い出す / 途端に泣く,7,两者,是,けれども、 最新の意味を辞書に載せたとたん、その意味が消 / 餌をあげたとたん、 その犬がすごいいきおいで食べ始めたのでびっくりした。,①刚刚、立刻（その瞬間、途端に雨が降り出した｜那一瞬间，雨下了）②一旦、刚一（途端に彼が現れた｜他刚出现）,社区推荐
農業,のうぎょう,名,农业,農業をする / 農業が盛ん / 農業の技術,7,两者,是,のうぎょうの経験がなくても始められるから / 生産者と協力して、消費者に農業の大変さを伝えること,①农业、种植（日本の農業は多様だ｜日本农业多样）,社区推荐
必死,ひっし,名·ナ形,拼命,必死になって働く（拼命干）,7,两者,是,あのときは本当に必死だった。 / (注3)躍起になる:必死になる,①拼命、竭尽全力（彼は必死に働いている｜他拼命工作）②不惜一切（必死の覚悟で挑む｜不惜一切挑战）,社区推荐
評論,ひょうろん,名·他サ,评论,映画評論（影评）,7,两者,是,ところが、評論はそうでは / はないかと思うからだ、はじめから評論を書けばよかったのだ。,①评论、评述（彼の評論は鋭い｜他的评论很犀利）②批评、分析（映画の評論を読む｜看电影评论）,社区推荐
保証,ほしょう,名·他サ,保证,保証を得る / 保証が必要 / 保証をする,7,两者,是,保証の分野を超えた修理に関しては、費用がかかります。 / るかどうかは、 スピードとか記録とかの前にベース (注5) となる最低限の保証だ。,①保证、担保（品質を保証します｜保证品质）②保障、确保（安全を保証する｜确保安全）,社区推荐
恐れる,おそれる,自他下一,害怕，恐惧,へびを恐れる（怕蛇）,7,两者,是,と評価が下がるのを恐れます。 / 結果が出ても 「あれだけ準備すれば当然だ」,①害怕、担心（彼は失敗を恐れている｜他害怕失败）②惧怕、畏惧（未来を恐れる｜害怕未来）,社区推荐
接する,せっする,自·他サ,接触；接连,男に接する（接触男人）,7,两者,是,動物とも人と同じように接したほうがいいこと / と同じようになるべく花粉に接しないことが重要です。,①接触、接待（お客様に接する｜接待客人）②交往、接触（友人と接する｜和朋友交往）,社区推荐
備える,そなえる,他下一,防备；设置,老後 [ろうご] に備える（防老）,7,两者,是,このお金は、何かあった時に備えて残しておこう。 / 強い日ざしに備え、帽子、タオル、飲み物などをご用意ください。,①准备、装备（災害に備える｜为灾害做准备）②具备、拥有（能力を備える｜具备能力）,社区推荐
慰める,なぐさめる,他下一,安慰,心を慰める（使心情安适）,7,两者,是,苦しんでいる人を慰めた経験 / つらい出来事を読書で慰められた経験,①安慰、抚慰（彼女を慰める｜安慰她）②宽慰、鼓励（友達を慰めた｜安慰朋友）,社区推荐
話しかける,はなしかける,他下一,搭话,英語で話しかける（用英语搭话）,7,两者,是,店員がうるさく話かけないから / 目線で話しかけると、活発な意見交換が期待できる。,①主动交谈（彼に話しかけた｜和他交谈）②打招呼（友達に話しかける｜和朋友打招呼）,社区推荐
膨らむ,ふくらむ,自五,膨胀,腹が膨らむ（肚子鼓起）,7,两者,是,いつも、「もしそうなら」 / しかし、所有欲をふくらませるに,①膨胀（風船が膨らむ｜气球膨胀）②增加（期待が膨らむ｜期待增加）,社区推荐
鈍い,にぶい,イ形,钝的；迟钝的；不响亮的,神経 [しんけい] が鈍い（神经迟钝）,7,两者,是,私は数学が苦手で、計算がとても鈍い / (注) ゴマンと付き合い、やっとそれがわかったのだから、 私は相当に鈍い。,①迟钝（反応が鈍い｜反应迟钝）②不灵敏（感覚が鈍い｜感觉不灵敏）,社区推荐
再び,ふたたび,副,再，又,再びやってみる（再做一次试试）,7,两者,是,れて、再び日常に戻るときのためのエネルギーを充電することができる。 / 庫内の温度が高くなって、 再び冷やし始 冷えるまでお待ちください。,①再次（再び会いましょう｜再见面吧）②重新（再び挑戦する｜重新挑战）,社区推荐
スープ,すーぷ,名,汤,スープを吸う（喝汤）,7,两者,是,このスープは塩味がとぼしい。 / スープの味が薄かったので、塩を補足しました。,①汤（おいしいスープ｜好吃的汤）,社区推荐
ベテラン,べてらん,名,老手,ベテランの技術 / ベテランが教える / ベテランの意見,7,两者,是,ベテランの選手が集まっているから / こんなベテラン社員の悩みを聞くことが多くなった。,①老手（ベテランの選手｜老手选手）②经验丰富（ベテランの教師｜经验丰富的老师）,社区推荐
深刻,しんこく,形状詞,深刻,深刻な問題 / 深刻に考える / 深刻な状況,7,真题,否,家族との時間を深刻に過ごしている。 / 彼は深刻な悩みをかかえているようだ。,①严重（深刻な問題｜严重的问题）②深邃（深刻な考え｜深邃的想法）,边缘词
傾向,けいこう,名詞,倾向,傾向がある / 傾向を分析する / 傾向が変わる,7,真题,否,(注2): えてして~収める : ここでは、収める傾向がある / 人間の心理にはハロー (後光) 効果といって、最初にうけた印象を強めていく傾向があります。,①趋势（最近の傾向｜最近的趋势）②倾向（彼の傾向｜他的倾向）,边缘词
次々,つぎつぎ,副詞,接连,次々と来る / 次々と進む / 次々と起こる,7,真题,否,そこで、 それまでの家は次々に51そうで / 新しいイメージを次々に重ねてことで、最初の印象は次第に変化していく。,①一个接一个（次々と来る｜一个接一个地来）②陆续（次々と発表する｜陆续发表）,边缘词
初,はつ,名詞,初次,初の試み / 初の経験 / 初の出会い,7,真题,否,い、初対面の人の前ではこのようにふるまいなさい、と。 / 初対面のときにうけた印象は、その後に持つイメージに影響を与えていく。,①初次（初めての経験｜第一次的经历）②开始（初めの一歩｜开始的第一步）,边缘词
対面,たいめん,名詞,面对,対面で話す / 対面の機会 / 対面すること,7,真题,否,い、初対面の人の前ではこのようにふるまいなさい、と。 / 初対面のときにうけた印象は、その後に持つイメージに影響を与えていく。,①面对面（友達と対面した｜和朋友面对面）②会面（先生と対面する｜和老师会面）,边缘词
順調,じゅんちょう,形状詞,顺利,順調に進む / 順調な進捗 / 順調な結果,7,真题,否,は、おかげさまで順調に売り上げを伸ばして / 昨日夏に販売を開始いたしました商品「エネルギーZ」,①顺利（仕事が順調だ｜工作顺利）②顺畅（進行が順調だ｜进展顺畅）,边缘词
感想,かんそう,名詞,感想,感想を述べる / 感想を聞く / 感想が多い,7,真题,否,小さいころから物語の感想を話せる / 様の感想なども掲載させていただく予定です。,①感想（映画の感想を言う｜说电影的感想）②体会（旅行の感想を述べる｜说旅行的体会）,边缘词
伺う,うかがう,動詞,拜访,伺う予定 / 伺うことにする / 伺う時間,7,真题,否,のご感想やご希望を伺いたくアンケートを実施することにいたしました。 / 販売スタッフがお届け先やご希望日をお伺いし、 その後、 お会計となります。,①拜访（友達の家に伺う｜拜访朋友家）②询问（お話を伺う｜询问事情）,边缘词
再生,さいせい,名詞,再生,再生する / 再生が必要 / 再生のプロセス,7,真题,否,再生された水は飲料水や実 / 使用後の水はリサイクルされ、 再生装置からすべて供給される。,①再生（音楽を再生する｜播放音乐）②复生（再生可能エネルギー｜可再生能源）,边缘词
ボール,ぼーる,名詞,球,ボールを投げる / ボールが転がる / ボールで遊ぶ,7,真题,否,[23]車にボールを当てて、 しかられた。 / .飛んできたボールが頭にしみて、 けがをした。,①球（サッカーボール｜足球）②球体（ボールを投げる｜扔球）,边缘词
大勢,おおぜい,名詞,众多,大勢が集まる / 大勢に囲まれる / 大勢で行動する,7,真题,否,私の大学では、毎年大勢の留学生を受け入れています / 大勢で話しているときは、 発言しない人により多くの意識を配ってください。,①众多（大勢の人が集まる｜很多人聚集）②许多人（大勢の参加者｜许多参与者）,边缘词
全国,ぜんこく,名詞,全国,全国で有名 / 全国に広がる / 全国の大会,7,真题,否,数十年後には一人一台電気自動車を持ち、全国 / 味への自信を示すことが目的で、全国で一斉に行われる。,①全国（全国大会がある｜有全国大会）②全境（全国的に有名｜全国有名）,边缘词
沿う,そう,動詞,沿着,道に沿う / 川に沿う / 壁に沿う,7,真题,否,新聞だって「お客様は神様」 / でしょうから、その「神様」,①沿着（川に沿う道｜沿着河的路）②顺应（時代に沿う｜顺应时代）,边缘词
紙面,しめん,名詞,纸面,紙面に掲載する / 紙面で発表する / 紙面が広がる,7,真题,否,新聞だって「お客様は神様」 / でしょうから、その「神様」,①纸面（新聞の紙面｜报纸的纸面）②版面（雑誌の紙面｜杂志的版面）,边缘词
けっこう,けっこう,副詞,不错,けっこうな時間 / けっこうな量 / けっこうな結果,7,真题,否,想像するだけでもけっこう楽しい。 / と思うことは結構、 多いものである。,①不错，好的（これはけっこうです｜这不错）②足够，充分（けっこうな量｜足够的量）,边缘词
隣,となり,名詞,邻居,隣に住む / 隣がうるさい / 隣と仲良くする,7,真题,否,花屋の隣に空き地があります。 / 隣の部屋から奇妙な音が聞こえる。,①邻居，旁边（隣の家｜邻居的家）②邻近，接壤（隣の部屋｜邻近的房间）,边缘词
幅,はば,名詞,宽度,幅が広い / 幅を測る / 幅が狭い,7,真题,否,昔に比べれば、 我々の職業選択の幅ははるかに広がっている。 / 研究の幅や、 発見につながる可能性を大きく (注1) 狭めてし,①宽度，幅度（幅が広い｜宽度很大）②范围，领域（幅広い知識｜广泛的知识）,边缘词
マンガ,まんが,名詞,漫画,マンガを読む / マンガが好き / マンガを描く,7,真题,否,以下は、ある漫画家が書いた文章である。 / (梅崎修『マンガに教わる仕事学』 による),①漫画，连环画（マンガを読む｜看漫画）,边缘词
ダメ,だめ,名詞,不行,ダメな理由 / ダメだと言われる / ダメを出す,7,真题,否,とバカにさ / (注1)自嘲: 自分をつまらない、 だめな人間だと思うこと,①不行，没用（それはダメです｜那不行）②不可以，禁止（ダメだよ｜不可以）,边缘词
言い訳,いいわけ,名詞,借口,言い訳をする / 言い訳がましい / 言い訳を考える,7,真题,否,言い訳になる一方で、努力を 「かっこう悪い」 / ②自分に対する言い訳の例として、最も近いものはどれか。,①借口，辩解（言い訳をする｜找借口）②解释，理由（言い訳が多い｜理由很多）,边缘词
プロセス,ぷろせす,名詞,过程,プロセスを経る / プロセスが重要 / プロセスを見直す,7,真题,否,そのためには 「努力」 / しかし、そのプロセスにおい,①过程，步骤（プロセスを踏む｜经过过程）②进程，发展（プロセスが重要｜进程很重要）,边缘词
多数,たすう,名詞,多数,多数の意見 / 多数が賛成する / 多数決で決める,7,真题,否,(申込者多数の場合、 抽選) / 応募者多数の場合は抽選になります。,①多数，大多数（多数の人｜很多人）②许多，很多（多数の意見｜很多意见）,边缘词
窓口,まどぐち,名詞,窗口,窓口で手続きする / 窓口が混雑する / 窓口に行く,7,真题,否,窓口に申込書をていしゅつする / 窓口に理由書をていしゅつする,①窗口，服务台（窓口で手続き｜在窗口办理）②联系点，联络处（窓口に行く｜去联系点）,边缘词
必着,ひっちゃく,名詞,必达,必着の期限 / 必着で送る / 必着の通知,7,真题,否,て、申し込み締め切り日必着で、下記までお送りください。 / 見学希望日の3ヶ月前の月の1日から希望日の1ヶ月前の日まで (期間中の必着),①必需到达，必须送达（必着の書類｜必须送达的文件）,边缘词
勤務,きんむ,名詞,工作,勤務が終わる / 勤務中に / 勤務先が変わる,7,真题,否,私の勤務先は巨大な公園のなかにある。 / 河山市のスーパーに勤務している35歳の男性,①工作，职务（会社で勤務しています｜在公司工作）②值班，出勤（夜勤の勤務があります｜有夜班）,边缘词
勤める,つとめる,動詞,任职,会社に勤める / 学校に勤める / 勤めることが大切,7,真题,否,夫婦ともにこの会社に勤めている社員 / 河山市役所の市民課に勤めている53歳の男性,①工作，任职（会社に勤めています｜在公司任职）②担任，服务（教師として勤める｜担任老师）,边缘词
再度,さいど,名詞,再次,再度確認する / 再度挑戦する / 再度連絡する,7,真题,否,サクラ印刷の山川さんが再度電話をくださいます / 再度ご確認のうえ、至急注文した品をお送りくださるようにお願いいたします。,①再次，重新（再度お越しください｜请再次光临）②第二次（再度確認します｜再确认一次）,边缘词
医者,いしゃ,名詞,医生,医者に診てもらう / 医者が必要 / 医者と相談する,7,真题,否,医者に吸うなと言われたから / 歯医者で虫歯をはずしてもらった。,①医生，医师（医者に行きます｜去看医生）②医学专家（優秀な医者です｜优秀的医生）,边缘词
約束,やくそく,名詞,约定,約束を守る / 約束をする / 約束がある,7,真题,否,山田さんは、いつも約束の時間を保つ人です。 / (北島康介『前に進むチカラー折れない心を作る7つの約束』による),①约定，承诺（約束を守ります｜遵守约定）②预约，约会（友達と約束した｜和朋友约会）,边缘词
本日,ほんじつ,名詞,今天,本日中に / 本日お届け / 本日開催,7,真题,否,は、 ご連絡があるまでお預かります。 / なお、本日届きました 「日本語の友 初級」,①今天，今日（本日中にお知らせします｜今天通知）②本日的（本日の日程です｜今天的日程）,边缘词
決定,けってい,名詞,决定,決定を下す / 決定が出る / 決定に従う,7,真题,否,めて寝るまで「何をすべきか」 / という判断、 決定を自分でしなければならない。,①决定，决策（決定を下しました｜做出决定）②确定，选定（最終決定です｜最终决定）,边缘词
抱く,いだく,動詞,抱,子供を抱く / 抱くことができる / 抱くのが好き,7,真题,否,くて単純なことがシンプルだ」 / という誤った思い込みを抱いてしまっている。,①抱，搂（子供を抱く｜抱着孩子）②怀有，心怀（夢を抱く｜心怀梦想）,边缘词
理屈,りくつ,名詞,道理,理屈が通る / 理屈を述べる / 理屈に合わない,7,真题,否,(注2)理屈(りくつ):ここでは、考え方 / テレビゲームが楽しいのと同じ(注2)理屈である。,①道理，理论（理屈が通る｜道理通）②理由，讲究（理屈を言う｜说理由）,边缘词
できあがる,できあがる,動詞,完成,完成が近い / 完成を待つ / 完成した作品,7,真题,否,ものが出来上がったときはうれしいということ / 文章は読み手の要求にこたえることでできあがる。,①完成，做好（料理ができあがる｜菜做好了）②形成，产生（作品ができあがる｜作品完成了）,边缘词
食堂,しょくどう,名詞,食堂,食堂で食べる / 食堂が混んでいる / 食堂に行く,7,真题,否,会社は社会の役に立つことができ、食堂の経費の節約にもなる。 / 社員食堂で低カロリーの定食を食べることがどんな良い結果につながるのか。,①食堂（例：学校の食堂｜学校的食堂）②餐厅（例：会社の食堂｜公司的餐厅）,边缘词
銀行,ぎんこう,名詞,银行,銀行に行く / 銀行で手続きする / 銀行が近い,7,真题,否,"銀行に行って、お札をこうかに替えた。 / 年の留学を終えて国へ帰るので、銀行の口座を解約した,",①银行（例：近くの銀行｜附近的银行）②金融机构（例：銀行でお金を借りる｜在银行借钱）,边缘词
振り込む,ふりこむ,動詞,汇款,振り込む手続き / 振り込む時間 / 振り込む金額,7,真题,否,1月15日までに書店で予約し、 1月20日までに全額を振り込む。 / 1月15日までにホームページで予約し、1月20日までに分割払いの初回分を振り込む。,①汇款（例：お金を振り込む｜汇款）②转账（例：口座に振り込む｜转账到账户）,边缘词
取り組み,とりくみ,名詞,努力,取り組みを始める / 取り組みが必要 / 取り組みを続ける,7,真题,否,自国でのごみを減らす取り組みについて / もれないようにするなどの取り組みが53,①努力（例：問題に取り組む｜努力解决问题）②措施（例：新しい取り組み｜新的措施）,边缘词
耳,みみ,名詞,耳朵,耳が痛い / 耳を澄ます / 耳にする,7,真题,否,この人は好きじゃないとかよく耳にする。 / 経験から言うと、同僚や先輩の温かい言葉が耳に入らなくなってしまうのは、そう,①耳朵（例：耳が痛い｜耳朵痛）②听觉（例：耳をすませる｜仔细听）,边缘词
せっかく,せっかく,副詞,难得,せっかくの機会 / せっかく来たのに / せっかくの努力,7,真题,否,とかいわれる / せっかくふるさとを持っているのに、それを悪くいうのはもったいない。,①特意（例：せっかく来たのに｜特意来了）②难得（例：せっかくのチャンス｜难得的机会）,边缘词
履歴,りれき,名詞,履历,履歴を更新する / 履歴が残る / 履歴を確認する,7,真题,否,本学の就職課担当者による履歴書の書き方指導 / 就職活動のマナー、 履歴書の書き方、 ビザの変更に関する諸手続きなど,①历史（例：履歴書｜履历表）②记录（例：通話履歴｜通话记录）,边缘词
問い合わせ,といあわせ,名詞,咨询,問い合わせをする / 問い合わせが多い / 問い合わせ先,7,真题,否,件名: 商品についての問い合わせ / お電話でのお問い合わせはご遠慮お願いします。,①咨询（例：問い合わせ先｜咨询电话）②询问（例：問い合わせをする｜进行询问）,边缘词
食器,しょっき,名詞,餐具,食器を洗う / 食器が揃う / 食器を片付ける,7,真题,否,すぐに必要な本や食器など / しばらく必要のない本や食器など,①餐具（例：食器を洗う｜洗餐具）②器皿（例：食器を揃える｜准备器皿）,边缘词
エアコン,えあこん,名詞,空调,エアコンをつける / エアコンが効く / エアコンの音,7,真题,否,エアコンをつけた家も多かったら / 件名:エアコン代金支払いの遅れについて,①空调（例：エアコンをつける｜开空调）②冷气（例：エアコンが効く｜空调很有效）,边缘词
とうろく,とうろく,名詞,注册,とうろくをする / とうろくが必要 / とうろくの手続き,7,真题,否,携帯電話に友達の電話番号をとうろくした。 / . 1月6日から1月31日の間に竹本駅東駐輪場の管理人室に行き、申請書、登録証を提出し、身分,①注册，登记（例：名前を登録する｜注册名字）②记录，记载（例：データを登録する｜记录数据）,边缘词
さそう,さそう,動詞,邀请,さそう言葉 / さそうとする / さそう友達,7,真题,否,会社の人にさそわれたから / 岡田さんを話題の映画にさそった。,①邀请，劝诱（例：友達を誘う｜邀请朋友）②引导，带领（例：道を誘う｜引导方向）,边缘词
シャツ,しゃつ,名詞,衬衫,シャツを着る / シャツが似合う / シャツを買う,7,真题,否,シャツがちぢんでしまった。 / A 「このシャツ、かわいい。,①衬衫，衬衣（例：白いシャツを着る｜穿白衬衫）,边缘词
分かれる,わかれる,動詞,分开,分かれる理由 / 分かれることがある / 分かれる道,7,真题,否,この町は川によって二つの範囲に分かれている。 / 年代や性別によってこのように好みが分かれる以上、店に,①分开，分离（例：道が分かれる｜路分开了）②分别，离别（例：友達と分かれる｜和朋友分别）,边缘词
不調,ふちょう,名詞,不顺,不調が続く / 不調を訴える / 不調を改善する,7,真题,否,調子よくいったときにどう考えるか、不調の / 不調だった山中選手がついにゴールを決めた。,①不顺，失常（例：体調が不調｜身体不适）②不佳，状态差（例：仕事が不調｜工作不顺）,边缘词
得,とく,名詞,获得,得をする / 得がある / 得を考える,7,真题,否,バーベキューに必要な材料がそろったお得なセットです。 / コーヒー豆を定期購入されているお客様、お得な割引フェアについてご案内いたします。,①获得，得到（例：賞を得る｜获得奖项）②有利，划算（例：得な取引｜划算的交易）,边缘词
ブレーキ,ぶれーき,名詞,刹车,ブレーキをかける / ブレーキが効く / ブレーキを踏む,7,真题,否,や不安は、車にたとえればブレーキである。 / 車の安全にとって重要なのはアクセルではなく、ブレーキな,①刹车，制动（例：ブレーキをかける｜踩刹车）②阻止，制止（例：ブレーキをかける｜踩刹车）,边缘词
読みとる,よみとる,動詞,理解,読みとる力 / 読みとることができる / 読みとるのが難しい,7,真题,否,つまり、読みとろうと思えばどんなでき / ごとからでも「自分にとって意味あること」,①理解，领会（例：意味を読み取る｜理解意思）②解读，解析（例：文章を読み取る｜解读文章）,边缘词
論理,ろんり,名詞,逻辑,論理が明確 / 論理を組み立てる / 論理的に考える,7,真题,否,(注3) 理屈 (りくつ): 論理的な説明 / 論理的に書かれている文章を読んでいくときには、書かれた文章を自分が理解できたかどうかという,①逻辑，推理（例：論理が正しい｜逻辑正确）②道理，原则（例：論理を考える｜考虑道理）,边缘词
傷,きず,名詞,伤口,傷が癒える / 傷を治す / 傷が深い,7,真题,否,商品の傷などの見た目を気にしなくなった。 / 第2には、わずかな傷も許さないなど見た目へのこだわりだ。,①伤，创伤（例：手に傷がある｜手上有伤）②损伤，缺陷（例：傷がつく｜有损伤）,边缘词
追いつく,おいつく,動詞,追上,追いつくことができる / 追いつくまで / 追いつくのが難しい,7,真题,否,製造が注文に追い付かず来月以降になる予定です。 / 追いついてきたとあるが、 企業がどうなってきたのか。,①赶上（彼に追いつく｜追上他）②追上（時間に追いつく｜赶上时间）,边缘词
表情,ひょうじょう,名詞,表情,表情が豊か / 表情を変える / 表情を読み取る,7,真题,否,表情だったのは、 「つらいときこそ明る / 仕事もまず表情を意識することで楽しい気持ちが湧いてくる。,①表情（彼の表情が面白い｜他的表情有趣）②神情（彼女の表情が暗い｜她的神情阴郁）,边缘词
特殊,とくしゅ,形状詞,特殊,特殊なケース / 特殊な技術 / 特殊な状況,7,真题,否,例えば、鉄道模型には特殊な / 走るための神経の仕組みは他の動作とは違う特殊なものだから,①特殊（特殊な能力｜特殊能力）②特别（特殊な事情｜特殊情况）,边缘词
整う,ととのう,動詞,整齐,整う環境 / 整うまで待つ / 整うことが大切,7,真题,否,インターネットでの販売の再開につきましては、製造体制が整い次第お知らせいた / リングといって、一台の車を複数の人で使用するというシステムも整ってきている。,①整齐（準備が整う｜准备齐全）②完善（条件が整う｜条件完善）,边缘词
同様,どうよう,形状詞,相同,同様の意見 / 同様に考える / 同様の状況,7,真题,否,一度しか使っていない新品同様のお皿のセット / し、人間も同様に、 悪い面もあればいい面もある。,①相同（同様の問題｜相同问题）②类似（同様のケース｜类似案例）,边缘词
後悔,こうかい,名詞,后悔,後悔すること / 後悔が残る / 後悔をする,7,真题,否,と思うような後悔である。 / げられなかったとき、「なぜ文系の道を選ばなかったのか」,①后悔（後悔すること｜感到后悔）②懊悔（後悔の念｜有懊悔的念头）,边缘词
狭い,せまい,形容詞,狭窄,狭い部屋 / 狭い道 / 狭い範囲,7,真题,否,(注1)狭(せば)める:狭くする / 高校生の疑問の範囲が狭くなっている,①狭窄（部屋が狭い｜房间很狭）②狭小（道が狭い｜路很窄）,边缘词
パンフレット,ぱんふれっと,名詞,宣传册,パンフレットを配る / パンフレットが届く / パンフレットを作る,7,真题,否,. 会社案内パンフレットの言語 (日本語か英語か) / 入口でパンフレットを受け入れてから席にお座りください,①宣传册（観光パンフレット｜旅游宣传册）②小册子（イベントのパンフレット｜活动小册子）,边缘词
サイト,さいと,名詞,网站,サイトを訪れる / サイトが更新される / サイトを作る,7,真题,否,そのサイトには、環境のことを考えた家 / ーネットのサイトが、 ある環境団体によって運営されている。,①网站（公式サイト｜官方网站）②场所（観光サイト｜旅游场所）,边缘词
頑丈,がんじょう,形状詞,坚固,頑丈な作り / 頑丈な家具 / 頑丈な体,7,真题,否,石川さんは頑丈で、なかなか意見を変えない。 / 渡してみると、頑丈そうな建物が並んでいます。,①坚固（頑丈な作り｜制作坚固）②结实（頑丈な家具｜家具结实）,边缘词
建物,たてもの,名詞,建筑,建物が完成する / 建物を建てる / 建物の中,7,真题,否,渡してみると、頑丈そうな建物が並んでいます。 / は1800年代初めまで使用されていた伝統的な建物も残されています。,①建筑物（高い建物です｜高楼大厦）②房屋（古い建物があります｜有旧房子）,边缘词
適応,てきおう,名詞,适应,適応する能力 / 適応が必要 / 適応を考える,7,真题,否,「寒さに強い」 / (注2)適応:(ある状況に)合うこと,①适应（環境に適応する｜适应环境）②调整（状況に適応する｜调整状况）,边缘词
いきいき,いきいき,副詞,生动,いきいきとした表情 / いきいきとした声 / いきいきとした動き,7,真题,否,市場で人びとの生き生きとした様子を観察するため / (正木健雄 【新・いきいき体調─トレーニング】 による),①生机勃勃（いきいきした表情｜生机勃勃的表情）②活泼（いきいきとした動き｜活泼的动作）,边缘词
新人,しんじん,名詞,新人,新人が入る / 新人を育てる / 新人の活躍,7,真题,否,ウソの世話を経験の乏しい新人一人に任せられない理由はなぜか / ウソが新人の順位が低いと思っている間は反抗することがあるから,①新员工（新人が入社しました｜新员工入职）②新手（新人が多いです｜新手很多）,边缘词
依頼,いらい,名詞,请求,依頼を受ける / 依頼がある / 依頼をする,7,真题,否,修理を依頼してください。 / 依頼されたのもを作るときは、完成までの時間が楽しい,①请求（依頼を受ける｜接受请求）②委托（仕事を依頼する｜委托工作）,边缘词
区別,くべつ,名詞,区分,区別をつける / 区別がある / 区別に注意する,7,真题,否,子イヌと成犬を区別できないイヌ / 引用と自分の考えを区別して書くこと,①区分（区別が難しい｜区分困难）②区别（男女の区別｜男女区别）,边缘词
決まり,きまり,名詞,决定,決まりがある / 決まりを守る / 決まりに従う,7,真题,否,決まったおかげで 2 決まり次第 / (注2) 順位制: 上下関係にもとづいてできた順序の決まり,①决定（決まりがある｜有决定）②规则（ルールの決まり｜规则决定）,边缘词
発生,はっせい,名詞,发生,発生が確認される / 発生を防ぐ / 発生に関する,7,真题,否,しわは、ぬるま湯に手を浸すことで発生させた。 / トラブルが発生したときでも、 森さんは慌てずに冷静に対応していた。,①发生（問題が発生した｜问题发生了）②产生（事故が発生する｜事故产生）,边缘词
別館,べっかん,名詞,别馆,別館に行く / 別館で会う / 別館がある,7,真题,否,別館見学ツアーに参加する。 / 留学生のリーさんは、友人と一緒に6人でこの別館を見学したいと考えている。,①附属建筑（別館に行く｜去附属建筑）②分馆（別館があります｜有分馆）,边缘词
たいてい,たいてい,副詞,通常,たいていの人 / たいていの場合 / たいていはそう,7,真题,否,コピー代は大抵1枚10円で、 決して高くはない。 / ニュー、たいていは夜に比べると手ごろな価格に設定されている。,①大多数（たいていの人｜大多数人）②通常（たいていはそうです｜通常是这样）,边缘词
正直,しょうじき,名詞,诚实,正直に言う / 正直が大切 / 正直な気持ち,7,真题,否,自分の気持ちを正直に人に話す / なく口にした言葉であっても、その言葉はその人の心のメッセージであり、正直に本心をつたえている,①诚实（彼は正直な人です｜他是诚实的人）②坦率（正直に言うと、難しい｜坦率地说，很难）,边缘词
中身,なかみ,名詞,内容,中身がある / 中身を確認する / 中身に注意する,7,真题,否,父に届く郵便物の中身を確認しないで私が勝手に捨ててしまったから / であり、汁碗に入ったステーキがナイフで切れないように器によって中身が (注2) 制約される。,①内容（中身はとても面白い｜内容很有趣）②实质（中身を見せてください｜请让我看看内容）,边缘词
薄い,うすい,形容詞,薄,薄い色 / 薄い紙 / 薄い声,7,真题,否,組織への関心が薄くなる。 / 薄い板ガラスが作れなくなった点,①薄的（この本は薄いです｜这本书很薄）②淡的（薄い味付けが好き｜喜欢淡味）,边缘词
反する,はんする,動詞,反对,反する意見 / 反することがある / 反する行動,7,真题,否,(注3)相反する:互いに対立する / 内在していた相反する要素がうまく (注4) 噛み合っているから、シンプルに,①相反（彼の意見に反する｜与他意见相反）②违背（法律に反する行為｜违背法律行为）,边缘词
日間,かかん,名詞,天数,日間が経つ / 日間を数える / 日間にわたる,7,真题,否,日間の開催期間で最終的には昨 / 例 4月4日8日のご旅行5日間}の場合4月1日にお届け、 9 日に回収。,①天数（旅行は三日間です｜旅行三天）②日子（五日間の休暇｜五天假期）,边缘词
暗い,くらい,形容詞,黑暗,暗い場所 / 暗い気持ち / 暗い色,7,真题,否,暗い部屋だったので、明るい色の家具を補足しました。 / Q:ゲームをしていたら、 急に画面が暗くなってしまいました。,①黑暗（部屋が暗いです｜房间很暗）②阴郁（彼は暗い気持ち｜他心情阴郁）,边缘词
再開,さいかい,名詞,重启,再開を待つ / 再開する予定 / 再開に向けて,7,真题,否,それがなくなると成長が再開 / 分ほど休憩を隔てて、11時から再開します。,①重新开始（会議を再開します｜重新开始会议）②恢复（仕事を再開する｜恢复工作）,边缘词
蛍光,けいこう,名詞,荧光,蛍光が出る / 蛍光の色 / 蛍光を使う,7,真题,否,太陽や蛍光灯のもとで見た色 / 本来、異なる種類の光源(たとえば太陽光と蛍光灯)のもとでは、同じイチゴでも異なる色の見え方,①荧光（蛍光ペンを使う｜使用荧光笔）②发光（蛍光灯が点灯｜荧光灯亮了）,边缘词
提案,ていあん,名詞,提议,提案をする / 提案に賛成する / 提案を受け入れる,7,真题,否,多くのアイデアを提案して、参加者の意見を求めること / 重要な提案なので会議できちんと言い訳をしたが、結局、賛成を得られなかった。,①提议（新しい提案があります｜有新的提议）②建议（提案を受け入れる｜接受建议）,边缘词
実用,じつよう,名詞,实用,実用的な / 実用に供する / 実用を考える,7,真题,否,窓に使用できる板ガラスの製造法が初めて実用化されたから / それまでの問題をすべて解決する板ガラスの製造法が実用化されたから,①实用（この道具は実用的です｜这个工具很实用）②应用（実用的な知識｜实用的知识）,边缘词
年代,ねんだい,名詞,年代,年代が違う / 年代を問う / 年代に関する,7,真题,否,すべての性別・年代で50%以上である。 / 年代の日本は自動車の普及が進み、同時に安全性の向上が求められていた時期である。,①时代（例：古い年代です｜古老的时代）②年纪（例：年代を重ねる｜随着年纪增长）,边缘词
あらためて,あらためて,副詞,重新,あらためて考える / あらためて確認する / あらためて言う,7,真题,否,当日必要な資料などについても改めてご連絡します。 / 道具がごろごろ出てきて、あらためてものの多さにびっくりした。,①重新（例：あらためて考えます｜重新考虑）②再次（例：あらためて確認する｜再次确认）,边缘词
空気,くうき,名詞,空气,空気がきれい / 空気を入れる / 空気が悪い,7,真题,否,という公害に / 空気が入らないようにきちんと密閉してください。,①空气（例：新鮮な空気｜新鲜的空气）②气氛（例：楽しい空気｜愉快的气氛）,边缘词
つくり,つくる,名詞,制作,つくりが良い / つくりを見直す / つくりにこだわる,7,真题,否,による) / 広場づくりに対する市民の意見,①制作（例：つくりが良い｜制作精良）②构造（例：つくりが複雑｜结构复杂）,边缘词
部品,ぶひん,名詞,部件,部品が足りない / 部品を交換する / 部品を取り付ける,7,真题,否,内部にプラスチック部品を多く使用し / 機械の調子が悪かったので、 分解して部品の点検をした。,①零件（例：部品を交換する｜更换零件）②组件（例：部品が揃った｜组件齐全）,边缘词
ファイル,ふぁいる,名詞,文件,ファイルを整理する / ファイルに保存する / ファイルを開く,7,真题,否,ファイルにしりょうの名前を書く / 添付ファイル: 7月11日技術部全体会議,①文件（例：ファイルを開く｜打开文件）②夹子（例：ファイルに入れる｜放入夹子）,边缘词
プロ,ぷろ,名詞,专业,プロとして / プロに相談する / プロの技術,7,真题,否,プロから手品のぎじゅつを習う / 経営のプロからアドバイスを受けたから,①专业人士（例：プロの選手｜专业运动员）②专家（例：プロに相談する｜咨询专家）,边缘词
国内,こくない,名詞,国内,国内での活動 / 国内の事情 / 国内における,7,真题,否,パソコンを国内で生産して海外で売ること / パソコンを海外で生産して国内で売ること,①国内（例：国内旅行｜国内旅行）②国内的（例：国内産品｜国产产品）,边缘词
仲,なか,名詞,关系,仲が良い / 仲を深める / 仲に入る,7,真题,否,誰と誰は仲が良くて、誰とは仲が悪いのか。 / 山田さんと林さんだが、プライベートではとても仲がいい。,①关系（例：仲が良い｜关系很好）②中间（例：仲に入る｜插入中间）,边缘词
物まね,ものまね,名詞,模仿,物まねをする / 物まねが上手 / 物まねを楽しむ,7,真题,否,もしそれが「物まね」 / 似てはいるが本物ではなく 「物まね」,①模仿（例：物まねが得意｜擅长模仿）②仿效（例：物まねをする｜进行模仿）,边缘词
感心,かんしん,名詞,感兴趣,感心すること / 感心を持つ / 感心が高まる,7,真题,否,もしそれが「物まね」 / 人は感心するとあるが、なぜか。,①感到佩服（彼の努力に感心した。｜佩服他的努力）②感到欣赏（彼女の才能に感心した。｜欣赏她的才能）,边缘词
番,ばん,名詞,顺序,番を待つ / 番が来る / 番を決める,7,真题,否,この文書を書いた一番の目的は何か。 / 番、2番問題用紙に何も印刷されていません。,①顺序（次の番はあなたです。｜下一个是你）②号码（番を付けてください。｜请标上号码）,边缘词
集まる,あつまる,動詞,聚集,集まる場所 / 集まることがある / 集まる人々,7,真题,否,メンバーが集まって行動する集団。 / |6 多くの人が集まったため、会場の中はこんらんしていた。,①聚集（友達が集まった。｜朋友们聚集了）②汇聚（人が集まる場所。｜人们汇聚的地方）,边缘词
ちらし,ちらし,名詞,传单,ちらしを配る / ちらしを作る / ちらしを読む,7,真题,否,ちらしより捨てられにくいので、広告を出す回数が減らせる。 / ちらしと違って読まずに捨てられることのないコピー用紙なら、学生が広告を見,①传单（新しい店のちらしが来た。｜新店的传单来了）②散布（ちらしを配る。｜分发传单）,边缘词
稼ぐ,かせぐ,動詞,赚钱,稼ぐ方法 / 稼ぐために / 稼ぐことができる,7,真题,否,たしかに10億円稼ぐのは不可能かもしれない。 / この能力は、小金を稼ぐためにのみ役立てるべきではありません。,①赚钱（お金を稼ぐ。｜赚钱）②获得（経験を稼ぐ。｜获得经验）,边缘词
送料,そうりょう,名詞,运费,送料がかかる / 送料を支払う / 送料を確認する,7,真题,否,海外にも送料無料で事典を送付してもらえる。 / 未満となった場合は、 お届け先ごとに送料 350円が必要になります。,①运费（送料がかかります。｜需要运费）②邮费（送料は無料です。｜邮费是免费的）,边缘词
送付,そうふ,名詞,发送,送付先を確認する / 送付する予定 / 送付が完了する,7,真题,否,海外にも送料無料で事典を送付してもらえる。 / お届け 発売日1週間前にご希望の送付先(国内に限る)へお届けします。,①寄送（書類を送付する。｜寄送文件）②发送（メールを送付しました。｜已发送邮件）,边缘词
そくざ,そくざ,名詞,当场,そくざに決める / そくざに行動する / そくざに対応する,7,真题,否,.私が駅に着くと即座に友人たちも来た。 / . さっきまで晴れていたのに、 即座に雲が出てきた。,①当场（そくざで決める。｜当场决定）②立即（そくざに行動する。｜立即行动）,边缘词
初心,しょしん,名詞,初衷,初心を忘れない / 初心に戻る / 初心を大切にする,7,真题,否,このお菓子はとても簡単に作れるから初心者でも失敗する / 少しうまくなってきたので、 初心者向けのクラスだとものたりなくなってきた。,①初衷（初心を忘れない。｜不忘初衷）②开始（初心者向けの講座。｜适合初学者的课程）,边缘词
分別,ぶんべつ,名詞,分类,分別をする / 分別が必要 / 分別に注意する,7,真题,否,リサイクル可能な紙類をきちんと分別してほしい。 / 詳しい分別方法は、ボックスの上に掲示しておきますので、 捨てる前に再度ご確認ください。,①分类（ゴミの分別が大切。｜垃圾分类很重要）②辨别（分別が必要です。｜需要辨别）,边缘词
庭,にわ,名詞,庭院,庭で遊ぶ / 庭を手入れする / 庭に花を植える,7,真题,否,建て替えて、 家は広くなったが、庭が縮んでしまった。 / 庭の中心には池があり、 滝が約3メートルの高さから流れ落ちています。,①庭院，花园（美しい庭がある｜有美丽的花园）②庭地，场地（庭で遊ぶ｜在庭院里玩）,边缘词
保護,ほご,名詞,保护,保護が必要 / 保護を求める / 保護に関する,7,真题,否,以下は、保護者に向けて書かれた文章である。 / *小学生以下のお子さんは保護者が一緒の場合に限りご参加いただけます。,①保护，保卫（環境を保護する｜保护环境）②保留，保存（文化を保護する｜保护文化）,边缘词
蒸発,じょうはつ,名詞,蒸发,蒸発する水 / 蒸発を防ぐ / 蒸発の過程,7,真题,否,という汗の役割を / ような汗はべたべたとしており、蒸発しにくく、「蒸発することで体温調節をする」,①蒸发，挥发（水が蒸発する｜水蒸发）②消失，消散（彼は蒸発した｜他消失了）,边缘词
いす,いす,名詞,椅子,いすに座る / いすを使う / いすを置く,7,真题,否,(テーブル、いす、 会社案内パンフレット) / 月18日に会議室Bのテーブルやいすなどを準備する。,①椅子，座椅子（いすに座る｜坐在椅子上）,边缘词
畳む,たたむ,動詞,折叠,畳むことができる / 畳むのが得意 / 畳む作業,7,真题,否,青木さんは、小さな紙を器用に畳んで鶴を作った。 / 髪が長いと首の辺りが暑いので、夏はいつも髪を畳んでいます。,①折叠，叠（服を畳む｜折叠衣服）②关闭，合上（本を畳む｜合上书本）,边缘词
鍵,かぎ,名詞,钥匙,鍵をかける / 鍵を探す / 鍵が見つかる,7,真题,否,疑問を探し続けることが成長の鍵である / . ほっと気づいたら、 ポケットの中のかぎがなかった。,①钥匙，锁匙（鍵をかける｜锁上钥匙）②关键，重要（鍵となる情報｜关键信息）,边缘词
鮮明,せんめい,形状詞,鲜明,鮮明な色 / 鮮明に映る / 鮮明な画像,7,真题,否,心の底から感動したことは鮮明な思い出となる。 / 初めは鮮明な感覚であっても数分もしないうちに (注3) 減衰してしまいます。,①鲜明，清晰（鮮明な色｜鲜明的颜色）②生动，鲜活（鮮明な記憶｜生动的记忆）,边缘词
もたらす,もたらす,動詞,带来,もたらす影響 / もたらす結果 / もたらす変化,7,真题,否,が必要にな / (注4)もたらす: ここでは、生み出す,①带来，造成（幸せをもたらす｜带来幸福）②引起，导致（変化をもたらす｜引起变化）,边缘词
将棋,しょうぎ,名詞,象棋,将棋を指す / 将棋が好き / 将棋のルール,7,真题,否,勝った将棋と負けた将棋。 / 以下は、目標に向かう姿勢について、 ある将棋のプロが書いた文章である。,①日本象棋（将棋を指す｜下象棋）,边缘词
調整,ちょうせい,名詞,调整,調整が必要 / 調整を行う / 調整に時間がかかる,7,真题,否,のうひんのにっていを調整する / それは、非常に微妙な調整を必要とする、ある種,①调整，调节（時間を調整する｜调整时间）②协调，配合（調整を行う｜进行协调）,边缘词
歌詞,かし,名詞,歌词,歌詞を覚える / 歌詞が印象的 / 歌詞を分析する,7,真题,否,歌詞は何度もよく読むことで、 伝えたいメッセージが理解できる。 / この曲は、歌詞が今の私の気持ちに妥当なので、最近よく聞いている。,①歌词内容（この歌の歌詞は素晴らしい｜这首歌的歌词很棒）②歌词文本（歌詞を覚えました｜记住歌词）,边缘词
結婚,けっこん,名詞,结婚,結婚する予定 / 結婚が決まる / 結婚に関する,7,真题,否,結婚式の後のパーティーには手軽な服装で来てください。 / 十歳までには結婚し、 三十五歳頃には二人の子どもをもつ。,①结婚仪式（彼は結婚しました｜他结婚了）②婚姻关系（結婚生活は楽しい｜婚姻生活很快乐）,边缘词
メンバー,めんばー,名詞,成员,メンバーが集まる / メンバーを募集する / メンバーに連絡する,7,真题,否,メンバーの数が少ない集団。 / メンバーが集まって行動する集団。,①成员身份（チームのメンバーです｜我是团队成员）②团体成员（彼はメンバーの一人｜他是成员之一）,边缘词
個体,こたい,名詞,个体,個体が異なる / 個体を観察する / 個体に関する,7,真题,否,ふつうの動物であれば、一の土地にいるその動物の個体数が増えれ / 個体の行動の自由度が大きいので、相互の個体関係を友好的につなぐために、挨拶行動が発達したので,①个体存在（この個体は特別です｜这个个体很特别）②单个物体（個体の観察を行う｜进行个体观察）,边缘词
欠かせる,かかせる,動詞,必需,欠かせない存在 / 欠かせるもの / 欠かせないこと,7,真题,否,めになるという環境を作ることが欠かせない。 / 大きな夢を実現するには、 長期間にわたる日々の努力が欠かせない。,①不可或缺（彼は欠かせない存在です｜他是不可或缺的）②必需品（この道具は欠かせません｜这个工具是必需品）,边缘词
駐車,ちゅうしゃ,名詞,停车,駐車する場所 / 駐車が難しい / 駐車をする,7,真题,否,自分の自転車を駐車場に運ぶ / 花丸駅前の有料駐車場を利用している者です。,①停车行为（ここに駐車できます｜可以在这里停车）②停车场所（駐車場は混んでいます｜停车场很拥挤）,边缘词
持ち帰る,もちかえる,動詞,带回,持ち帰ることができる / 持ち帰る予定 / 持ち帰る品,7,真题,否,ゴミ袋を持参し、清掃活動後のゴミを持ち帰る。 / 時までには美術館を出なければならないが、 作った作品は当日持ち帰りたい。,①带回家（お土産を持ち帰ります｜带回家土特产）②带回去（資料を持ち帰った｜带回资料）,边缘词
弁当,べんとう,名詞,便当,弁当を作る / 弁当を食べる / 弁当を持参する,7,真题,否,全体の量が少なく、見た目の良いべんとう / 全体の量は少ないが、野菜がたっぷりのべんとう,①便当食品（お弁当を作りました｜我做了便当）②便当盒（弁当を持って行く｜带便当）,边缘词
目立つ,めだつ,動詞,显眼,目立つ存在 / 目立つ色 / 目立つ場所,7,真题,否,書き手の愛の深さだけが目立ってしまうもの / 旗も色が派手で高さがあり、 1本でもよく目立つ。,①显眼突出（彼は目立つ服を着ている｜他穿着显眼的衣服）②引人注目（目立つ場所にいます｜在引人注目的地方）,边缘词
いったん,いったん,副詞,暂时,いったん休む / いったん考える / いったん止める,7,真题,否,私はまだ海外にいったんも行ったことがないので、いつか行きたいと思っている。 / 脳の特性(注2)として、目や耳から入った情報をいったん溜めておいて、その中から必要のないと,①暂时（いったん休憩しましょう｜先休息一下吧）②一旦（いったん考えます｜先考虑一下）,边缘词
枠組み,わくぐみ,名詞,框架,枠組みを作る / 枠組みを見直す / 枠組みに従う,7,真题,否,して用いている枠組みである。 / 自分の中にある固定観念(注1)、 思い込み、価値の枠組みを組み替えたり、 転換することはな,①框架（計画の枠組み｜计划的框架）②结构（制度の枠組み｜制度的结构）,边缘词
たっぷり,たっぷり,副詞,充足,たっぷりの時間 / たっぷり食べる / たっぷりの水,7,真题,否,全体の量が多く、野菜もたっぷりのべんとう / 円(1名分): 数種類のお肉と野菜がたっぷり,①充足（たっぷりの水｜充足的水）②充分（たっぷり時間がある｜有充足的时间）,边缘词
うま味,うまみ,名詞,鲜味,うま味がある / うま味を感じる / うま味を引き出す,7,真题,否,との心配があるかもわかりません。 / 旨みが少ない果実になるのではないか」,①鲜美（うま味のある料理｜美味的菜）②美味（うま味を感じる｜感受到美味）,边缘词
不快,ふかい,名詞,不快,不快に感じる / 不快な思い / 不快を避ける,7,真题,否,恐い、恥ずかしい、淋しい、腹が立つ、などなどは、不快な感情ではありますが、単に取り除かれ / 人を不愉快な気持ちにさせないように、 反論もせず、自分の不快な気持ちも伝えないで黙っている,①不愉快（不快な気持ち｜不愉快的感觉）②不舒服（不快な状況｜不舒服的情况）,边缘词
機器,きき,名詞,设备,機器を使う / 機器が故障する / 機器を整備する,7,真题,否,科学の発展過程を知らないため、携帯電話などの機器の進歩が実感できない。 / 科学社会で育っていても、携帯電話などの機器の原理を知らないで使っている。,①设备（電子機器｜电子设备）②器械（医療機器｜医疗器械）,边缘词
上達,じょうたつ,名詞,进步,上達する / 上達を感じる / 上達が早い,7,真题,否,場で伝えるほうが上達を早めます。 / のが書けるよう、上達する必要があるのだ。,①进步（技術が上達する｜技术进步）②提高（英語が上達した｜英语提高了）,边缘词
ペン,ぺん,名詞,笔,ペンを持つ / ペンで書く / ペンを使う,7,真题,否,蛍光ペン3色セットを100個購入することができるか。 / 蛍光ペン3色セット100個を4月20日までに東京に届けられるか,①钢笔（万年ペン｜万年笔）②笔（ボールペン｜圆珠笔）,边缘词
滑り止め,すべりどめ,名詞,防滑,滑り止めをつける / 滑り止めが必要 / 滑り止めを使う,7,真题,否,「しわ」 / 滑り止めの役割を果たしているとい,①防滑（滑り止めのマット｜防滑垫）②止滑（滑り止め加工｜防滑处理）,边缘词
入居,にゅうきょ,名詞,入住,入居する / 入居が決まる / 入居先を探す,7,真题,否,年4月から寮に入居したいと思い、 自分の希望を / 本協会では、下記のとおり来年度の入居者を募集します。,①入住（新しい家に入居する｜入住新家）②入驻（マンションに入居｜入住公寓）,边缘词
話し手,はなして,名詞,讲者,話し手がいる / 話し手になる / 話し手を務める,7,真题,否,話し手と聞き手の関係が多様であるところ / 話し手と聞き手が声を使って情報を共有するところ,①说话者（話し手の意見｜说话者的意见）②讲述者（話し手の役割｜讲述者的角色）,边缘词
法律,ほうりつ,名詞,法律,法律を守る / 法律がある / 法律に従う,7,真题,否,法教育というとどうしても、「法律を教える」 / と考えがちですが、それだけが法教育ではないのは、,①法律法规（例：法律を守る｜遵守法律）②法律条文（例：法律が必要だ｜需要法律）,边缘词
ぶたい,ぶたい,名詞,舞台,ぶたいに立つ / ぶたいで演じる / ぶたいを作る,7,真题,否,ぶたいになっている町がみりょくてきなところ / 演奏が終わると、観客は舞台に向かっていっせいに大きな拍手を送った。,①舞台表演（例：舞台に立つ｜站在舞台上）②舞台场所（例：舞台が設置される｜舞台被设置）,边缘词
しみ込む,しみこむ,動詞,渗透,水分がしみ込む / しみ込む力 / しみ込む時間,7,真题,否,水も油も紙にしみ込みやすいのだ。 / 一方、しみ込んだ顔料は引き離すことができない。,①渗透（例：水がしみ込む｜水渗透）②融入（例：文化がしみ込む｜文化融入）,边缘词
役目,やくめ,名詞,角色,役目を果たす / 役目がある / 役目を持つ,7,真题,否,.池田さんが今日の掃除の役目だ。 / . 次の公演で、 私は医者の役目を演じる。,①职责任务（例：役目を果たす｜履行职责）②角色功能（例：役目がある｜有角色）,边缘词
展開,てんかい,名詞,展开,展開が早い / 展開を考える / 展開が面白い,7,真题,否,話の展開に意外性があるところ / .相手と一緒に話を展開していこうとすること,①展开发展（例：展開する｜展开）②扩展范围（例：展開が広がる｜扩展范围）,边缘词
折り紙,おりがみ,名詞,折纸,折り紙を折る / 折り紙が好き / 折り紙を作る,7,真题,否,という学 / そんな身近な折り紙が今、 「折り紙工学」,①折纸艺术（例：折り紙を作る｜制作折纸）②折纸作品（例：折り紙が好き｜喜欢折纸）,边缘词
会費,かいひ,名詞,会费,会費を払う / 会費が必要 / 会費を集める,7,真题,否,[54] 会員は、来年1月から再来年3月までの会費をどのように払えばいいか。 / いただきましたが、 来年より 4月に会費(4月から翌年3月の1年分)を納めていただくことにな,①会员费用（例：会費を払う｜支付会费）②组织费用（例：会費が必要｜需要会费）,边缘词
栽培,さいばい,名詞,栽培,栽培する / 栽培が難しい / 栽培方法,7,真题,否,両親は牧場で牛を栽培して、チーズを作っています / 私は今、生まれて半年の赤ちゃんを栽培しています,①植物种植（例：野菜を栽培する｜种植蔬菜）②培养发展（例：人材を栽培する｜培养人才）,边缘词
批判,ひはん,名詞,批评,批判を受ける / 批判がある / 批判をする,7,真题,否,自分とは違うことをしている人を批判する / .選手を批判せず、 感情を受け入れてなぐさめる。,①批评指责（例：批判を受ける｜受到批评）②评论分析（例：批判的に見る｜进行评论）,边缘词
宅配,たくはい,名詞,快递,宅配が届く / 宅配を頼む / 宅配サービス,7,真题,否,スーパー森下の宅配サービス / *冷蔵・冷凍の商品は宅配サービスの対象外です。,①送货上门（例：宅配サービス｜送货服务）②快递配送（例：宅配が届く｜快递送到）,边缘词
各店,かくてん,名詞,各店,各店で販売 / 各店を回る / 各店の特徴,7,真题,否,各店に行く / 各店でも販売を開始いたします。,①各个商店（例：各店で販売中｜各个商店在售）,边缘词
絵の具,えのぐ,名,颜料，水彩,絵の具を塗る（着色）,6,两者,是,下書きが消せないのは、 水性絵の具を溶かすのに使う水のせいだそうだ。 / そして最後に、鉛筆の下書きが水性絵の具で色をぬった後に消せない理由が説明されていた。,①绘画颜料（例：絵の具を使う｜使用绘画颜料）,社区推荐
会見,かいけん,名·自サ,会见，接见,会見を開く / 会見が行われる / 会見に出席する,6,两者,是,社長は会見を開き、記者からの質問に一つ一つ丁寧に答えた。 / 昨夜、高校の同級生の集まりがあり、10年振りに会見を楽しんだ。,①新闻发布会（例：会見を開く｜召开新闻发布会）,社区推荐
回転,かいてん,名·自サ,转，转动,回転が速い / 回転する / 回転を調整する,6,两者,是,回転ずしで1回に食べる量の平均は一人約 10 皿だという。 / (注1)アクセルをふかす : アクセルを強く踏んでエンジンを速く回転させる,①旋转运动（例：回転する椅子｜旋转的椅子）②转动（例：回転する地球｜旋转的地球）,社区推荐
我慢,がまん,名·他サ,忍耐,これ以上我慢できない（忍无可忍）,6,两者,是,に目を向け、 我慢して買って / それでは消費者は嫌々 「傷物」,①忍耐克制（例：我慢することが大事｜忍耐很重要）,社区推荐
気味,きみ,名,感受；情绪,気味が悪い（令人不快）,6,两者,是,ただし、 「絵がわからない」 / と (注2) 当惑気味につぶやくのは大人たちだけだ。,①感觉（例：不気味な音｜不安的声音）②倾向（例：病気の気味｜有生病的倾向）,社区推荐
恐怖,きょうふ,名·自他サ,恐惧，害怕,恐怖を感じる / 恐怖がある / 恐怖を克服する,6,两者,是,恐怖や不安は、 安全性の向上を妨げる。 / 恐怖や不安を感じることが、安全につながる。,①恐惧感（例：恐怖を感じる｜感到恐惧）,社区推荐
欠陥,けっかん,名,缺陷，毛病,欠陥がある（有缺陷）,6,两者,是,欠陥があるものを、 6月21日までに会計課に渡す。 / . あの人の欠陥は、 自分に都合の悪いことがあるとうそをつくことだ。,①缺陷问题（例：欠陥がある製品｜有缺陷的产品）,社区推荐
原料,げんりょう,名,原料,原料を調達する / 原料が必要 / 原料を使う,6,两者,是,原料の価格が高くなったこと / . 木の皮を取り除いた幹の部分を原料とし、丈夫で破れにくい。,①原材料（例：原料を仕入れる｜采购原材料）,社区推荐
講演,こうえん,名·他サ,讲演,講演を行う / 講演がある / 講演を聞く,6,两者,是,講演会などに出かけて自己を磨いている人も多いはずだ。 / に講演に行ったとき、 小学校の校長先生からうかがった。,①演讲报告（例：講演を行う｜进行演讲）,社区推荐
古典,こてん,名,古典,古典を読む / 古典が好き / 古典文学,6,两者,是,古典作品をたくさん読んだ経験 / こんどは『源氏物語』のような古典作品を読んでも、深く味わうことができる。,①古代文学（例：古典文学が好きです｜喜欢古典文学）②经典作品（例：古典の名作｜经典名作）,社区推荐
左右,さゆう,名·他サ,左右；支配,運命を左右する（支配命运）,6,两者,是,になっていなかったら、 左右の高 / 道を渡るときは、左右を振り向いて車が来ないことを確認しよう。,①左右两侧（例：左右を見てください｜请看左右）②影响（例：左右される｜受到影响）,社区推荐
思想,しそう,名,思想,思想を持つ / 思想が深い / 思想を表現する,6,两者,是,と言った人がいる。 / 「預かりものの思想」,①思维方式（例：思想が豊かだ｜思维丰富）②哲学观念（例：思想を深める｜深化思想）,社区推荐
主義,しゅぎ,名,主义,主義を貫く / 主義がある / 主義を説明する,6,两者,是,と名付けようと思う。 / わたしは、それを「目的地主義」,①信念体系（例：自由主義を支持する｜支持自由主义）②原则（例：平等主義の考え｜平等的原则）,社区推荐
水準,すいじゅん,名,水准,水準が高い / 水準を保つ / 水準を測る,6,两者,是,などへの要求水準が高いこと。 / ものに対する要求水準が下がって、 どの商品にも価値を認めるようになった。,①标准水平（例：水準が高い｜标准很高）②质量等级（例：水準を保つ｜保持水准）,社区推荐
知能,ちのう,名,智力,知能が低い（智力低）,6,两者,是,世界で初めて人工知能が用いられたロボットであるということ / ばの意味を理解して、手足を動かして同じ動作をすることができる人工知能が入ったロボットが開発さ,①智力水平（例：知能が高い｜智力高）②智能（例：知能を測る｜测量智力）,社区推荐
疲れ,つかれ,名,疲劳,お疲れさま（你辛苦了）,6,两者,是,長時間立っていると、足に疲れがたまってしまうという問題もあります。 / 朝起きたとき、 よく眠れなかった、疲れが取れていない、などと感じたことがありませんか。,①疲劳状态（例：疲れを感じる｜感到疲劳）②劳累（例：疲れが取れない｜疲劳无法消除）,社区推荐
抵抗,ていこう,名·自サ,抵抗；电阻,抵抗がある / 抵抗を示す / 抵抗を感じる,6,两者,是,最初のうちはていこうを感じていたが、いつの間にか慣れてしまった。 / 力することに対して抵抗感がなくなり、 とても生きやすくなりました。,①反抗行为（例：抵抗することが大切｜反抗很重要）②抵御（例：抵抗力を高める｜增强抵抗力）,社区推荐
徹底,てってい,名·自サ,彻底；贯彻,徹底的に行う / 徹底が必要 / 徹底を求める,6,两者,是,徹底をお願いいたします。 / (注) 突き詰めてここでは、徹底的に,①彻底执行（例：徹底的にやる｜彻底执行）②完全（例：徹底的な改革｜完全的改革）,社区推荐
点検,てんけん,名·他サ,逐一检查,点検を受ける（接受检查）,6,两者,是,ガス会社から、器具の点検を来月行うという合図があった。 / つぎのような場合はすぐに使用を中止し、点検をご依頼ください。,①检查（例：点検を行う｜进行检查）②审查（例：点検が必要です｜需要审查）,社区推荐
転職,てんしょく,名·自サ,转业，改行,転職を考える / 転職する / 転職先を探す,6,两者,是,転職を考えることが時々ある。 / いまから転職をするのは難しいこと,①换工作（新しい仕事に転職した｜换了新工作）②职业变动（転職を考えている｜考虑换工作）,社区推荐
発行,はっこう,名·他サ,发行,雑誌を発行する（发行杂志）,6,两者,是,発行元に、振り込み手数料を負担してもらえる。 / 発行先 歴史教育社 発行日 2014年2月1日,①发行（新しい本を発行する｜发行新书）②发布（証明書を発行する｜发布证书）,社区推荐
反抗,はんこう,名·自サ,反抗,命令に反抗する（违抗命令）,6,两者,是,(注2) 反発して:ここでは、反抗して / (注1)反発する: 反抗して、受け付けない,①反抗（親に反抗する｜反抗父母）②抵抗（権力に反抗する｜抵抗权力）,社区推荐
甘やかす,あまやかす,他五,姑息；纵容,甘やかした子（被惯坏了的孩子）,6,两者,是,今年のA社の就職試験は、昨年より内容が甘やかされている。 / ところが、集団行動の経験もなく、家でも甘やかされて育ってイヌは。,①宠溺（子供を甘やかす｜宠溺孩子）②纵容（彼を甘やかしてはいけない｜不能纵容他）,社区推荐
浮かぶ,うかぶ,自五,浮出；浮现,魚が水面 [すいめん] に浮かぶ（鱼浮出水面）,6,两者,是,雑談をしているときにいいアイディアが浮かんだ。 / (注3) 投函(とうかん) する: ポストに入れる,①浮现（アイデアが浮かぶ｜浮现想法）②漂浮（船が浮かぶ｜船在漂浮）,社区推荐
覆う,おおう,他五,覆盖；掩饰,雪に覆われた山々（白雪覆盖的群山）,6,两者,是,公園に続く並木道はすっかり落ち葉で覆われていた。 / 優勝した森選手は大勢の記者に覆われてインタビューを受けていた。,①覆盖（布で覆う｜用布覆盖）②遮挡（影が覆う｜影子遮挡）,社区推荐
補う,おぎなう,他五,补充,欠損 [けっそん] を補う（补偿亏损）,6,两者,是,実力が足りないところは、努力で補いたい / そうなると相手は自分の意図とは異なる形で補うた,①补充（不足を補う｜补充不足）②弥补（欠点を補う｜弥补缺点）,社区推荐
尋ねる,たずねる,他下一,寻找,道を尋ねる（问路）,6,两者,是,という答えが多く返ってくる。 / そのうわさについて本人に尋ねたら、 そくざに否定された。,①询问（道を尋ねる｜询问路）②访问（友達を尋ねる｜访问朋友）,社区推荐
黙る,だまる,自五,沉默,黙れ（住口!）,6,两者,是,トップが黙って出席者の意見を受け入れてくれたとき / グループに加わりたいときは、まず黙って話を聞くことです。,①沉默（彼は黙る｜他沉默）②不说话（黙っている｜不说话）,社区推荐
解く,とく,他五,解开；解除,帯を解く（解开衣带）,6,两者,是,しかし、昨年解いた問題をし / と気がついてすらすら解けることがある。,①解开（結び目を解く｜解开结）②解决（問題を解く｜解决问题）,社区推荐
ただし,ただし,接续,但是，不过,ただし注意 / ただし条件 / ただし例外,6,两者,是,ただし、同じことが何度も / ただし、 「絵がわからない」,①但是（例：ただし、注意してください。｜但是，请注意。）②不过（例：ただし、条件があります。｜不过，有条件。）,社区推荐
リズム,りずむ,名,节奏，韵律,生活のリズムが崩れる（生活规律紊乱）,6,两者,是,リズムにうまく合わせること / 最近忙しくて生活のリズムがみだれている。,①节奏（例：リズムがいい。｜节奏很好。）②韵律（例：リズムに乗る。｜跟着韵律。）,社区推荐
そう,そう,接尾辞,那样,そう思う / そう言う / そうする,6,真题,否,①そうではないとあるが、 どういうことか。 / ところが、 ①そうではないという記事を読んだ。,①那样（例：そうですね。｜是那样的。）②是的（例：そう思います。｜我也是这样想。）,边缘词
晴れる,はれる,動詞,晴天,晴れる日 / 晴れるといい / 晴れる時間,6,真题,否,晴れている日は、この山頂からすばらしい景色が見える。 / . さっきまで晴れていたのに、 即座に雲が出てきた。,①放晴（例：今日は晴れる。｜今天放晴。）②变晴（例：天気が晴れる。｜天气变晴。）,边缘词
山頂,さんちょう,名詞,山顶,山頂に立つ / 山頂を目指す / 山頂から見る,6,真题,否,北門から登山鉄道で山頂へ→徒歩で植物園へ / 北口から登山鉄道で山頂へ→徒歩で植物園へ,①山顶（例：山頂に着いた。｜到达山顶。）②顶峰（例：山頂からの景色。｜山顶的景色。）,边缘词
怒る,おこる,動詞,生气,怒る理由 / 怒ることがある / 怒るとき,6,真题,否,母は怒っている外見だった。 / あまり話さない 3 あまり怒らない,①生气（例：彼は怒った。｜他生气了。）②愤怒（例：怒る理由がある。｜有生气的理由。）,边缘词
あらわれ,あらわれ,名詞,出现,あらわれがある / あらわれを見せる / あらわれが多い,6,真题,否,疑問とは、「興味の現れ」(注1)にほかならない。 / ほめるという行為は、 本来、 自然な気持ちのあらわれです。,①出现（例：あらわれた影。｜出现的影子。）②表现（例：感情のあらわれ。｜情感的表现。）,边缘词
速度,そくど,名詞,速度,速度が速い / 速度を測る / 速度を上げる,6,真题,否,そのため、 加速、最高速度の維持、減速というそれぞれの段階に / の車と速度を同じくして会話に加わると、 流れにうまく乗ることができます。,①速度（例：速度が速い。｜速度很快。）②速率（例：速度を測る。｜测量速度。）,边缘词
要点,ようてん,名詞,要点,要点をまとめる / 要点が重要 / 要点を理解する,6,真题,否,というような説 / (注2) 要点を抑える: 要点をつかむ,①要点（例：要点をまとめる。｜总结要点。）②重点（例：要点を押さえる。｜把重点抓住。）,边缘词
サイズ,さいず,名詞,大小,サイズを測る / サイズが合う / サイズを選ぶ,6,真题,否,(注4) 版: ここでは、サイズ / 文字のサイズをそろえてください。,①尺寸（例：サイズを確認する。｜确认尺寸。）②大小（例：サイズが合う。｜尺寸合适。）,边缘词
時々,ときどき,名詞,有时,時々行く / 時々会う / 時々思い出す,6,真题,否,転職を考えることが時々ある。 / も同じように、 そのときどきに応じた深度で読んでいるのです。,①有时（時々、雨が降る｜有时下雨。）②偶尔（時々、友達に会う｜偶尔见朋友。）,边缘词
本質,ほんしつ,名詞,本质,本質を理解する / 本質が重要 / 本質を探る,6,真题,否,力を養うのが勉強の (注3) 本質なのです。 / もっとも多少働いたとしても、仕事の本質はわからな,①本质（本質を理解する｜理解本质。）②实质（問題の本質｜问题的实质。）,边缘词
才能,さいのう,名詞,才能,才能がある / 才能を伸ばす / 才能を活かす,6,真题,否,才能があれば、と思う人がいるかもしれない。 / 鈴木さんの才能は、多くの用途に生かされるだろう。,①才能（彼には才能がある｜他有才能。）②天赋（音楽の才能｜音乐天赋。）,边缘词
憧れ,あこがれ,名詞,憧憬,憧れを抱く / 憧れが強い / 憧れの人,6,真题,否,日本人は「シンプル」 / 子供の頃に憧れていた野球選手とか、大学時代に憧れ,①憧憬（彼女に憧れを抱く｜对她有憧憬。）②向往（自由への憧れ｜向往自由。）,边缘词
教わる,おそわる,動詞,学习,教わることが多い / 教わる機会 / 教わる内容,6,真题,否,(梅崎修『マンガに教わる仕事学』 による) / そのせいで、 教わる側が理解しにくくなってしまうこと,①学习（先生に教わる｜向老师学习。）②受教（友達に教わる｜向朋友请教。）,边缘词
意義,いぎ,名詞,意义,意義を見出す / 意義がある / 意義を考える,6,真题,否,Aは予算が足りなくなると述べ、Bは図書館の存在意義が失われると述べている / コミュニケーションの具体的なとり方の例を聞くことができて大変有意義だった。,①意义（この仕事の意義｜这工作的意义。）②价值（人生の意義｜人生的价值。）,边缘词
定員,ていいん,名詞,定员,定員が決まる / 定員を超える / 定員を守る,6,真题,否,定員に達したら締め切りとなります。 / 各講座、定員は30名となっています。,①定员（このクラスの定員｜这个班的定员。）②人数限制（定員に達する｜达到人数限制。）,边缘词
通える,かよえる,動詞,能通,通える距離 / 通える時間 / 通える場所,6,真题,否,今住んでいるところから通えるから / (注2)筋が通っている: 矛盾がない,①能通（学校に通える｜能上学。）②可往返（仕事に通える｜能往返工作。）,边缘词
眠れる,ねむれる,動詞,能眠,眠れる時間 / 眠れる環境 / 眠れるようにする,6,真题,否,眠ってしまいそうになった / よく眠れるようになったこと,①能睡（静かな場所で眠れる｜能在安静的地方睡。）②可入睡（すぐに眠れる｜能很快入睡。）,边缘词
病気,びょうき,名詞,疾病,病気が治る / 病気にかかる / 病気を予防する,6,真题,否,この病気は人から人へ普及する可能性がある。 / 食の変化によって病気になる人も増えているそうだ。,①疾病（彼は病気だ｜他生病了。）②生病（病気にかかる｜得了病。）,边缘词
連続,れんぞく,名詞,连续,連続して行う / 連続が続く / 連続するイベント,6,真题,否,毎週 月・火曜(2日連続) / B「それが、ミスの連続でね……。,①连续（例：連続ドラマを見た｜看了连续剧。）②接连不断（例：連続して起こる｜接连不断发生。）,边缘词
体調,たいちょう,名詞,状态,体調が良い / 体調を整える / 体調を崩す,6,真题,否,(正木健雄 【新・いきいき体調─トレーニング】 による) / 社員としては体調管理につながるだけでなく、人を助けることができ、,①身体状况（例：体調が悪い｜身体状况不好。）②健康状态（例：体調を整える｜调整健康状态。）,边缘词
とにかく,とにかく,副詞,总之,とにかく行く / とにかくやる / とにかく考える,6,真题,否,生きる (注4)ための対価を支払っていると思えば、 とにかく安ければ / のかわかりませんが、とにかく子イヌと成犬とを区別したうえで挨拶のあるなしを判断しているようで,①无论如何（例：とにかく行こう｜无论如何去吧。）②总之（例：とにかく大丈夫｜总之没问题。）,边缘词
落ち葉,おちば,名詞,落叶,落ち葉が舞う / 落ち葉を集める / 落ち葉の季節,6,真题,否,落ち葉や枯れ木を腐りにくくする。 / 公園に続く並木道はすっかり落ち葉で覆われていた。,①落叶（例：落ち葉が舞う｜落叶在飞舞。）②树叶掉落（例：落ち葉が多い｜树叶掉落很多。）,边缘词
リラックス,りらっくす,名詞,放松,リラックスする時間 / リラックスが必要 / リラックスできる,6,真题,否,体をリラックスさせるため / 私たちが森林に入るとリラックスした気分になるのは、このためだ。,①放松（例：リラックスする時間｜放松的时间。）②舒缓压力（例：リラックスした気分｜舒缓压力的感觉。）,边缘词
チーム,ちーむ,名詞,团队,チームを作る / チームで活動 / チームが勝つ,6,真题,否,「練習のための練習」 / が行われているというチームがたくさんあります。,①团队（例：サッカーチーム｜足球团队。）②小组（例：研究チーム｜研究小组。）,边缘词
通信,つうしん,名詞,通信,通信が届く / 通信を送る / 通信が必要,6,真题,否,宇宙開発は、 特に気象観測や通信、 交通 / 参加企業: 金融・小売業・情報・通信・貿易商社など20社,①通信（例：通信が遅い｜通信很慢。）②通讯（例：通信技術｜通信技术。）,边缘词
仕上げる,しあげる,動詞,完成,仕上げる作業 / 仕上げる時間 / 仕上げる方法,6,真题,否,早く何かを仕上げないと他の人に勝てないと思うこと / 苦労して問題を片付け、課題を仕上げるのが楽しい。,①完成（例：仕事を仕上げる｜完成工作。）②做完（例：宿題を仕上げる｜做完作业。）,边缘词
ひたすら,ひたすら,副詞,专心,ひたすら頑張る / ひたすら待つ / ひたすら考える,6,真题,否,何も考えずにひたすら決められたことをしていて人生が楽しいは / 人生を楽しむためには、ひたすらゆっくり時間を過ごしたほうがよい。,①专心致志（例：ひたすら勉強する｜专心致志学习。）②一心一意（例：ひたすら待つ｜一心一意等待。）,边缘词
文学,ぶんがく,名詞,文学,文学を学ぶ / 文学が好き / 文学作品,6,真题,否,(注3)エンデ:ドイツの児童文学者 / 司会 「森もりさん、第五回X文学賞受賞おめでとうございます。,①文学（例：日本文学が好き｜喜欢日本文学。）②文艺（例：文学作品｜文学作品。）,边缘词
のんびり,のんびり,副詞,悠闲,のんびり過ごす / のんびりする時間 / のんびりしたい,6,真题,否,(注3) 悠長な : のんびりした / 高くても遠い場所でのんびり過ごせればよかった。,①悠闲自在（のんびり過ごす｜悠闲地度过。）②轻松愉快（のんびりした気分｜轻松愉快的心情。）,边缘词
気象,きしょう,名詞,气象,気象が変わる / 気象を予測する / 気象情報,6,真题,否,気象情報から食品の高度な需要 / 宇宙開発は、 特に気象観測や通信、 交通,①气象现象（気象予報｜气象预报。）②天气状况（今日の気象｜今天的天气）,边缘词
プラス,ぷらす,名詞,加号,プラスの効果 / プラスになる / プラスを考える,6,真题,否,つまり笑顔になると、入ってくる情報がプラスの方面に偏(かたよ)るのだ。 / 商品の傷も前の使用者の(注2) ぬくもりとプラスにとらえる (注3) 感性が若い人を中心に広がってい,①正面影响（プラスの効果｜正面的影响）②加号（プラスの数｜正数）,边缘词
振り返る,ふりかえる,動詞,回顾,過去を振り返る / 思い出を振り返る / 人生を振り返る,6,真题,否,ただ、過去を振り返って、 『ああ、だいたいあ / ものを作るということは、完成後に振り返る時間が楽しい,①回头看（過去を振り返る｜回顾过去）②反思（自分を振り返る｜反思自己）,边缘词
合同,ごうどう,名詞,联合,合同で行う / 合同のイベント / 合同の会議,6,真题,否,複数の大学が合同でスポーツ大会を行った。 / 合同企業説明会 (講師: 各企業採用担当者),①联合（合同会社｜联合公司）②合并（合同イベント｜联合活动）,边缘词
不要,ふよう,形状詞,不需要,不要な物 / 不要な手続き / 不要な情報,6,真题,否,※①②とも申し込み不要。 / 提出する証明書などは不要で、申請すればよい。,①不需要（不要な物｜不需要的东西）②不必要（不要な手続き｜不必要的手续）,边缘词
プログラム,ぷろぐらむ,名詞,程序,プログラムを作成する / プログラムに参加する / プログラムを実行する,6,真题,否,プログラムの内容を決める / それより「目の前のやりたいこと」,①程序（コンピュータープログラム｜计算机程序）②计划（イベントプログラム｜活动计划）,边缘词
好調,こうちょう,名詞,良好,好調な業績 / 好調な売上 / 好調な経済,6,真题,否,(注6)絶好調の:非常に調子が良い / ずっと好調だったのに、 最後の試合で敗れてしまった。,①状态良好（好調な売上｜销售良好）②顺利（好調な進行｜进展顺利）,边缘词
ピアノ,ぴあの,名詞,钢琴,ピアノを弾く / ピアノのレッスン / ピアノの演奏,6,真题,否,「大人のパスタ」 / といった表現をよく,①钢琴（ピアノを弾く｜弹钢琴）,边缘词
察知,さっち,名詞,察觉,察知する能力 / 察知が早い / 察知が難しい,6,真题,否,(注2)~を察知 (さっち) する: 〜に気がつく / このとき、 相手の感情がとうであるか察知する (注3)ことが重要で,①察觉（異変を察知する｜察觉异常）②感知（危険を察知する｜感知危险）,边缘词
定着,ていちゃく,名詞,固定,定着する文化 / 定着した習慣 / 定着率が高い,6,真题,否,り、それ以来、ポケットティッシュを道で配ることが定着していったらしい。 / (注1)かなたにかくされているものをとらえて、それを画面に定着させたとき、 はじめて絵画が誕生す,①固定下来（例：新しい文化が定着した｜新文化固定下来）②稳定存在（例：習慣が定着する｜习惯稳定存在）,边缘词
同士,どうし,接尾辞,同伴,同士が集まる / 同士の絆 / 同士として協力する,6,真题,否,席が近い人どうしで組ませる / 仲がいい人どうしで組ませる,①同伴者（例：友達同士｜朋友之间）②志同道合（例：仲間同士｜志同道合的伙伴）,边缘词
前向き,まえむき,形状詞,积极,前向きな姿勢 / 前向きに考える / 前向きな言葉,6,真题,否,ることに前向きの価値を見いだしているのではないか。 / 自分が前向きに生きていくために意識的に利用しているもの,①积极向上（例：前向きな考え｜积极的想法）②乐观态度（例：前向きに生きる｜乐观地生活）,边缘词
活力,かつりょく,名詞,活力,活力がある / 活力を与える / 活力を感じる,6,真题,否,組織の活力を維持できなくなる。 / 締めくくれば、 明日への活力も湧くてきた。,①生命力（例：活力に満ちた｜充满活力）②精力充沛（例：活力がある｜精力充沛）,边缘词
一杯,いちはい,名詞,一杯,一杯の水 / 一杯のコーヒー / 一杯の酒,6,真题,否,仕事も精一杯頑張ればそれだけ充実感を得ることができる。 / あの頃先生や親は僕によく「いい友達をいっぱい作りなさい。,①一杯的量（例：コーヒー一杯｜一杯咖啡）②非常多（例：一杯の楽しみ｜很多乐趣）,边缘词
ますます,ますます,副詞,越来越,ますます増える / ますます良くなる / ますます人気が出る,6,真题,否,しいかと書かれているので、ますますそれに憧れてしまうようである。 / 拝啓 初秋の侯、(注)貴社ますますご発展のこととお慶び申し上げます。,①越来越（例：ますます良くなる｜越来越好）②愈加（例：ますます人気｜愈加受欢迎）,边缘词
時点,じてん,名詞,时点,時点を確認する / 時点での状況 / 時点を設定する,6,真题,否,とあきらめるかの差だ。 / どの時点で「あっ、オレにはできない」,①时间点（例：その時点で｜那个时间点）②特定时刻（例：時点を決める｜确定时刻）,边缘词
恥ずかしい,はずかしい,形容詞,羞愧,恥ずかしい思い / 恥ずかしい瞬間 / 恥ずかしい気持ち,6,真题,否,鈴木さんは恥ずかしそうにうつむいていた / 知識のないことを恥ずかしいと思わない人,①害羞的（例：恥ずかしい思い｜害羞的感觉）②难为情（例：恥ずかしい瞬間｜难为情的瞬间）,边缘词
可愛い,かわいい,形容詞,可爱,可愛い子供 / 可愛い服 / 可愛い動物,6,真题,否,による) / A 「このシャツ、かわいい。,①可爱的（例：可愛い犬｜可爱的狗）②迷人的（例：可愛い笑顔｜迷人的笑容）,边缘词
順番,じゅんばん,名詞,顺序,順番を守る / 順番が来る / 順番を待つ,6,真题,否,(注1)序列をつける: 順番をつける / が変わってくるので、順番を意識して話す必要,①顺序（例：順番を守る｜遵守顺序）②轮流（例：順番に行く｜轮流进行）,边缘词
威嚇,いかく,名詞,威吓,威嚇する行動 / 威嚇の声 / 威嚇を受ける,6,真题,否,威嚇することが観察されます。 / をできなくても威嚇をしないことが多いのです。,①威胁（敵に威嚇する｜威胁敌人）②恐吓（相手を威嚇する｜恐吓对方）,边缘词
円滑,えんかつ,形状詞,顺畅,円滑に進む / 円滑なコミュニケーション / 円滑な運営,6,真题,否,ても「こんな考え方があってもいい」 / (注5)円滑に:スムーズに、滑らかに,①顺利（円滑に進む｜顺利进行）②流畅（円滑な会話｜流畅的对话）,边缘词
コントロール,こんとろーる,名詞,控制,コントロールが難しい / コントロールを失う / コントロールする能力,6,真题,否,合った走り方をコントロールすることが大切だ。 / ( 東山紘久 『悩みのコントロール術』による),①控制（状況をコントロールする｜控制情况）②调节（音量をコントロールする｜调节音量）,边缘词
一気,いっき,名詞,一口,一気に飲む / 一気に食べる / 一気に進む,6,真题,否,AもBも、スタート時から一気に加速することが大切だと述べている。 / それらが一気に解決され、 高品質の板ガラスを大量生産することが可能になったのが1959年,①一口气（飲み物を一気に飲む｜一口气喝）②一下子（仕事を一気に終わらせる｜一下子完成）,边缘词
あわてる,あわてる,動詞,慌忙,あわてることなく / あわてて行動する / あわてて準備する,6,真题,否,(注3) あわてふためいて: とてもあわてて / 慌てていたので、行方を確かめずにバスに乗ってしまった。,①慌张（急にあわてる｜突然慌张）②惊慌（あわてて行動する｜惊慌行动）,边缘词
術,じゅつ,名詞,技巧,術を使う / 術を学ぶ / 術を磨く,6,真题,否,(樋口裕一 『「教養」 / を最強の武器にする読書術』 による),①技巧（技術の術｜技巧）②方法（解決の術｜解决方法）,边缘词
オリンピック,おりんぴっく,名詞,奥林匹克,オリンピックに出場する / オリンピックの開催 / オリンピックの選手,6,真题,否,この東京オリンピックは、 / 昨日の夜、オリンピック中継見た?,①奥林匹克（オリンピックが開催される｜奥林匹克举行）,边缘词
登る,のぼる,動詞,爬升,登る山 / 登ることが好き / 登るのが難しい,6,真题,否,登っているときはこんなに / A「次の登山、大山に登るのはどう?,①爬（山に登る｜爬山）②升（階段を登る｜上楼梯）,边缘词
飲食,いんしょく,名詞,饮食,飲食店で食べる / 飲食を楽しむ / 飲食の提供,6,真题,否,コストをおさえて、安いランチメニューでも飲食店は利益を上げている。 / 飲食店には、 夜だけでなく昼も営業して、 ランチメニューを出しているところも多い。,①饮食（飲食を楽しむ｜享受饮食）②餐饮（飲食業界｜餐饮行业）,边缘词
前後,ぜんご,名詞,前后,前後の関係 / 前後を考える / 前後に注意する,6,真题,否,円以上する店でも昼は1000円前後になるといったものだ。 / 例えば、 サクラのソメイヨシノでは、5度前後の気温が約900時間53,①前后（前後に移動する｜前后移动）②前后关系（前後の関係｜前后关系）,边缘词
悪,わるい,接頭辞,恶,悪い影響 / 悪い習慣 / 悪い結果,6,真题,否,営業にも悪影響を与えてしまう。 / この事業に反対するきっかけは、環境への悪影響が予想されるからだ。,①坏事（悪いことをする｜做坏事）②恶劣（悪い環境｜恶劣环境）,边缘词
進化,しんか,名詞,进化,進化する技術 / 進化の過程 / 進化を遂げる,6,真题,否,人間の口が (注2) 進化の / (注2) 進化: 生物が発達によって長い間に変化すること,①进化（生物の進化｜生物进化）②发展（技術の進化｜技术发展）,边缘词
向き合う,むきあう,動詞,面对,向き合う問題 / 向き合う姿勢 / 向き合う時間,6,真题,否,かり向き合うことが大切だ。 / 現している人(注7)がいるなら、 その事実に向き合ってください。,①面对（問題に向き合う｜面对问题）②对峙（相手と向き合う｜与对方对峙）,边缘词
噛み合う,かみあう,動詞,契合,噛み合う意見 / 噛み合う考え / 噛み合う会話,6,真题,否,(注4)噛み合う:ここでは、ぴったり合う / 自分の心の歯車と (注2) 噛み合わなくなると,①契合（意見が噛み合う｜意见契合）②相互理解（話が噛み合う｜相互理解）,边缘词
運営,うんえい,名詞,运营,運営が難しい / 運営の方針 / 運営を担当する,6,真题,否,そしきが大きくなると、運営も大変になる。 / 会議のスムーズな運営のためには、自分ではしない方がよい。,①运营（会社の運営｜公司运营）②管理（プロジェクトの運営｜项目管理）,边缘词
流れる,ながれる,動詞,流动,流れる水 / 流れる時間 / 流れる音楽,6,真题,否,あやまった情報が流れてしまったようだ。 / 別の日に今度は、流れているすしの皿を取ってすしを食べる。,①流动（川が流れる｜河流流动）②传播（情報が流れる｜信息传播）,边缘词
プレゼン,ぷれぜん,名詞,演示,プレゼンを行う / プレゼンの準備 / プレゼンを聞く,6,真题,否,プレゼンのしりょうを作成する / たとえば、 あるプレゼン資料を部下につくらせるとする。,①演示（プレゼンをする｜进行演示）②展示（製品のプレゼン｜产品展示）,边缘词
毎月,まいつき,名詞,每月,毎月の支出 / 毎月の会議 / 毎月の報告,6,真题,否,最近は毎月決まった金額でかけ放題の国際電話サービスがある。 / . 最近は毎月決まった金額でかけ放題の国際電話サービスがある。,①每月（毎月の支出｜每月支出）,边缘词
頼る,たよる,動詞,依赖,頼る人 / 頼ることができる / 頼るのが苦手,6,真题,否,その多くを海外からの輸入に頼っているという。 / また、服装で調整するなど各自で工夫し、暖房に頼りすぎないようご協力をお願いいたします。,①依赖（友人に頼る｜依赖朋友）②依靠（家族を頼る｜依靠家人）,边缘词
水質,すいしつ,名詞,水质,水質が悪い / 水質を調査する / 水質を改善する,6,真题,否,市民水質調査データのお知らせ / 安井市では、毎年美安川の水質調査を行っております。,①水质（水質が悪い｜水质差）②水的质量（水質検査｜水质检测）,边缘词
周辺,しゅうへん,名詞,周边,周辺の環境 / 周辺の施設 / 周辺を散策する,6,真题,否,年度竹本駅周辺駐輪場(自転車)の定期利用のご案内 / 水質調査方法を学び、 周辺の川の汚染を調べてほしい,①周围地区（公園の周辺｜公园周围）②周边环境（周辺の状況｜周边情况）,边缘词
チャンス,ちゃんす,名詞,机会,チャンスを逃す / チャンスをつかむ / チャンスが訪れる,6,真题,否,のかもしれないのに、 自分はそのチャンスを逃してしまったのかもしれない。 / その方が普段は聞けないたくさんの意見やアイディアを聞くチャンスを得られることにも,①机会（チャンスを逃す｜错过机会）②时机（良いチャンス｜好机会）,边缘词
輝き,かがやき,名詞,光辉,輝きが増す / 輝きのある未来 / 輝きを放つ,6,真题,否,世紀ごろになると、表面に輝きがある薄 / 溶かしたガラスを手作業で平らにしたため、表面に輝きが,①光辉（星の輝き｜星星的光辉）②闪耀（目の輝き｜眼中的闪耀）,边缘词
初期,しょき,名詞,初期,初期の段階 / 初期の問題 / 初期のデータ,6,真题,否,.曲の初期の部分を聞いただけで、 題名が何かわかりました。 / 初期のコンピュータが結構役に立ったのは人間と全く違った単純作業がで,①初期阶段（初期の段階｜初期阶段）②早期（初期の頃｜早期）,边缘词
高級,こうきゅう,名詞,高级,高級なレストラン / 高級な商品 / 高級なサービス,6,真题,否,これは、高級な旅館に泊まったり、時間をかけて旅 / 車をもつ、 家をもつ、 高級ブランド品をもつ、携帯電話,①高级（高級なレストラン｜高级餐厅）②奢华（高級品｜奢华品）,边缘词
確実,かくじつ,形状詞,确实,確実に成功する / 確実な証拠 / 確実な情報,6,真题,否,確実に達成できる目標を立てること / (注3)歩みを刻む:ここでは、一歩を確実に進める,①确实可靠（確実な情報｜确实的信息）②一定（確実に成功する｜一定会成功）,边缘词
慌しい,あわただしい,形容詞,匆忙,慌しい日々 / 慌しい状況 / 慌しい動き,6,真题,否,そうすることで、日々の慌しい生活を忘 / 森さんはあわただしい人で、よく忘れ物したり、乗る電車を間違えたりする。,①匆忙（慌しい日々｜匆忙的日子）②忙乱（慌しい様子｜忙乱的样子）,边缘词
もれる,もれる,動詞,漏出,もれる情報 / もれる音 / もれる光,6,真题,否,冷蔵庫から食品のにおいがもれてくる。 / もれないようにするなどの取り組みが53,①漏出（情報がもれる｜信息泄露）②漏掉（光がもれる｜光线漏出）,边缘词
生徒,せいと,名詞,学生,生徒が集まる / 生徒の意見 / 生徒を指導する,6,真题,否,駅にはられていた「大人のピアノ教室」 / なにごとにも無関心な生徒は、会話もじつに(注,①学生（生徒が多い｜学生很多）②学员（新しい生徒｜新学生）,边缘词
知らせ,しらせ,名詞,通知,知らせを受ける / 知らせを送る / 知らせが届く,6,真题,否,である。 / 次は、 「バーベキュー会場開設のお知らせ」,①通知（知らせを受ける｜收到通知）②消息（良い知らせ｜好消息）,边缘词
快い,よい,形容詞,愉快,快い音楽 / 快い時間 / 快い気持ち,6,真题,否,遠慮しないでいつでも快く遊びに来てください。 / 要らないパソコンでしたら、快くもらっていきます。,①愉快的（快い音楽が流れる｜愉快的音乐）②舒适的（快い風が吹く｜舒适的风）,边缘词
当たり,あたり,接尾辞,命中,当たり前のこと / 当たりを引く / 当たりを出す,6,真题,否,なれば、一カ所当たり1ccの処理のはずが、2倍の2ccの処理になる。 / しかし、空想が現実からかけ離れるばかりかといえばそうではないし、予測が必ず現実を言い当,①命中（当たりくじが出た｜中奖了）②碰撞（車が当たりそうだ｜快要碰撞）③运气（今日は当たり日だ｜今天运气好）,边缘词
伝統,でんとう,名詞,传统,伝統を守る / 伝統的な行事 / 伝統文化を学ぶ,6,真题,否,伝統的な遊びが宇宙で使われる最新技術につながっている。 / 日本人が守ってきた伝統的な食文化は、日本人の健康を支えていたのだ。,①传统（伝統文化を守る｜保护传统文化）②继承（伝統を受け継ぐ｜继承传统）,边缘词
宣伝,せんでん,名詞,宣传,宣伝を行う / 宣伝の効果 / 宣伝を受ける,6,真题,否,その十数年後、51 が広告宣伝 / 大学生を通して、 他の人にも広告商品を宣伝できる。,①宣传（新商品の宣伝をする｜宣传新产品）②广告（テレビで宣伝を見る｜看电视广告）,边缘词
タイミング,たいみんぐ,名詞,时机,タイミングを見計らう / タイミングが重要 / タイミングを逃す,6,真题,否,タイミングをとらえた勉強 / 物事は、タイミングがすべてです。,①时机（タイミングが良い｜时机很好）②时刻（タイミングを見計らう｜把握时刻）,边缘词
生む,うむ,動詞,产生,生む力 / 生むことができる / 生むための努力,6,真题,否,そんな人をたくさん生んでしまったの / 問題となっている事例は、 その点、すぐれた,①产生（新しいアイデアを生む｜产生新想法）②生育（子供を生む｜生育孩子）,边缘词
ふもと,ふもと,名詞,山脚,ふもとに住む / ふもとの風景 / ふもとを散策する,6,真题,否,山のふもとにきれいな湖があります。 / 明日、駅のふもとで池田さんと会う約束をした,①山脚（山のふもとに住む｜住在山脚）②底部（川のふもとに行く｜去河底）,边缘词
夏休み,なつやすみ,名詞,暑假,夏休みの計画 / 夏休みを楽しむ / 夏休みの思い出,6,真题,否,A「ねえ、夏休みの宿題、進んでる? / A 「夏休み、 あしたで終わりだね」,①暑假（夏休みが始まる｜暑假开始）②假期（夏休みを楽しむ｜享受暑假）,边缘词
菓子,かし,名詞,点心,菓子を作る / 菓子を食べる / 菓子の種類,6,真题,否,田中君が差し入れにお菓子を持ってきたこと / 田中君がくれたのが有名なお菓子だったこと,①点心（和菓子が好き｜喜欢和菓子）②糖果（菓子を食べる｜吃糖果）,边缘词
記者,きしゃ,名詞,记者,記者が取材する / 記者の質問 / 記者の報告,6,真题,否,社長は会見を開き、記者からの質問に一つ一つ丁寧に答えた。 / 鈴木選手は試合の後、多くの記者に囲まれて質問を受けていた。,①记者（新聞記者が取材する｜记者采访）②新闻工作者（テレビの記者｜电视记者）,边缘词
展示,てんじ,名詞,展示,展示を行う / 展示の内容 / 展示を見に行く,6,真题,否,(注1)展示(てんじ) する: 並べて見せる / 美術館に皆(注1) 展示してあるものに正解は一つもない。,①展示，展览（作品を展示する｜展示作品）②展示，陈列（商品を展示する｜展示商品）,边缘词
成分,せいぶん,名詞,成分,成分を分析する / 成分が含まれる / 成分の割合,6,真题,否,「かけ湯」 / には、お湯の温度や温泉の成分に体を慣れさせるといった重要な役割,①成分，成份（成分表示を確認する｜确认成分）②成分，组成部分（成分が重要です｜成分很重要）,边缘词
線,せん,接尾辞,线,線を引く / 線が見える / 線を描く,6,真题,否,いずれも現実の延長線上にあるものである。 / この線に対して垂直な線を引いてください。,①线，线路（電車の線｜电车线路）②线，边界（線を引く｜画线）,边缘词
以内,いない,名詞,以内,以内の時間 / 以内の範囲 / 以内の条件,6,真题,否,返送は、商品到着後14日以内に行う。 / 舞台リハーサルは、以下の日に15分以内でお願いします。,①以内，之内（1時間以内に到着｜一小时内到达）②以内，范围内（範囲以内で行う｜在范围内进行）,边缘词
中旬,ちゅうじゅん,名詞,中旬,中旬の予定 / 中旬のイベント / 中旬の天気,6,真题,否,*入賞者には2014年1月中旬に郵便で通知します。 / 結果は、7月中旬に専用ウェブページ上で公開します。,①中旬，十天左右（中旬に旅行する｜中旬旅行）②中旬，月份中间（中旬の会議｜中旬会议）,边缘词
リスト,りすと,名詞,清单,リストを作る / リストに追加する / リストを確認する,6,真题,否,文字数は4500~5000字で、 参考文献リストは文字数に含めません。 / . 総務課から送付してほしい相手先のリストを作成し、22日までに総務課に出す。,①列表，清单（買い物リスト｜购物清单）②名单，目录（参加者リスト｜参与者名单）,边缘词
封筒,ふうとう,名詞,信封,封筒に入れる / 封筒を閉じる / 封筒を送る,6,真题,否,(注2)封:ここでは、封筒 / の封筒1枚(長形3号 「120×235mm」)もご提出ください。,①封筒，信封（手紙を封筒に入れる｜把信放进信封）②封筒，包装袋（封筒を用意する｜准备信封）,边缘词
経理,けいり,名詞,会计,経理を担当する / 経理の仕事 / 経理の処理,6,真题,否,以下は、ある会社の経理担当者が書いたメールである。 / 通常、 社内販売の支払いと商品のお渡しは経理課で行っ,①会计，财务（経理の仕事をする｜做会计工作）②管理，处理（経理を担当する｜负责管理）,边缘词
怒り,いかり,名詞,愤怒,怒りを抑える / 怒りが収まる / 怒りを表す,6,真题,否,怒りや憎しみを隠して叱る / (辛淑玉『怒りの方法』 による),①愤怒，生气（怒りを感じる｜感到愤怒）②愤怒，愤慨（怒りを抑える｜压抑愤怒）,边缘词
戻せる,もどせる,動詞,可返回,戻せる場所 / 戻せる時間 / 戻せる方法,6,真题,否,食事が済んだら、 食器はここに戻してください。 / (注4)取り返しのつかない : もとに戻せば大変な,①能返回，能恢复（元に戻せる｜能恢复）②能退回，能归还（商品を戻せる｜能退货）,边缘词
刻む,きざむ,動詞,刻印,刻む音 / 刻む技術 / 刻む作業,6,真题,否,ップを刻んでいくことだ。 / と、同じようにラップを刻む(注4)こと。,①雕刻，刻印（木に文字を刻む｜在木头上刻字）②切碎，剁碎（野菜を刻む｜切碎蔬菜）,边缘词
やぶれる,やぶれる,動詞,破裂,やぶれる可能性 / やぶれる音 / やぶれる原因,6,真题,否,物を入れすぎて袋がやぶれてしまった。 / 強い風が吹いたせいで、庭の木の枝が何本も破れてしまった。,①破裂，破损（紙がやぶれる｜纸张破了）②失败，落选（試験にやぶれる｜考试失败）,边缘词
禁止,きんし,名詞,禁止,禁止されている / 禁止の理由 / 禁止事項,6,真题,否,ところが、その図書館には、勉強禁止の張り紙がされているのです。 / 建物内部の撮影は禁止されているが、 今回は特別に支持を得ることができた。,①禁止，阻止（喫煙を禁止する｜禁止吸烟）,边缘词
テニス,てにす,名詞,网球,テニスをする / テニスの試合 / テニスが好き,6,真题,否,. 新入生をテニスサークルにかんゆうした。 / 私がテニスを教えている中学生が、県大会で初めて優勝した。,①网球（テニスをする｜打网球）,边缘词
一日,いちにち,名詞,一天,一日の予定 / 一日中 / 一日で,6,真题,否,多いときは一日に千個も売れる / 止まり、そして一日でも眺めていることができる。,①一天，24小时（今日は一日中忙しい｜今天忙了一整天）,边缘词
作文,さくぶん,名詞,写作,作文を書く / 作文のテーマ / 作文を提出する,6,真题,否,以下は、留学生の作文である。 / 作文が得意な友達に「どうやったらうまくなれるの?,①作文，写作（作文を書く｜写作文）,边缘词
洋食,ようしょく,名詞,西餐,洋食を食べる / 洋食のレストラン / 洋食が好き,6,真题,否,「洋食レオナール」 / 洋食レオナール> お知らせ,①西餐，西式料理（洋食を食べる｜吃西餐）,边缘词
どうぞ,どうぞ,副詞,请,どうぞお入りください / どうぞお待ちください / どうぞお使いください,6,真题,否,どうぞよろしくお願いいたします。 / ご検討どうぞよろしくお願いいたします。,①请，欢迎（どうぞお入りください｜请进）,边缘词
幼い,おさない,形容詞,幼小,幼い頃 / 幼い子供 / 幼い心,6,真题,否,ただ、 幼いうちから特定のス / 飽きやすいということは幼さの現れである。,①幼小，年幼（幼い子供｜年幼的孩子）,边缘词
農作,のうさく,名詞,农作,農作を行う / 農作の計画 / 農作の技術,6,真题,否,生産者の農作物に対する愛情がわかるから / 以下は、ある農作物の販売者が書いた文章である。,①农作物，农业生产（農作をする｜进行农业生产）,边缘词
深まる,ふかまる,動詞,加深,深まる理解 / 深まる関係 / 深まる思い,6,真题,否,クラス替えをしたばかりで、 まだ子ども同士の関係が深まっていない時期である。 / 同じことでも繰り返し説明されることによって、 理解が深まるケース (注1) も多い。,①加深，变深（知識が深まる｜知识加深）②增进，增强（友情が深まる｜友情增进）,边缘词
海岸,かいがん,名詞,海岸,海岸で遊ぶ / 海岸の風景 / 海岸に行く,6,真题,否,今年も美木市内の海岸の清掃活動を実施します。 / 次は、ある団体のホームページに載っている海岸清掃活動の参加者募集の案内である。,①海边，海岸线（海岸を散歩する｜在海边散步）,边缘词
測る,はかる,動詞,测量,測る時間 / 測る方法 / 測る道具,6,真题,否,A地点からB地点までのきょりを測った。 / 昼間は測って歩き、 夜は星を観察して昼間測った数値を修正する日々が続いた。,①测量，计算（距離を測る｜测量距离）,边缘词
用途,ようと,名詞,用途,用途が広い / 用途に応じて / 用途を考える,6,真题,否,会社での私の用途は、新入社員の指導をすることだ。 / 鈴木さんの才能は、多くの用途に生かされるだろう。,①用途，使用方法（用途が広い｜用途广泛）,边缘词
当時,とうじ,名詞,当时,当時の記憶 / 当時の状況 / 当時の人々,6,真题,否,もちろん当時の記憶はない。 / 当時、日本国内の案内板は「お手洗い」,①当时，那时（当時の状況｜当时的情况）,边缘词
総合,そうごう,名詞,综合,総合的な判断 / 総合の結果 / 総合の評価,6,真题,否,たら、会場入口の総合受付にお持ちください。 / 総合受付でアンケートに協力し、8種類の異なるスタンプを押してから再び総合受付へ行く。,①综合，整体（総合的な判断｜综合判断）,边缘词
押しつける,おしつける,動詞,强加,押しつけること / 押しつける態度 / 押しつける力,6,真题,否,を押しつけている姿勢を感じずには / この言葉を聞くたびに、 「楽しさ」,①强加，施加（意見を押しつける｜强加意见）,边缘词
転換,てんかん,名詞,转变,転換の時期 / 転換の方法 / 転換を図る,6,真题,否,運動、 気分転換など色々な理由はあるが、 コンビニに立ち寄るこ / . Aは無駄のない時間を過ごすことだと述べ、Bは気分転換をすることだと述べている。,①转变，转换（考え方の転換｜思维转变）,边缘词
スケジュール,すけじゅーる,名詞,日程,スケジュールを立てる / スケジュールが詰まる / スケジュールを確認する,6,真题,否,スケジュールに余裕ができた。 / 部長のスケジュールをかくにんする,①日程，时间表（スケジュールを確認する｜确认日程）,边缘词
取り出す,とりだす,動詞,取出,取り出すもの / 取り出す手順 / 取り出す場所,6,真题,否,取り出そうとしているうちに / 取り出すようにしているうちに,①取出，拿出（本を取り出す｜拿出书）,边缘词
スピーチ,すぴーち,名詞,演讲,スピーチをする / スピーチの内容 / スピーチを練習する,6,真题,否,. スピーチ大会の司会を務める。 / [24] スピーチは案の定うまくできなかった。,①演讲（例：スピーチをする｜进行演讲）②发言（例：彼のスピーチは素晴らしい｜他的发言很精彩）,边缘词
上位,じょうい,名詞,上位,上位に入る / 上位の選手 / 上位の評価,6,真题,否,したがって、飼(か)い主は常に犬より上位であることを犬に意識させて飼うことが必要で、 / 犬を家族犬として受け入れた場合、飼い主の一家の最も上位の人がスーパー上位になって他の家族,①上层（例：上位に位置する｜位于上层）②优越（例：上位の成績｜优越的成绩）,边缘词
創意,そうい,名詞,创意,創意を発揮する / 創意のある / 創意を持つ,6,真题,否,り方では、人の創意工夫の能力を引き出すことはできないのだ。 / 精神面での労働力というのは、たとえば創意工夫する(注3)能力だ。,①创意（例：創意を出す｜提出创意）②创新（例：創意が必要だ｜需要创新）,边缘词
トイレ,といれ,名詞,厕所,トイレに行く / トイレを掃除する / トイレの場所,6,真题,否,そのマークがあれば、文字で「トイレ」 / 人用で、 トイレと風呂がある部屋がいい。,①厕所（例：トイレはどこですか｜厕所在哪里？）,边缘词
反省,はんせい,名詞,反省,反省する時間 / 反省の意義 / 反省を促す,6,真题,否,祖父はいつも若いころの思い出を懐かしそうに反省して私に話してくれる。 / 発表の原稿を全部覚えたのに、緊張のせいでどんなに反省しても全く思い出せない。,①反思（例：反省する時間｜反思的时间）②检讨（例：反省の意を示す｜表示检讨的意思）,边缘词
競技,きょうぎ,名詞,竞技,競技に参加する / 競技のルール / 競技を行う,6,真题,否,競技を表すマークも作られた。 / 歳の日本人男性が、 陸上競技の100メートルで世界記録を出した。,①比赛（例：競技が始まる｜比赛开始了）②竞技（例：競技のルール｜竞技的规则）,边缘词
シーン,しーん,名詞,场景,シーンが変わる / シーンを描く / シーンの設定,6,真题,否,感動したシーンを人に語る。 / 私は、感動したときのシーンはよく覚えています。,①场景（例：感動的なシーン｜感人的场景）②场面（例：シーンが変わる｜场面变了）,边缘词
インタビュー,いんたびゅー,名詞,采访,インタビューを受ける / インタビューの内容 / インタビューを行う,6,真题,否,人との出会いだとインタビューに答えていたのを見て、本 / 優勝した森選手は大勢の記者に覆われてインタビューを受けていた。,①采访（例：インタビューを受ける｜接受采访）②访谈（例：インタビューが行われた｜进行了访谈）,边缘词
マスターズ,ますたー,名詞,硕士,マスターズを取得する / マスターズのプログラム / マスターズの学生,6,真题,否,「マスターズ」 / と呼ばれる50。,①大师赛（例：マスターズに出場する｜参加大师赛）②硕士（例：マスターズを取得する｜获得硕士学位）,边缘词
はさみ,はさみ,名詞,剪刀,はさみを使う / はさみで切る / はさみの種類,6,真题,否,の回収・交換について / 各課で「はさみ SB-A」,①剪刀（例：はさみを使う｜使用剪刀）,边缘词
岩,いわ,名詞,岩石,岩を登る / 岩の上 / 岩の形,6,真题,否,動物の姿に見える犬岩や猿岩、舞台のように大きく平らな岩もあり、 おもしろい形の岩を探しながら登,①岩石（山に岩がある｜山上有岩石）②坚硬的东西（岩のように硬い｜像岩石一样硬）,边缘词
下書き,したがき,名詞,草稿,下書きをする / 下書きの内容 / 下書きを見直す,6,真题,否,そして最後に、鉛筆の下書きが水性絵の具で色をぬった後に消せない理由が説明されていた。 / 小学校の写生大会で、画用紙に鉛筆で下書きをし、水性絵の具で色をぬった後、下書きを消しゴムで,①草稿（下書きを書く｜写下草稿）②初稿（下書きを見直す｜修改初稿）,边缘词
ゴム,ごむ,名詞,橡胶,ゴムの特性 / ゴムを使う / ゴムの種類,6,真题,否,消しゴムで消せるのに、なぜ色鉛筆は消せないのかという説明が書いてあった。 / 小学校の写生大会で、画用紙に鉛筆で下書きをし、水性絵の具で色をぬった後、下書きを消しゴムで,①橡胶（ゴムの靴｜橡胶鞋）②弹性材料（ゴムのボール｜橡胶球）,边缘词
見積もり,みつもり,名詞,估算,見積もりを出す / 見積もりの精度 / 見積もりを確認する,6,真题,否,せっかく見積書を作成していただいたのですが、 / 貴社のご希望をお伺いした後、お見積もりいたします。,①估算（見積もりを出す｜给出估算）②报价（見積もりを依頼する｜请求报价）,边缘词
感謝,かんしゃ,名詞,感谢,感謝の気持ち / 感謝を伝える / 感謝の言葉,6,真题,否,働いている妻への感謝の気持ち / 私が自分の娘から唯一、 感謝されているのは、いつか彼女に対していっ,①感谢（感謝の気持ち｜感谢的心情）②感激（感謝の言葉｜感谢的话语）,边缘词
寂しい,さびしい,形容詞,寂寞,寂しい気持ち / 寂しい夜 / 寂しい場所,6,真题,否,の人の人生は寂しいものだ。 / .人生は目標を明確に決めてしまうと寂しいものになる。,①孤独（寂しい気持ち｜孤独的感觉）②冷清（寂しい場所｜冷清的地方）,边缘词
カウンター,かうんたー,名詞,柜台,カウンターで待つ / カウンターのスタッフ / カウンターのサービス,6,真题,否,チェックインカウンターが込んでいるから / お荷物は、ご出発当日に空港内カウンターでお受け取りください。,①柜台（カウンターで注文｜在柜台点餐）②计数器（カウンターを使う｜使用计数器）,边缘词
めくる,めくる,動詞,翻页,めくるページ / めくる動作 / めくる音,6,真题,否,. この小説は面白くて、 次のページをめくるのが楽しみだった。 / .封筒に書類を入れ、開かないように丁寧にのりでめくっておいた。,①翻页（ページをめくる｜翻页）②揭开（紙をめくる｜揭开纸）,边缘词
許可,きょか,名詞,许可,許可を得る / 許可が必要 / 許可を申請する,6,真题,否,ポスターの提出が遅れることを許可してほしい / を理由に国の許可をとり、 忠敬を担当にする。,①许可（許可を得る｜获得许可）②批准（許可を与える｜给予批准）,边缘词
詩,し,名詞,诗,詩を書く / 詩の内容 / 詩を読む,6,真题,否,作者と詩の場合もこれと同じです。 / 作者というものは、たいていの場合、 自分の詩のいい読者ではありえません。,①诗歌（詩を書く｜写诗）②文学作品（美しい詩｜美丽的诗）,边缘词
幼児,ようじ,名詞,幼儿,幼児の成長 / 幼児を育てる / 幼児の遊び,6,真题,否,以下は、幼児の心の発達について述べた文章である。 / そのことにより、 幼児は自分の気持ちをコントロールする力を身につける。,①幼小孩（例：幼児が遊んでいる｜小孩在玩）,边缘词
グラフ,ぐらふ,名詞,图表,グラフを作成する / グラフのデータ / グラフを分析する,6,真题,否,単なる錯覚 (注1) ではないのが、グラフをみ / 一般的に、表とグラフでは、グラフのほうがすぐに特徴をみつけやすいといえます。,①图表（例：グラフを作成する｜制作图表）,边缘词
皮,かわ,名詞,皮肤,皮がむける / 皮の色 / 皮を剥く,6,真题,否,. 木の皮を取り除いた幹の部分を原料とし、丈夫で破れにくい。 / 一方和紙は、主に楮、三椏、 雁皮という木の、 皮の部分を使用する。,①皮肤（例：皮がむけた｜皮肤脱落）②外皮（例：果物の皮｜水果的皮）,边缘词
策,さく,名詞,策略,策を練る / 策を考える / 策を実行する,6,真题,否,それなのに、解決策がどこかにないだろうか、と② 「検索」 / . 自分で考えた解決策が正しいか確認できると思っているから。,①策略（例：策を練る｜制定策略）②计划（例：新しい策を考える｜考虑新计划）,边缘词
語り合う,かたりあう,動詞,交谈,語り合う時間 / 語り合う内容 / 語り合う友達,6,真题,否,語り合いの中からというしかない。 / . 語り合いによって、それまで気づかなかった視点が得られる。,①交谈（例：友達と語り合う｜和朋友交谈）,边缘词
プール,ぷーる,名詞,游泳池,プールで泳ぐ / プールの水 / プールの利用,6,真题,否,一日パス : 入場券+ プール利用料 (9時から20時まで利用可能) / プールをご利用になる場合は、 入場券とプール利用券がセットになった、一日パスまたは,①游泳池（例：プールで泳ぐ｜在游泳池游泳）,边缘词
早期,そうき,名詞,早期,早期の対応 / 早期の発見 / 早期の治療,6,真题,否,※早期予約割引を使う場合は、学生割引は使えません。 / 夏休みの早期は旅行をして、その後は試験勉強をする予定だ。,①早期（例：早期の教育｜早期教育）,边缘词
表紙,ひょうし,名詞,封面,表紙を飾る / 表紙のデザイン / 表紙を作る,6,真题,否,表紙をめくると、見返し紙が出てきて、それは無地の色 / 読み聞かせの時には、まず子どもたちに表紙を見せます。,①封面（例：本の表紙｜书的封面）,边缘词
毛利,もうり,名詞,毛利,毛利の計算 / 毛利を求める / 毛利の分析,6,真题,否,が、その場所だった。 / 毛利さんばかりではないように思う。,①毛利（例：毛利が増える｜毛利增加）,边缘词
愛情,あいじょう,名,爱，爱情；热爱,母の愛情（母爱）,5,两者,是,生産者の農作物に対する愛情がわかるから / 彼は動物に対して深刻な愛情を持っている。,①爱意（例：愛情を示す｜表达爱意）,社区推荐
引用,いんよう,名·他サ,引用,引用文（引文）,5,两者,是,.大きな川から水を引用する。 / 引用と自分の考えを区別して書くこと,①引用（例：彼の言葉を引用した｜引用他的话）②引述（例：文献を引用する｜引用文献）,社区推荐
有無,うむ,名,有无,有無を確認する / 有無の違い / 有無を問わず,5,两者,是,文字の使用の有無にかかわらず、 記憶する力は変わらない / 次に水入り、水なしの各条件において、 しわの有無の違いによる結果を見てみると、 水な,①有无（例：有無を確認する｜确认有无）②存在与否（例：その有無は重要だ｜存在与否很重要）,社区推荐
得手,えて,名,拿手，擅长,得手な分野 / 得手を活かす / 得手を伸ばす,5,两者,是,「自分の好みや (注3) 得手不得手で選んだ」 / (注3)得手不得手(えてふえて): 得意不得意,①擅长（例：彼は得手な分野がある｜他擅长的领域）②拿手（例：得手な技術を持つ｜拥有拿手的技术）,社区推荐
丘,おか,名,山岗，小山,丘の上 / 丘を登る / 丘の風景,5,两者,是,南の丘公園パーベキュー予約センター / 東丘国際交流協会 留学生寮入居募集係,①小山（例：丘の上に立つ｜站在小山上）②土坡（例：丘を登る｜爬上土坡）,社区推荐
恐れ,おそれ,名,畏惧，害怕,恐れを感じる / 恐れを克服する / 恐れがある,5,两者,是,競争が激しくなって、人より早くしなければ負けてしまうという恐れを心に抱く / ますが、手紙だと、 怒らせたことに気づかないまま関係が切れる恐れすらあるのです。,①恐惧（例：恐れを感じる｜感到恐惧）②担心（例：失敗を恐れる｜担心失败）,社区推荐
外見,がいけん,名,表面；外貌,外見で他人を占ってはいけない（不要以外貌取人）,5,两者,是,月の外見はでこぼこしている。 / まどの外見をペンキで白く塗った。,①外观（例：外見が大事だ｜外观很重要）②外表（例：外見を気にする｜在意外表）,社区推荐
果実,かじつ,名,果实,果実を結ぶ（结果）,5,两者,是,との心配があるかもわかりません。 / 旨みが少ない果実になるのではないか」,①果实（例：果実が熟した｜果实成熟了）②成果（例：努力の果実｜努力的成果）,社区推荐
機嫌,きげん,名·ナ形,心情，情绪,機嫌がよい（高兴）,5,两者,是,筆者である 「私」 / は、 なぜ父が不機嫌になったと考えているか,①心情（例：機嫌がいい｜心情很好）②情绪（例：機嫌を損ねる｜损害情绪）,社区推荐
休業,きゅうぎょう,名·自サ,停业,休業をする / 休業中 / 休業日,5,两者,是,月1日のお知らせのとおり、「洋食レオナール」 / は、 移転準備のため11月末日で一時休業いたし,①休业（例：店が休業中｜店铺休业中）②停业（例：休業のお知らせ｜停业通知）,社区推荐
空想,くうそう,名·他サ,空想，幻想,空想をする / 空想にふける / 空想が広がる,5,两者,是,「空想」 / 空想は(注3)幻想的な意味での夢見る世界。,①幻想（例：空想の世界｜幻想的世界）②想象（例：空想を膨らませる｜丰富想象）,社区推荐
高速,こうそく,名,高速,高速で走る / 高速道路 / 高速バス,5,两者,是,例えば、 高速道路や大きな道路の多くで雨水が道路上にたまりにくい設計になって / あれは、高速道路に加速しないで進入してくる車のようなもので、 本人は気づかなくても、 入った途端,①高速，快速的（例：高速道路を走る｜在高速公路上行驶）②高速度（例：高速で移動する｜以高速度移动）,社区推荐
高度,こうど,名,高度,高度が高い / 高度を測る / 高度な技術,5,两者,是,気象情報から食品の高度な需要 / (注1)昇華する: 一段と高度なものにする,①高度，海拔（例：高度が高い｜高度很高）②程度高（例：高度な技術｜高级技术）,社区推荐
作法,さほう,名,礼貌,作法を守る / 作法を学ぶ / 作法がある,5,两者,是,を感じ取ることである。 / 自分の好きな多くの作家の小説作法,①做法，方法（例：作法を守る｜遵守做法）②礼仪，规矩（例：作法を学ぶ｜学习礼仪）,社区推荐
図,ず,名,图,図を描く / 図がある / 図を使う,5,两者,是,人生のずいぶん早い時期から、 将来の設計図を描け、 たしかな自分をもてと迫られるわけで / そして自分の地図には、人生の設計図としてわがままな道(どう)程(てい) (注3)が記されている。,①图，图形（例：図を描く｜画图）②计划，图纸（例：図を作成する｜制作图纸）,社区推荐
尊敬,そんけい,名·他サ,尊敬,尊敬をうける（受到尊敬）,5,两者,是,謙虚な態度でつきあっていれば、 相手から尊敬されるようになる。 / ても仕事に役立つヒントをもらったわけだから、 相手を尊敬するようになる。,①尊敬，敬重（例：尊敬する人｜尊敬的人）②尊重，重视（例：尊敬の念を持つ｜怀有尊敬的心）,社区推荐
通学,つうがく,名·自サ,走读,通学する / 通学路 / 通学時間,5,两者,是,について学ぶように上司から指示された。 / サラさんは、通学型研修で「ビジネスマナー」,①上学，通勤（例：通学する｜上学）②上学的路程（例：通学路｜上学的路）,社区推荐
天候,てんこう,名,天气,天候が悪い / 天候に注意する / 天候が変わる,5,两者,是,(注1)天候不順に見舞われる: ここでは、悪い天気が続く / また(注1)天候不順などに見舞われたら作物ができないこともある。,①天气，气候（例：天候が悪い｜天气不好）②气象情况（例：天候予報｜天气预报）,社区推荐
分解,ぶんかい,名·自他サ,分解；拆开,文を分解する（拆分句子）,5,两者,是,機械の調子が悪かったので、 分解して部品の点検をした。 / そう思ってばらばらに分解しては、元に戻せなくて泣いていたもの,①分解，拆分（例：分解する｜分解）②分析，解析（例：分解して考える｜分析思考）,社区推荐
分類,ぶんるい,名·他サ,分类,分類をする / 分類が必要 / 分類に分ける,5,两者,是,しりょうを分類方法の案を作る / (注3)より分ける: ここでは、 分類する,①分类，归类（例：分類する｜分类）②种类，类别（例：分類が必要｜需要分类）,社区推荐
矛盾,むじゅん,名,矛盾,矛盾がある / 矛盾を解消する / 矛盾に気づく,5,两者,是,北半球と南半球では夏と冬が矛盾している。 / 山田さんはみんなで決めたことに矛盾している,①矛盾，冲突（例：矛盾がある｜有矛盾）②不一致，抵触（例：矛盾を解消する｜解决矛盾）,社区推荐
木材,もくざい,名,木材,木材を使う / 木材が豊富 / 木材の種類,5,两者,是,をかけて木材に起こる変化を、短期間に人工的に起こさせるのだそうだ。 / ある楽器メーカーによって、新しい木材を古い木材のように変化させる技術が開発された。,①木制材料（建物に使う木材｜建筑用木材）②木头（木材を切り出す｜砍木头）,社区推荐
翌年,よくねん,名,次年,翌年に行く / 翌年の計画 / 翌年の目標,5,两者,是,土曜日、日曜日、国民の祝日、年末年始(12月28日~翌年1月4日) / . アラキ医療センターで4月から翌年3月までの指定日に受診するようになった,①下一年（翌年に旅行する｜明年去旅行）,社区推荐
奪う,うばう,他五,抢夺；吸引,心を奪う（迷人）,5,两者,是,(注2)横取りして:奪う / 整理のために人生の貴重な時間が奪われるから,①夺取（彼は勝利を奪った｜夺取胜利）②抢走（彼女の心を奪う｜抢走她的心）,社区推荐
くっつく,くっつく,自五,粘着；紧挨着,家と家がくっついて建つ（房屋一家紧挨着一家）,5,两者,是,紙の表面にくっついた黒鉛を、紙から引き離す。 / にくっついている状態であり、後者は顔料が紙の中に油とともにしみ込んでいる状態だそうだ。,①粘在一起（彼らはくっついている｜他们在一起）②紧贴（手がくっつく｜手紧贴）,社区推荐
振り向く,ふりむく,自五,回头,振り向く人もいない（没人理睬）,5,两者,是,だれかに後ろから呼ばれたので振り向いたら、 課長だった。 / 道を渡るときは、左右を振り向いて車が来ないことを確認しよう。,①转身（彼は振り向いた｜他转身了）②回头（声に振り向く｜回头看）,社区推荐
隔てる,へだてる,他下一,隔开；间隔,海を隔てる（隔着大海）,5,两者,是,大きな川が二つの市を隔てている。 / この二つの問題は隔てて考えるべきだ。,①隔开（壁で隔てる｜用墙隔开）②分开（距離を隔てる｜距离分开）,社区推荐
見つめる,みつめる,他下一,凝视,相手の顔を見つめる（凝视对方的面孔）,5,两者,是,自分の気持ちをしっかり見つめる / く見つめた方がよいと述べている。,①凝视（彼女を見つめる｜凝视她）②注视（空を見つめる｜注视天空）,社区推荐
寄せる,よせる,自他下一,靠近,車を左に寄せる（让汽车向左靠近）,5,两者,是,最近、格安航空会社に高い関心が寄せられているようだ。 / っているなどといった、様々な苦情が総務課に寄せられています。,①靠近（体を寄せる｜靠近身体）②寄托（思いを寄せる｜寄托思念）,社区推荐
だらしない,だらしない,イ形,散漫的；没出息的,だらしないふうをする（邋遢打扮）,5,两者,是,. 昨日作ったスープは塩がたりなかったのか、 とてもだらしない味だった。 / . この公園は管理する人がいないので、あちこちに草だらしなく生えている。,①不整洁（だらしない服装｜衣服不整洁）②懒散（だらしない生活｜生活懒散）,社区推荐
ほんの,ほんの,连体,仅仅，一点点,ほんの少し（一点点）,5,两者,是,実はそれが世界のほんの小さな一 / (注5) 一抹(いちまつ) の : ほんの少しの,①仅仅（ほんの少し｜仅仅一点）②只是（ほんの冗談｜只是开玩笑）,社区推荐
ごく,ごく,副,非常，极其,ごく簡単だ（极其简单）,5,两者,是,ごく当たり前の心のはたらきだと思っていた。 / 大事な数字のほかは、 ごく要点だけをノートに記入する。,①非常少（ごく少数です｜非常少）②极其（ごく普通です｜极其普通）,社区推荐
ほぼ,ほぼ,副,大约，左右,ほぼ完成する / ほぼ同じ / ほぼ全て,5,两者,是,宿題のレポートはほぼ終わった。 / は生まれてから死ぬまで、 変わることはほぼありません。,①几乎（ほぼ完成です｜几乎完成）②差不多（ほぼ同じです｜差不多一样）,社区推荐
やや,やや,副,稍微,やや難しい（有点难）,5,两者,是,用したい」 / または「やや利用したい」,①稍微（やや大きいです｜稍微大）②有点（やや難しいです｜有点难）,社区推荐
クラブ,くらぶ,名,俱乐部,クラブに入る / クラブ活動 / クラブを作る,5,两者,是,クラブのミーティングに出席する / クラブをやめようと思っているから,①俱乐部（スポーツクラブです｜体育俱乐部）②社团（音楽クラブです｜音乐社团）,社区推荐
マーケット,まーけっと,名,市场；商场,マーケットで買う / マーケットが開く / マーケットの動向,5,两者,是,おもちゃメーカーにとっては魅力的なマーケットである。 / メーカーにとって大人向けのおもちゃマーケットの何が魅力的なのか。,①市场（フリーマーケットです｜跳蚤市场）②商场（スーパーマーケットです｜超市）,社区推荐
メリット,めりっと,名,优点，好处,メリットがある / メリットを考える / メリットとデメリット,5,两者,是,自社のイメージの向上や売り上げの増加などメリットの多い取り組みとなっている。 / より豊かになれること、誰にでも豊かになるチャンスがあることが大きなメリットである。,①优点（この商品のメリットです｜这个商品的优点）②好处（メリットがあります｜有好处）,社区推荐
かみ,かみ,名詞,纸,かみを使う / かみがある / かみを切る,5,真题,否,かみがたが気に入らないから,①纸（かみを使います｜用纸）②神（神様がいます｜有神）,边缘词
防災,ぼうさい,名詞,防灾,防災に努める / 防災対策 / 防災訓練,5,真题,否,今から、 防災訓練を行います。 / ぼうさいグッズに関心を持つこと,①防灾（防災訓練です｜防灾训练）②灾害预防（防災対策です｜灾害预防措施）,边缘词
ゆずる,ゆずる,動詞,让渡,ゆずることができる / ゆずる場面 / ゆずる気持ち,5,真题,否,アルバイト先の友達に譲る / 友人がバイクを安くゆずってくれた。,①让（席をゆずります｜让座）②转让（権利をゆずる｜转让权利）,边缘词
本格,ほんかく,名詞,正宗,本格的な / 本格を目指す / 本格的な料理,5,真题,否,南の丘公園内で本格的なバーベキューが楽しめます / 友人に写真をほめられたのがきっかけで、本格的に勉強を始めた。,①正式（本格的な料理です｜正式的料理）②真正（本格的な映画です｜真正的电影）,边缘词
薬,くすり,名詞,药,薬を飲む / 薬が効く / 薬を処方する,5,真题,否,(高城幸司『上司につける薬! / 薬で治ったと思っていた風邪が続出した。,①药物（風邪の薬を飲む｜吃感冒药）②药剂（塗り薬を使う｜用涂抹药）,边缘词
塗る,ぬる,動詞,涂抹,塗ることができる / 塗る作業 / 塗る色,5,真题,否,まどの外見をペンキで白く塗った。 / そして最後に、鉛筆の下書きが水性絵の具で色をぬった後に消せない理由が説明されていた。,①涂抹（クリームを塗る｜涂抹奶油）②涂色（絵を塗る｜给画上色）,边缘词
母,はは,名詞,母亲,母がいる / 母に感謝する / 母の愛,5,真题,否,母に強くすすめられたこと / 母は怒っている外見だった。,①母亲（私の母は優しい｜我妈妈很温柔）②妈妈（お母さんと呼ぶ｜叫妈妈）,边缘词
毎年,まいとし,名詞,每年,毎年行う / 毎年の行事 / 毎年の目標,5,真题,否,毎年、合格者の80パーセントが / 私の大学では、毎年大勢の留学生を受け入れています,①每年（毎年旅行に行く｜每年去旅行）②每年一次（毎年の行事｜每年的活动）,边缘词
考慮,こうりょ,名詞,考虑,考慮に入れる / 考慮が必要 / 考慮するべき,5,真题,否,自然界の水の循環を考慮して、場所を選んで気を植えたほうがいいと考えること / (注)~に配慮 (はいりょ) する:~を大切に思っていろいろ考慮(こうりょ)する。,①考虑（考慮する必要がある｜需要考虑）②顾虑（考慮して決める｜考虑后决定）,边缘词
エネルギー,えねるぎー,名詞,能源,エネルギーを使う / エネルギーが必要 / エネルギー源,5,真题,否,は、おかげさまで順調に売り上げを伸ばして / 昨日夏に販売を開始いたしました商品「エネルギーZ」,①能量（エネルギーを使う｜使用能量）②活力（エネルギーがある｜有活力）,边缘词
コップ,こっぷ,名詞,杯子,コップを持つ / コップが割れる / コップに入れる,5,真题,否,A コップに絵をつけよう(60分) / 専用の機械を使い、 ガラスのコップにオリジナルの絵や模様をつけます。,①杯子（コップに水を入れる｜杯子里加水）②玻璃杯（ガラスのコップ｜玻璃杯）,边缘词
相当,そうとう,名詞,相当,相当な量 / 相当の時間 / 相当の費用,5,真题,否,その国も今の時期はそうとう暑いだろう。 / (注) ゴマンと付き合い、やっとそれがわかったのだから、 私は相当に鈍い。,①相当于（相当の価格｜相当的价格）②相当的（相当な量｜相当的数量）,边缘词
いきなり,いきなり,副詞,突然,いきなり来る / いきなりの出来事 / いきなりの質問,5,真题,否,学生の時代の友人がいきなり訪ねてきた / いきなり自分らしさを出したいと考えるのではなく、まずは世間が振り向いてくれるレベルのも,①突然（いきなり大声を出す｜突然大喊）②毫无预警（いきなり来た｜毫无预警地来）,边缘词
エンジン,えんじん,名詞,引擎,エンジンがかかる / エンジンをかける / エンジンの音,5,真题,否,うなずきながらエンジンを温め、他 / 人の話に軽く返事をしながら車のエンジンを温めること,①引擎（エンジンが動く｜引擎运转）②发动机（エンジンを修理する｜修理发动机）,边缘词
慎重,しんちょう,名詞,谨慎,慎重に行動する / 慎重な判断 / 慎重さが求められる,5,真题,否,この作業は慎重にやってください。 / 保守的というより、慎重だと言ってほしい。,①小心谨慎（慎重に行動する｜小心行动）②细心周到（慎重な判断｜细心判断）,边缘词
地方,ちほう,名詞,地方,地方に住む / 地方の特産 / 地方自治,5,真题,否,地方紙も同じだったと思います。 / 地方に勤める可能性があるから。,①地区、地方（地方の特産品｜地方特产）②乡村、乡下（地方に住んでいる｜住在乡下）,边缘词
なるほど,なるほど,副詞,原来如此,なるほどと思う / なるほどな理由 / なるほどの説明,5,真题,否,なるほど、確かにそうだと思った。 / 話を聞いているときは「なるほどなあ」,①原来如此（なるほど、そういうことか｜原来如此）②确实如此（なるほど、分かりました｜确实如此）,边缘词
快適,かいてき,名詞,舒适,快適な空間 / 快適に過ごす / 快適さを求める,5,真题,否,しかし、人々はより安全で快適に暮らせるよ / なった分、大きく重いという欠点もありますが、 その快適さにかえられないという人には②問題になり,①舒适愉快（快適な生活｜舒适的生活）②轻松自在（快適な空間｜轻松的空间）,边缘词
眼鏡,めがね,名詞,眼镜,眼鏡をかける / 眼鏡が必要 / 眼鏡を買う,5,真题,否,. めがねをけると、遠くの物もきっぱり見えるようになる。 / (注1)老眼鏡: 年をとって近くが見えにくくなった人のための眼鏡,①眼镜（眼鏡をかける｜戴眼镜）②镜片（眼鏡のレンズ｜眼镜的镜片）,边缘词
拡大,かくだい,名詞,扩大,拡大することができる / 拡大を図る / 拡大の効果,5,真题,否,り越え、人口を拡大していった。 / 文字が拡大されて辞書が以前より重くなったこと,①扩大、扩展（拡大する｜扩大）②放大（画像を拡大する｜放大图片）,边缘词
野球,やきゅう,名詞,棒球,野球をする / 野球の試合 / 野球が好き,5,真题,否,子供の頃に憧れていた野球選手とか、大学時代に憧れ / 趣味に例をとっても、ある人は野球することをあげ、 他の,①棒球（野球をする｜打棒球）②体育运动（野球が人気｜棒球很受欢迎）,边缘词
いちいち,いちいち,名詞,逐一,いちいち説明する / いちいち確認する / いちいち気にする,5,真题,否,前田さんは私が言うことにいちいち論争するので、やりにくくて困る。 / 基本的なことは、話の内容をいちいちすべてメモしまい、ということである。,①逐一、每一（いちいち説明する｜逐一解释）②一一、每个（いちいち気にする｜每个都在意）,边缘词
オリジナル,おりじなる,名詞,原创,オリジナルの作品 / オリジナルを作る / オリジナルなアイデア,5,真题,否,この言葉は私のオリジナルです。 / パスについている楽遊オリジナルガイ,①原创、原版（オリジナルの作品｜原创作品）②独特、独创（オリジナルなアイデア｜独特的想法）,边缘词
たどり着く,たどりつく,動詞,到达,たどり着くことができる / たどり着くまで / たどり着く道,5,真题,否,しかし、その目標へ辿 (たどり着く道は決して一本ではない。 / この考え方にたどり着いたのは38歳のときですが、その頃から努,①到达、抵达（目的地にたどり着く｜到达目的地）②找到、寻找到（真実にたどり着く｜找到真相）,边缘词
客観,きゃっかん,名詞,客观,客観的に見る / 客観が必要 / 客観的な意見,5,真题,否,なのです。 / そして、努力を客観視するための測定方法が 「時間」,①客观（物事を客観的に見る｜客观地看事情）②客观性（客観的な視点が重要｜客观视角很重要）,边缘词
昨,さく,接頭辞,昨,昨日行った / 昨日の出来事 / 昨年の話,5,真题,否,昨年度セミナー受講者の声 / 日間の開催期間で最終的には昨,①昨晚（昨夜は楽しかった｜昨晚很开心）②昨天（昨日は雨が降った｜昨天下雨了）,边缘词
抽選,ちゅうせん,名詞,抽签,抽選に参加する / 抽選が行われる / 抽選結果,5,真题,否,(申込者多数の場合、 抽選) / 応募者多数の場合は抽選になります。,①抽签（抽選に参加する｜参加抽签）②抽取（抽選で決まる｜通过抽签决定）,边缘词
除く,のぞく,動詞,除外,除くことができる / 除く対象 / 除く必要がある,5,真题,否,この「変化」 / した状態となるのです。,①除去（不要なものを除く｜去掉不需要的东西）②排除（問題を除く｜排除问题）,边缘词
水曜,すいよう,名詞,星期三,水曜に会う / 水曜の予定 / 水曜の授業,5,真题,否,市役所で申し込む場合は、水曜日の決められた時間に行く。 / 市役所市民課窓口 受付時間: 水曜日を除く 9:00~17:00,①星期三（水曜日に会いましょう｜星期三见）,边缘词
家具,かぐ,名詞,家具,家具を買う / 家具が必要 / 家具の配置,5,真题,否,家具がたおれないようにする / 衣料品や家具などでは中古品市場や消費者同士の交換が盛んだ。,①家具（新しい家具を買った｜买了新家具）②家居用品（家具を整理する｜整理家具）,边缘词
避難,ひなん,名詞,避难,避難することが重要 / 避難場所 / 避難訓練,5,真题,否,ひなん所までの生き方を確認する。 / さいがい時のひなん場所を知らせるため,①避难（避難所に行く｜去避难所）②逃避（安全な場所に避難する｜避难到安全的地方）,边缘词
ドア,どあ,名詞,门,ドアを開ける / ドアが閉まる / ドアの前,5,真题,否,ドアの音が大きかったから / ドアの近くの人が動かなかったから,①门（ドアを開ける｜打开门）②出入口（ドアを閉めてください｜请关上门）,边缘词
止まる,とまる,動詞,停止,止まることができる / 止まる場所 / 止まる時間,5,真题,否,電車が止まらなかったから / 今朝からずっと鼻水が止まらない。,①停止（車が止まる｜车停下了）②停下（ここで止まる｜在这里停下）,边缘词
みだれる,みだれる,動詞,混乱,みだれることがある / みだれる状況 / みだれる心,5,真题,否,きれいに整えた髪が乱れてしまった。 / 最近忙しくて生活のリズムがみだれている。,①混乱（心がみだれる｜心里很混乱）②失控（行動がみだれる｜行为失控）,边缘词
ふさわしい,ふさわしい,形容詞,合适,ふさわしい選択 / ふさわしい場所 / ふさわしい人,5,真题,否,中川さんの指摘は、いつもふさわしいです。 / 私にふさわしいサイズの帽子がやっと見つかった。,①合适的（この服はふさわしいです｜这件衣服合适）②适当的（ふさわしい場所を選ぶ｜选择合适的地方）,边缘词
帽子,ぼうし,名詞,帽子,帽子をかぶる / 帽子が似合う / 帽子を脱ぐ,5,真题,否,ほかのぼうしより暖かいから / 私にふさわしいサイズの帽子がやっと見つかった。,①帽子（彼は帽子をかぶっている｜他戴着帽子）,边缘词
空間,くうかん,名詞,空间,空間を作る / 空間が広い / 空間を利用する,5,真题,否,魅力のない空間になってしまう。 / 生活空間に花粉を持ち込まないようにしてください。,①空间（広い空間が必要です｜需要宽敞的空间）②空隙（空間を作る｜制造空隙）,边缘词
包む,つつむ,動詞,包裹,包むことができる / 包む材料 / 包む方法,5,真题,否,子どものときから大事に育てられたとか、 自分を包んでくれる街がきちっと大人たちに / 森はいつも独特な香りに包まれ、さわやかに感じられるが、 それはある物質の効果によるものだ。,①包裹（プレゼントを包む｜包裹礼物）②包围（風が包む｜风包围着）,边缘词
休養,きゅうよう,名詞,休养,休養を取る / 休養が必要 / 休養する時間,5,真题,否,休養はサボることではなく、時とし / すなわち、休養することが試合にとって、今、,①休息（十分な休養が必要｜需要充分休息）②养生（休養を取る｜休养一下）,边缘词
提示,ていじ,名詞,提示,提示を受ける / 提示すること / 提示がある,5,真题,否,「大人」 / (注2)提示する (ていじする): 見せる,①提示（意見を提示する｜提出意见）②建议（新しい提案を提示｜提出新建议）,边缘词
追う,おう,動詞,追赶,追うことができる / 追う対象 / 追う気持ち,5,真题,否,(注3) とことん追い詰められる: 逃げる道のないところまで追われる / するかのように忙しさに追われていることを、大人たちはこういう言い方をしているのです。,①追赶（彼を追う｜追赶他）②追求（夢を追う｜追求梦想）,边缘词
激しい,はげしい,形容詞,激烈,激しい競争 / 激しい雨 / 激しい感情,5,真题,否,退院しても、しばらくの間、はげしい運動はしないでください。 / 競争が激しくなって、人より早くしなければ負けてしまうという恐れを心に抱く,①激烈的（激しい雨が降る｜下着大雨）②强烈的（激しい感情｜强烈的情感）,边缘词
経費,けいひ,名詞,经费,経費を削減する / 経費がかかる / 経費の管理,5,真题,否,一機の経費にあてているのだ。 / 会社は社会の役に立つことができ、食堂の経費の節約にもなる。,①费用（経費を削減する｜削减费用）②开支（経費がかかる｜需要开支）,边缘词
悔しい,くやしい,形容詞,懊悔,悔しい思いをする / 悔しい結果 / 悔しい気持ち,5,真题,否,と悔しい思いをすることがある。 / 昨日、とても悔しい出来事があった。,①懊悔的（悔しい思いをする｜感到懊悔）②遗憾的（悔しい結果｜遗憾的结果）,边缘词
鍛える,きたえる,動詞,锻炼,鍛えるを / 鍛えるために / 鍛えることが,5,真题,否,きるという強さとがあるが、この方法は後者を鍛えることになる。 / つまり、その両方を鍛えないと、 記憶力は生きてこないのである。,①锻炼（体を鍛える｜锻炼身体）②锻造（鉄を鍛える｜锻造铁）,边缘词
昨年,さくねん,名詞,去年,昨年の / 昨年に / 昨年から,5,真题,否,しかし、昨年解いた問題をし / と気がついてすらすら解けることがある。,①去年（昨年の出来事｜去年的事情）,边缘词
業,ごう,接尾辞,行业,業に / 業を / 業界で,5,真题,否,日本の製造業は世界一になれたのだ。 / 参加企業: 金融・小売業・情報・通信・貿易商社など20社,①行业（業界の人｜行业的人）②事业（業を成す｜成就事业）,边缘词
休み,やすみ,名詞,休息,休みを / 休みに / 休みが,5,真题,否,川村「青木くんは、今日お休み? / 休みの前に資料を完成させたいから,①休息（休みを取る｜请假）②假期（夏休み｜暑假）,边缘词
至急,しきゅう,名詞,紧急,至急に / 至急の / 至急で,5,真题,否,「日本語の友・ 初級」 / を至急取りにきてもらいたい。,①紧急（至急の連絡｜紧急联系）,边缘词
ちぢむ,ちぢむ,動詞,缩小,ちぢむが / ちぢむことが / ちぢむために,5,真题,否,シャツがちぢんでしまった。 / この鉛筆はもう縮んでいて、 ちょっと書きづらい。,①缩小（服がちぢむ｜衣服缩水）②收缩（体がちぢむ｜身体收缩）,边缘词
断れる,ことわれる,動詞,拒绝,断れることが / 断れるの / 断れる場合は,5,真题,否,面倒だが、やはりこの仕事は断れない。 / B「そうなんだけど、 先輩だし、 断りにくくない?,①拒绝（断れる理由｜拒绝的理由）②被拒（断れることもある｜有时会被拒绝）,边缘词
政治,せいじ,名詞,政治,政治に / 政治の / 政治が,5,真题,否,政治、外交、経済、社会、文化に / 政治家は指導力を発揮できるのだ。,①政治（政治の問題｜政治问题）②政务（政治に関わる｜涉及政务）,边缘词
模型,もけい,名詞,模型,模型を / 模型の / 模型で,5,真题,否,などだ。 / 「模型鉄」,①模型（模型を作る｜制作模型）②样本（模型を使う｜使用模型）,边缘词
絵画,かいが,名詞,绘画,絵画を / 絵画の / 絵画が,5,真题,否,ぼくはいつも思うのだが、視覚にとらえたものをただ単に書いても、決して絵画にはならない。 / 絵画とは目の前の自然を心のなかに消化し、それをもう一度吐き出す作業によって生まれるのだ。,①绘画（絵画を鑑賞する｜欣赏绘画）②画作（絵画作品｜绘画作品）,边缘词
消化,しょうか,名詞,消化,消化が / 消化を / 消化に,5,真题,否,しており、肉や乳製品の消化が苦手だという。 / 日本では昔から米や野菜がよく食べられてきたため、日本人の体はそれらの消化に適,①消化（食べ物を消化する｜消化食物）②理解（内容を消化する｜理解内容）,边缘词
芸術,げいじゅつ,名詞,艺术,芸術の / 芸術を / 芸術で,5,真题,否,だから芸術というものは、 / 今村市〉 文化芸術施設> お知らせ,①艺术（美術や音楽など｜美术和音乐等）②创作（芸術を創作する｜创作艺术）,边缘词
感性,かんせい,名詞,感性,感性が / 感性を / 感性に,5,真题,否,(注3) 感性(かんせい) : 感じ方 / 感性の物差しだけで生きてしまうとすれば、 決して人間的な向上を図る(注3)ことはできない。,①感性（敏感な感覚｜敏感的感觉）②直觉（感性が働く｜直觉在起作用）,边缘词
見いだす,みいだす,動詞,发现,見いだすことが / 見いだすの / 見いだすために,5,真题,否,(注2) 見いだす ここでは、認める / ることに前向きの価値を見いだしているのではないか。,①发现（新しい可能性を見いだす｜发现新可能性）②找到（答えを見いだす｜找到答案）,边缘词
苦しむ,くるしむ,動詞,痛苦,苦しむことが / 苦しむの / 苦しむために,5,真题,否,苦しんでいる人を慰めた経験 / もしつらい恋愛で苦しんだ人が、 ある恋愛ものを読んで慰められたとすると、 そのときのこと,①痛苦（心が苦しむ｜心里痛苦）②挣扎（生活に苦しむ｜生活很挣扎）,边缘词
フォーム,ふぉーむ,名詞,形式,フォームで / フォームを / フォームが,5,真题,否,教えられたように走るフォームを改善することが簡単ではないからだ。 / 動の技術やフォームを改善することは、その運動を支配する (注1) 神経回路を組みかえることになるの,①形状（フォームを整える｜调整形状）②格式（書類のフォーム｜文件格式）,边缘词
動,どう,名詞,动,動が / 動に / 動を,5,真题,否,また、人間は、目の前で動 / 動がとれなくなることは、「叱る」,①动作（動がある｜有动作）②变化（動がある｜有动作）,边缘词
回路,かいろ,名詞,回路,回路を / 回路の / 回路が,5,真题,否,ことであると考えることによって、 解決 / スポーツ技術や 「(注5) 身のこなし」,①电路（電気回路｜电气电路）②循环（情報の回路｜信息循环）,边缘词
配慮,はいりょ,名詞,考虑,配慮が / 配慮を / 配慮に,5,真题,否,で読み返すかもしれない自分」 / への最低限の配慮 (注3)はしておかなくてはなりません。,①考虑（相手に配慮する｜考虑对方）②关心（配慮が必要｜需要关心）,边缘词
登場,とうじょう,名詞,登场,登場する / 登場の / 登場が,5,真题,否,照明の登場で夜も明るくなり、人々の生活は安全 / 登場人物の服装とか、 背景 (注7)とかの具体的な事実が、 文と,①登场（新キャラが登場｜新角色登场）②出现（舞台に登場｜在舞台上出现）,边缘词
当社,とうしゃ,名詞,本公司,当社の / 当社で / 当社が,5,真题,否,になります。 / を発売します。,①本公司（当社は日本の企業です｜我们是日本的公司）②我们公司（当社の製品を紹介します｜介绍我们的产品）,边缘词
手伝い,てつだい,名詞,帮助,手伝いを / 手伝いの / 手伝いが,5,真题,否,になります。 / 食事をするときの手伝いが上手にできない,①帮助（手伝いをお願いできますか｜可以帮我吗？）②助手（彼は手伝いをしています｜他在帮忙）,边缘词
招待,しょうたい,名詞,邀请,招待を / 招待の / 招待が,5,真题,否,にご招待いたします。 / (原島博『顔学への招待』 による),①邀请（友達を招待しました｜邀请了朋友）②请柬（招待状が届きました｜请柬到了）,边缘词
帰国,きこく,名詞,回国,帰国する / 帰国の / 帰国が,5,真题,否,(北川先生へのメールで)昨日無事に帰国しました。 / チャンさんは来月帰国する際に、A社を利用して引越する予定である。,①回国（彼は帰国しました｜他回国了）②返回祖国（帰国の準備をしています｜正在准备回国）,边缘词
事件,じけん,名詞,事件,事件が / 事件の / 事件に,5,真题,否,その事件は世間の注目を集めた / この写真の二人は事件に関係があるらしいが、まだ行方が分からない。,①事件（その事件は大きかった｜那个事件很大）②事故（交通事件が発生した｜发生了交通事故）,边缘词
違反,いはん,名詞,违反,違反する / 違反の / 違反が,5,真题,否,彼の意見に違反する人はあまりいなかった / ルールに違反して退場になった選手が3人もいる,①违反（規則に違反しました｜违反了规则）②违背（法律違反は許されない｜法律违背是不允许的）,边缘词
謝る,あやまる,動詞,道歉,謝ることが / 謝るの / 謝るために,5,真题,否,あやまった情報が流れてしまったようだ。 / あの時のことを今ごろ謝ってもとっくに遅いよ,①道歉（彼に謝りました｜我向他道歉了）②认错（すぐに謝るべきです｜应该马上认错）,边缘词
入口,いりぐち,名詞,入口,入口の / 入口で / 入口が,5,真题,否,ホールの入口の前でならぶ / 入口でパンフレットを受け入れてから席にお座りください,①入口（入口はあちらです｜入口在那边）②门口（入口が混雑しています｜入口很拥挤）,边缘词
並ぶ,ならぶ,動詞,排队,並ぶことが / 並ぶの / 並ぶために,5,真题,否,ホールの入口の前でならぶ / 渡してみると、頑丈そうな建物が並んでいます。,①排队（人が並んでいます｜人们在排队）②并排（車が並んでいます｜车子并排着）,边缘词
平均,へいきん,名詞,平均,平均の / 平均を / 平均が,5,真题,否,ところが、ある調査によると日本の家の平均寿命は、 / 平均寿命30年というのは、30年で壊れてしまうという意味ではないのです。,①平均（平均点は70点です｜平均分是70分）②均匀（平均的なサイズです｜这是平均大小）,边缘词
寿命,じゅみょう,名詞,寿命,寿命が / 寿命の / 寿命を,5,真题,否,ところが、ある調査によると日本の家の平均寿命は、 / 平均寿命30年というのは、30年で壊れてしまうという意味ではないのです。,①生命的长度（例：寿命が延びる｜寿命延长）②使用期限（例：電池の寿命｜电池的使用期限）,边缘词
夫婦,ふうふ,名詞,夫妻,夫婦の / 夫婦で / 夫婦が,5,真题,否,夫婦ともにこの会社に勤めている社員 / そのため、年をとった夫婦ためには住む,①夫妻关系（例：夫婦で旅行｜夫妻一起旅行）②已婚的两人（例：夫婦仲が良い｜夫妻关系很好）,边缘词
教科,きょうか,名詞,科目,教科の / 教科を / 教科で,5,真题,否,本日貴社(注1)から教科書 40冊が届きました。 / このような誤用(注)をきちんと分析すれば、その成果としてすばらしい教科書ができるはずだ。,①学科课程（例：教科書を読む｜在读教科书）②教育内容（例：教科の選択｜选择学科）,边缘词
中級,ちゅうきゅう,名詞,中级,中級の / 中級で / 中級が,5,真题,否,とありました。 / が入っておりました。,①中等水平（例：中級のクラス｜中级班）②适中程度（例：中級者向け｜适合中级者）,边缘词
初級,しょきゅう,名詞,初级,初級の / 初級で / 初級が,5,真题,否,が入っておりました。 / 「日本語の友・初級」,①基础水平（例：初級のレッスン｜基础课程）②入门阶段（例：初級者向け｜适合初学者）,边缘词
最低,さいてい,名詞,最低,最低の / 最低を / 最低が,5,真题,否,を順位は高く、 新しく係に入ってきた人の順位は、ゾウから見れば最低です。 / るかどうかは、 スピードとか記録とかの前にベース (注5) となる最低限の保証だ。,①最低限度（例：最低の基準｜最低标准）②最差的（例：最低の評価｜最低评价）,边缘词
満たす,みたす,動詞,满足,満たすことが / 満たすの / 満たすために,5,真题,否,【応募資格】次の条件を両方とも満たす者 / 次の学生のうち、このコンテストの応募条件を満たしているのは誰か。,①满足条件（例：条件を満たす｜满足条件）②充满（例：心が満たされる｜心里充满）,边缘词
労働,ろうどう,名詞,劳动,労働の / 労働を / 労働で,5,真题,否,のかわり精神面での労働力を捨てることになるからだ。 / と思うのは、たとえそれで社員の労働力を物理的に100パーセント引き出すことができたとしても、そ,①工作活动（例：労働時間｜工作时间）②体力或脑力的付出（例：労働者の権利｜工人的权利）,边缘词
こつこつ,こつこつ,副詞,勤奋,こつこつと / こつこつに / こつこつで,5,真题,否,て、こつこつと進む過程は、本当にわくわくして楽しい。 / 何度も説明を聞いていたら、 こつこつとわかってきた。,①勤奋努力（例：こつこつ勉強する｜努力学习）②稳步前进（例：こつこつ貯金｜稳步存钱）,边缘词
散歩,さんぽ,名詞,散步,散歩を / 散歩の / 散歩が,5,真题,否,".健康のために、 毎朝散歩することが役目になっている, / このアイディアは仕事中ではなく、散歩しているときに思いついた。",①悠闲步行（例：散歩に行く｜去散步）②放松心情（例：散歩が好き｜喜欢散步）,边缘词
旅先,たびさき,名詞,旅行地,旅先で / 旅先の / 旅先に,5,真题,否,旅先であるちょうこくを見たこと / 旅先で集めたものを保存しておいて、多くの人たちと情報を交換するため,①旅行目的地（例：旅先はどこですか？｜旅行目的地是哪里？）,边缘词
流行,りゅうこう,名詞,流行,流行の / 流行を / 流行が,5,真题,否,流行に右左されない知識を身につけていること / にはその時代ごとに流行があるから、これは無限というわけではない。,①时尚潮流（例：流行の服を着ている｜穿着时尚的衣服）②流行病（例：流行が広がっている｜流行病在扩散）,边缘词
組,くみ,名詞,组,組の / 組で / 組が,5,真题,否,人1組で一緒に申し込むことはできるか。 / 6人1組で申し込むことが可能で、同じ時間に一緒に見学することができる。,①团队、组别（例：サッカーの組に入る｜加入足球组）②组合、配对（例：組を作る｜组成组合）,边缘词
係員,かかりいん,名詞,工作人员,係員が / 係員の / 係員に,5,真题,否,係員は柔軟に対応してくれた。 / 別館では係員による歴史的な背景の説明を聞きながら、ゆっくり見学していただけます。,①工作人员（例：係員に聞いてください｜请问工作人员）,边缘词
背景,はいけい,名詞,背景,背景の / 背景を / 背景が,5,真题,否,(注7)背景: ここでは、 後ろの景色 / 登場人物の服装とか、 背景 (注7)とかの具体的な事実が、 文と,①背景、环境（例：背景が美しい｜背景很美）②背景资料（例：背景を調べる｜调查背景）,边缘词
略す,りゃくす,動詞,省略,略すことが / 略すの / 略すために,5,真题,否,を略して 「就活」 / と言うことがある。,①省略、简化（例：名前を略す｜省略名字）,边缘词
聞こえる,きこえる,動詞,听见,聞こえるの / 聞こえることが / 聞こえるために,5,真题,否,音量がとぼしくて聞こえにくい。 / 隣の部屋から奇妙な音が聞こえる。,①听见、能听到（例：声が聞こえる｜能听到声音）,边缘词
残業,ざんぎょう,名詞,加班,残業が / 残業の / 残業を,5,真题,否,昨日は残業で疲れちゃって。 / 残業が多いのは能率が悪いからだ。,①加班工作（例：残業が多い｜加班很多）,边缘词
果物,くだもの,名詞,水果,果物を / 果物の / 果物が,5,真题,否,パパが嫌な果物ってことだよね。 / お父さんが嫌いな果物は何でしょう。,①水果（例：果物が好きです｜我喜欢水果）,边缘词
用件,ようけん,名詞,事项,用件が / 用件の / 用件を,5,真题,否,. このメールの用件は何か。 / A 「すみません、 来週の2時からの会議ですが、その時間、 別の用件が入ってしまいまして・・・・・・。,①事务、事情（例：用件は何ですか？｜请问有什么事？）,边缘词
息子,むすこ,名詞,儿子,息子の / 息子が / 息子に,5,真题,否,が、息子である私宛に届く郵便物より少ないことであった。 / 私は、息子がサッカーの試合に出るときは必ず会場へ支持しに行く。,①儿子（彼は息子です｜他是我的儿子）,边缘词
弱い,よわい,形容詞,弱,弱いの / 弱いことが / 弱いが,5,真题,否,て記憶力が弱くなった」 / とか、「できていたはずなのに」,①弱的（彼は弱いです｜他很弱）②脆弱的（この材料は弱い｜这个材料很脆弱）,边缘词
孤独,こどく,名詞,孤独,孤独な / 孤独を / 孤独が,5,真题,否,孤独になったときこそ思い出される。 / ら今日まで、僕は孤独に仕事をしてきた。,①孤独（彼は孤独です｜他很孤独）②寂寞（孤独を感じる｜感到孤独）,边缘词
取得,しゅとく,名詞,获得,取得する / 取得の / 取得が,5,真题,否,法に基づく休暇は育児をする女性のほとんどが取得しているものの、男性の取得率は3%にとどまって / 育児・介護休業法では、 (注1) 未就学児の病気・けがの看護を目的とする休暇の取得を認めている。,①获得（資格を取得する｜获得资格）②取得（情報を取得する｜获取信息）,边缘词
色んな,いろんな,連体詞,各种,色んなことが / 色んなの / 色んなに,5,真题,否,いても色んな側面が次々と現れてくるので飽きが来ないのだ。 / いろんな作家をちょっとずつ読む、というのでは、あまり身につくものがない。,①各种各样的（色んな人がいる｜有各种各样的人）②多种多样的（色んなことを試す｜尝试多种事情）,边缘词
側面,そくめん,名詞,方面,側面の / 側面を / 側面が,5,真题,否,いても色んな側面が次々と現れてくるので飽きが来ないのだ。 / 素質の影響が強いと思われますが、 知的側面や社会的側面の能力や適性は自分自身でもなかなかわから,①侧面（この問題の側面｜这个问题的侧面）②方面（多くの側面がある｜有很多方面）,边缘词
段,だん,名詞,段,段の / 段を / 段で,5,真题,否,段から「まずい、嫌い」 / 学生や聴衆(注1)より一段高いとこ,①段落（文章の段｜文章的段落）②等级（段を上げる｜提升等级）,边缘词
ショット,しょっと,名詞,拍摄,ショットを / ショットの / ショットが,5,真题,否,ショットパスをご購入ください。 / (奥山清行『ムーンショット デザイン幸福論』による),①拍摄（ショットを撮る｜拍摄照片）②击球（良いショット｜好球）,边缘词
庭園,ていえん,名詞,花园,庭園の / 庭園で / 庭園が,5,真题,否,以下は、ある庭園の案内である。 / 楽遊の表示がある博物館、美術館、寺院、庭園などで、このパスをお見せください。,①花园（美しい庭園｜美丽的花园）②庭院（庭園を散歩する｜在花园散步）,边缘词
冷静,れいせい,名詞,冷静,冷静な / 冷静を / 冷静が,5,真题,否,熱が下がるまで、冷静にしていたほうがいい。 / 不安定だったわが国の経済状態が、ようやく冷静になってきた。,①冷静（冷静に考える｜冷静思考）②沉着（冷静な判断｜冷静判断）,边缘词
袋,ふくろ,名詞,袋子,袋を持つ / 袋に入れる / 袋が破れる,5,真题,否,配られたプリントに、 ビニール袋を持参 / 受け取るティッシュの袋には、 旅行会社の名,①袋子（買い物袋です｜这是购物袋）②包裹（お菓子の袋｜糖果的袋子）,边缘词
休眠,きゅうみん,名詞,休息状态,休眠に入る / 休眠が続く / 休眠を解除する,5,真题,否,落ち、花芽は「休眠」 / という期間に入ります。,①休眠状态（植物が休眠中｜植物在休眠）②暂时停止（動物が休眠する｜动物在休眠）,边缘词
明らか,あきらか,形状詞,明显,明らかになる / 明らかにする / 明らかが示す,5,真题,否,といった / 必要かどうか明らかになります,①明显（事実は明らかだ｜事实很明显）②清楚（理由が明らかになる｜理由变得清楚）,边缘词
まさに,まさに,副詞,正是,まさにその通り / まさに正しい / まさに必要,5,真题,否,(注4) まさに : ちょうど / った人がいるが、 まさに (注)至言だろう。,①正是（まさにその通り｜正是这样）②恰好（まさに今です｜恰好是现在）,边缘词
動機,どうき,名詞,动机,動機がある / 動機を持つ / 動機を説明する,5,真题,否,しかし、「創造」 / という強い動機が必要なのだ。,①动机（彼の動機は不明だ｜他的动机不明）②原因（動機を探る｜探寻动机）,边缘词
記念,きねん,名詞,纪念,記念に残す / 記念を祝う / 記念を作る,5,真题,否,ご来館の記念に、世界で一つだけの作品を / 年は板ガラス製造において記念すべき年である。,①纪念（記念日を祝う｜庆祝纪念日）②纪念品（記念品を買う｜买纪念品）,边缘词
発明,はつめい,名詞,发明,発明をする / 発明がある / 発明を発表する,5,真题,否,この製造法の発明から実用化までは、 苦難の道であり7年の年月がかかったが、 / い板ガラスの製造法が発明されたが、作れる板ガラスの大きさには限りがあった。,①发明（新しい発明がある｜有新的发明）②创造（彼は発明家だ｜他是发明家）,边缘词
ずいぶん,ずいぶん,副詞,相当,ずいぶん多い / ずいぶん大きい / ずいぶん早い,5,真题,否,道具にしろ、 本にしろずいぶん多量 / この町の発展はあわただしく、数年前とは様子がずいぶん変わりました。,①非常（ずいぶん大きい｜非常大）②相当（ずいぶん時間がかかる｜相当花时间）,边缘词
勇気,ゆうき,名詞,勇气,勇気を持つ / 勇気が必要 / 勇気を出す,5,真题,否,. 考えつづけていれば、さらに勇気が持てるようになる / 行動し、変化する状況の中で考えつづけることを実践するのはかなり勇気が要るだろう。,①勇气（勇気を出す｜鼓起勇气）②胆量（彼は勇気がある｜他很有勇气）,边缘词
消極,しょうきょく,名詞,消极,消極的な態度 / 消極が影響する / 消極を克服する,5,真题,否,もちろん消極的な若者は困る。 / (注3)萎縮している : 自信をなくして消極的になっている,①消极（消極的な態度｜消极态度）②不积极（消極的な考え｜消极想法）,边缘词
確かめる,たしかめる,動詞,确认,確かめるために / 確かめることができる / 確かめる必要がある,5,真题,否,しんせいのじょうけんを確かめる / こんな時は、まず次の点をお確かめください。,①确认（事実を確かめる｜确认事实）②查明（真相を確かめる｜查明真相）,边缘词
内部,ないぶ,名詞,内部,内部に入る / 内部が見える / 内部を調査する,5,真题,否,で、内部を冷やしています。 / 冷蔵庫は、内部の熱を外側に出すこと,①内部（内部の構造｜内部结构）②里面（内部に入る｜进入内部）,边缘词
要る,いる,動詞,需要,要るものがある / 要る時間 / 要る費用,5,真题,否,要らないパソコンでしたら、快くもらっていきます。 / に備えて在学中にやっておきたいことのための時間も要ります。,①需要（お金が要る｜需要钱）②必要（時間が要る｜需要时间）,边缘词
打ち明ける,うちあける,動詞,坦白,打ち明けることができる / 打ち明ける必要がある / 打ち明ける相手,5,真题,否,親友の森さんには、どんな悩みも快く打ち明けられる。 / . 仕事でわからないことがあれば、 彼が何でも打ち明けてくれます。,①坦白（秘密を打ち明ける｜坦白秘密）②倾诉（心情を打ち明ける｜倾诉心情）,边缘词
相対,そうたい,名詞,相对,相対的な関係 / 相対が重要 / 相対を理解する,5,真题,否,化の中で、相対的に米の消費量が減少したのだろう。 / (注2)相対化しつつ考える: 他のものとの関係の中で考える,①相对（相対的な関係｜相对关系）②面对（相対して話す｜面对面交谈）,边缘词
合図,あいず,名詞,信号,合図を送る / 合図が出る / 合図を待つ,5,真题,否,(注)汽笛:船が港を出る時などに出す合図の音 / スタートの合図で、選手たちは一斉に走り出した。,①信号（合図を送る｜发出信号）②暗号（合図を出す｜发出暗号）,边缘词
前回,ぜんかい,名詞,上次,前回の会議 / 前回の結果 / 前回の話,5,真题,否,なお、前回に続き、来年発売のマラソンシューズの構造について検討します。 / 前回の会議の記録を確認することと、11日10時までにシューズ改良案を出すこと,①上次（前回の会議｜上次会议）②之前（前回の旅行｜之前的旅行）,边缘词
シューズ,しゅーず,名詞,鞋子,シューズを履く / シューズが合う / シューズを選ぶ,5,真题,否,なお、前回に続き、来年発売のマラソンシューズの構造について検討します。 / 前回の会議の記録を確認することと、11日10時までにシューズ改良案を出すこと,①鞋子（新しいシューズ｜新鞋子）②运动鞋（スポーツシューズ｜运动鞋）,边缘词
住まい,すまい,名詞,住所,住まいを探す / 住まいが決まる / 住まいに戻る,5,真题,否,住まいは「生活の器」 / であると言われている。,①住所（自分の住まい｜自己的住所）②居所（快適な住まい｜舒适的居所）,边缘词
制約,せいやく,名詞,限制,制約がある / 制約を受ける / 制約を乗り越える,5,真题,否,(注2) 制約する : 制限する / であり、汁碗に入ったステーキがナイフで切れないように器によって中身が (注2) 制約される。,①限制（時間の制約｜时间限制）②约束（条件の制約｜条件约束）,边缘词
ピーク,ぴーく,名詞,高峰,ピークに達する / ピークを迎える / ピークが過ぎる,5,真题,否,午後3時くらいがピークでした。 / 能率のピークをできるだけ長く保てるようにする。,①高峰，顶点（観光客がピークに達した｜游客达到高峰）②巅峰状态（彼は今がピークだ｜他现在是巅峰）,边缘词
要する,ようする,動詞,需要,要する時間 / 要する費用 / 要する手続き,5,真题,否,要するに、私たちは働くと / 要するに、 人に話したくなるようなことじゃないと書い,①需要，必要（時間を要する｜需要时间）②要求，索取（お金を要する｜需要钱）,边缘词
チャレンジ,ちゃれんじ,名詞,挑战,チャレンジをする / チャレンジがある / チャレンジを受ける,5,真题,否,新しいことにチャレンジするため / [45] 私は、新しいことにチャレンジするときでも悩まない。,①挑战，尝试（新しいことにチャレンジする｜挑战新事物）②挑战赛（チャレンジを受ける｜参加挑战赛）,边缘词
柔軟,じゅうなん,形状詞,灵活,柔軟に対応する / 柔軟が必要 / 柔軟な考え,5,真题,否,係員は柔軟に対応してくれた。 / 物事にじゅうなんに対応できないところ,①柔软，灵活（柔軟な考え方｜灵活的思维）②适应性强（柔軟に対応する｜灵活应对）,边缘词
税込,ぜいこみ,名詞,含税,税込価格 / 税込で購入する / 税込表示,5,真题,否,定価30000円 (上下巻セット価格・税込) / 一括払い価格27000円 (上下巻セット価格・税込),①含税（価格は税込です｜价格含税）②总价（税込みで表示する｜显示总价）,边缘词
口座,こうざ,名詞,账户,口座を開く / 口座に入金する / 口座が必要,5,真题,否,"お支払いは指定の口座のお振込みのみになります。 / 年の留学を終えて国へ帰るので、銀行の口座を解約した,",①账户，银行账户（口座を開設する｜开设账户）②口头账户（口座を持つ｜拥有账户）,边缘词
積む,つむ,動詞,堆积,積むことができる / 積む時間 / 積む方法,5,真题,否,もっと丁寧に積んでください。 / .多くの経験を積むことによって、将来夢が実現できる。,①堆积，积累（荷物を積む｜堆积行李）②积攒（経験を積む｜积累经验）,边缘词
派手,はで,名詞,华丽,派手な服 / 派手に飾る / 派手が好き,5,真题,否,インテリアがはでなところ / でも、会社に着ていくには派手かな。,①华丽，鲜艳（派手な服装｜华丽的服装）②张扬，显眼（派手な行動｜张扬的行为）,边缘词
グッズ,ぐっず,名詞,商品,グッズを販売する / グッズが揃う / グッズを集める,5,真题,否,ぼうさいグッズに関心を持つこと / ぼうさいグッズを使ってみること,①商品，物品（新しいグッズが出た｜新商品上市）②周边商品（アニメのグッズ｜动漫周边商品）,边缘词
性別,せいべつ,名詞,性别,性別が異なる / 性別を問わない / 性別を確認する,5,真题,否,すべての性別・年代で50%以上である。 / まず、 道で直接配るから、歩いている人の性別・,①性别，男女（性別を問わない｜不问性别）②性特征（性別の違い｜性别差异）,边缘词
親子,おやこ,名詞,亲子,親子の関係 / 親子で遊ぶ / 親子が仲良い,5,真题,否,つまり、偏食をなくすには「親子で / つまり、偏食をなくすには、「親子で一,①父母与子女（親子の関係｜父母与子女关系）②亲子关系（親子の愛｜亲子之爱）,边缘词
コツ,こつ,名詞,窍门,コツをつかむ / コツを教える / コツが必要,5,真题,否,がコツなのだ。 / がコツなのです。,①诀窍，技巧（成功のコツ｜成功的诀窍）②要领，窍门（勉強のコツ｜学习的窍门）,边缘词
活発,かっぱつ,形状詞,活跃,活発に活動する / 活発な議論 / 活発が求められる,5,真题,否,目線で話しかけると、活発な意見交換が期待できる。 / そして多くの汗腺が活発に働いていれば、蒸発しやすいさらさらした汗が作られ、体温調節がス,①活泼，生动（活発な子供｜活泼的孩子）②积极，活跃（活発な議論｜积极的讨论）,边缘词
日ごろ,ひごろ,名詞,平时,日ごろの習慣 / 日ごろの行動 / 日ごろの生活,5,真题,否,日ごろから水分を多く取り、汗が出やすい状態にする。 / 休む汗腺を増やさないためには、日ごろから汗が出る時にはそのまま出すという生活をしたほうが,①平时，日常（彼は日ごろ忙しい｜他平时忙）②平常，通常（日ごろの生活｜日常生活）,边缘词
到達,とうたつ,名詞,到达,到達することができる / 到達を目指す / 到達の方法,5,真题,否,年に人類は初めて月に到達した。 / また、「社会的な地位に到達する」,①到达，抵达（目的地に到達｜到达目的地）②达到，实现（目標に到達｜达到目标）,边缘词
やむ,やむ,動詞,停止,やむを得ない / やむことができる / やむ必要がある,5,真题,否,のままの自分」 / それは確かにやむをえないことだと思う。,①停止，终止（雨がやむ｜雨停了）②停止，消失（痛みがやむ｜疼痛消失）,边缘词
日程,にってい,名詞,日程,日程を調整する / 日程が決まる / 日程を確認する,5,真题,否,「洋食レオナール」 / 社長の出張の日程を確認する,①日程，安排（会議の日程｜会议日程）②日程表（旅行の日程｜旅行日程）,边缘词
今週,こんしゅう,名詞,本周,今週の予定 / 今週のイベント / 今週の目標,5,真题,否,今週の土日に出勤すること / 今週中に会議の資料を作成しておいてください。,①本周，这周（今週の予定｜本周计划）②本星期（今週は忙しい｜这周很忙）,边缘词
土日,どにち,名詞,周末,土日の過ごし方 / 土日が楽しみ / 土日を利用する,5,真题,否,今週の土日に出勤すること / に変わりたいと思っているが、リナ,①周末，星期六和日（土日が休み｜周末休息）②双休日（土日を楽しむ｜享受双休日）,边缘词
幼稚,ようち,形状詞,幼稚,幼稚な考え / 幼稚が目立つ / 幼稚を克服する,5,真题,否,幼稚園も小学校も中学校もふたつずつ通った。 / わかりやすく書いたつもりだったが、 幼稚な文章になってしまった。,①幼稚，稚嫩（幼稚な考え｜幼稚的想法）②不成熟，天真（幼稚な行動｜幼稚的行为）,边缘词
そろえる,そろえる,動詞,整理,そろえることができる / そろえる時間 / そろえる必要がある,5,真题,否,文字のサイズをそろえてください。 / だから、口を揃えてこう言う、「科学の楽しさを子供,①整理齐全（本をそろえた｜整理书籍）②使一致（意見をそろえる｜使意见一致）,边缘词
反映,はんえい,名詞,反映,反映されること / 反映を確認する / 反映が重要,5,真题,否,親の個性が反映されていて、いい / 伺い、計画に反映させたいと考えております。,①反映（意見を反映する｜反映意见）②映射（光が反映する｜光线反射）,边缘词
宛先,あてさき,名詞,收件人,宛先を確認する / 宛先が間違っている / 宛先に送る,5,真题,否,あて先: toiawase@pwq.co.jp / 宛先:shimamoto_haruka@b-denki.co.jp,①收件人（宛先はここです｜收件人是这里）,边缘词
遅れ,おくれ,名詞,延迟,遅れが出る / 遅れを取り戻す / 遅れを謝る,5,真题,否,件名:エアコン代金支払いの遅れについて / 支払いの遅れは内田様に了解してもらっている。,①延迟（遅れが出た｜出现延迟）②迟到（遅れた理由｜迟到的理由）,边缘词
成,せい,名詞,成为,成を遂げる / 成が必要 / 成を目指す,5,真题,否,高学歴の者が(注2) えてして優秀な成績を収めるのは、その人の能力が高いと言うよりも、 その成 / の段階で気づき、 そのことが一番よく表現された一枚を選ぶなら、それはその写真家の立派な作品、 成,①成为（大人に成る｜成为大人）②完成（仕事が成った｜工作完成了）,边缘词
勘違い,かんちがい,名詞,误解,勘違いをする / 勘違いがある / 勘違いを解消する,5,真题,否,そこには何かしら勘違いがある。 / (注3) 錯覚する: 勘違いする,①误解（勘違いしていた｜我误解了）②错觉（勘違いが多い｜有很多错觉）,边缘词
ホッと,ほっと,副詞,松口气,ホッとする瞬間 / ホッとすること / ホッとした気持ち,5,真题,否,.会議中にほっとしていたら、 上司に注意された。 / (すがのたいぞう 『こころがホッとする考え方』による),①松了一口气（ホッとした｜松了一口气）②安心（ホッとする瞬間｜安心的瞬间）,边缘词
思い返す,おもいかえす,動詞,回想,思い返すことがある / 思い返す必要がある / 思い返す時間,5,真题,否,思い返して次につなげる。 / 負けた対戦は思い返さない。,①回想（昔を思い返す｜回想过去）②反思（過去を思い返す｜反思过去）,边缘词
番組,ばんぐみ,名詞,节目,番組が始まる / 番組を観る / 番組が人気,5,真题,否,私も、土曜の午前1時に見た番組は金曜の夜に見 / 駅の近くを歩いていたら声をかけられて、テレビ番組の会見を受けた。,①节目（テレビ番組｜电视节目）②节目单（番組表｜节目单）,边缘词
建設,けんせつ,名詞,建设,建設が進む / 建設を行う / 建設が完了する,5,真题,否,案外簡単に建設的な (注1) 解決策が見つかった。 / 山下「田中さん、 先ほど ABC 建設の木村様からお電話がありました。,①建设（建設が進む｜建设在进行中）②构建（新しい建設｜新的建设）,边缘词
ビル,びる,名詞,大楼,ビルが建つ / ビルを建てる / ビルが高い,5,真题,否,-21-2 TMビル3階 (河上駅西口徒歩2分) / 交差点を右に曲がると、 行方に黒い高層ビルが見えた。,①大楼（高いビルが立ち並ぶ｜高楼大厦）②建筑物（ビルの中に入る｜进入大楼）,边缘词
追い求める,おいもとめる,動詞,追求,追い求める夢 / 追い求めること / 追い求める姿,5,真题,否,(注1)きわめる:ここでは、徹底的に追い求める / 自分の心に従って、 関心があることを追い求めること,①追求（夢を追い求める｜追求梦想）②寻找（真実を追い求める｜寻找真相）,边缘词
多彩,たさい,形状詞,多样,多彩な才能 / 多彩が魅力 / 多彩な選択肢,5,真题,否,今夜は空に星が多彩に輝いていて、とてもきれいです / 高橋氏は、小説家や画家として多彩な活動を行っている,①多样（多彩な文化がある｜多样的文化）②丰富（多彩な表現がある｜丰富的表达）,边缘词
あえて,あえて,副詞,故意,あえて言う / あえて挑戦する / あえて選ぶ,5,真题,否,という言葉です。 / た「夢なんかあえてもつ必要はない」,①特意（あえて言う必要がある｜特意说）②故意（あえて挑戦する｜故意挑战）,边缘词
楽器,がっき,名詞,乐器,楽器を演奏する / 楽器が必要 / 楽器を選ぶ,5,真题,否,バイオリンなどの木製楽器で / この技術を利用することで、名器並みの(注)優れた楽器,①乐器（楽器を演奏する｜演奏乐器）,边缘词
演奏,えんそう,名詞,演奏,演奏が始まる / 演奏を楽しむ / 演奏が素晴らしい,5,真题,否,そんな楽器がそろったオーケストラの演奏が聴ける日もそう遠くはないか / 演奏が終わると、観客は舞台に向かっていっせいに大きな拍手を送った。,①演奏（楽器を演奏する｜演奏乐器）②表演（コンサートで演奏する｜在音乐会上演奏）,边缘词
住民,じゅうみん,名詞,居民,住民が集まる / 住民の意見 / 住民を代表する,5,真题,否,たんとうちいきの住民にあいさつするため / 花火やカラオケなど他の利用者や近隣の住民の方への迷惑となる行為は禁止です。,①居民（地域の住民が集まる｜社区居民聚集）②市民（住民の意見を聞く｜听取市民意见）,边缘词
親しい,したしい,形容詞,亲密,親しい友人 / 親しい関係 / 親しい間柄,5,真题,否,ところが「書き言葉」 / (注2) 馴 (な) 染(じ) む: 慣れて親しくなる,①亲密（親しい友人がいる｜有亲密的朋友）②熟悉（親しい関係になる｜变得熟悉）,边缘词
解消,かいしょう,名詞,解除,解消する方法 / 解消が必要 / 解消を目指す,5,真题,否,運動不足が解消できるから / 自己イメージと他者からのイメージの乖 (かい)離(り)を解消するには、自分,①解除（ストレスを解消する｜解除压力）②消除（問題を解消する｜消除问题）,边缘词
放送,ほうそう,名詞,广播,放送が始まる / 放送を聞く / 放送が流れる,5,真题,否,始まる前に、放送は何時からか確認しようとインターネットで調べて驚いた。 / (日本放送協会・日本放送出版協会 (NHK出版) 編 『NHK 仕事学のすすめ 2010年10-1 1月号』による),①广播（テレビで放送する｜在电视上广播）②播送（ラジオ放送を聞く｜听广播）,边缘词
リハーサル,りはーさる,名詞,排练,リハーサルを行う / リハーサルに参加する / リハーサルが必要だ,5,真题,否,最終リハーサルに参加する / 準備・片付け、リハーサル,①排练（例：舞台のリハーサル｜舞台排练）②预演（例：映画のリハーサル｜电影预演）,边缘词
解約,かいやく,名詞,解约,解約を申し出る / 解約に同意する / 解約が成立する,5,真题,否,"客 「すみません、この携帯電話を解約したいんですが。 / 年の留学を終えて国へ帰るので、銀行の口座を解約した,",①解除合同（例：サービスを解約する｜解除服务）②取消订阅（例：定期購読を解約｜取消订阅）,边缘词
書き手,かきて,名詞,作者,書き手が重要だ / 書き手に依頼する / 書き手が増える,5,真题,否,書き手の伝えたいことが伝えられないもの / 書き手の愛の深さだけが目立ってしまうもの,①作者（例：書き手の名前｜作者的名字）②写作者（例：書き手の意図｜作者的意图）,边缘词
ファッション,ふぁっしょん,名詞,时尚,ファッションに敏感だ / ファッションが流行する / ファッションを楽しむ,5,真题,否,は、 「人がアッと驚くよ / それなのに、 ファッション雑誌の,①时尚（例：最新のファッション｜最新的时尚）②流行（例：ファッションが変わる｜时尚在变化）,边缘词
味わい,あじわい,名詞,滋味,味わいが深い / 味わいを感じる / 味わいがある,5,真题,否,を発売します。 / を10%割引で買うことができ,①滋味（例：料理の味わい｜料理的滋味）②风味（例：ワインの味わい｜葡萄酒的风味）,边缘词
錯覚,さっかく,名詞,错觉,錯覚が生じる / 錯覚に陥る / 錯覚を楽しむ,5,真题,否,性=人より目立つこと」 / (注3) 錯覚する: 勘違いする,①错觉（例：視覚の錯覚｜视觉错觉）②幻觉（例：錯覚を感じる｜感到幻觉）,边缘词
共有,きょうゆう,名詞,共享,共有することが大切だ / 共有に参加する / 共有が進む,5,真题,否,話し手が聞き手と場面を共有するところ / 組織内で無意識に共有されている価値観,①共享（例：情報を共有する｜共享信息）②共同拥有（例：資源の共有｜资源的共同拥有）,边缘词
親しむ,したしむ,動詞,亲近,親しむことができる / 親しむ対象 / 親しむ時間,5,真题,否,からも信頼されるし親しまれるだろう。 / 今も昔も、子供たちに親しまれている折り紙。,①亲近（例：友達と親しむ｜与朋友亲近）②熟悉（例：文化に親しむ｜熟悉文化）,边缘词
離,り,名詞,离开,離が必要だ / 離を選ぶ / 離が生じる,5,真题,否,い)離(り)があるのです。 / の行動と思いに乖(かい)離(り)があるのです。,①离开（例：家を離れる｜离开家）②分开（例：二人が離れる｜两人分开）,边缘词
まる,まる,名詞,圆,まるが好きだ / まるを描く / まるになる,5,真题,否,まるまでに、何をしなければならないか。 / 自身の思いを行動に移そうとすると、ストレスが溜 (た) まる。,①圆形（例：まるい形｜圆形的形状）②完全（例：まるで本物｜完全像真的）,边缘词
見失う,みうしなう,動詞,失去,見失うことがある / 見失う前に / 見失う危険,5,真题,否,(注5)~を見失う : 〜がわからなくなる / しまい、行くべき道も見失ってしまうのである。,①失去视线（例：彼を見失った｜失去他的视线）②看不见（例：道を見失った｜看不见路）,边缘词
写る,うつる,動詞,映出,写る景色 / 写る瞬間 / 写ることができる,5,真题,否,手のしぐさ表れて写っている。 / ことを言うが、 心配しなくて写真には自然にそれが写っている。,①映出（例：写真が写る｜照片映出）②反射（例：鏡に写る｜在镜子里反射）,边缘词
水性,みずしょう,名詞,水性,水性が特徴だ / 水性である / 水性を選ぶ,5,真题,否,下書きが消せないのは、 水性絵の具を溶かすのに使う水のせいだそうだ。 / そして最後に、鉛筆の下書きが水性絵の具で色をぬった後に消せない理由が説明されていた。,①水溶性（例：水性の絵具｜水溶性的颜料）②水的性质（例：水性の物質｜水的性质）,边缘词
最寄り,もより,名詞,最近,最寄りの駅 / 最寄りに住む / 最寄りが便利だ,5,真题,否,".最寄りの試験は来月にある。 / . 彼女は私の最寄りの友達だ,",①最近的（例：最寄りの駅｜最近的车站）②离得最近（例：最寄りの店｜离得最近的店）,边缘词
忘れ物,わすれもの,名詞,遗忘物,忘れ物を取りに行く / 忘れ物がある / 忘れ物を確認する,5,真题,否,そうじの人に忘れ物がないか聞く / じむしょで忘れ物がないかたずねる,①遗忘的物品（例：忘れ物を取りに行く｜去取遗忘的物品）②丢失的东西（例：忘れ物が多い｜遗忘的东西很多）,边缘词
先入,せんにゅう,名詞,先入,先入が強い / 先入を持つ / 先入に気づく,5,真题,否,(注2)先入観 : 思い込み / 誤解は相手の先入観だけでなく、 自分が原因であることも多い。,①先入观念（例：先入の考え｜先入的想法）②预先的印象（例：先入のイメージ｜预先的印象）,边缘词
ビジョン,びじょん,名詞,愿景,ビジョンを持つ / ビジョンが明確だ / ビジョンを共有する,5,真题,否,者は常にこのビジョンがどのようなものであるか考え、人工物その価値観をもたせることが必要だと思 / ついての予測をたて、人々の価値観を調査したうえで、 設計者としてのビジョンをもつことが求められ,①愿景（例：将来のビジョン｜未来的愿景）②视野（例：広いビジョン｜广阔的视野）,边缘词
画家,がか,名詞,画家,画家として活動する / 画家が描く / 画家に依頼する,5,真题,否,画家にしょう」 / と考えるのは早すぎるが、 大事なこと,①艺术家（例：有名な画家｜有名的艺术家）②绘画者（例：画家の作品｜画家的作品）,边缘词
ボタン,ぼたん,名詞,按钮,ボタンを押す / ボタンが壊れる / ボタンを取り替える,5,真题,否,.「BS-ZG1」 / 内側に折り、 ボタンで留める,①按钮（例：ボタンを押す｜按下按钮）②扣子（例：シャツのボタン｜衬衫的扣子）,边缘词
物差し,ものさし,名詞,尺子,物差しで測る / 物差しを使う / 物差しが必要だ,5,真题,否,「嫌い」 / 「感じる」,①尺子（例：物差しで測る｜用尺子测量）②标准（例：物差しとして使う｜作为标准使用）,边缘词
養育,よういく,名詞,养育,養育が大切だ / 養育を受ける / 養育に関わる,5,真题,否,(注 1)」 / というように、養育者 (注 2)に対する反抗が顕著(注3)になる (第一反抗期)。,①抚养（子供を養育する｜抚养孩子）②教育（教育と養育が大切｜教育和抚养很重要）,边缘词
期,き,名詞,时期,期が始まる / 期を迎える / 期が終わる,5,真题,否,(注 1)」 / 乳児(注6)期には、「目の前に,①时期（この期に入る｜进入这个时期）②期限（期限が迫っている｜期限快到了）,边缘词
母親,ははおや,名詞,母亲,母親が大好きだ / 母親に感謝する / 母親と話す,5,真题,否,そのため、 母親が乳児の目の前からいなくなると母親が / と、目の前に母親がいなくても、 母親がこの世 (注7)からいなくなったわけではないと考えられるよう,①母亲（母親が大好き｜我爱我的母亲）②妈妈（私の母親は優しい｜我的妈妈很温柔）,边缘词
腰,こし,名詞,腰部,腰が痛い / 腰を伸ばす / 腰をかがめる,5,真题,否,(注3)腰を据えて:ここでは、落ち着いて / 座りすぎは、 日本人の4人に1人が抱えているという腰の痛みの原因にもなると考えられてい,①腰部（腰が痛い｜腰部疼）②腰带（腰にベルトをする｜腰上系着带子）,边缘词
価額,かがく,名詞,价格,価額が上がる / 価額を確認する / 価額が変わる,5,真题,否,限り割引価額で1回ご入場できます。 / . 各施設に1回ずつ入場でき、 さらに割引価額で特別展に1回ずつ入場できる。,①价格（商品の価額は高い｜商品价格很高）②价值（価額が下がった｜价值下降了）,边缘词
チーズ,ちーず,名詞,奶酪,チーズを食べる / チーズが好きだ / チーズを選ぶ,5,真题,否,バターやチーズは牛乳から生じる / わが社の人気商品「緑山牧場チーズ詰め合わせ」,①奶酪（チーズが好きです｜我喜欢奶酪）②芝士（ピザにチーズをのせる｜披萨上放了芝士）,边缘词
オフ,おふ,名詞,关闭,オフにする / オフが必要だ / オフを楽しむ,5,真题,否,がありま / と「オンライン状態」,①关闭（スイッチをオフにする｜把开关关掉）②休息（今日はオフの日｜今天是休息日）,边缘词
肌,はだ,名詞,肌肤,肌がきれいだ / 肌を保つ / 肌に合う,5,真题,否,温泉の成分が肌に負担を 50 ですから、刺激の強い酸性の温泉に入ったときや、 / 肌への刺激が強いと感じたときは、最後に温泉ではないお湯や水を体にかけ、 肌に残った,①皮肤（肌がきれい｜皮肤很漂亮）②肤色（肌の色が明るい｜肤色很亮）,边缘词
甘み,あまみ,名詞,甜味,甘みが強い / 甘みを感じる / 甘みを加える,5,真题,否,だから、甘みや旨みのもとになる物質も多 / 葉が水を吸収し、 果実に甘みや旨みのもとを送るから,①甜味（甘みが強い｜甜味很浓）②甜度（甘みが感じられる｜能感觉到甜度）,边缘词
ポートフォリオ,ぽーとふぉりお,名詞,作品集,ポートフォリオを作る / ポートフォリオを見せる / ポートフォリオが必要だ,5,真题,否,そうなったらポートフォリオを作って / 逆にポートフォリオにしてみると、自,①投资组合（ポートフォリオを作成する｜制作投资组合）②作品集（アートのポートフォリオ｜艺术作品集）,边缘词
定年,ていねん,名詞,退休,定年を迎える / 定年が近い / 定年後の生活,5,真题,否,私の会社は60歳が定年なので、 あと半年で退職だ / この乗り物は子ども向けのため、 10歳が定年になっている,①退休年龄（彼は定年を迎えた｜他退休了）,边缘词
穴,あな,名,孔，眼；洞,鼻の穴（鼻孔）,4,两者,是,紙袋に穴があいていたので、セロテープでふさいだ。 / えではどこかに穴ができて、 あとで活用することができない。,①洞穴（山に穴がある｜山上有个洞）②缺口（穴が開いている｜有个缺口）,社区推荐
誤り,あやまり,名,错误,誤りを認める / 誤りがある / 誤りを訂正する,4,两者,是,. 自分の考えの誤りに気付くことができる。 / れて初めて誤りに気づいたという経験があるはずだ。,①错误（彼の誤りを指摘した｜指出了他的错误）②失误（大きな誤りだ｜这是个大失误）,社区推荐
売れ行き,うれゆき,名,销路，销量,売れ行きがよい（销路好）,4,两者,是,CDの売れ行きはこうちょうだ。 / りに好調な売れ行きを見せているという。,①销售情况（売れ行きが好調だ｜销售情况很好）②市场反应（売れ行きが悪い｜市场反应不好）,社区推荐
演技,えんぎ,名,演技；花招,演技がうまい（演得好）,4,两者,是,出演者の素晴らしい演技を見て、 / しかし自宅での鑑賞では、演技の素晴らしさは分かっても、会場の一体感,①表演（彼の演技は素晴らしい｜他的表演很棒）②演绎（演技が上手だ｜演技很出色）,社区推荐
演説,えんぜつ,名·自サ,演说，讲演,演説を行う / 演説が評価される / 演説に参加する,4,两者,是,.決勝進出が決まった中島選手は試合後の演説で、必ず優勝すると述べた。 / . 首相は昨日の国会での演説で、 経済対策を最優先するとの決意を述べた。,①演讲（彼は演説が得意だ｜他擅长演讲）②发言（演説を行った｜进行了发言）,社区推荐
家事,かじ,名,家务，家政,家事をする（做家务）,4,两者,是,た習いたいという人や、仕事や家事以外に何か趣味を見つけたいという人だった。 / Aは心のふれ合いを感じさせてくれるロボットだと述べ、Bは家事を助けてくれるロボット,①家务（家事を手伝う｜帮忙做家务）②家庭事务（家事が多い｜家务很多）,社区推荐
各国,かっこく,名,各国,各国と交流する / 各国が集まる / 各国の文化,4,两者,是,その後も人類の夢はとどまらず、各国は国の誇りをかけて膨大 / [45] 世界各国の国会議員選挙における投票率を世代ごとに見ると、 若い世代の,①各个国家（各国の文化が違う｜各国文化不同）②各国人民（各国が協力する｜各国要合作）,社区推荐
観念,かんねん,名,观念,観念が変わる / 観念を持つ / 観念に影響される,4,两者,是,「夢をもちなさい」 / といわれて、 「夢をもたなきゃ」,①观念（自由の観念が重要だ｜自由的观念很重要）②思想（古い観念を捨てる｜抛弃旧观念）,社区推荐
看板,かんばん,名,招牌,看板が目立つ / 看板を設置する / 看板を見かける,4,两者,是,いつのまにか看板がかたむいていた。 / めつい奴」(注5)の看板を背負って生きてるような人もいる。,①招牌（店の看板が目立つ｜店的招牌很显眼）②标志（看板を掲げる｜挂上标志）,社区推荐
金属,きんぞく,名,金属,金属が使われる / 金属の特性 / 金属を加工する,4,两者,是,金属製ボトルに対する抵抗感には男女差がある。 / 緑茶のボトルに関する②ある消費者調査の結果を見ると、 金属製ボトルに対し,①金属材料（例：金属の性質｜金属的性质）②金属元素（例：金属の種類｜金属的种类）,社区推荐
暮れ,くれ,名,日暮,暮れが近い / 暮れの時間 / 暮れを迎える,4,两者,是,この物語の暮れは、意外な内容だった。 / 授業の暮れに、 先生が今日の宿題を出した。,①年末时分（例：年の暮れ｜年末时分）②黄昏时分（例：暮れの時間｜黄昏时分）,社区推荐
継続,けいぞく,名·自他サ,继续,仕事を継続する（继续工作）,4,两者,是,年4月から、継続して利用した / この効果はどのくらい継続するのだろう。,①持续进行（例：継続すること｜需要持续进行）②继续存在（例：継続的な問題｜持续存在的问题）,社区推荐
現場,げんば,名,现场,現場で確認する / 現場が混雑する / 現場に行く,4,两者,是,経営の現場でより重要なのは、その失敗をいかに(注3) / の現場で注目されているものですが、みなさん、 【48】。,①实际场所（例：現場に行く｜去实际场所）②工作现场（例：現場作業｜工作现场）,社区推荐
順序,じゅんじょ,名,顺序,順序を守る / 順序が大切だ / 順序を決める,4,两者,是,(注2) 順位制: 上下関係にもとづいてできた順序の決まり / 言い方や順序よりも文字と言葉の正確さを優先させたほうがいい。,①排列次序（例：順序を守る｜遵守顺序）②处理顺序（例：順序が大事｜处理顺序很重要）,社区推荐
障害,しょうがい,名,障碍，损害,障害がある / 障害を克服する / 障害に対処する,4,两者,是,(注4)バリア: 障害となるもの / 様々な障害をクリアしていくことがむずかしい。,①障碍物（例：障害を乗り越える｜克服障碍）②身体障碍（例：障害者支援｜支持残疾人）,社区推荐
進行,しんこう,名·自サ,进行,進行が早い（进展迅速）,4,两者,是,進行役の運営が上手で発言しやすかったとき / 関係のない発言で、会議の進行をさまたげないでください。,①进行中（例：進行中のプロジェクト｜项目进行中）②发展进展（例：進行状況｜发展进展）,社区推荐
数字,すうじ,名,数字,数字が増える / 数字を確認する / 数字が重要だ,4,两者,是,報告書の数字をしゅうせいする / 大事な数字のほかは、 ごく要点だけをノートに記入する。,①数值表示（例：数字を使う｜使用数字）②统计数据（例：数字が増える｜数字在增加）,社区推荐
整備,せいび,名·他サ,配备,部品を整備する（修整零部件）,4,两者,是,古い道路や橋を整備すべきだ / 度は中央公園の整備を行い、 皆様より高い評価をいただきました。,①设备维护（例：整備が必要｜需要设备维护）②系统完善（例：整備を行う｜进行系统完善）,社区推荐
成立,せいりつ,名·自サ,成立,成立する条件 / 成立を目指す / 成立が難しい,4,两者,是,文章が成立するには読み手の存在が必要だ。 / (注6)締結される : ここでは、成立する,①建立形成（例：成立した団体｜成立的团体）②达成协议（例：成立の合意｜达成的协议）,社区推荐
想定,そうてい,名·他サ,设想,想定を超える / 想定を立てる / 想定が変わる,4,两者,是,(注4)想定する : ここでは、起こるものとして考える / あらかじめ失敗を想定 (注4)しているからこそ、 適切な処理も,①设定（想定を立てる｜设定假设）②假设（想定が必要だ｜需要假设）,社区推荐
体制,たいせい,名,体制,体制を整える / 体制が変わる / 体制を見直す,4,两者,是,インターネットでの販売の再開につきましては、製造体制が整い次第お知らせいた / インターネット販売は11月30日で中止し、製造体制が整うまで店での販売のみ行う,①体制（政治体制｜政治体制）②制度（教育体制｜教育制度）,社区推荐
体操,たいそう,名,体操,毎朝体操をする（我每天做早操）,4,两者,是,体操の途中で休まないこと / 体操の間、呼吸を続けること,①体操（体操をする｜做体操）②体能训练（体操の練習｜体操的练习）,社区推荐
滝,たき,名,瀑布,滝が流れる / 滝を訪れる / 滝の音,4,两者,是,秋の夜にはライトアップが行われ、 紅葉と滝が光の中に浮んで見えて見 / 庭の中心には池があり、 滝が約3メートルの高さから流れ落ちています。,①瀑布（美しい滝｜美丽的瀑布）②水流（滝の音｜瀑布的声音）,社区推荐
調理,ちょうり,名·他サ,烹调,魚を調理する（做鱼）,4,两者,是,.施設および調理器具使用料となります。 / お客様が調理器具を持ち込むことはできません。,①烹饪（調理をする｜进行烹饪）②料理（調理法｜烹饪方法）,社区推荐
電子,でんし,名,电子,電子が普及する / 電子機器 / 電子を利用する,4,两者,是,報告書の電子ファイルを部長に送る / 紙の書類を電子データにできるから,①电子（電子機器｜电子设备）②电气（電子部品｜电子元件）,社区推荐
日課,にっか,名,每天的习惯,日課を守る / 日課がある / 日課を見直す,4,两者,是,朝9時までに出社することが会社の日課で決まっている / 停留所でバスの日課を見ると、 次の発車時刻は0分後だった,①日常课程（日課をこなす｜完成日常课程）②每日任务（日課をする｜做每日任务）,社区推荐
武器,ぶき,名,武器,武器を持つ / 武器が必要だ / 武器を使う,4,两者,是,(樋口裕一 『「教養」 / を最強の武器にする読書術』 による),①武器（武器を持つ｜持有武器）②手段（交渉の武器｜谈判的手段）,社区推荐
論争,ろんそう,名·自サ,争论,論争が起こっている（引起了争论）,4,两者,是,全員の面接が終わったので、試験官は論争のため別室に移った。 / 前田さんは私が言うことにいちいち論争するので、やりにくくて困る。,①争论（論争が起きる｜发生争论）②辩论（論争をする｜进行辩论）,社区推荐
争う,あらそう,自五,争夺,先を争う（争先）,4,两者,是,常にゆうしょうをあらそう強いチームだから / 新製品の販売権に関し、A社とB社があらそっている。,①争夺（勝利を争う｜争夺胜利）②竞争（地位を争う｜竞争地位）,社区推荐
薄める,うすめる,他下一,弄淡；稀释,味を薄める（把味道弄淡）,4,两者,是,私には難しすぎたので、 コースのレベルを薄めた / 部屋が暑かったので、エアコンをつけて温度を薄めた,①稀释（液体を薄める｜稀释液体）②减轻（影響を薄める｜减轻影响）,社区推荐
演じる,えんずる,他上一,表演,劇を演じる（演剧）,4,两者,是,でいたほうがいい。 / . 次の公演で、 私は医者の役目を演じる。,①表演（役を演じる｜表演角色）②扮演（キャラクターを演じる｜扮演角色）,社区推荐
指す,さす,他五,指；意味着,犯人を指す（揭发犯人）,4,两者,是,る「大人」 / ②この成功は何を指すか。,①指向（指を指す｜指向手指）②指代（意味を指す｜指代意思）,社区推荐
すれ違う,すれちがう,自五,交错，错过,肩と肩とがすれ違う（擦肩而过）,4,两者,是,なぜときどき駅ですれ違う / 順位制を感じることができるようになったイヌは、 道でほかのイヌにすれ違い近づいたときには挨,①擦肩而过（道ですれ違う｜在路上擦肩而过）②意见不合（意見がすれ違う｜意见不合）,社区推荐
尽きる,つきる,自上一,尽，完；到头,手段が尽きる（用尽手段）,4,两者,是,. 木村選手は、けがのせいで連続出場の記録が尽きてしまった。 / . あしたで定期券の期限が尽きるので、新しいのを買いに行った。,①耗尽（資源が尽きる｜资源耗尽）②结束（時間が尽きる｜时间结束了）,社区推荐
やがて,やがて,副,马上；大约,やがて来る / やがて終わる / やがて分かる,4,两者,是,そして、やがて耐えられなく / 予測はやがてこうなるだろうという現実の延長線上,①不久（やがて来る｜不久会来）②最终（やがて終わる｜最终会结束）,社区推荐
サークル,さーくる,名,圆；社团,サークルに参加する / サークルが活動する / サークルを作る,4,两者,是,新入生をサークルに勧誘した。 / . 新入生をテニスサークルにかんゆうした。,①社团（大学のサークル｜大学社团）②圈子（友達のサークル｜朋友圈子）,社区推荐
こう,こう,接尾辞,这样,こういうことだ / こうして進める / こうなると,4,真题,否,役のへんこうを部員に伝える / 場所のへんこうをれんらくする,①这样（こうする｜这样做）②如此（こういうこと｜如此的事情）,边缘词
主観,しゅかん,名詞,主观,主観が強い / 主観を持つ / 主観に影響される,4,真题,否,その意見に反対するきっかけは、主観的すぎるからだ。 / 努力していると感じるのは自分の主観であり、他の人には理解できないから,①主观（主観的な意見｜主观意见）②个人观点（主観で見る｜从个人观点看）,边缘词
テスト,てすと,名詞,测试,テストを受ける / テストが難しい / テストを準備する,4,真题,否,テストが近いので、深刻に勉強した。 / 私たちはテストのたびに学年でトップを競っていた。,①测试（テストを受ける｜参加测试）②考试（試験のテスト｜考试测试）,边缘词
治る,なおる,動詞,治愈,治るまで待つ / 治ることを願う / 治る方法,4,真题,否,客「このカメラ直りますか。 / 薬で治ったと思っていた風邪が続出した。,①痊愈（病気が治る｜病好了）②恢复（傷が治る｜伤恢复了）,边缘词
よろしい,よろしい,形容詞,可以,よろしいですか / よろしい選択 / よろしい結果,4,真题,否,やってもよろしいでしょうか / やらせてもよろしいでしょうか,①可以（これでよろしいですか｜这样可以吗）②好的（よろしいお返事です｜好的回复）,边缘词
言い換える,いいかえる,動詞,换言,言い換えることができる / 言い換える必要がある / 言い換えると,4,真题,否,と言い換えてもいいだろう。 / 言い換えれば、 「聞く気が,①换句话说（別の言い方で言い換える｜换个说法）,边缘词
実践,じっせん,名詞,实践,実践が重要だ / 実践を重視する / 実践を行う,4,真题,否,(岩下宣子 「実践 マナー塾」 2009年4月18日付日本経済新聞による) / 私が実践しているのは、仕事を一度に教えようとしないで、すぐに担当してもらう仕事,①实践（理論を実践する｜实践理论）②实施（計画を実践する｜实施计划）,边缘词
塾,じゅく,名詞,补习班,塾に通う / 塾が人気だ / 塾を選ぶ,4,真题,否,森さんは塾のこうしをしています。 / 河山市外の自宅で学習塾を開いている 46歳の女性,①补习班（学習塾に通う｜上补习班）②私塾（私立の塾｜私立补习班）,边缘词
迎える,むかえる,動詞,迎接,迎える準備をする / 迎える時間 / 迎えることができる,4,真题,否,子供をほいくえんに迎えに行くから / 来月、 本製品販売1周年を迎えるにあたり、製品の使用効果、 値段などについてお客様,①迎接（客を迎える｜迎接客人）②到来（新年を迎える｜迎接新年）,边缘词
高価,こうか,名詞,昂贵,高価な商品 / 高価な買い物 / 高価な贈り物,4,真题,否,銀行に行って、お札をこうかに替えた。 / く非常に高価で、手に入れることが難しい。,①昂贵（高価な商品｜昂贵商品）②值钱（高価な宝石｜值钱的宝石）,边缘词
酸素,さんそ,名詞,氧气,酸素が必要 / 酸素を吸う / 酸素を供給,4,真题,否,験のほか、酸素を作り出すのにも使われる。 / の処理の過程で発生する二酸化酸素を減らすこともてきる。,①氧气（酸素を吸う｜吸氧气）②氧（酸素が必要｜需要氧气）,边缘词
ねらい,ねらい,名詞,目标,ねらいを定める / ねらいに向かう / ねらいを達成する,4,真题,否,かわせることがねらいなのです。 / これらの努力が実り、 ①ねらいどお,①目标（ねらいを定める｜设定目标）②意图（ねらいを持つ｜有意图）,边缘词
かねる,かねる,接尾辞,兼任,兼任する職 / 兼任の役割 / 兼任の責任,4,真题,否,とにつながりかねないから。 / 言い訳になる一方で、努力を 「かっこう悪い」,①无法（お手伝いはかねる｜无法帮忙）②兼任（二つの仕事をかねる｜兼任两份工作）,边缘词
温める,あたためる,動詞,加热,温める食べ物 / 温める飲み物 / 温める場所,4,真题,否,うなずきながらエンジンを温め、他 / 人の話に軽く返事をしながら車のエンジンを温めること,①加热（例：スープを温める｜加热汤）②温暖（例：心を温める｜温暖心灵）,边缘词
静か,しずか,形状詞,安静,静かな場所 / 静かな時間 / 静かな環境,4,真题,否,妻と猫と静かな生活を送りたい / 静かに自分の話をしながら次の話題に移るのを待つこと,①安静（例：静かな場所｜安静的地方）②平静（例：静かな心｜平静的心）,边缘词
おとなしい,おとなしい,形容詞,温顺,おとなしい性格 / おとなしい子供 / おとなしい動物,4,真题,否,発言が少ない人やおとなしい人の話をよく聞き、それに答えるようにすること / 自分の発現量を意識しながら、 おとなしい人にも話してもらうようにすること,①温顺（例：おとなしい犬｜温顺的狗）②文静（例：おとなしい性格｜文静的性格）,边缘词
老眼,ろうがん,名詞,老花眼,老眼が進む / 老眼の症状 / 老眼の検査,4,真题,否,のなかで、(注1)老眼鏡を必要とする人の割合が増えたからです。 / (注1)老眼鏡: 年をとって近くが見えにくくなった人のための眼鏡,①视力衰退（例：老眼が進む｜视力衰退加重）,边缘词
簡略,かんりゃく,形状詞,简略,簡略な説明 / 簡略な手続き / 簡略なデザイン,4,真题,否,というような説 / 紙面に余裕ができるように記事の表現を簡略化したこと,①简化（例：簡略な説明｜简化说明）②简洁（例：簡略な手続き｜简洁的手续）,边缘词
簡潔,かんけつ,名詞,简洁,簡潔な文章 / 簡潔な説明 / 簡潔な表現,4,真题,否,文章はかんけつに書いてください。 / 伝えたいことを選んで簡潔に伝えなければならない。,①简明（例：簡潔な文章｜简明的文章）②明了（例：簡潔に説明する｜简洁地解释）,边缘词
ピッタリ,ぴったり,形状詞,恰好,ピッタリのサイズ / ピッタリのタイミング / ピッタリの場所,4,真题,否,(注4)噛み合う:ここでは、ぴったり合う / たとえ平凡な才能でも、 自分にピッタリの仕事を探せれば良いと思っている。,①正好（例：サイズがピッタリ｜尺寸正好）②恰好（例：ピッタリの服｜恰好的衣服）,边缘词
もっとも,もっとも,接続詞,最,もっとも重要 / もっとも大きい / もっとも難しい,4,真题,否,もっとも多少働いたとしても、仕事の本質はわからな / 多様な商品が並ぶことになるのはもっともなことだろう。,①最重要（例：もっとも大切なこと｜最重要的事）②当然（例：もっともな理由｜当然的理由）,边缘词
憧れる,あこがれる,動詞,憧憬,憧れる人 / 憧れる生活 / 憧れる場所,4,真题,否,子供の頃から憧れていた仕事 / ある映画で見たはいゆうにあこがれたから,①向往（例：自由に憧れる｜向往自由）②渴望（例：夢に憧れる｜渴望梦想）,边缘词
必然,ひつぜん,名詞,必然,必然的な結果 / 必然の法則 / 必然に思える,4,真题,否,を求めているのではないだろうか。 / (注3) 必然 : そうなって当然のこと,①必定（例：必然の結果｜必然的结果）②必然性（例：必然の法則｜必然的法则）,边缘词
本文,ほんぶん,名詞,正文,本文を読む / 本文に書かれている / 本文の内容,4,真题,否,. 本文の内容に合うのはどれか。 / 法教育の一つの姿として、本文で挙げられている例はどれか。,①正文（例：本文をお読みください｜请阅读正文）②主要内容（例：本文の要点を説明します｜解释主要内容）,边缘词
うらやましい,うらやましい,形容詞,羡慕,うらやましい気持ち / うらやましい状況 / うらやましい友達,4,真题,否,他人がうらやましがる仕事 / 「出身地を元気にしたいと思っています」,①羡慕（例：彼がうらやましい｜我羡慕他）②嫉妒（例：友達がうらやましい｜我嫉妒朋友）,边缘词
外出,がいしゅつ,名詞,外出,外出する予定 / 外出の準備 / 外出を楽しむ,4,真题,否,(外出滋比古『思考の生理学』 による) / 部長は外出先から会社にいったん戻ったが、すぐにまた出かけた。,①外出（例：外出する時間です｜该外出时间了）②出门（例：外出してきます｜我出门了）,边缘词
つながり,つながり,名詞,联系,つながりを持つ / つながりがある / つながりを深める,4,真题,否,(注1) 人脈:人のつながり / と食文化とのつながりについて54。,①联系（例：友達とのつながり｜与朋友的联系）②关系（例：家族のつながり｜家族的关系）,边缘词
出身,しゅっしん,名詞,出身,出身地 / 出身校 / 出身者,4,真题,否,(注4) 同郷の:同じ出身地の / んでいないので、出身地は適当に決めるしかない。,①出生（例：彼は東京出身です｜他出生在东京）②出自（例：出身地を教えてください｜请告诉我出生地）,边缘词
わざわざ,わざわざ,副詞,特意,わざわざ行く / わざわざ買う / わざわざ連絡する,4,真题,否,ても、「たいしたことはしていません」 / を、わざわざ言葉にする作業ですから、とて,①特意（例：わざわざ来てくれてありがとう｜谢谢你特意来）②专门（例：わざわざ行く必要はない｜不需要专门去）,边缘词
出版,しゅっぱん,名詞,出版,出版する本 / 出版の予定 / 出版業界,4,真题,否,以下はある日本語学校が出版社に出したメールである / 鈴木花子 (心理カウンセラー 『社会人のコミュニケーション』 秋川出版 著者),①出版（例：本を出版する｜出版书籍）②发行（例：雑誌を出版する｜发行杂志）,边缘词
職員,しょくいん,名詞,职员,職員が働く / 職員の数 / 職員の役割,4,真题,否,しょくいんとの人間関係がうまくいかない / 大西病院では、現在事務職員を募集しています。,①职员（例：学校の職員です｜学校的职员）②工作人员（例：職員が対応します｜工作人员会处理）,边缘词
平成,へいせい,名詞,平成,平成の時代 / 平成の出来事 / 平成の文化,4,真题,否,み締め 平成 22年9月17日 (金) / 日時 : 平成22年11月30日 (火) 10:00~15:00,①平成时代（例：平成の時代に生まれた｜出生在平成时代）②日本年号（例：平成元年に始まった｜平成元年开始）,边缘词
住所,じゅうしょ,名詞,地址,住所を確認する / 住所を変更する / 住所を教える,4,真题,否,「市民セミナーIII参加希望」 / と明記の上、住所、氏名、年齢、電話番号を記入し,①地址（例：住所を教えてください｜请告诉我地址）②住址（例：新しい住所に引っ越しました｜我搬到新地址）,边缘词
たおれる,たおれる,動詞,倒下,たおれる木 / たおれる人 / たおれる建物,4,真题,否,家具がたおれないようにする / .倒れてしまわないようにね,①倒下，倒塌（家が倒れた｜房子倒了）②倒下，跌倒（彼が倒れた｜他倒下了）,边缘词
マラソン,まらそん,名詞,马拉松,マラソンに参加する / マラソンを走る / マラソンの準備,4,真题,否,今回のマラソン大会は、過去最大の規模で行われた。 / なお、前回に続き、来年発売のマラソンシューズの構造について検討します。,①马拉松（マラソン大会がある｜有马拉松比赛）,边缘词
話し合い,はなしあい,名詞,讨论,話し合いをする / 話し合いの結果 / 話し合いの場,4,真题,否,話し合いの報告書を作成する / 話し合いでは、 少数意見も尊重しよう。,①讨论，商谈（話し合いをする｜进行讨论）②协商，谈判（話し合いが必要だ｜需要协商）,边缘词
選挙,せんきょ,名詞,选举,選挙に行く / 選挙の結果 / 選挙の候補者,4,真题,否,来月の選挙の結果が注目されている。 / 選挙で誰にとうひょうするかまだ決めていない。,①选举，投票（選挙に行く｜去参加选举）②选举，竞选（選挙が近い｜选举快到了）,边缘词
リーダー,りーだー,名詞,领导,リーダーになる / リーダーの役割 / リーダーシップを発揮する,4,真题,否,グループのリーダーを決める / 所属する集団のリーダーとして行動しようとする,①领导者，首领（彼はリーダーだ｜他是领导者）②指挥者，带头人（リーダーを選ぶ｜选择领导者）,边缘词
アレルギー,あれるぎー,名詞,过敏,アレルギーがある / アレルギーの症状 / アレルギーを持つ,4,真题,否,花粉症は花粉に対するアレルギー反応で、アレルギー体質の人は花粉症になりやすいと言われ / の水準になると、 花粉を追い出すためにくしゃみや鼻水などのアレルギー症状が現れます。,①过敏，过敏症（アレルギーがある｜有过敏症）②食物过敏（食物アレルギー｜食物过敏）,边缘词
持ち込む,もちこむ,動詞,携带,持ち込む荷物 / 持ち込む食べ物 / 持ち込む資料,4,真题,否,. 飲み物も自由にお持ち込みいただけます。 / お客様が調理器具を持ち込むことはできません。,①携带，带入（荷物を持ち込む｜携带行李）②引入，带来（新しいアイデアを持ち込む｜带来新想法）,边缘词
独特,どくとく,形状詞,独特,独特なスタイル / 独特な考え / 独特な味,4,真题,否,AもBも、会場独特の緊張感が伝わってくることだと述べている。 / 森はいつも独特な香りに包まれ、さわやかに感じられるが、 それはある物質の効果によるものだ。,①独特，独有（独特なスタイル｜独特风格）②特别，独一无二（独特な味｜独特的味道）,边缘词
枯れ木,かれき,名詞,枯木,枯れ木が立っている / 枯れ木を使う / 枯れ木の景色,4,真题,否,落ち葉や枯れ木を腐りにくくする。 / り、落ち葉や枯れ木が腐ったときなどに生じる嫌なにおいを消したりする働きを持っている。,①枯树，干枯的树（枯れ木が立っている｜有枯树）②枯木，死木（枯れ木を見つけた｜找到枯木）,边缘词
腐る,くさる,動詞,腐烂,腐る食べ物 / 腐る果物 / 腐ることがある,4,真题,否,落ち葉や枯れ木を腐りにくくする。 / り、落ち葉や枯れ木が腐ったときなどに生じる嫌なにおいを消したりする働きを持っている。,①腐烂，变质（食べ物が腐る｜食物腐烂）②腐败，腐朽（腐るものが多い｜很多腐烂的东西）,边缘词
木々,きぎ,名詞,树木,木々が揺れる / 木々の間 / 木々の成長,4,真题,否,木々がもともと持っているにおいを消す。 / メやモモなど多くの木々が花を咲かせます。,①树木（公園に木々がある｜公园有树木）,边缘词
半分,はんぶん,名詞,一半,半分に分ける / 半分の量 / 半分の時間,4,真题,否,(注1) フィフティ・フィフティ: 50 対 50、 半分ずつ / 汗腺は人の体には200~500万か所ほどあるが、通常、そのうちの半分程度,①一半（半分に切る｜切成一半）②部分（半分の時間｜一部分时间）,边缘词
気軽,きがる,形状詞,轻松,気軽に話す / 気軽に行く / 気軽に相談する,4,真题,否,時間や場所を問わず気軽に書けること / 何かご不明な点がございましたら、お気軽に販売スタッフにお声をおかけください。,①轻松（気軽に話す｜轻松交谈）②随意（気軽に来てください｜随意来）,边缘词
何事,なにごと,名詞,何事,何事も大切 / 何事も経験 / 何事も挑戦,4,真题,否,何事にも 「早く、 早く」 / と (注1) せかされ、時間と競争,①什么事（何事も大切｜任何事情都重要）②任何事情（何事も起こる｜任何事情都可能发生）,边缘词
下手,へた,名詞,笨拙,下手な料理 / 下手な運転 / 下手な歌,4,真题,否,これ、ひどく下手な書き方じゃないだろうか。 / 自分は字を書くのが下手だから嫌だという気持ち,①不擅长（下手な料理｜不擅长做饭）②笨拙（下手な絵｜笨拙的画）,边缘词
低,てい,接頭辞,低,低い声 / 低い温度 / 低い位置,4,真题,否,社員食堂で低カロリーの定食を食べることがどんな良い結果につながるのか。 / この方法によって、表面に輝きがあり、 平らで(注2)ゆがみのない板ガラスを連続的に低コストで作,①低（低い声｜低声）②矮（低い建物｜矮建筑）,边缘词
助ける,たすける,動詞,帮助,助ける手を差し伸べる / 助けるために / 助けることができる,4,真题,否,条件をゆるくし、 社員がもっと子育てしやすいように助けること / 社員としては体調管理につながるだけでなく、人を助けることができ、,①帮助（友達を助ける｜帮助朋友）②救助（人を助ける｜救助他人）,边缘词
意思,いし,名詞,意思,意思を持つ / 意思を伝える / 意思を尊重する,4,真题,否,(注5)合意:意思が一致すること / 企業が社員や消費者の意思にかかわりなく積極的に行うもの,①意图（意思を伝える｜传达意图）②想法（意思を持つ｜有自己的想法）,边缘词
壊す,こわす,動詞,破坏,壊すことができる / 壊す原因 / 壊す音,4,真题,否,この建物を壊すのは惜しい。 / その結果、今まで築いてきた人間関係まで壊してしまうことさえ,①破坏（壊すことは良くない｜破坏是不好的）②损坏（壊すと直す｜损坏后修理）,边缘词
完璧,かんぺき,名詞,完美,完璧な計画 / 完璧な結果 / 完璧な演技,4,真题,否,結果が完璧でなくても、 「よくやった」 / 「掃除のために高いロボットを買わなくても」,①完美（完璧な仕事｜完美的工作）②无缺（完璧な計画｜无缺的计划）,边缘词
残念,ざんねん,形状詞,遗憾,残念な結果 / 残念な知らせ / 残念な気持ち,4,真题,否,私は、これはとても残念なことだと思う。 / 残念ながら、人間は、翼をつけただけでは飛ぶのは 54,①遗憾（本当に残念です。｜真的很遗憾）②可惜（残念な結果になった。｜结果很可惜）,边缘词
くさい,くさい,接尾辞,臭,くさい匂い / くさい食べ物 / くさい靴下,4,真题,否,めんどうくさがっていては / 暑いところに生ものをずっと置いておいたら、さびて臭くなった。,①臭（この魚はくさい。｜这条鱼很臭）②可疑（彼の言い訳はくさい。｜他的借口可疑）,边缘词
結びつける,むすびつける,動詞,连接,結びつける力 / 結びつける方法 / 結びつける関係,4,真题,否,ぼくが 「想像」 / をただの 「想像」,①连接（心を結びつける。｜连接心灵）②结合（二つを結びつける。｜结合两个）,边缘词
小売,こうり,名詞,零售,小売業者 / 小売価格 / 小売店,4,真题,否,小売りは生産者との信頼関係を築き、そ / 参加企業: 金融・小売業・情報・通信・貿易商社など20社,①零售（小売業が増えている。｜零售业在增加）,边缘词
あらかじめ,あらかじめ,副詞,事先,あらかじめ準備する / あらかじめ知っておく / あらかじめ確認する,4,真题,否,あらかじめ失敗を想定 (注4)しているからこそ、 適切な処理も / あそこまで走りなさい、というルールがあらかじめ設定されているからだ。,①事先（あらかじめ準備しておく。｜事先准备）,边缘词
スーツ,すーつ,名詞,西装,スーツを着る / スーツのサイズ / スーツを選ぶ,4,真题,否,日本人の夏用ビジネススーツについて / スーツを必ず着て行かなければならない。,①西装（スーツを着て行く。｜穿西装去）,边缘词
近年,きんねん,名詞,近年来,近年の傾向 / 近年の研究 / 近年の出来事,4,真题,否,日本では、これまでは 「鉄」 / といえば男性だと思われていたが、近年は女性,①近年来（近年、技術が進歩した。｜近年来技术进步）,边缘词
アクセル,あくせる,名詞,油门,アクセルを踏む / アクセルを上げる / アクセルを調整する,4,真题,否,車の安全にとって重要なのはアクセルではなく、ブレーキな / (注1)アクセルをふかす : アクセルを強く踏んでエンジンを速く回転させる,①油门（アクセルを踏む。｜踩油门）,边缘词
落とす,おとす,動詞,掉落,落とすもの / 落とす音 / 落とすことがある,4,真题,否,落としちゃったんじゃない / 止まったり、スピードを落としたりすることで事故は防げる。,①掉落（ペンを落とした。｜掉了笔）②失去（信頼を落とす。｜失去信任）,边缘词
役立てる,やくだてる,動詞,利用,役立てる知識 / 役立てる方法 / 役立てる技術,4,真题,否,この能力は、小金を稼ぐためにのみ役立てるべきではありません。 / . 自分が撮った写真から得た発見を、次の撮影に役立てていける人。,①利用（知識を役立てる。｜利用知识）,边缘词
美,び,名詞,美丽,美を追求する / 美を感じる / 美を表現する,4,真题,否,理屈を超えたところに本当の美がある。 / 安井市では、毎年美安川の水質調査を行っております。,①美丽（彼女は美しい。｜她很美）②美好（美しい景色。｜美丽的风景）,边缘词
後者,こうしゃ,名詞,后者,後者の意見 / 後者の選択 / 後者の理由,4,真题,否,消費者は後者のこだわりを捨てつつある。 / しかも後者には、作った人たちのいろいろな悩みも見える。,①后者（後者が正しい。｜后者是对的）②后面（後者の選択。｜后面的选择）,边缘词
強烈,きょうれつ,形状詞,强烈,強烈な印象 / 強烈な光 / 強烈な風,4,真题,否,(注1)強烈 (きょうれつ) なノルマ : 厳しい条件で課される仕事 / 私はどちらかと言えば根が楽天的だが、昔は営業の (注1) 強烈なノルマに苦しんだこともある。,①强烈（強烈な印象。｜强烈的印象）②猛烈（強烈な風。｜猛烈的风）,边缘词
ノルマ,のるま,名詞,定额,ノルマを達成する / ノルマの設定 / ノルマを超える,4,真题,否,(注1)強烈 (きょうれつ) なノルマ : 厳しい条件で課される仕事 / 絶好調の時間帯に2倍の (注7) ノルマを課し、 それ以外は軽く流す。,①定额（ノルマを達成する。｜达成定额）②任务（ノルマが厳しい。｜任务很严格）,边缘词
入門,にゅうもん,名詞,入门,入門書 / 入門講座 / 入門の手引き,4,真题,否,文章の心理学入門』による) / -マネジメント入門』 による),①入门（入門講座に参加する。｜参加入门课程）②初学（入門書を読む。｜读入门书）,边缘词
がっかり,がっかり,副詞,失望,がっかりする結果 / がっかりすること / がっかりした気持ち,4,真题,否,がっかりしたとあるが、 なぜか。 / (注3)しょげかえる : ひどくがっかりする,①失望（がっかりした。｜感到失望）②沮丧（結果にがっかり。｜对结果感到沮丧）,边缘词
精,せい,名詞,精细,精を出す / 精を磨く / 精を尽くす,4,真题,否,仕事も精一杯頑張ればそれだけ充実感を得ることができる。 / 勉強とアルバイトで精いっぱいだから、 何かを習う余裕もない。,①精细（精密な作業。｜精密的工作）②精神（精を出す。｜努力精神）,边缘词
トレーニング,とれーにんぐ,名詞,训练,トレーニングをする / トレーニングに参加する / トレーニングを受ける,4,真题,否,が良くないということになる。 / (正木健雄 【新・いきいき体調─トレーニング】 による),①训练（トレーニングをする。｜进行训练）②锻炼（体力トレーニング。｜体力锻炼）,边缘词
糸口,いとぐち,名詞,线索,糸口を見つける / 糸口がある / 糸口を探る,4,真题,否,がコツなのだ。 / 緒に楽しみながら」,①线索（糸口を探す。｜寻找线索）②开端（糸口が見つかる。｜找到开端）,边缘词
つなぐ,つなぐ,動詞,连接,つなぐことができる / つなぐために / つなぐ役割,4,真题,否,(注1)神経回路 (かいろ): ここでは、 神経をつなぐ仕組み / われわれの命をつなぎ、命を守るものを、 安値競争に巻き込んでしまっていいものだろうか。,①连接（手をつなぐ。｜牵手）②联系（心をつなぐ。｜联系心灵）,边缘词
乗り物,のりもの,名詞,交通工具,乗り物に乗る / 乗り物を使う / 乗り物が多い,4,真题,否,距離に関係なく、市内の乗り物が無料になる。 / ところが、最近の中小学生は、 乗り物の窓の外を眺めようとはせず、バスの中ではマイクをにぎって,①交通工具（例：バスは乗り物です｜公交车是交通工具）②乘坐的东西（例：乗り物に乗る｜乘坐交通工具）,边缘词
二十,にじゅう,名詞,二十,二十歳になる / 二十代の人 / 二十年,4,真题,否,が幸福だと思っている。 / 一日二十四時間を、自分や家族のために大切に使う。,①数字20（例：二十歳です｜我二十岁）,边缘词
まれ,まれ,形状詞,稀少,まれに見る / まれな機会 / まれな存在,4,真题,否,今回の件は、まれな例です。 / 適性が十分あるとかいうケースのほうが稀でしょう。,①稀少（例：まれな出来事｜稀少的事件）②罕见（例：まれに見る｜罕见的事情）,边缘词
理系,りけい,名詞,理科,理系の学生 / 理系の分野 / 理系の知識,4,真题,否,しかし自分でも、理由があって理系の道を選んだ / たとえば、理系の道を選んで思ったような成果を上,①理科领域（例：理系の学生｜理科学生）②科学专业（例：理系の学部｜科学专业）,边缘词
注げる,そそげる,動詞,倾注,注げる力 / 注げる時間 / 注げる情熱,4,真题,否,ジュースを注ぎすぎて、 コツプから漏れてしまった / になり、人材の育成に多大の努力を注ぐとともに、いかに公正な評価のシステムを組み込むのかという,①倾注（例：愛を注げる｜倾注爱）②倒入（例：水を注げる｜倒入水）,边缘词
映す,うつす,動詞,映射,映すことができる / 映すために / 映す映像,4,真题,否,(石黒浩『ロボットとは何か一人の心をを映す鏡』による) / 手紙というものは、人間の心を映す鏡(かがみ)のような存在でもある。,①映射（例：映像を映す｜映射影像）②反映（例：心を映す｜反映心灵）,边缘词
なるべく,なるべく,副詞,尽可能,なるべく早く / なるべく多く / なるべく簡単に,4,真题,否,岩田さんはこの事典をなるべく安く手に入れたい。 / 冷めるとおいしくないので、なるべく温暖なうちに召し上がってください。,①尽可能（例：なるべく早く｜尽可能快）②尽量（例：なるべく行く｜尽量去）,边缘词
うるさい,うるさい,形容詞,吵闹,うるさい音 / うるさい場所 / うるさい人,4,真题,否,話し声がうるさかったから / 店員がうるさく話かけないから,①吵闹（例：うるさい音｜吵闹的声音）②烦人（例：うるさい人｜烦人的人）,边缘词
質素,しっそ,名詞,简朴,質素な生活 / 質素な食事 / 質素な服装,4,真题,否,この文章は質素で、とてもわかりやすい / もう少し値段の質素なツアーはありませんか,①简朴（例：質素な生活｜简朴的生活）②朴素（例：質素な服装｜朴素的服装）,边缘词
チケット,ちけっと,名詞,票,チケットを買う / チケットを取る / チケットが必要,4,真题,否,も販売いたします。 / ぞれ1回ご入場できるチケットです。,①票（例：映画のチケット｜电影票）②车票（例：電車のチケット｜火车票）,边缘词
建て替える,たてかえる,動詞,重建,建て替えることができる / 建て替える予定 / 建て替える理由,4,真题,否,のに適した家へと建て替えるのです。 / 建て替えて、 家は広くなったが、庭が縮んでしまった。,①重建（古い家を建て替える｜重建旧房子）②改建（ビルを建て替える｜改建大楼）,边缘词
冷水,れいすい,名詞,冷水,冷水を飲む / 冷水で洗う / 冷水が好き,4,真题,否,冷水をかける思想だった。 / 冷水で顔を洗う方法は、(注1)頭をさえさせるのにいいばかりではない。,①冷水（冷たい水｜冷水）②冷却水（冷水を使う｜使用冷水）,边缘词
洗う,あらう,動詞,洗,洗うことができる / 洗うために / 洗う手段,4,真题,否,洗濯機でセーターを洗ったら、縮んで着られなくなった。 / 冷水で顔を洗う方法は、(注1)頭をさえさせるのにいいばかりではない。,①洗涤（手を洗う｜洗手）②冲洗（皿を洗う｜洗盘子）,边缘词
時刻,じこく,名詞,时刻,時刻が変わる / 時刻を確認する / 時刻が迫る,4,真题,否,毎日決まった時刻に温度変化を刺激 / 停留所でバスの日課を見ると、 次の発車時刻は0分後だった,①时间（時刻を確認する｜确认时间）②时分（正確な時刻｜准确的时间）,边缘词
反射,はんしゃ,名詞,反射,反射がある / 反射を利用する / 反射を観察する,4,真题,否,体力も反射神経 (注4)も、もう若い人にはかなわない(注5)。 / (注3)条件反射 : ある条件を与えられるといつも同じ反応をすること,①反射（光の反射｜光的反射）②反映（反射する影｜反射的影子）,边缘词
つくりあげる,つくりあげる,動詞,创造,つくりあげることができる / つくりあげる過程 / つくりあげる作品,4,真题,否,としてあたえ、 それにうまく適応する (注3) 条件反射をつくりあげるのである。 / 未熟な (注1) 人たちを育てることは、強い組織を創りあげる鉄則 (注2) である。,①创造（作品をつくりあげる｜创造作品）②建造（街をつくりあげる｜建设城市）,边缘词
低下,ていか,名詞,下降,低下する可能性 / 低下を防ぐ / 低下が見られる,4,真题,否,るサービスの低下につながるといえる。 / (注2) 劣化する: 品質が低下する,①下降（成績が低下する｜成绩下降）②减弱（体力が低下する｜体力减弱）,边缘词
厚い,あつい,形容詞,厚,厚い本 / 厚い壁 / 厚いコート,4,真题,否,厚い方の紙で150部いんさつする / 厚い方の紙で200部いんさつする,①厚重（本が厚い｜书很厚）②深厚（厚い友情｜深厚的友情）,边缘词
件,けん,名詞,件,件について話す / 件がある / 件を確認する,4,真题,否,今回の件は、まれな例です。 / の件でございますが、 100台のうち,①事项（件名を確認する｜确认事项）②事情（この件について｜关于这件事）,边缘词
ただいま,ただいま,名詞,现在,ただいまの状況 / ただいまの時間 / ただいまの気持ち,4,真题,否,中西さんはただいま外出しておりますが。 / ただいまできるだけ早い発送を目指しております,①现在（ただいま帰りました｜我现在回来了）②此刻（ただいま準備中｜此刻正在准备）,边缘词
預かる,あずかる,動詞,保管,預かることができる / 預かる物 / 預かる責任,4,真题,否,は、 ご連絡があるまでお預かります。 / なお、本日届きました 「日本語の友 初級」,①保管（荷物を預かります｜保管行李）②照顾（子供を預かる｜照顾孩子）,边缘词
赤ちゃん,あかちゃん,名詞,婴儿,赤ちゃんが泣く / 赤ちゃんを抱く / 赤ちゃんがいる,4,真题,否,による) / (増井光子「動物の赤ちゃんは、なぜ可愛い」,①婴儿（赤ちゃんが泣いている｜婴儿在哭）,边缘词
好奇,こうき,名詞,好奇,好奇心が強い / 好奇を持つ / 好奇を感じる,4,真题,否,(注2)好奇心 : 新しいに対する興味 / (波多野誼余夫・稲垣佳世子『知的好奇心』による),①好奇心（子供は好奇心が強い｜孩子好奇心强）,边缘词
制,せい,接尾辞,限制,制がある / 制を設ける / 制を受ける,4,真题,否,(注2) 順位制: 上下関係にもとづいてできた順序の決まり / 順位制を感じることができるようになったイヌは、 道でほかのイヌにすれ違い近づいたときには挨,①控制（制限を設ける｜设定限制）②制度（制度を改革する｜改革制度）,边缘词
ほえる,ほえる,動詞,吠叫,ほえる犬 / ほえる声 / ほえる理由,4,真题,否,(注3) 威嚇する: ここでは、ほえて相手を怖がるせる / この文章によると、 どんなイヌがどんなイヌにほえて、怖がらせるか。,①吠叫（犬がほえる｜狗在吠叫）,边缘词
滑らか,なめらか,形状詞,光滑,滑らかな表面 / 滑らかに動く / 滑らかさを保つ,4,真题,否,(注5)円滑に:スムーズに、滑らかに / そのほかにも、 鳥の体は表面の羽がなめらかで、 空気,①光滑（滑らかな表面｜光滑的表面）②流畅（滑らかな話し方｜流畅的说话）,边缘词
やり取り,やりとり,名詞,交流,やり取りをする / やり取りがある / やり取りを楽しむ,4,真题,否,読み手とのやり取りがないから / 会話のように双方向的なやりとりであるなら、 自分が言おうとするこ,①交流（メールのやり取り｜邮件交流）②交易（物のやり取り｜物品交易）,边缘词
見知る,みしる,動詞,认识,見知る人 / 見知る機会 / 見知ることができる,4,真题,否,(注6)見知らぬ : 見たことがない / 見知らぬ街の市場で珍しいものを見つけるため,①认识（彼を見知っています｜我认识他）,边缘词
限,かぎり,接尾辞,限制,限がある / 限を設ける / 限を超える,4,真题,否,何とか損害を最小限に抑えることができた。 / るかどうかは、 スピードとか記録とかの前にベース (注5) となる最低限の保証だ。,①限制（限界を超える｜超出限制）②范围（限られた時間｜有限的时间）,边缘词
知的,ちてき,形状詞,智力,知的な活動 / 知的な好奇心 / 知的な能力,4,真题,否,(波多野誼余夫・稲垣佳世子『知的好奇心』による) / それが知的な(注2) 虚栄心というもので、これがなくなったら精神的な『老人』,①智力（知的な活動｜智力活动）②聪明（知的な人｜聪明的人）,边缘词
涼しい,すずしい,形容詞,凉爽,涼しい風 / 涼しい日 / 涼しい場所,4,真题,否,明日は今日よりやや涼しくなると思います。 / 朝は涼しかったが、昼になってこつこつと気温が上がり始めた。,①凉爽（今日は涼しいです｜今天很凉爽）②清凉（風が涼しい｜风很凉）,边缘词
貸し出す,かしだす,動詞,借出,貸し出すことができる / 貸し出す本 / 貸し出す条件,4,真题,否,ツアーは係員が日本語でご案内しますが、各国語版の声ガイドを無料して貸し出します。 / 本が複数冊あれば、 同時に多くの利用者に貸し出せて、 予約待ちの期間も短くできる。,①借出（本を貸し出す｜借出书籍）②出租（車を貸し出す｜出租汽车）,边缘词
添える,そえる,動詞,附加,添える言葉 / 添える資料 / 添える説明,4,真题,否,休暇の理由を証明する診断書などを添えて申請する。 / 学校の行事等の通知文書のコピーを添えて申請する。,①附加（手紙に写真を添える｜在信中附加照片）②添加（料理に香辛料を添える｜在菜里添加香料）,边缘词
妹,いもうと,名詞,妹妹,妹がいる / 妹と遊ぶ / 妹に会う,4,真题,否,妹「お姉ちゃん、 パソコン貸して。 / 出発間際に、妹から電話がかかってきた。,①妹妹（私の妹です｜这是我的妹妹）,边缘词
交代,こうたい,名詞,交替,交代で働く / 交代が必要 / 交代すること,4,真题,否,少し疲れたので、友達に運転を交代してもらった。 / 時計の電池が切れてしまったので、新しいのに交代した。,①交替（運転を交代する｜交替驾驶）②替换（仕事を交代する｜替换工作）,边缘词
用事,ようじ,名詞,事务,用事がある / 用事を済ませる / 用事を伝える,4,真题,否,B「用事が何時に終わるかわからないんだよ。 / 用事ができて、 待ち合わせの時間を1時から3時に交代してもらった。,①事情（用事があります｜有事情）②事务（今日は用事が多い｜今天事情很多）,边缘词
パスタ,ぱすた,名詞,意大利面,パスタを作る / パスタが好き / パスタを食べる,4,真题,否,「大人のパスタ」 / といった表現をよく,①意大利面（パスタが好きです｜我喜欢意大利面）,边缘词
単語,たんご,名詞,单词,単語を覚える / 単語を使う / 単語が多い,4,真题,否,単語や文法を覚えさせておけば外国語もできるようになること / 生徒「これからご紹介するのは、 私が新しい単語を覚える ★,①词汇（新しい単語を覚える｜记住新单词）②单词（単語を調べる｜查单词）,边缘词
遠慮,えんりょ,名詞,顾虑,遠慮がある / 遠慮をする / 遠慮を感じる,4,真题,否,遠慮しないでいつでも快く遊びに来てください。 / お電話でのお問い合わせはご遠慮お願いします。,①顾虑（遠慮しないでください｜请不要顾虑）②客气（遠慮は無用です｜不需要客气）,边缘词
セール,せーる,名詞,促销,セールがある / セールを利用する / セールで買う,4,真题,否,現在、数量限定半額セールを実施中。 / バーゲンセールで買ったが一度も着なかった服,①打折（セール中です｜正在打折）②促销（セールが開催される｜举行促销）,边缘词
ヒント,ひんと,名詞,提示,ヒントを与える / ヒントを探す / ヒントが必要,4,真题,否,(注1)手がかり:ヒント / (中村明『日本語の美一書くヒント』 による),①提示，线索（例：ヒントを教えて｜请给我提示）②暗示，启示（例：ヒントが必要です｜需要暗示）,边缘词
根本,こんぽん,名詞,根本,根本的な問題 / 根本を理解する / 根本的な解決,4,真题,否,こんなふうに、 学ぶ姿勢は現実の生活において、 私たちの根本的な評価に関わってきます。 / でも、根本的なことを言ってしまえば、この世に生まれた人間は一人残らず全員、 それぞれの個性を,①根本，基础（例：根本的な問題｜根本问题）②根源，起因（例：根本を探る｜寻找根源）,边缘词
公正,こうせい,名詞,公正,公正を保つ / 公正な判断 / 公正に扱う,4,真题,否,競争のない社会、 公正な評価が通らない組織は、長い目で見れ / 競争のない社会、公正な評価が通らない組織は、長い目で見れば必,①公平，公正（例：公正な判断｜公正的判断）②正义，正当（例：公正を守る｜维护正义）,边缘词
通る,とおる,動詞,通过,通る道 / 通ることができる / 通る時間,4,真题,否,鍋ふたでふさぐと、 中の肉に熱が通りやすくなります。 / 競争のない社会、 公正な評価が通らない組織は、長い目で見れ,①通过，经过（例：道が通る｜道路通行）②合格，顺利（例：試験に通る｜考试合格）,边缘词
喧嘩,けんか,名詞,争吵,喧嘩をする / 喧嘩が起こる / 喧嘩をやめる,4,真题,否,その頃は喧嘩ばっかりしていたからである。 / . 兄とのけんかの初歩は、 くだらないことだった。,①打架，争吵（例：喧嘩をする｜打架）②争执，冲突（例：喧嘩が起きる｜发生争执）,边缘词
柔らかい,やわらかい,形容詞,柔软,柔らかい素材 / 柔らかい声 / 柔らかい手触り,4,真题,否,顔が非常に柔らかいということです。 / 特に口が柔らかいというのが人間の顔の特徴です。,①柔软，软（例：柔らかい布｜柔软的布）②温和，温柔（例：柔らかい声｜温柔的声音）,边缘词
哺乳,ほにゅう,名詞,哺乳,哺乳が必要 / 哺乳をする / 哺乳の時期,4,真题,否,(注1)哺乳類:子を乳で育てる動物 / 人間以外の哺乳類の口について述べているのはどれか。,①哺乳，喂奶（例：哺乳する赤ちゃん｜哺乳的婴儿）②哺乳动物（例：哺乳類の動物｜哺乳动物）,边缘词
歩行,ほこう,名詞,步行,歩行ができる / 歩行すること / 歩行の速度,4,真题,否,直立歩行で手や足を使って相手を攻撃することができるようになったから / ところが、人間では、直立歩行をするようになって、口の役割が変わりました。,①步行，走路（例：歩行する｜步行）②行走，步态（例：歩行が楽しい｜走路很愉快）,边缘词
要件,ようけん,名詞,要件,要件を満たす / 要件を確認する / 要件がある,4,真题,否,にとっての「いい一日」 / というものの構成要件 (注) がわかってくる。,①条件，要求（例：要件を満たす｜满足条件）②必要事项（例：要件を確認する｜确认必要事项）,边缘词
未満,みまん,名詞,不足,未満の年齢 / 未満の人数 / 未満の状態,4,真题,否,子供が3歳未満なら有給、3歳以上なら無給で休暇を取れる。 / 未満となった場合は、 お届け先ごとに送料 350円が必要になります。,①不足，不满（例：未満の人数｜人数不足）②低于，少于（例：未満の年齢｜年龄低于）,边缘词
確信,かくしん,名詞,确信,確信を持つ / 確信がある / 確信を得る,4,真题,否,知識が増えることで、 自分の考えに確信が持てなくなる時期 / (注4) たしかな手応えのある: ここでは、確信の持てる,①确信（自分の考えに確信を持っている｜对自己想法有信心）②信心（彼は成功を確信している｜他对成功有信心）,边缘词
主,ぬし,名詞,主,主がいる / 主に従う / 主を尊重する,4,真题,否,したがって、飼(か)い主は常に犬より上位であることを犬に意識させて飼うことが必要で、 / そこで意識されるのが、聞き手の理解の枠組み (注5)、 つまり聞き手がものごとを理解するのに主と,①主人（家の主がいる｜家里有主人）②主要（主な目的は何か｜主要目的是什么）,边缘词
切り捨てる,きりすてる,動詞,舍弃,切り捨てることができる / 切り捨てる理由 / 切り捨てる選択,4,真题,否,や 「ひと」 / 悩みに取り組まずに切り捨ててしま,①舍弃（無駄を切り捨てる｜舍弃浪费）②剔除（不要な部分を切り捨てる｜剔除不必要的部分）,边缘词
洗練,せんれん,名詞,洗练,洗練されたデザイン / 洗練を求める / 洗練された技術,4,真题,否,ま歴史の中で洗練された結果、一見シンプルに見えているだけなのだ。 / 日本文化と同様に、切り捨てではなく洗練によってシンプルに見えるものは、ヨーロッパのブランド,①精致（洗練されたデザイン｜精致的设计）②优雅（彼女は洗練された人だ｜她是个优雅的人）,边缘词
対立,たいりつ,名詞,对立,対立がある / 対立を解消する / 対立する意見,4,真题,否,(注)葛藤:ここでは、対立 / (注3)相反する:互いに対立する,①对立（意見が対立している｜意见对立）②冲突（対立が激化した｜冲突加剧）,边缘词
オフィス,おふぃす,名詞,办公室,オフィスで働く / オフィスに行く / オフィスがある,4,真题,否,日本のオフィスでの節電対策について / 京都楽遊パスオフィスへ行けば無料でもらえる。,①办公室（オフィスで働いている｜在办公室工作）②公司（彼はオフィスにいる｜他在公司）,边缘词
手伝う,てつだう,動詞,帮助,手伝いをする / 手伝いに行く / 手伝いが必要,4,真题,否,手伝ってくれる人をさがす / しりょうのじゅんびを手伝う,①帮助（友達を手伝う｜帮助朋友）②协助（仕事を手伝う｜协助工作）,边缘词
島,しま,名詞,岛,島に住む / 島を訪れる / 島が美しい,4,真题,否,夏になると、この島には多くの観光客がおとずれる。 / 船に乗って1時間たつと、遠くに島がかすかに見えてきた。,①岛屿（美しい島に行く｜去美丽的岛）②地区（その島は観光地だ｜那个岛是旅游地）,边缘词
びっくり,びっくり,名詞,惊讶,びっくりする / びっくりがある / びっくりした顔,4,真题,否,道具がごろごろ出てきて、あらためてものの多さにびっくりした。 / 餌をあげたとたん、 その犬がすごいいきおいで食べ始めたのでびっくりした。,①惊讶（びっくりした顔をしている｜露出惊讶的表情）②意外（びっくりするニュース｜意外的消息）,边缘词
心強い,こころづよい,形容詞,安心,心強い味方 / 心強い言葉 / 心強いサポート,4,真题,否,姉は心強くて、どんなにつらいことがあっても涙を見せない。 / アメリカに10年住んでいたので、英語はわりと心強いです。,①安心（彼がいると心強い｜有他在心里安心）②鼓舞（心強い言葉をもらった｜得到了鼓舞的话）,边缘词
英語,えいご,名詞,英语,英語を勉強する / 英語が得意 / 英語で話す,4,真题,否,. 会社案内パンフレットの言語 (日本語か英語か) / アメリカに10年住んでいたので、英語はわりと心強いです。,①英语（例：英語を勉強しています｜我在学英语）,边缘词
ふさぐ,ふさぐ,動詞,堵塞,道がふさがる / ふさぐ原因 / ふさぐことがある,4,真题,否,種をまいたら、土でふさいで水をやってください。 / 紙袋に穴があいていたので、セロテープでふさいだ。,①堵塞（例：道がふさがっている｜路被堵了）②遮挡（例：光をふさぐ｜遮挡光线）,边缘词
トラブル,とらぶる,名詞,麻烦,トラブルが起きる / トラブルを解決する / トラブルに巻き込まれる,4,真题,否,(注2)トラブルに巻き込まれる:トラブルに遭(あ)う / トラブルが発生したときでも、 森さんは慌てずに冷静に対応していた。,①麻烦（例：トラブルが発生した｜发生了麻烦）②问题（例：トラブルを解決する｜解决问题）,边缘词
すっかり,すっかり,副詞,完全,すっかり忘れる / すっかり変わる / すっかり終わる,4,真题,否,公園に続く並木道はすっかり落ち葉で覆われていた。 / 台風で波が高かった海も、今日はすっかり冷静になった。,①完全（例：すっかり忘れた｜完全忘记了）②彻底（例：すっかり変わった｜彻底改变了）,边缘词
通勤,つうきん,名詞,通勤,通勤が大変 / 通勤時間 / 通勤する,4,真题,否,人は通勤に多くの時間を使っている。 / 時間も通勤に使っている計算になる。,①上下班（例：通勤が大変です｜上下班很辛苦）,边缘词
ラーメン,らーめん,名詞,拉面,ラーメンを食べる / ラーメンが好き / ラーメン屋,4,真题,否,駅前に新しくできたラーメン屋はいつも込んでいる。 / いつ行っても長い行列ができているラーメン屋なのに,①拉面（例：ラーメンが好きです｜我喜欢拉面）,边缘词
放題,ほうだい,名詞,随意,食べ放題 / 飲み放題 / 使い放題,4,真题,否,お好みの料理を食べ放題でお楽しみください。 / 旗にはそれぞれ、「お弁当」、 「食べ放題」、「本,①随便吃（例：食べ放題の店｜自助餐的店）②无限量（例：飲み放題のプラン｜无限量饮品的计划）,边缘词
いかが,いかが,形状詞,如何,いかがですか / いかがなものか / いかがでしょう,4,真题,否,お聞きになったらいかがですか / 今のお気持ちはいかがですか。,①怎么样（例：いかがですか？｜怎么样？）②如何（例：いかがなものか｜如何呢？）,边缘词
集合,しゅうごう,名詞,集合,集合時間 / 集合場所 / 集合する,4,真题,否,. コーチに集合時間を伝える / 集合場所:安井市市民センター前,①集合（例：集合時間は9時です｜集合时间是9点）②聚集（例：人が集合する｜人们聚集）,边缘词
開設,かいせつ,名詞,开设,開設する / 開設された / 開設の準備,4,真题,否,である。 / バーベキュー会場開設のお知らせ,①开设（例：新しい店を開設する｜开设新店）,边缘词
半年,はんとし,名詞,半年,半年後 / 半年で / 半年かかる,4,真题,否,囲碁・将棋クラブに入って半年。 / 私は今、生まれて半年の赤ちゃんを栽培しています,①半年（例：半年が経った｜半年过去了）,边缘词
いっそう,いっそう,副詞,更加,いっそう良くなる / いっそう大きい / いっそう難しい,4,真题,否,[24]機能を一層強化したい。 / 資料室のいっそうの利用を求める。,①更加（例：いっそう良くなった｜变得更加好）②更加（例：いっそう難しい｜变得更加难）,边缘词
イチゴ,いちご,名詞,草莓,イチゴが好き / イチゴを食べる / イチゴの季節,4,真题,否,本来、異なる種類の光源(たとえば太陽光と蛍光灯)のもとでは、同じイチゴでも異なる色の見え方 / も、その変化した照明のもとで見るイチゴの色を、すでに知っているイチゴの色に近づけて(注)知覚,①草莓（例：イチゴが好き｜我喜欢草莓）,边缘词
司会,しかい,名詞,主持,司会をする / 司会者 / 司会が上手,4,真题,否,司会 「森もりさん、第五回X文学賞受賞おめでとうございます。 / 司会者「お二人は、子供が外で遊ばなくなったのはなぜだと思いますか。,①主持（例：司会をする｜主持活动）,边缘词
平ら,たいら,形状詞,平坦,平らな場所 / 平らにする / 平らな面,4,真题,否,溶かしたガラスを手作業で平らにしたため、表面に輝きが / この方法によって、表面に輝きがあり、 平らで(注2)ゆがみのない板ガラスを連続的に低コストで作,①平坦（例：平らな場所｜平坦的地方）②平稳（例：平らな声｜平稳的声音）,边缘词
溶かす,とかす,動詞,溶解,溶かすことができる / 溶かすために / 溶かす材料,4,真题,否,溶かしたガラスを手作業で平らにしたため、表面に輝きが / ガラス棒を熱して溶かし、ガラス玉のペンダントを作ります。,①溶解（例：砂糖を溶かす｜溶解糖）②融化（例：氷を溶かす｜融化冰）,边缘词
引っ越す,ひっこす,動詞,搬家,引っ越す予定 / 引っ越すことにする / 引っ越しが大変,4,真题,否,数年前、家を引っ越した。 / ひっこし会社に問い合わせる,①搬家（例：引っ越す予定｜计划搬家）,边缘词
いざ,いざ,感動詞,一旦,いざという時 / いざ出発 / いざ行こう,4,真题,否,年住み慣れた小さな家だったが、いざ引っ越しとなると、 使っていな / 年住み慣れた小さな家だったが、いざ引っ越しとなると、 使っていない,①一旦（例：いざという時｜一旦到了关键时刻）②准备好（例：いざ出発｜准备好出发）,边缘词
多量,たりょう,名詞,大量,多量の水 / 多量に食べる / 多量のデータ,4,真题,否,道具にしろ、 本にしろずいぶん多量 / 大掃除や引越し等で多量のごみを出す場,①大量（例：多量の水｜大量的水）②许多（例：多量の人｜许多人）,边缘词
預かりもの,あずかりもの,名詞,寄存物,預かりものを返す / 預かりものがある / 預かりものを受け取る,4,真题,否,と言った人がいる。 / 「預かりものの思想」,①寄存物（例：預かりものを返す｜归还寄存物）,边缘词
物欲,ぶつよく,名詞,物欲,物欲が強い / 物欲を抑える / 物欲が満たされる,4,真题,否,「預かりものの思想」 / は、 そういう (注3) 物欲にかられる私たちに,①对物质的渴望（例：物欲が強い｜物欲很强）②对物品的追求（例：物欲に負ける｜被物欲所困）,边缘词
非,ひ,接頭辞,非,非常に重要 / 非常識な行動 / 非公開の情報,4,真题,否,非日常的な環境に放り出されます。 / そんなやり方は、非効率 (注5)極まりない。,①否定的意思（例：非を認める｜承认错误）②不正常的状态（例：非日常的体験｜非日常的体验）,边缘词
ギャップ,ぎゃっぷ,名詞,差距,ギャップがある / ギャップを埋める / ギャップを感じる,4,真题,否,「犬がしたいこと」 / と 「飼い主がさせたいこと」,①差距（例：世代ギャップ｜代际差距）②落差（例：ギャップを感じる｜感到落差）,边缘词
収納,しゅうのう,名詞,储存,収納が多い / 収納する / 収納スペース,4,真题,否,食品は隙間を空けて収納してく / ラップをかけるなどして収納し,①收纳（例：収納が大事｜收纳很重要）②储存（例：収納スペース｜储存空间）,边缘词
位置,いち,名詞,位置,位置を確認する / 位置が変わる / 位置を決める,4,真题,否,据え付けの位置をチェックして / (注1)カーナビ : 自分の車の位置を知らせながら道案内する装置,①位置（例：位置を確認する｜确认位置）②地位（例：社会的な位置｜社会地位）,边缘词
済ます,すます,動詞,完成,すますことができる / すますために / すます予定,4,真题,否,(注5)片づける:済ます / もうお勘定は済ましました。,①完成（例：仕事を済ます｜完成工作）②处理（例：手続きを済ます｜处理手续）,边缘词
助かる,たすかる,動詞,得救,助かることがある / 助かる方法 / 助かる友達,4,真题,否,おかげさまで助かりました / 急な仕事だったが、彼が快く引き受けてくれて助かった。,①得到帮助（例：助かります｜得到帮助）②感到轻松（例：助かる思い｜感到轻松）,边缘词
熱心,ねっしん,形状詞,热情,熱心に勉強する / 熱心なサポート / 熱心なファン,4,真题,否,私たちの学校には指導熱心な先生方が多いが、中でも、経験豊富な / 学生が質問すると、中村先生はいつも熱心に言い訳をしてくれる。,①热情（例：熱心に取り組む｜热情投入）②专注（例：熱心なファン｜专注的粉丝）,边缘词
パン,ぱん,名詞,面包,パンを焼く / パンが好き / パン屋,4,真题,否,[43] 昨日、初めてパンを作ってみた。 / このパンは販売数を 20 個に限定しているので、すぐに売り切れてしまう。,①面包（例：パンを食べる｜吃面包）②法式面包（例：フランスパン｜法式面包）,边缘词
まねる,まねる,動詞,模仿,まねることができる / まねるのが上手 / まねる行動,4,真题,否,という姿 / のは、アイデアを盗んだと,①模仿（例：まねるのが上手｜擅长模仿）②仿效（例：行動をまねる｜模仿行为）,边缘词
改良,かいりょう,名詞,改进,改良する / 改良された / 改良の余地,4,真题,否,前回の会議の記録を確認することと、11日10時までにシューズ改良案を出すこと / 会議で検討する事柄を確認することと、11日10時までにシューズ改良案を出すこと,①改进（新しい技術を改良する｜改进新技术）②改善（製品の品質を改良する｜改善产品质量）,边缘词
一括,いっかつ,名詞,一并,一括で支払う / 一括にまとめる / 一括管理,4,真题,否,一括払い価格27000円 (上下巻セット価格・税込) / 取引先にお送りする年始の挨拶状につきまして、 総務課から一括発送する相手先のリストを作成し,①一次性（データを一括処理する｜一次性处理数据）②合并（注文を一括で出す｜合并订单）,边缘词
ステーキ,すてーき,名詞,牛排,ステーキを食べる / ステーキが好き / ステーキ屋,4,真题,否,ああ、ステーキは限定メニューなんだね。 / うどんにはどんぶり、味噌汁には汁椀、ステーキには皿というように食べ物に合った器が必要,①牛排（ステーキを焼く｜烤牛排）,边缘词
あてる,あてる,動詞,对准,あてることができる / あてるために / あてる位置,4,真题,否,一機の経費にあてているのだ。 / [23]車にボールを当てて、 しかられた。,①碰上（目標にあてる｜瞄准目标）②猜测（答えをあてる｜猜测答案）,边缘词
把握,はあく,名詞,掌握,把握することが大切 / 把握が難しい / 把握している,4,真题,否,(注3)把握する : ここでは、つかむ / かりと見るようにして、 事業の全体像を正確に把握することです。,①掌握（状況を把握する｜掌握情况）②理解（内容を把握する｜理解内容）,边缘词
ベスト,べすと,名詞,最佳,ベストを尽くす / ベストな選択 / ベストな結果,4,真题,否,と内藤さん。 / 働きが良くなるよう習慣づけられればベスト」,①最佳（ベストな選択｜最佳选择）②最好（ベストな結果｜最好结果）,边缘词
しきたり,しきたり,名詞,习俗,しきたりを守る / しきたりがある / しきたりを学ぶ,4,真题,否,しかしその結果、 社会生活上の(注1) しきたりや習慣を教える機会を失った / しかしその結果、 社会生活上のしきたり (注1) や習慣を教える機会を失ったと悩む,①习俗（地域のしきたり｜地方习俗）②惯例（古いしきたり｜古老的惯例）,边缘词
輝く,かがやく,動詞,闪耀,輝く星 / 輝く未来 / 輝く笑顔,4,真题,否,であるからだ。 / は(注4)断然と輝き始めます。,①闪耀（星が輝く｜星星闪耀）②光辉（未来が輝く｜未来光辉）,边缘词
通用,つうよう,名詞,通用,通用する言葉 / 通用しない / 通用の範囲,4,真题,否,・20名以上の団体の場合、 団体割引が通用されます。 / 人生において、社会に通用する生き方を探すことが大切だ。,①通用（この言葉は通用する｜这个词是通用的。）②适用（この方法は通用する｜这个方法适用。）,边缘词
クレジット,くれじっと,名詞,信用,クレジットカード / クレジットが必要 / クレジットを使う,4,真题,否,クレジットカード / 現金振り込み (手数料無料),①信用（クレジットカード｜信用卡。）②学分（クレジットを取得する｜获得学分。）,边缘词
払い,はらい,名詞,支付,払いが遅れる / 払いを済ませる / 払い方法,4,真题,否,分割払いの支払い回数を自由に決めることができる。 / 1月15日までにホームページで予約し、1月20日までに分割払いの初回分を振り込む。,①支付（例：お金を払い｜支付钱。）②清算（例：料金を払い｜清算费用。）,边缘词
補足,ほそく,名詞,补充,補足説明 / 補足が必要 / 補足する,4,真题,否,新入社員の仕事を補足するのが私の役割です。 / スープの味が薄かったので、塩を補足しました。,①补充说明（例：補足説明をする｜做补充说明。）②附加内容（例：補足資料を渡す｜提供补充资料。）,边缘词
かすか,かすか,形状詞,微弱,かすかに聞こえる / かすかに感じる / かすかに光る,4,真题,否,財布の中にかすかなお金があったので、バスで帰った。 / 船に乗って1時間たつと、遠くに島がかすかに見えてきた。,①微弱（例：かすかな音｜微弱的声音。）②模糊（例：かすかな記憶｜模糊的记忆。）,边缘词
水分,すいぶん,名詞,水分,水分を補給する / 水分が多い / 水分が不足する,4,真题,否,日ごろから水分を多く取り、汗が出やすい状態にする。 / 30度を超える暑い日には、水分を十分とるように学校でも注意を催促している。,①水分含量（例：水分を補給｜补充水分。）②液体（例：水分が多い｜液体很多。）,边缘词
催促,さいそく,名詞,催促,催促する / 催促がある / 催促の電話,4,真题,否,家賃を払うのをすっかり忘れていたら、催促の電話がかかってきた。 / 異文化交流の催促のために、ボランティア団体が毎月イベントを聞いている。,①催促请求（例：返事を催促｜催促回复。）②催促行动（例：催促する｜进行催促。）,边缘词
燃える,もえる,動詞,燃烧,燃えるゴミ / 燃えるような情熱 / 燃える炎,4,真题,否,「燃えるごみ」 / を「リサイクル」,①燃烧（例：火が燃える｜火在燃烧。）②激动（例：情熱が燃える｜热情在燃烧。）,边缘词
突き詰める,つきつめる,動詞,追究,突き詰めることが大切 / 突き詰めるために / 突き詰めた結果,4,真题,否,(注) 突き詰めてここでは、徹底的に / もちろん、真面目に一本の道をつきつめる (注3)ことも大切だろう。,①深入探讨（例：問題を突き詰める｜深入探讨问题。）②追求真相（例：真実を突き詰める｜追求真相。）,边缘词
見出し,みだし,名詞,标题,見出しをつける / 見出しが目立つ / 見出しを読む,4,真题,否,太い大見出しというのは10文字以下です。 / しまう、それがニュースであり、 大見出しなのです。,①标题（例：見出しをつける｜加上标题。）②新闻标题（例：記事の見出し｜文章的标题。）,边缘词
国会,こっかい,名詞,国会,国会で議論する / 国会が開かれる / 国会の決定,4,真题,否,一日の国会でどれだけたくさんの論戦が戦わされていることでしょう。 / . 首相は昨日の国会での演説で、 経済対策を最優先するとの決意を述べた。,①国家议会（例：国会が開かれる｜国会召开。）②立法机构（例：国会で議論｜在国会讨论。）,边缘词
ニュース,にゅーす,名詞,新闻,ニュースを読む / ニュースが流れる / ニュースをチェックする,4,真题,否,しまう、それがニュースであり、 大見出しなのです。 / また、新聞を多用し、 時事的なニュースを使った法教育も効果があります。,①新闻报道（例：ニュースを見た｜看了新闻。）②时事信息（例：最新のニュース｜最新的新闻。）,边缘词
制作,せいさく,名詞,制作,制作する / 制作が進む / 制作チーム,4,真题,否,がどのように理解するかを考えて、制作を行う必要がある。 / もちろん、その作品を制作したアーティストの意図は存在する。,①制作，创作（映画を制作する｜制作电影。）②制作，制作过程（料理の制作｜料理的制作。）,边缘词
体温,たいおん,名詞,体温,体温を測る / 体温が高い / 体温を下げる,4,真题,否,という汗の役割を / 汗の中の塩分などが増えて体温調節がしにくくなる。,①体温，身体温度（体温を測る｜测量体温。）,边缘词
弱まる,よわまる,動詞,减弱,弱まることがある / 弱まる影響 / 弱まる気持ち,4,真题,否,つ一つの汗腺の働きが弱まるから。 / さ、性質、明瞭性などはしだいに弱まります。,①减弱，变弱（風が弱まる｜风减弱了。）②衰退，减退（力が弱まる｜力量减弱了。）,边缘词
割,わり,名詞,折扣,割引がある / 割引を受ける / 割引価格,4,真题,否,費用の割に目的も成果も不明瞭だ。 / 空を飛ぶ鳥は、体や翼の大きさのわりには、体がと,①分割，划分（ケーキを割る｜切蛋糕。）②折扣，优惠（割引がある｜有折扣。）,边缘词
途方,とほう,名詞,无助,途方に暮れる / 途方もない / 途方に暮れた,4,真题,否,「空想」 / (注4)途方もない: とんでもない,①方法，办法（途方に暮れる｜无计可施。）②无计可施（途方もない｜非常困难。）,边缘词
大好き,だいすき,形状詞,非常喜欢,大好きな食べ物 / 大好きな場所 / 大好きな人,4,真题,否,子どもの頃から 「想像」 / することが大好きだった。,①非常喜欢（彼が大好き｜我非常喜欢他。）②热爱，喜爱（音楽が大好き｜我热爱音乐。）,边缘词
とんでも,とんでも,副詞,不可思议,とんでもないことを / とんでもない話が / とんでもない結果が,4,真题,否,(注4)途方もない: とんでもない / る人生の時間が、とんでもなく長くなっています。,①不可思议，荒唐（とんでもない話｜不可思议的故事。）②意外，出乎意料（とんでもないこと｜出乎意料的事。）,边缘词
資格,しかく,名詞,资格,資格を取得する / 資格が必要だ / 資格を持っている,4,真题,否,持っていた資格を生かしたいから / 【応募資格】次の条件を両方とも満たす者,①资格，资质（資格を取得する｜获得资格。）②条件，要求（資格が必要｜需要资格。）,边缘词
女,おんな,名詞,女性,女が好きだ / 女に話しかける / 女がいる,4,真题,否,女の学生にレシートを渡す / 女の社員が商品を思いついたから,①女性，女孩（女の子｜女孩。）②妻子，女性伴侣（女房｜妻子。）,边缘词
器具,きぐ,名詞,器具,器具を使う / 器具が必要だ / 器具を整える,4,真题,否,.施設および調理器具使用料となります。 / お客様が調理器具を持ち込むことはできません。,①器具，工具（医療器具｜医疗器具。）②设备，器械（調理器具｜烹饪器具。）,边缘词
サラリーマン,さらりーまん,名詞,上班族,サラリーマンが働く / サラリーマンの生活 / サラリーマンとして,4,真题,否,を軽視するなら、そ / A「サラリーマンから農家,①上班族（彼はサラリーマンです｜他是上班族。）,边缘词
都会,とかい,名詞,城市,都会に住む / 都会で働く / 都会の風景,4,真题,否,という公害に / 都会で星は見られないのでしょうか。,①城市（都会に住んでいます｜住在城市里。）,边缘词
光害,こうがい,名詞,光污染,光害が問題だ / 光害を減らす / 光害を防ぐ,4,真题,否,という公害に / 夜、照明を使わなければ、光害はなくなります。,①光污染（光害が問題です｜光污染是个问题。）,边缘词
定める,さだめる,動詞,规定,定めることが大切だ / 定める基準 / 定めるルール,4,真题,否,[25] 条件を定める必要がある。 / すでに現在、環境省が定めた光害対策の方針の下、道を照らすなら上方向に光が,①规定（ルールを定める｜规定规则。）,边缘词
町づくり,まちづくり,名詞,城市建设,町づくりを進める / 町づくりに参加する / 町づくりの計画,4,真题,否,町づくり事業のホームページに対する市民の意見 / なお、町づくり事業の詳細は市役所ホームページでご覧になれます。,①城市建设（町づくりが進んでいる｜城市建设在进行。）,边缘词
中央,ちゅうおう,名詞,中央,中央に位置する / 中央の広場 / 中央の駅,4,真题,否,3月19日の午後に中央駅前店で受け取れるか / 度は中央公園の整備を行い、 皆様より高い評価をいただきました。,①中心（中央に位置しています｜位于中心。）,边缘词
取り巻く,とりまく,動詞,包围,取り巻く環境 / 取り巻く人々 / 取り巻く状況,4,真题,否,(注5) 自分を取り巻く 自分の周りの / 自分を取り巻いて(注5) 果てしなく広がる世界のどこをどう切り取るか、 それをどこまでよく見,①围绕（山が取り巻いている｜山环绕着。）,边缘词
極める,きわめる,動詞,精通,極める技術 / 極めることができる / 極めるために,4,真题,否,でもじつは自分の 「好き」 / を (注1) きわめるとかならず,①达到极限（技術を極める｜掌握技术。）,边缘词
大胆,だいたん,形状詞,大胆,大胆な行動 / 大胆に挑戦する / 大胆な発言,4,真题,否,(注1)大胆に : 思い切って / 細かい条件にこだわらないで (注1) 大胆に述べるな,①大胆（大胆な行動をする｜做大胆的行动。）,边缘词
違和,いわ,名詞,不和,違和を感じる / 違和がある / 違和を解消する,4,真题,否,また、日本では「個性」 / (注2)違和感 : いつもと違う感じ,①不协调（違和を感じる｜感到不协调。）,边缘词
ふるまう,ふるまう,動詞,举止,ふるまう態度 / ふるまうことが大切だ / ふるまう仕草,4,真题,否,関する本などを読んでみても、 「ありのまま」 / で(注1)ふるまうこと、生きることがどれほどすばら,①表现，举止（彼は礼儀正しくふるまった｜他表现得很有礼貌。）②待人接物（彼女は優しくふるまった｜她待人接物很温柔。）,边缘词
しぐさ,しぐさ,名詞,姿态,しぐさが可愛い / しぐさに注目する / しぐさを真似る,4,真题,否,手のしぐさ表れて写っている。 / な愛らしいしぐさで反応するものもある。,①动作，姿态（彼のしぐさが面白い｜他的动作很有趣。）②举动，行为（しぐさに気をつけて｜注意自己的行为。）,边缘词
到着,とうちゃく,名詞,到达,到着する時間 / 到着が遅れる / 到着を待つ,4,真题,否,返送は、商品到着後14日以内に行う。 / 目的地に到着するまでの移動の時間は、 どうも無駄な時間に感じられている。,①到达，抵达（駅に到着した｜到达车站。）,边缘词
たまたま,たまたま,副詞,偶然,たまたま出会う / たまたま見つける / たまたまの出来事,4,真题,否,そうなれば 「いい一日」 / 二人はたまたま会ったらしい。,①偶然，恰好（たまたま会った｜偶然遇见。）②临时，偶尔（たまたま休みだった｜恰好休息。）,边缘词
支持,しじ,名詞,支持,支持を得る / 支持が必要だ / 支持を表明する,4,真题,否,私は、息子がサッカーの試合に出るときは必ず会場へ支持しに行く。 / 田中市長は市民の安全を一番に考えるので、多くの支持を集めている。,①支持，支援（彼を支持する｜支持他。）②赞同，拥护（その意見を支持する｜支持这个意见。）,边缘词
日記,にっき,名詞,日记,日記を書く / 日記をつける / 日記を読む,4,真题,否,が「いい一日」 / どういう日が「いい一日」,①日记，记录（毎日の日記を書く｜每天写日记。）,边缘词
延期,えんき,名詞,推迟,延期することになった / 延期の理由 / 延期を決定する,4,真题,否,明日の同じ時間に延期される。 / 一週間後の同じ時間に延期される。,①推迟，延后（会議を延期する｜推迟会议。）,边缘词
航空,こうくう,名詞,航空,航空会社が運航する / 航空の便 / 航空の技術,4,真题,否,を聞いた。 / または 「やや利用したい」,①航空，飞行（航空会社に勤める｜在航空公司工作。）②空中运输（航空輸送が増えた｜航空运输增加了。）,边缘词
相場,そうば,名詞,市场,相場が変動する / 相場を読む / 相場に影響を与える,4,真题,否,(注1)相場: ここでは、 評価 / ろん、(注5)相場というものがあるので、それを参考にしているが、基本的には生産者に価格を決めて,①市场价格（相場が上がった｜市场价格上涨了。）②行情，走势（相場をチェックする｜查看行情。）,边缘词
ニッチ,にっち,名詞,细分市场,ニッチ市場を狙う / ニッチな商品 / ニッチなビジネス,4,真题,否,な人です。 / とよぶことが,①细分市场（ニッチ市場を狙う｜瞄准细分市场。）②小众领域（ニッチな商品｜小众商品。）,边缘词
仕方ない,しかたない,形容詞,没办法,仕方ないことだ / 仕方ない状況 / 仕方ない選択,4,真题,否,"[27]テストの前日になってじたばたしてもしかたない, / 「いくら夢を描いたところで、 実際には10億円も稼げないんだから仕方ない」",①没办法（仕方ないですね｜没办法。）②无可奈何（仕方ないことだ｜无可奈何的事。）,边缘词
作物,さくもつ,名詞,农作物,作物を育てる / 作物が豊作だ / 作物の収穫,4,真题,否,どのようにしてこの作物は作られているのか。 / また(注1)天候不順などに見舞われたら作物ができないこともある。,①农作物（作物が豊作だ｜农作物丰收。）②作物（作物を育てる｜种植作物。）,边缘词
作り手,つくりて,名詞,制造者,作り手の思い / 作り手が大切だ / 作り手の技術,4,真题,否,作り手の希望どおりに高くつけること / 一生懸命作ったものに安価な値段がつけられてしまうと、作り手と,①制造者（作り手の技術｜制造者的技术。）②创作者（作り手の思い｜创作者的想法。）,边缘词
モチベーション,もちべーしょん,名詞,动力,モチベーションを高める / モチベーションが下がる / モチベーションを維持する,4,真题,否,(注3)モチベーション: 意欲 / どうしてもモチベーションが下がりや,①动力（モチベーションが大事｜动力很重要。）②积极性（モチベーションを上げる｜提高积极性。）,边缘词
暮らし,くらし,名詞,生活,暮らしが豊かだ / 暮らしを楽しむ / 暮らしの知恵,4,真题,否,通して、登場人物の性格や暮らしが感じられた。 / (注2)風物: 自然の景色や人々の暮らしの様子,①生活（豊かな暮らし｜丰富的生活。）②居住（快適な暮らし｜舒适的居住。）,边缘词
保険,ほけん,名詞,保险,保険に加入する / 保険が必要だ / 保険を見直す,4,真题,否,保険証のコピーを提出する / けがをしたときのために健康保険証を持参する。,①保险（保険に入る｜参加保险）②保障（保険の種類｜保险种类）,边缘词
ズボン,ずぼん,名詞,裤子,ズボンを履く / ズボンが合う / ズボンのサイズ,4,真题,否,■長袖シャツと長ズボンでの参加をお勧めします。 / . 少し太ったせいで、 ズボンがぎっしりしている。,①裤子（ズボンを履く｜穿裤子）②长裤（ズボンが好き｜喜欢裤子）,边缘词
行方,ゆくえ,名詞,去向,行方が不明だ / 行方を追う / 行方を探す,4,真题,否,交差点を右に曲がると、 行方に黒い高層ビルが見えた。 / 慌てていたので、行方を確かめずにバスに乗ってしまった。,①去向（行方不明｜失踪）②下落（行方を探す｜寻找去向）,边缘词
まるで,まるで,副詞,简直,まるで夢のようだ / まるで別人だ / まるで映画のようだ,4,真题,否,があります。 / 日本には、話す人が違ってもまるで同じ人であるかのような「職業声」,①简直（まるで夢のよう｜简直像梦）②完全（まるで別人｜完全是不同的人）,边缘词
のぼり,のぼる,名詞,上升,のぼりが見える / のぼりを掲げる / のぼりを使う,4,真题,否,というそうだ。 / 、この旗は「のぼり」,①上升（のぼり坂｜上坡）②旗帜（のぼりを立てる｜立旗）,边缘词
横,よこ,名詞,横向,横に並ぶ / 横を向く / 横の道,4,真题,否,大きさ(縦・横・高さの合計) 重さ / サイズは縦180センチ、横60センチのものが多い。,①横向，侧面（例：横に寝る｜横着躺）②横幅，宽度（例：横のサイズ｜横的尺寸）,边缘词
生き残る,いきのこる,動詞,生存,生き残るために / 生き残ることができる / 生き残る戦略,4,真题,否,市場で生き残るためには、市場競争という規律付け / | ある環境で競争に負けても、自分に合った別の環境で生き残れる。,①生存下来，活下来（例：生き残った｜活下来）,边缘词
緑茶,りょくちゃ,名詞,绿茶,緑茶を飲む / 緑茶が好きだ / 緑茶の効能,4,真题,否,他とは違う緑茶製品を求めていた人たち / 緑茶のボトルに関する②ある消費者調査の結果を見ると、 金属製ボトルに対し,①绿茶，一种茶（例：緑茶を飲む｜喝绿茶）,边缘词
情,じょう,名詞,情感,情が深い / 情を大切にする / 情が通じる,4,真题,否,「嫌い」 / 「感じる」,①情感，感情（例：情が深い｜感情深厚）②情义，情谊（例：情を大切にする｜重视情谊）,边缘词
名分,めいぶん,名詞,名分,名分を守る / 名分がある / 名分を明確にする,4,真题,否,「利用料金」 / 個人 : 1200円 (1名分),①名分，名义（例：名分を守る｜保持名分）,边缘词
囲む,かこむ,動詞,围绕,囲む人々 / 囲む風景 / 囲む状況,4,真题,否,に囲まれて暮らしたい」 / といった夢だっていいのです。,①围绕，包围（例：囲んでいる｜围着）,边缘词
たくましい,たくましい,形容詞,强壮,たくましい体 / たくましい精神 / たくましい成長,4,真题,否,両親は今までどんな苦労にも負けずに、たくましく生きてきた。 / 森さんは仕事の経験がたくましいので、上司から信頼されている。,①强壮，健壮（例：たくましい体｜强壮的身体）②坚强，顽强（例：たくましい精神｜顽强的精神）,边缘词
ご飯,ごはん,名詞,米饭,ご飯を食べる / ご飯が美味しい / ご飯を炊く,4,真题,否,すし1つのご飯の量が約 20 グラムで、 / 茶わん1杯分のご飯の量が約150グラムだとすると、 51。,①米饭，饭（例：ご飯を食べる｜吃米饭）②餐，饭菜（例：ご飯を作る｜做饭）,边缘词
強調,きょうちょう,名詞,强调,強調するポイント / 強調が必要だ / 強調したいこと,4,真题,否,科学教育は、 科学の楽しさばかりを強調している。 / こうした言い方は、ヒトと動物のちがいを強調したものですが、べつの言い方をすれば、これが人,①强调，重视（例：強調するポイント｜强调要点）,边缘词
やり甲斐,やりがい,名詞,成就感,やり甲斐を感じる / やり甲斐がある / やり甲斐を求める,4,真题,否,るので、やりがいがある。 / 仕事にやりがいを感じなかったから,①值得做的事，成就感（例：やり甲斐がある｜有成就感）,边缘词
模索,もさく,名詞,探索,模索する方法 / 模索の結果 / 模索を続ける,4,真题,否,(注2) 模索する : 探し求める / するシステムをいろいろな形で模索 (注2)してきた。,①探索、寻找（新しい道を模索する｜探索新路）②摸索、试探（手探りで模索する｜摸索前行）,边缘词
受け取り,うけとり,名詞,接收,受け取りが遅れる / 受け取りを確認する / 受け取りの手続き,4,真题,否,翌日以降の受け取り、郵送も可能です。 / ・空港でお荷物をお受け取りになる際、身分証明書が必要となります,①接收、领取（荷物を受け取る｜接收包裹）②理解、领会（意図を受け取る｜理解意图）,边缘词
組む,くむ,動詞,组合,組むチーム / 組むことが大切だ / 組む作業,4,真题,否,席が近い人どうしで組ませる / 仲がいい人どうしで組ませる,①组合、构成（チームを組む｜组队）②合作、联手（手を組む｜联手）,边缘词
ウェブ,うぇぶ,名詞,网络,ウェブサイトを作る / ウェブで調べる / ウェブの情報,4,真题,否,結果は、7月中旬に専用ウェブページ上で公開します。 / 7月中旬に専用ウェブページで結果を公開するので、見てほしい。,①网络、互联网（ウェブサイトを作る｜制作网站）②蜘蛛网（蜘蛛のウェブ｜蜘蛛网）,边缘词
伝達,でんたつ,名詞,传达,伝達する内容 / 伝達が重要だ / 伝達の方法,4,真题,否,伝達される(注2) わけではない。 / 手紙というものは、不思議な伝達手段である。,①传达、传递（情報を伝達する｜传递信息）②交流、沟通（意見を伝達する｜交流意见）,边缘词
封,ふう,名詞,封闭,封をする / 封が切れる / 封を開ける,4,真题,否,(注2)封:ここでは、封筒 / 公開講座申込書1枚と返信用の封(ふう)筒(とう)1枚,①封闭、封印（手紙を封する｜封信）②封口、封存（封をする｜封存）,边缘词
水入り,みずいり,名詞,加水,水入りの状態 / 水入りを確認する / 水入りを調整する,4,真题,否,玉が入っている容器には、 水入りのものと水なしのものが準備された。 / 次に水入り、水なしの各条件において、 しわの有無の違いによる結果を見てみると、 水な,①水进、浑水（水入りの状態｜浑水状态）②混乱、搅局（水入りになる｜变得混乱）,边缘词
創,はじめ,名詞,创造,創を始める / 創を大切にする / 創を追求する,4,真题,否,. 肇者の考えに合うのはどれか。 / . 肇者の考えに合うのはとれか。,①创造、创作（新しい作品を創る｜创造新作品）②创立、设立（会社を創る｜创立公司）,边缘词
業績,ぎょうせき,名詞,业绩,業績が上がる / 業績を評価する / 業績を報告する,4,真题,否,(注6) 業績: 仕事の成果 / 一定以上の業績(注4)を上げ,①业绩、成就（素晴らしい業績を残す｜留下优秀业绩）②成果、成果物（業績を評価する｜评价成果）,边缘词
寮費,りょうひ,名詞,宿舍费,寮費を支払う / 寮費が高い / 寮費を確認する,4,真题,否,寮費は3万円以下のところがいい。 / ・寮費に光熱費が含まれているところがいい。,①宿舍费、住宿费（寮費を払う｜支付宿舍费）②生活费、居住费（寮費が高い｜宿舍费高）,边缘词
パスポート,ぱすぽーと,名詞,护照,パスポートを取得する / パスポートが必要だ / パスポートを更新する,4,真题,否,のコピ (入学予定者のみ) / パスポート 「写真およびパスポート番号のページ」,①护照（旅行に必要です｜旅行需要）,边缘词
降りる,おりる,動詞,下车,降りる駅 / 降りるタイミング / 降りる準備,4,真题,否,駅に行き最初に乗れる電車に乗り、降りた / 居眠りをして、降りるつもりだった駅を乗り継いでしまった,①下车（バスを降りる｜下公交）②降落（飛行機が降りる｜飞机降落）,边缘词
さびる,さびる,動詞,生锈,さびる原因 / さびるのを防ぐ / さびることがある,4,真题,否,暑いところに生ものをずっと置いておいたら、さびて臭くなった。 / 鉢に植えた植物に水をやるのを忘れていたら、花がさびてしまった。,①生锈（鉄がさびる｜铁生锈）②变得无趣（心がさびる｜心情无趣）,边缘词
目上,めうえ,名詞,长辈,目上に敬意を払う / 目上の人 / 目上に相談する,4,真题,否,高校時代、鈴木さんはとても優秀で、成績はいつも学年で目上だった。 / この店で一番値段が高く目上の商品は、店の奥にある棚に並べられていた。,①长辈（目上の人に敬意を払う｜尊重长辈）②上司（目上の人に相談する｜咨询上司）,边缘词
増,ぞう,名詞,增加,増が続く / 増を見込む / 増を報告する,4,真题,否,アンケートの回答者の数 (かず) を増 (ふ)やす / . X 社の調査によると、共働き夫婦における夫の家事負担の割合は、 夫の年齢が( にしたがって増,①增加（人数が増える｜人数增加）②增添（新しい機能が増える｜增加新功能）,边缘词
豆,まめ,名詞,豆类,豆を煮る / 豆が好きだ / 豆の種類,4,真题,否,を10%割引で買うことができ / 以下は、コーヒー豆の販売会社から届いたはがきである。,①豆类（豆を食べる｜吃豆类）②小东西（小豆が可愛い｜小豆可爱）,边缘词
公立,こうりつ,名詞,公立,公立学校に通う / 公立図書館で学ぶ / 公立の施設が増える,4,真题,否,最近公立の図書館では、人気の高い本を複数購入しているそうだ。 / 公立の図書館は、 多くの人々に読書のきっかけを与え、 本を読む楽しさや喜びを感,①公立学校（公立の学校に通う｜上公立学校）②公共机构（公立の図書館｜公立图书馆）,边缘词
待ち,まち,名詞,等待,待ち時間が長い / 待ち合わせに遅れる / 待ち望む気持ち,4,真题,否,. キャンセル待ちの希望の有無 / キャンセル待ちになった場合、 結果の連絡はいつま,①等待（駅で待ち合わせ｜在车站等）②停留（バス待ち｜等公交）,边缘词
聞き取る,ききとる,動詞,听懂,聞き取る力が必要だ / 聞き取ることができる / 聞き取る練習をする,4,真题,否,声が小さくて聞き取りにくかったこと / で聞き取れるようになり、 正確に覚えることができる。,①听懂（言葉を聞き取る｜听懂语言）②理解（内容を聞き取る｜理解内容）,边缘词
じゅう,じゅう,副詞,十,十分に理解する / 十分な時間をかける / 十分な注意を払う,4,真题,否,より経験をじゅうしする。 / きそ研究がじゅうしされなくなること,①十（じゅう時に会う｜十点见）②重（重さがじゅうキロ｜重十公斤）,边缘词
演劇,えんげき,名詞,戏剧,演劇を観る / 演劇の練習をする / 演劇の脚本を書く,4,真题,否,先日、劇場で演劇を鑑賞する機会があった。 / 最近の演劇の鑑賞のしかたについて、 AとBで共通して述べられている変化は何か。,①戏剧（例：演劇を見に行く｜去看戏剧）②表演艺术（例：演劇の世界｜表演艺术）,边缘词
来店,らいてん,名詞,来店,来店するお客様 / 来店の際にお知らせ / 来店の特典がある,4,真题,否,客にさつえいの日の来店を呼びかける / ご予約の日時にご来店になり、お好きな着物にお着替えください。,①来店（例：来店をお待ちしています｜欢迎来店）②到店（例：来店の際はご連絡を｜来店时请联系）,边缘词
昼休み,ひるやすみ,名詞,午休,昼休みに食事をする / 昼休みにリラックスする / 昼休みに散歩する,4,真题,否,昼休みの時間をゆうこうに使いたいから / 昼休みに、 会議室を休憩室として使えるようにしてほしい。,①午休（例：昼休みは1時間です｜午休一小时）②中午休息（例：昼休みに食事をする｜午休吃饭）,边缘词
整える,ととのえる,動詞,整理,整える時間が必要だ / 整える作業をする / 整えるための道具,4,真题,否,きれいに整えた髪が乱れてしまった。 / . 部下が上司の仕事のやり方を学べるような環境を整えること,①整理（例：部屋を整える｜整理房间）②调整（例：髪を整える｜整理头发）,边缘词
散らかす,ちらかす,動詞,弄乱,散らかす原因は何か / 散らかすことが多い / 散らかす前に片付ける,4,真题,否,山田さんはいつも、香水のにおいを散らかしながら歩いている。 / このビデオは長いので、一度に見ないで何回かに散らかして見よう。,①弄乱（例：部屋を散らかす｜弄乱房间）②搞乱（例：散らかしたまま出かける｜乱了就出门）,边缘词
体重,たいじゅう,名詞,体重,体重を測る / 体重が増える / 体重管理をする,4,真题,否,から先までの長さ)が3mほどもありますが、体重は10~15kgしかありません。 / でも草太君は、もしかしたら「それなら人間は、体重に合わせて大きい翼をつければいい。,①体重（例：体重を測る｜测体重）②身体重量（例：体重が増えた｜体重增加）,边缘词
マニュアル,まにゅある,名詞,手册,マニュアルを読む / マニュアルに従う / マニュアルを作成する,4,真题,否,書けば評価されるというマニュアルは大敵です。 / なぜなら、マニュアルには、あなたにしか書けないこ,①手册（例：マニュアルを読む｜阅读手册）②操作指南（例：マニュアルに従う｜遵循操作指南）,边缘词
年内,ねんない,名詞,年内,年内に終わらせる / 年内の目標を立てる / 年内の予定を確認する,4,真题,否,なお、年内収集の申し込みは18日(月)が諦め切 / 年内のごみの収集は、 12月27日 (水) が最終日となります。,①年内（例：年内に終わらせる｜年内完成）②今年内（例：年内の予定｜今年的计划）,边缘词
つきもの,つきもの,名詞,必然之物,つきものの問題 / つきものの習慣 / つきものの考え方,4,真题,否,ストレスはよくないイメージがつきものだからだ。 / (注1) つきもの: ここでは、避けられないもの,①附属物（例：成功にはつきもの｜成功的附属物）②不可分的（例：つきものの問題｜不可分的问题）,边缘词
顔料,がんりょう,名詞,颜料,顔料を混ぜる / 顔料の種類 / 顔料を使った作品,4,真题,否,黒鉛と顔料は、色の元になるもので / と粘土(ねんど)から、色鉛筆は顔料とロウ(油分)からできている。,①颜料（例：顔料を使う｜使用颜料）②色彩材料（例：顔料の種類｜颜料种类）,边缘词
引き離す,ひきはなす,動詞,分开,引き離すことができる / 引き離す理由 / 引き離すための方法,4,真题,否,紙の表面にくっついた黒鉛を、紙から引き離す。 / 一方、しみ込んだ顔料は引き離すことができない。,①分开（彼を引き離す｜把他分开）②使分离（心を引き離す｜心灵分离）,边缘词
一切,いっさい,名詞,一切,一切を捨てる / 一切の責任を負う / 一切の疑いがない,4,真题,否,嫌なことは一切 (注1) しなくて / それらが一切存在しない理想の人生があると,①一切（彼は一切を知っている｜他知道一切）②全部（一切の責任｜全部责任）,边缘词
解,かい,名詞,解答,解を見つける / 解を求める / 解を考える,4,真题,否,配套㻂解課程清在CCtal k搜索:柎先生日語№ / 解は一般的には悪者扱いであるが、 多様性をつくる仕掛け (注5) だと思えば少し見方も変わってくるの,①解答（問題の解を出す｜给出问题的解答）②解放（束縛を解く｜解开束缚）,边缘词
きっぱり,きっぱり,副詞,干脆,きっぱりと断る / きっぱりと決める / きっぱりとした態度,4,真题,否,. めがねをけると、遠くの物もきっぱり見えるようになる。 / .鈴木さんは石川さんからのデートの誘いをきっぱり断った。,①果断（きっぱり言う｜果断地说）②明确（きっぱり断る｜明确拒绝）,边缘词
夕方,ゆうがた,名詞,傍晚,夕方に散歩する / 夕方の風景 / 夕方のニュース,4,真题,否,私が参加したイベントも夕方からだったの / [47]明日の夕方が締め切りのレポートがまだ終わっていない。,①傍晚（夕方に帰る｜傍晚回家）②黄昏（夕方の空｜黄昏的天空）,边缘词
宿泊,しゅくはく,名詞,住宿,宿泊施設を予約する / 宿泊の料金 / 宿泊の手続き,4,真题,否,.宿泊先は変えずに、出発日と日数を変更してほしい。 / .宿泊先は変わってもいいので、出発日と日数を変更してほしい。,①住宿（宿泊する場所｜住宿的地方）②过夜（宿泊施設｜过夜设施）,边缘词
志願,しがん,名詞,志愿,志願者が多い / 志願する理由 / 志願の内容を確認する,4,真题,否,一定の水準を満たした志願者全員が、入社できるわけではありません。 / は、単に当社との相性を他の志願者と比べた結果であって、 重大な問題があったわけではありません。,①志愿（志願者が多い｜志愿者很多）②申请（志願すること｜申请志愿）,边缘词
下す,くだす,動詞,下达,下す決定 / 下す指示 / 下す判断,4,真题,否,もが語る「夢」 / 上司が他の社員と比べて評価を下していることまで想像が,①下达（命令を下す｜下达命令）②做出（判断を下す｜做出判断）,边缘词
乗り継ぐ,のりつぐ,動詞,换乘,乗り継ぐ駅 / 乗り継ぐ時間 / 乗り継ぐ方法,4,真题,否,疲れたので友達に運転を乗り継いでもらった / バスと電車を乗り継いで、やっと目的地に着いた,①换乘（電車を乗り継ぐ｜换乘电车）②中转（バスに乗り継ぐ｜中转公交）,边缘词
工学,こうがく,名詞,工程学,工学を学ぶ / 工学の分野 / 工学の技術,4,真题,否,という学 / 私はロボット工学を専攻しております。,①工程学（工学を学ぶ｜学习工程学）②技术（工学の分野｜技术领域）,边缘词
キャラクター,きゃらくたー,名詞,角色,キャラクターが魅力的 / キャラクターを演じる / キャラクターの設定,4,真题,否,(注2) キャラクター性格 / 当然ながら、子どもたちもその大集団の中で育ち、年齢も (注4) キャラクターもさまざまなたくさ,①角色（彼は人気のキャラクターです。｜他是受欢迎的角色。）②性格（彼女のキャラクターは明るいです。｜她的性格很开朗。）,边缘词
命ずる,めいずる,動詞,命令,命ずる権限 / 命ずることができる / 命ずる内容,4,真题,否,[51] [1] 命じられることとなる / だが、 悲しみに耐え、 さらに命じられた西日本の地図作成にも取り組む。,①命令（彼は部下に命ずる。｜他命令部下。）②指示（上司が命ずる。｜上司下达指示。）,边缘词
しみる,しみる,動詞,渗透,しみる感覚 / しみるような痛み / しみる液体,4,真题,否,.煙が目にしみて、 涙が止まらなくなった。 / .飛んできたボールが頭にしみて、 けがをした。,①渗透（薬がしみる。｜药物渗透。）②刺痛（目がしみる。｜眼睛刺痛。）,边缘词
充満,じゅうまん,名詞,充满,充満する空気 / 充満する香り / 充満する音楽,4,真题,否,. このコンサートは人気があって、 常に観客が充満している。 / . 部屋に食べ物の強いにおいが充満していたので、窓を開けた。,①充满（部屋が香りで充満している。｜房间充满香气。）②洋溢（空気が緊張感で充満している。｜空气充满紧张感。）,边缘词
昼間,ひるま,名詞,白天,昼間は忙しい / 昼間の活動 / 昼間の光,4,真题,否,昼間は測って歩き、 夜は星を観察して昼間測った数値を修正する日々が続いた。 / [71]リナさんは、このテニススクールに1か月前に入会し、 現在 「B. 平日昼間 (中・上級者) コース」,①白天（昼間は暑いです。｜白天很热。）②日间（昼間は仕事をします。｜白天工作。）,边缘词
ダンス,だんす,名詞,舞蹈,ダンスを習う / ダンスの発表会 / ダンスの振り付け,4,真题,否,[71]ポリーさんは、 朝田市のダンス教室の仲間と文化祭でダンスの発表をしたいと考えている。 / ・ダンス、音楽に団体でお申し込みの場合、 申込書に出演者全員の氏名を記入し、 ご提出ください。,①舞蹈（彼女はダンスが得意です。｜她擅长舞蹈。）②跳舞（みんなでダンスを楽しむ。｜大家一起跳舞。）,边缘词
運び入れる,はこびいれる,動詞,搬入,運び入れる荷物 / 運び入れる作業 / 運び入れる際の注意,4,真题,否,.10月4日の説明会に行き、文化祭初日の7時から9時の間に作品を運び入れる。 / .10月4日の説明会に行き、 文化祭初日の前日の9時から17時の間に作品を運び入れる。,①搬入（荷物を運び入れる。｜搬入行李。）②引入（新しい家具を運び入れる。｜搬入新家具。）,边缘词
初日,しょにち,名詞,第一天,初日から頑張る / 初日の予定 / 初日の感想,4,真题,否,.10月4日の説明会に行き、文化祭初日の7時から9時の間に作品を運び入れる。 / .10月4日の説明会に行き、 文化祭初日の前日の9時から17時の間に作品を運び入れる。,①第一天（初日は緊張します。｜第一天很紧张。）②首日（イベントの初日です。｜活动的首日。）,边缘词
初歩,しょほ,名詞,初步,初歩から学ぶ / 初歩の知識 / 初歩的な問題,4,真题,否,.パスケットボールの試合で、 初歩から大量の点を取られた。 / .3年前に英語を初歩から始め、 今では自由に話せるようになった。,①基础（初歩を学ぶ。｜学习基础。）②入门（初歩から始める。｜从入门开始。）,边缘词
構え,かまえ,名詞,构架,構えを整える / 構えを作る / 構えの重要性,4,真题,否,ですから、「聞く構え(注2)」 / ができている人は、より良く学べることにもなります。,①姿势（構えを正す。｜调整姿势。）②准备（構えを整える。｜准备就绪。）,边缘词
ぎっしり,ぎっしり,副詞,满满,ぎっしり詰まった / ぎっしりと並ぶ / ぎっしりとした内容,4,真题,否,.大きな箱に本がぎっしり詰まっている。 / .ジュースがコップにぎっしり入っている。,①紧紧地，满满地（例：箱がぎっしり詰まっている｜箱子里满满的。）,边缘词
セラピー,せらぴー,名詞,疗法,セラピーを受ける / セラピーの効果 / セラピーの種類,4,真题,否,「ロボット・セラピー」 / 今は 「ロボット･セラピー」,①治疗，疗法（例：音楽セラピーを受ける｜接受音乐治疗。）,边缘词
急激,きゅうげき,形状詞,急剧,急激に変化する / 急激な成長 / 急激な変動,4,真题,否,新しい駅ができて、 市の人口が急激に増加している / イベントの開催日が近くなり、準備が急激に進められている,①急剧，迅速（例：急激な変化があった｜发生急剧变化。）,边缘词
ソフトウェア,そふとうぇあ,名詞,软件,ソフトウェアをインストールする / ソフトウェアの更新 / ソフトウェアの機能,4,真题,否,と交信しながら新しい情報やソフトウェアを取り入れながら作業します。 / ころかどんなに一生ぜんぶを使っても絶対に使い切れないほどソフトウェアを持っているのは本しかな,①软件，程序（例：新しいソフトウェアをインストールする｜安装新软件。）,边缘词
冷凍,れいとう,名詞,冷冻,冷凍食品を買う / 冷凍庫に入れる / 冷凍の状態,4,真题,否,今日、 水などの常温の商品と冷凍食 / *冷蔵・冷凍の商品は宅配サービスの対象外です。,①冷冻，冰冻（例：冷凍食品を買った｜买了冷冻食品。）,边缘词
正午,しょうご,名詞,中午,正午に集まる / 正午の時刻 / 正午の休憩,4,真题,否,常温の商品で、正午から午後10時までに済ませる / 常温の商品と冷凍の商品で、正午から午後 10 時までに済ませる,①正午，中午（例：正午に昼食を食べる｜中午吃午餐。）,边缘词
かばう,かばう,動詞,保护,かばう理由 / かばうことが大切 / かばう姿勢,4,真题,否,と言って、 弟をかばった。 / . 弟が両親にしかられていたので、 「すごく反省したよ」,①保护，庇护（例：友達をかばった｜保护朋友。）,边缘词
習わせる,ならわせる,動詞,教导,習わせる方法 / 習わせることができる / 習わせる内容,4,真题,否,子供に特定のスポーツを習わせる家庭が多い。 / ポーツだけを習わせることには問題があると思う。,①让...学习（例：子供にピアノを習わせる｜让孩子学钢琴。）,边缘词
ストーブ,すとーぶ,名詞,炉子,ストーブを点ける / ストーブの温度 / ストーブの使い方,4,真题,否,階でストーブの火が燃え出したこと / 台所でストーブの火が燃え出したこと,①炉子，取暖器（例：ストーブをつける｜打开取暖器。）,边缘词
頑固,がんこ,形状詞,顽固,頑固な性格 / 頑固に反対する / 頑固な態度,4,真题,否,.瓶のふたが頑固で、いくら力を入れても開かない。 / . 木村さんはとても頑固で、自分の考えを変えない。,①顽固，固执（例：彼は頑固な性格だ｜他性格顽固。）,边缘词
荒れる,あれる,動詞,粗暴,荒れる天気 / 荒れる海 / 荒れる心,4,真题,否,.冷蔵庫に入れておいたのに、 りんごが荒れてしまった。 / .入院で仕事を休んでいたので、 営業成績は荒れてしまった。,①变得粗糙（海が荒れる｜海浪变得粗糙。）②失控（心が荒れる｜心情失控。）,边缘词
水温,すいおん,名詞,水温,水温を測る / 水温が高い / 水温の変化,4,真题,否,.水温を適切にしておけば、金魚はえさをよく食べる。 / 水温が下がると消化機能も低下するので、えさをあまり多く与えると消化不良を起こして体調をくず,水的温度（水温が高い｜水温很高。）,边缘词
飼育,しいく,名詞,饲养,飼育する動物 / 飼育の方法 / 飼育の環境,4,真题,否,野生と飼育下では、そこに存在する / ヒーターを入れて、飼育水の温度を18~20度に保てば、 金魚は活発に泳いでえさもよく食べるように,饲养动物（犬を飼育する｜饲养狗。）,边缘词
泳ぐ,およぐ,動詞,游泳,泳ぐことが好き / 泳ぐための練習 / 泳ぐ姿勢,4,真题,否,. えさの量を適切に調整すれば、 金魚は活発に泳ぐ。 / . 水温とえさの量を一定に保てば、 金魚は活発に泳ぐ。,游泳（川で泳ぐ｜在河里游泳。）,边缘词
夜間,やかん,名詞,夜间,夜間の活動 / 夜間の仕事 / 夜間の安全,4,真题,否,に入会したいと思っている。 / に変わりたいと思っているが、リナ,夜间时间（夜間の仕事｜夜间工作。）,边缘词
上級,じょうきゅう,名詞,高级,上級者向けの講座 / 上級の技術 / 上級の内容,4,真题,否,B. 平日昼間 (中・上級者) / に変わりたいと思っているが、リナ,高级水平（上級者向け｜适合高级者。）,边缘词
温厚,おんこう,名詞,温和,温厚な性格 / 温厚な態度 / 温厚な人,4,真题,否,温厚な伯父は、みんなから愛されている / 今日は気温が下がるようなので、温厚なコートが必要だ,性格温和（温厚な人｜性格温和的人。）,边缘词
芽生え,めばえ,名詞,萌芽,芽生えの時期 / 芽生えを促す / 芽生えの瞬間,4,真题,否,芽生えのとき何日も水を与えないでおくと、よく発達し水を吸収するようになる。 / 成長する芽生えは、 毎日、 水をたっぷりと与えられると、 根をあまり発達させません。,萌芽（新しい芽生え｜新的萌芽。）,边缘词
解答,かいとう,名詞,答案,解答を提出する / 解答が正しい / 解答の方法,4,真题,否,. 問題には解答番号の1、2 3 が付いています。 / 解答は、解答用紙にある同じ番号のところにマークして,答案（問題の解答｜问题的答案。）,边缘词
腫れる,はれる,動詞,肿胀,腫れる部分 / 腫れる原因 / 腫れる症状,4,真题,否,森さんのポケットは、物が多くて腫れている。 / 今日はたくさん食べたので、 おなかが腫れている。,肿胀（足が腫れる｜脚肿了。）,边缘词
残高,ざんだか,名詞,余额,残高を確認する / 残高が不足する / 残高の管理,4,真题,否,この町の残高は、ついに1万人を下回りました。 / 私たちが会議室を利用できる残高は、 あと10分です。,①余额（銀行の残高｜银行余额。）②剩余（残高が少ない｜余额很少。）,边缘词
偉大,いだい,形状詞,伟大,偉大な業績 / 偉大な人物 / 偉大な発見,4,真题,否,この国には偉大ながかたくさんいる。 / あの家は、この辺りで一番偉大な家です。,①伟大（偉大な人物｜伟大的人物。）②卓越（偉大な業績｜卓越的成就。）,边缘词
印,しるし,名詞,印记,印をつける / 印が残る / 印の意味,4,真题,否,係員が旗を上げたのを印に、選手たちは一斉に走り出した。 / | 復習する時のために、大切な単語に赤のペンで印をつけた。,①印章（印を押す｜盖上印章。）②标记（印をつける｜做上标记。）,边缘词
読み聞かせ,よみきかせ,名詞,朗读,読み聞かせをする / 読み聞かせの時間 / 読み聞かせの本,4,真题,否,読み聞かせの時には、まず子どもたちに表紙を見せます。 / 読み聞かせの場合も、本文をほとんど暗記するほどに読みこむことが必要とさ,①朗读（子供に読み聞かせ｜给孩子朗读。）②讲故事（絵本の読み聞かせ｜讲故事给孩子。）,边缘词
わかり合える,わかりあえる,動詞,相互理解,わかり合える関係 / わかり合える努力 / わかり合える言葉,4,真题,否,わかり合うためには、一定の距離を保つことが大切だ / わかり合えないと思うところから、お互いの理解が始まる,①相互理解（お互いにわかり合える｜彼此理解。）②心灵相通（心がわかり合える｜心灵相通。）,边缘词
異常,いじょう,名·ナ形,怪异，不正常,異常な行動（怪异的行为）,3,两者,是,異常に熱くならないが注意して / 電源コードが異常に熱くなる。,①异常（異常な状態｜异常状态。）②不正常（異常が発生｜发生不正常。）,社区推荐
一瞬,いっしゅん,名,一瞬间,一瞬の出来事 / 一瞬の判断 / 一瞬の美しさ,3,两者,是,だが、今も、情報を一瞬ではっきりと伝え / 感心 (注2) したとて、それは一瞬(いっしゅん)のうちに後方に流れ去って実際にその場所に立ってそれ,①瞬间（一瞬の出来事｜瞬间的事情。）②片刻（一瞬の静寂｜片刻的宁静。）,社区推荐
往復,おうふく,名·自サ,往返，来回,往復の切符を買う / 往復の旅をする / 往復の時間を計る,3,两者,是,るのはご旅行期間中のみで、 往復送料も無料です。 / ・往復でご利用の場合、 配送料金の合計から200円の割引になります,①往返（往復の切符｜往返票。）②来回（往復する｜来回行程。）,社区推荐
開店,かいてん,名·自他サ,开业，开张；（开门）营业,開店の時間を決める / 開店の準備をする / 開店の知らせをする,3,两者,是,客「すみません、 開店はまだですか。 / このパンは非常に人気があり、朝8時に開店すると急激に売れていく,①开店（店を開店する｜开店）②营业（開店時間｜营业时间）,社区推荐
学年,がくねん,名,学年；年级,学年が上がる / 学年を選ぶ / 学年の始まり,3,两者,是,学年でも上位に入るほうだったと / 私たちはテストのたびに学年でトップを競っていた。,①年级（小学の学年｜小学年级）②学术年（学年が始まる｜学年开始）,社区推荐
歓迎,かんげい,名·他サ,欢迎，期待,歓迎の言葉を述べる / 歓迎のパーティーを開く / 歓迎の気持ちを伝える,3,两者,是,旅行中は、どこに行っても温厚な歓迎を受けてうれしかった / (メールで) 4月20日に新入生歓迎会を開きますので、ぜひご参加ください。,①欢迎（例：あなたを歓迎します｜欢迎你）②接待（例：お客様を歓迎する｜欢迎顾客）,社区推荐
乾燥,かんそう,名·自他サ,干燥,乾燥が進む / 乾燥を防ぐ / 乾燥した空気,3,两者,是,でも、乾燥地帯に木を植えれば、少ししかない木が吸い取られる。 / 乾燥地帯での森林の役割を見直して、木をどんどん植えるようと考えること,①干燥（例：空気が乾燥している｜空气干燥）②干枯（例：植物が乾燥した｜植物干枯）,社区推荐
気候,きこう,名,气候,気候が変わる / 気候に適応する / 気候の影響,3,两者,是,この果物は温暖な気候の地域を中心に生じている。 / 目的地の気候、 歴史、文化などについて調べ、 どんなことを,①气候（例：この地域の気候は温暖です｜这个地区气候温暖）②天气（例：気候が変わる｜天气变化）,社区推荐
義務,ぎむ,名,义务,義務を果たす / 義務を持つ / 義務を理解する,3,两者,是,だから、誰かに 「磨きなさい」 / 出席者に必要な情報を伝える義務はある。,①义务（例：義務を果たす｜履行义务）②责任（例：社会の義務｜社会责任）,社区推荐
供給,きょうきゅう,名·他サ,供给,供給が足りない（供不应求）,3,两者,是,産による安価で安定した供給が可能であったためである。 / 使用後の水はリサイクルされ、 再生装置からすべて供給される。,①供应（例：電力の供給｜电力供应）②提供（例：サービスを供給する｜提供服务）,社区推荐
業務,ぎょうむ,名,业务,業務を遂行する / 業務の内容 / 業務を改善する,3,两者,是,各企業の採用担当者による業務説明 / 当者から具体的な業務内容について直接聞くこともできます。,①业务（例：業務を行う｜进行业务）②工作（例：業務が忙しい｜工作很忙）,社区推荐
警備,けいび,名·他サ,警备，警卫,警備を強化する / 警備が必要だ / 警備の仕事,3,两者,是,このコンサートの警備には、警備員 / . けいびをもっと厳しくしたほうがいい。,①警备（例：警備が厳重だ｜警备很严）②保安（例：警備を強化する｜加强保安）,社区推荐
県,けん,名,县,県の境界 / 県の人口 / 県の文化,3,两者,是,三つの市の合同で、県で一番大きな市が誕生した。 / 私がテニスを教えている中学生が、県大会で初めて優勝した。,①县（例：この県は美しい｜这个县很美）②地区（例：県の境界｜县的边界）,社区推荐
現状,げんじょう,名,现状,現状を維持する（维持现状）,3,两者,是,日本経済の現状 「全2回」 / その制度は現状に合わなくなったので、 先月で廃止された。,①现状（例：現状を把握する｜了解现状）②现况（例：現状は厳しい｜现状很严峻）,社区推荐
香水,こうすい,名,香水,香水をつける / 香水の香り / 香水を選ぶ,3,两者,是,香道は、「香水」 / と呼ばれる木の破片を熱し、その香りを楽しみます。,①香水（例：香水をつける｜喷香水）②香气（例：香水の香り｜香水的香气）,社区推荐
構造,こうぞう,名,结构,構造が複雑だ / 構造を理解する / 構造の設計,3,两者,是,で体全体が飛ぶのに最適な構造になっていることがわかりますね。 / また、 電気自動車は構造が複雑ではないため、 一人用または二人用の小,①结构（建物の構造｜建筑结构）②构造（物の構造｜物体构造）,社区推荐
克服,こくふく,名·他サ,克服,困難を克服する（克服困难）,3,两者,是,勉強で成績が良い人間は、困難を克服する力を持っている。 / 困難を経験し、克服(こくふく)しようとしながら生きていく。,①克服（困難を克服する｜克服困难）②战胜（問題を克服する｜战胜问题）,社区推荐
終了,しゅうりょう,名·自他サ,结束,終了の時間を決める / 終了の報告をする / 終了の合図,3,两者,是,次回の予約ができるのは、予約した回が終了した後 / 予約期間終了後は、全国書店でも購入のお申し込みを受け付けます。,①结束（会議が終了した｜会议结束）②完结（仕事が終了した｜工作完结）,社区推荐
上昇,じょうしょう,名·自サ,上升,上昇する気温 / 上昇の原因 / 上昇を続ける,3,两者,是,確かに、気温の上昇も重要です。 / 午前8時の成績を100とすると、同10時に160まで上昇。,①上升（温度が上昇する｜温度上升）②提高（株価が上昇する｜股价提高）,社区推荐
衝突,しょうとつ,名·自サ,碰撞，冲撞,意見が衝突する（意见不合）,3,两者,是,もう少しで衝突するところだった。 / . 衝突しそうになってしまった。,①冲突（意見の衝突｜意见冲突）②碰撞（車の衝突｜汽车碰撞）,社区推荐
世紀,せいき,名,世纪,世紀の変わり目 / 世紀の歴史 / 世紀の出来事,3,两者,是,世紀ごろになると、表面に輝きがある薄 / (注2) バッハとヘンデル: どちらも18世紀に活躍した作曲家,①世纪（21世紀｜21世纪）②时代（20世紀の文化｜20世纪文化）,社区推荐
製作,せいさく,名·他サ,制作,製作を開始する / 製作の過程 / 製作に時間がかかる,3,两者,是,えばコンピュータは「計算機」 / .人工物の製作に社会が大きな影響を与えている。,①制作（映画を製作する｜制作电影）②制造（製作物を作る｜制造物品）,社区推荐
性能,せいのう,名,性能,性能がよい（性能好）,3,两者,是,性能のへんこう点を加える / 性能のカメラで撮られた映像です。,①性能（車の性能｜汽车性能）②效能（製品の性能｜产品效能）,社区推荐
設備,せつび,名,设备,設備を整える / 設備の点検 / 設備が充実している,3,两者,是,学習スペースの設備をよくする / 電波がどんなもので、 どのような設備によって成り立っているのかを知らない,①设备（新しい設備｜新设备）②设施（工場の設備｜工厂设施）,社区推荐
全般,ぜんぱん,名,普遍；全面；所有,仕事全般（全部工作）,3,两者,是,とする。 / 木村さんには生活全般において多彩にお世話になりました,①全般（全般的な知識｜全面知识）②普遍（全般にわたる｜普遍适用）,社区推荐
損,そん,名·ナ形,亏损；不利的,損になる（吃亏）,3,两者,是,きあって損をするという人間も非常に少ない。 / やって損をするという研究は非常にまれであるし、 つ,①损失（お金を損した｜损失金钱）②损害（体を損なう｜损害身体）,社区推荐
対戦,たいせん,名·自サ,竞赛,対戦が始まる / 対戦の結果 / 対戦を楽しむ,3,两者,是,負けた対戦は思い返さない。 / 役に立つ対戦だけを思い返す。,①对战（チームが対戦する｜团队对战）②比赛（選手が対戦する｜选手比赛）,社区推荐
地位,ちい,名,地位,地位が上がる / 地位を確立する / 地位の重要性,3,两者,是,また、「社会的な地位に到達する」 / のを幸福だと考えているかもしれない。,①地位（社会的地位｜社会地位）②职位（職業の地位｜职业地位）,社区推荐
地帯,ちたい,名,地带，地区,地帯が広がる / 地帯の特性 / 地帯の気候,3,两者,是,でも、乾燥地帯に木を植えれば、少ししかない木が吸い取られる。 / 乾燥地帯での森林の役割を見直して、木をどんどん植えるようと考えること,①地区（温暖地帯｜温暖地区）②区域（工業地帯｜工业区域）,社区推荐
地点,ちてん,名,地点,地点を確認する / 地点の選定 / 地点の特徴,3,两者,是,A地点からB地点までのきょりを測った。 / 高速道路で雨の日に事故が多かった地点も、この舗装にした後、 雨の日の事故が,①地点（集合地点｜集合地点）②位置（指定地点｜指定位置）,社区推荐
治療,ちりょう,名·他サ,治疗,治療を受ける / 治療が必要だ / 治療の方法,3,两者,是,けがの治療に2か月かかった。 / |1 歯医者に行って虫歯の治療を受けた。,①治疗（病気を治療する｜治疗疾病）②医治（怪我を治療する｜医治伤害）,社区推荐
定価,ていか,名,定价,定価を設定する / 定価で販売する / 定価の見直し,3,两者,是,定価30000円 (上下巻セット価格・税込) / わが社の人気商品「緑山牧場チーズ詰め合わせ」,①定价（商品の定価｜商品定价）②标价（定価で販売｜按定价销售）,社区推荐
適用,てきよう,名·他サ,适用,適用される条件 / 適用の範囲 / 適用を検討する,3,两者,是,一番条件のいい割引が一つ適用されます。 / 団体でのご利用は割引料金が適用されます。,①适用（法律が適用される｜法律适用）②应用（規則を適用する｜应用规则）,社区推荐
手作り,てづくり,名,手工制作,手作りの酒（家酿的酒）,3,两者,是,店長鈴本洋一 / 手作りかばんの店 「アズレ」,①手工制作（手作りの品｜手工制作的物品）②自制（手作りの料理｜自制料理）,社区推荐
布,ぬの,名,布,布を切る / 布を縫う / 布の種類,3,两者,是,い布に白い字で「夏祭り」 / そのぬのを広げてください。,①布料（布を買う｜买布料）②织物（布で作る｜用布制作）,社区推荐
端,はし,名,头，端,端が破れる / 端を持つ / 端の部分,3,两者,是,「はなかわ」 / では、 山林店、 古寺店、 森島店の三つの店で、,①边缘（テーブルの端に置く｜放在桌边）②末端（端から始める｜从末端开始）,社区推荐
反論,はんろん,名·自他サ,反驳,反論を加える（加以反驳）,3,两者,是,こう反論する人がいるかもしれない。 / 自分の考えに合わなければ、たとえ上司の命令でも反論する人もいる。,①反驳（彼の意見に反論する｜反驳他的意见）②异议（反論がある｜有异议）,社区推荐
一人暮らし,ひとりぐらし,名,单身生活,一人暮らしを始める / 一人暮らしが楽しい / 一人暮らしのメリット,3,两者,是,一人暮らしの人が飼いやすい犬 / 一人暮らしの早期は、料理などの失敗も多くて苦労した。,①独居生活（彼は一人暮らしです｜他独居）,社区推荐
評判,ひょうばん,名·ナ形,评价,評判がよい（评价好）,3,两者,是,評判どおりのおいしさだった。 / 味が落ちれば悪い評判が立ち、夜の,①声誉（評判が良い｜声誉很好）②评价（評判を聞く｜听到评价）,社区推荐
広場,ひろば,名,广场,広場で遊ぶ / 広場のイベント / 広場の風景,3,两者,是,広場づくりに対する市民の意見 / 広場づくりに対する市民の評価,①广场（広場で遊ぶ｜在广场玩）②场地（広場に集まる｜在广场集合）,社区推荐
部署,ぶしょ,名,岗位,部署を異動する / 部署の役割 / 部署の会議,3,两者,是,(注 4)別の部署に異動させる : 別の部に移す / 別の部署に異動させて (注4)、 代わって優秀な社員を獲得したいだろう。,①部门（営業部署に所属｜属于销售部门）②职务（新しい部署に移る｜调到新部门）,社区推荐
棒,ぼう,名,棍子,棒を振る / 棒を使う / 棒の長さ,3,两者,是,ガラス棒を熱して溶かし、ガラス玉のペンダントを作ります。 / この鉄の棒はずっと家の外に置いてあったので、さびて茶色くなっている。,①棒子（木の棒を持つ｜拿着木棒）②优秀（彼は棒だ｜他很优秀）,社区推荐
欄,らん,名,栏,欄に記入する / 欄の内容 / 欄を設ける,3,两者,是,納品書の返品理由欄には、 / . 受験番号と名前を下の欄に、受験票と同じように書いて,①栏目（新聞の欄を読む｜读新闻栏目）②栏位（欄に書く｜在栏位写）,社区推荐
臨時,りんじ,名,临时,臨時の会議 / 臨時の対応 / 臨時の職員,3,两者,是,(小菅正夫『文藝春秋』 2006年11月臨時増刊号による) / 前日と当日の準備、片付けもお手伝いいただく臨時スタッフも同時に募集しています。,①临时（臨時の仕事｜临时工作）②暂时（臨時の措置｜临时措施）,社区推荐
当てはまる,あてはまる,自五,适用；合适,条件 [じょうけん] に当てはまる（与条件相符）,3,两者,是,*市民は以下の①~③のいずれかに当てはまる方です。 / ※大きさと重さが同じサイズに当てはまらない場合、大きい方のサイズとして扱いま,①适用（条件に当てはまる｜适用条件）②符合（この例に当てはまる｜符合这个例子）,社区推荐
追いかける,おいかける,他下一,追赶,犯人 [はんにん] を追いかける（追捕犯人）,3,两者,是,獲物 (注2) を探す、 追いかける、取ってくる / になっている話題作をせっせと追いかける、 というのは①もっとよくない。,①追赶（彼を追いかける｜追赶他）②追求（夢を追いかける｜追求梦想）,社区推荐
削る,けずる,他五,削,鉛筆を削る（削铅笔）,3,两者,是,睡眠時間を削ることは、体や脳 / 食費をこれ以上けずることはできない。,①削减（予算を削る｜削减预算）②削去（木を削る｜削去树木）,社区推荐
込める,こめる,他下一,装填；集中,仕事に力を込める（把精力集中在工作上）,3,两者,是,ありがとうという 4 気持ちを込めて / 子どもの答えの背景 (注5)にどんな思いや願いやあこがれが込められているのか,①包含（気持ちを込める｜包含感情）②注入（愛情を込める｜注入爱）,社区推荐
達する,たっする,自·他サ,达到；完成,頂上 [ちょうじょう] に達する（到达山顶）,3,两者,是,定員に達したら締め切りとなります。 / 高速度に達したら残りの距離はできるだけそのペースを守る。,①到达（目的地に達する｜到达目的地）②实现（目標に達する｜实现目标）,社区推荐
問いかける,といかける,他下一,打听,矢つぎ早に問いかける（接二连三地问）,3,两者,是,に問いかけてみるべきでしょう。 / そうすることで集めた情報の中におぼれず、どう考えるかを自身に問いかける姿勢,①询问（彼に問いかける｜询问他）②提问（疑問を問いかける｜提问疑问）,社区推荐
熱する,ねっする,自他サ,发热；加热,観衆 [かんしゅう] が熱してきた（观众兴奋起来了）,3,两者,是,香道は、「香水」 / と呼ばれる木の破片を熱し、その香りを楽しみます。,①加热（鍋を熱する｜加热锅）②热衷（熱心に熱する｜热衷于）,社区推荐
逃す,のがす,他五,错过,機会を逃した（错失良机）,3,两者,是,冷蔵庫の周囲に熱を逃すスペースがあ / のかもしれないのに、 自分はそのチャンスを逃してしまったのかもしれない。,①放走（チャンスを逃す｜放走机会）②错过（機会を逃す｜错过机会）,社区推荐
引っ込む,ひっこむ,自五,退居,田舎に引っ込む（退居乡间）,3,两者,是,固くて引っ込んでいなくてもよくなりました / 過程でだんだん引っ込んできたのはそのためです。,①退缩（引っ込んでしまう｜退缩了）②隐退（舞台から引っ込む｜从舞台隐退）,社区推荐
引っ張る,ひっぱる,他五,拉；拉拢,車を引っ張る（拉车）,3,两者,是,「田舎だから」 / 「何もないから」,①拉（ロープを引っ張る｜拉绳子）②吸引（注意を引っ張る｜吸引注意）,社区推荐
偉い,えらい,イ形,伟大的,偉い人（伟人）,3,两者,是,「いい成績をとって、偉いね。 / ちゃんと留学の準備してて、えらいね。,①了不起（彼は偉い人だ｜他是了不起的人）②优秀（偉い成績を取る｜取得优秀成绩）,社区推荐
どうせ,どうせ,副,反正；归根结底,どうせ行くなら / どうせやるなら / どうせ無理だ,3,两者,是,といった / 性の不足でなく意欲や行動力の不足であることが明らかになれば、 「どうせ自分には無理だ」,①反正，无论如何（どうせ行くなら楽しもう｜反正去的话就享受吧）②既然，既然如此（どうせやるなら頑張ろう｜既然要做就努力吧）,社区推荐
ぼんやり,ぼんやり,副,模糊；恍惚,ぼんやりした記憶（模糊的记忆）,3,两者,是,(注3)漠然とした:ぼんやりとした / (注5) もやもやした : ぼんやりした,①模糊，不清楚（ぼんやりしている｜模糊不清）②发呆，心不在焉（ぼんやり考えていた｜发呆思考）,社区推荐
わくわく,わくわく,副,扑通扑通，忐忑,胸がわくわくする（心扑通扑通跳）,3,两者,是,と感じ、心から求めてい / 毎日わくわくしながら学校に通ったものだ。,①兴奋，期待（わくわくするイベント｜兴奋的活动）②心跳，激动（わくわくしながら待つ｜激动地等待）,社区推荐
シャッター,しゃったー,名,（照相机的）快门；百叶窗,シャッターを押す（按快门）,3,两者,是,シャッターを切当(注3)ときと選ぶ時の2度だ。 / (注3) シャッターを切る: シャッターを押す,①快门，摄影快门（シャッターを切る｜按下快门）②百叶窗，窗帘（シャッターを閉める｜关上百叶窗）,社区推荐
プラスチック,ぷらすちっく,名,塑料,プラスチック製の容器 / プラスチックのリサイクル / プラスチックの特性,3,两者,是,内部にプラスチック部品を多く使用し / .プラスチックは石油を素材に作られている。,①塑料，合成材料（プラスチック製の容器｜塑料容器）,社区推荐
つく,つく,動詞,到达,つくまで待つ / つくのが楽しみ / つくことができる,3,真题,否,そのためには 「努力」 / という言葉を生活に積極的に取り入れ、そのプロセスを楽しむ仕組みをつく,①到达，抵达（駅に着く｜到达车站）②附着，粘上（糊がつく｜粘上胶水）,边缘词
森,もり,名詞,森林,森の中を歩く / 森の動物 / 森の景色,3,真题,否,いつも、そんな過去の 「感動の森」 / の中から探し出してくるものなのです。,①森林，树木繁茂的地方（森の中を歩く｜在森林中散步）,边缘词
しゅう,しゅう,名詞,周,しゅうの終わり / しゅうの始まり / しゅうの活動,3,真题,否,しゅうしょくのためのじゅんび / しゅうしょく活動に役に立つから,①周，圈，圈子（一周する｜转一圈）②收集，聚集（データを収集する｜收集数据）,边缘词
南,みなみ,名詞,南方,南の方角 / 南の地域 / 南の風,3,真题,否,わたしが手伝っているのは南さんという農家だ。 / 東丘国際交流協会 留学生寮入居者募集係 〒199-0001 東丘市南区 591,①南方，方向（南に行く｜往南走）②南部，地区（南の国｜南方国家）,边缘词
相互,そうご,名詞,互相,相互に理解する / 相互の関係 / 相互の協力,3,真题,否,これからも様々な国との相互理解を深めていこうと思う。 / 生産者と消費者の声をそれぞれに伝え、 相互理解を深めること,①相互，互相（相互に助け合う｜相互帮助）②彼此，互为（相互理解する｜彼此理解）,边缘词
れいぎ,れいぎ,名詞,礼仪,れいぎを守る / れいぎを重んじる / れいぎの重要性,3,真题,否,彼はとてもれいぎ正しいです。 / AもBも、 礼儀正しすぎる印象を与えるのであまり使わないほうがいいと述べている,①礼仪（例：礼儀を守る｜遵守礼仪）②礼貌（例：礼儀正しい｜礼貌待人）,边缘词
あせる,あせる,動詞,焦急,あせる気持ちを抑える / あせることはない / あせる場面,3,真题,否,.今頃になって焦ってもしかたない。 / そんなにあせらなくても大丈夫ですよ。,①着急（例：焦ってしまった｜感到着急）②急躁（例：焦る気持ち｜急躁的心情）,边缘词
とりあえず,とりあえず,副詞,暂时,とりあえずやってみる / とりあえず考える / とりあえずの対応,3,真题,否,とりあえず社長に電話で話しておいた。 / までを目標に、そこまではとりあえず走ってみようといった小さな目標を定めながら走るのがいいと,①暂时（例：とりあえずこれで｜暂时这样）②先行（例：とりあえずやってみる｜先试试看）,边缘词
パーセント,ぱーせんと,名詞,百分比,パーセントを計算する / パーセントの表示 / パーセントの変化,3,真题,否,毎年、合格者の80パーセントが / つまり 100パーセント僕の表現だと恐れ多くていえないのだ。,①百分比（例：10パーセント｜10百分比）②比例（例：割合はパーセント｜比例是百分比）,边缘词
大体,だいたい,名詞,大致,大体の見積もり / 大体の時間 / 大体の内容,3,真题,否,ただ、過去を振り返って、 『ああ、だいたいあ / ◆お勧めコース (合計時間は休憩などを含めた大体の時間です),①大致（例：大体分かる｜大致明白）②大概（例：大体の時間｜大概的时间）,边缘词
強める,つよめる,動詞,增强,強める必要がある / 強める方法 / 強めるための努力,3,真题,否,嫌いな食材を食べられたという達成感は、褒められることでさらに強められ、 自信が生まれる。 / 人間の心理にはハロー (後光) 効果といって、最初にうけた印象を強めていく傾向があります。,①增强（例：力を強める｜增强力量）②加大（例：音を強める｜加大音量）,边缘词
汚い,きたない,形容詞,脏,汚い場所を掃除する / 汚い服を洗う / 汚い水,3,真题,否,は、「部屋がきたなくなる。 / 反対にだらしない印象を受けると、部屋の中をピカピカにしていても 「家の中もきたないだろう」,①脏的（例：汚い部屋｜脏的房间）②不干净（例：汚い手｜不干净的手）,边缘词
さわやか,さわやか,形状詞,清爽,さわやかな風 / さわやかさを感じる / さわやかな朝,3,真题,否,などと、こちらが勝手にその人 / 人間関係もきっとさわやかでしょう」,①清爽（例：さわやかな風｜清爽的风）②爽快（例：さわやかな気分｜爽快的心情）,边缘词
マナー,まなー,名詞,礼仪,マナーを守る / マナーを教える / マナーの重要性,3,真题,否,について学ぶように上司から指示された。 / サラさんは、通学型研修で「ビジネスマナー」,①礼仪（例：マナーを守る｜遵守规矩）②规矩（例：良いマナー｜良好的礼仪）,边缘词
枯れる,かれる,動詞,枯萎,枯れる植物 / 枯れる原因 / 枯れる季節,3,真题,否,悪くすると地下水が枯れ、川の流 / 違えば、植物は枯れてしまいます。,①枯萎（例：花が枯れる｜花枯萎了）②干枯（例：木が枯れる｜树干枯了）,边缘词
流,りゅう,名詞,流动,流が速い / 流を変える / 流の音,3,真题,否,いつも同じ速さで時間が流 / 悪くすると地下水が枯れ、川の流,①流动（川が流れる｜河流流动）②流派（新しい流が生まれた｜新流派诞生）,边缘词
飲料,いんりょう,名詞,饮料,飲料を選ぶ / 飲料の種類 / 飲料を提供する,3,真题,否,再生された水は飲料水や実 / 飲料水は地球からの水を使用し、ほかは再生装置から供給される。,①饮料（冷たい飲料が欲しい｜想要冷饮）,边缘词
盛り上がる,もりあがる,動詞,热烈,盛り上がる雰囲気 / 盛り上がるイベント / 盛り上がる話題,3,真题,否,飛び出した 2 行き過ぎた 3 盛り上がった 4 駆け抜けた / 先日のパーティーでは私と同じ世代の人がたくさんいて、話が盛り上がった,①热烈（会場が盛り上がった｜会场热烈）②兴奋（話が盛り上がる｜话题兴奋）,边缘词
加わる,くわわる,動詞,加入,加わることができる / 加わるメンバー / 加わる機会,3,真题,否,まずは人の話しを聞きながら会話に加わる準備をすること / グループに加わりたいときは、まず黙って話を聞くことです。,①加入（チームに加わる｜加入团队）②参与（活動に加わる｜参与活动）,边缘词
同じく,おなじく,副詞,同样,同じく考える / 同じく感じる / 同じく行動する,3,真题,否,あるのと同じく、 基本的に一方向的な伝達である。 / の車と速度を同じくして会話に加わると、 流れにうまく乗ることができます。,①同样（私も同じく思う｜我也同样认为）,边缘词
振る,ふる,動詞,摇动,振る動作 / 振ることができる / 振るのをやめる,3,真题,否,(注2)話を振る: 話す機会を与える / がちですが、同じ場にいることに敬意を払って、その人にも (注2)話を振らないと。,①摇动（手を振る｜挥手）②抛弃（彼女を振った｜抛弃她）,边缘词
出会い,であい,名詞,相遇,出会いを楽しむ / 出会いの場 / 出会いの瞬間,3,真题,否,子供たちと美術の最初の出会いはそ / 人との出会いだとインタビューに答えていたのを見て、本,①邂逅（素敵な出会いがあった｜有美好的邂逅）,边缘词
述,述,名詞,叙述,述べる内容 / 述べることがある / 述べる機会,3,真题,否,Aは部下がすぐに覚えられる仕事を先にを教えていると述、Bは仕事の内容を絞って / ①会話の技術は、運転技術とよく似ていますとあるが、この文章ではどんなところが似ていると述,①叙述（意見を述べる｜表达意见）,边缘词
神,かみ,名詞,神,神を信じる / 神の存在 / 神の教え,3,真题,否,新聞だって「お客様は神様」 / でしょうから、その「神様」,①神灵（神を信じる｜相信神灵）②神秘（神のような存在｜神秘的存在）,边缘词
説,せつ,名詞,理论,説を立てる / 説を検証する / 説の内容,3,真题,否,というような説 / 表現を使い始めたのはテレビ局だとする説が有力だ。,①理论（新しい説がある｜有新理论）②说法（彼の説は面白い｜他的说法有趣）,边缘词
版,はん,名詞,版本,版を印刷する / 版の変更 / 版の種類,3,真题,否,(注4) 版: ここでは、サイズ / (注4) 版のものが出て、老眼鏡なしでも利用できるとありがたがられています。,①版本（新しい版が出た｜新版本发布）②版面（版を整える｜整理版面）,边缘词
バリア,ばりあ,名詞,障碍,バリアを越える / バリアを設ける / バリアがある,3,真题,否,(注4)バリア: 障害となるもの / 言い訳になる一方で、努力を 「かっこう悪い」,①障碍（バリアを乗り越える｜克服障碍）②防护（バリアを設ける｜设置防护）,边缘词
格別,かくべつ,副詞,特别,格別に美味しい / 格別な待遇 / 格別な思い,3,真题,否,秋の紅葉は格別で、 山全体に鮮やかな景色が広がります。 / 平素は、格別のお引き立てを賜りまして、厚く御礼申し上げます。,①特别（格別な待遇｜特别待遇）②非凡（格別な才能｜非凡才能）,边缘词
まあ,まあ,副詞,嘛,まあいいか / まあまあ / まあそうだ,3,真题,否,小川 「まだ終わってないけど、 まあ、 大丈夫だよ。 / プの経営者も、まあ今時は少ないとは思うが、まだいることはいる。,①嘛（まあ、いいか｜嘛，算了）②那么（まあ、そうですね｜那么，是的）,边缘词
はるか,はるか,形状詞,遥远,はるか遠く / はるかに大きい / はるか昔,3,真题,否,自分よりはるかに思考力がある人の考えを読 / 昔に比べれば、 我々の職業選択の幅ははるかに広がっている。,①遥远（はるか彼方｜遥远的彼方）②久远（はるか昔｜久远以前）,边缘词
たいした,たいした,連体詞,了不起,たいしたことない / たいした努力 / たいした成果,3,真题,否,ても、「たいしたことはしていません」 / しの場合、しわがあってもなくても大した差はない。,①了不起（たいしたことない｜没什么了不起）②重要（たいした問題｜重要问题）,边缘词
視,みる,接尾辞,视角,視点を持つ / 視野を広げる / 視覚が鋭い,3,真题,否,なのです。 / そして、努力を客観視するための測定方法が 「時間」,①视角（視点を変える｜改变视点）②观察（視ることが大切｜观察很重要）,边缘词
測定,そくてい,名詞,测量,測定を行う / 測定結果 / 測定器を使う,3,真题,否,なのです。 / 努力は、かけた時間によって測定できる,①测量（測定を行う｜进行测量）②评估（測定結果を確認｜确认测量结果）,边缘词
謙虚,けんきょ,形状詞,谦虚,謙虚な態度 / 謙虚に振る舞う / 謙虚さを持つ,3,真题,否,そうすると人は謙虚になっていく。 / 謙虚な態度でつきあっていれば、 相手から尊敬されるようになる。,①谦虚（謙虚な態度｜谦虚态度）②低调（謙虚に振る舞う｜低调行事）,边缘词
遅く,おそい,名詞,迟,遅くなる / 遅くまで / 遅くまで待つ,3,真题,否,. 夜遅くまで活動していること。 / あの人はたびたび夜遅くに電話をかけてくる。,①晚（遅く帰る｜晚归）②慢（遅く進む｜慢慢前进）,边缘词
うわさ,うわさ,名詞,传闻,うわさが広がる / うわさを聞く / うわさになる,3,真题,否,今、若者の間ではこんなうわさが普及している。 / よくないうわさが普及しているので、気をつけてください,①传闻（彼のうわさを聞いた｜听到他的传闻）②流言（うわさが広がった｜流言传播开了）,边缘词
やっと,やっと,副詞,终于,やっと終わった / やっと見つけた / やっと来た,3,真题,否,バスと電車を乗り継いで、やっと目的地に着いた / 私にふさわしいサイズの帽子がやっと見つかった。,①终于（やっと終わった｜终于结束了）②好不容易（やっと見つけた｜好不容易找到）,边缘词
怪しい,あやしい,形容詞,可疑,怪しい人物 / 怪しい行動 / 怪しい雰囲気,3,真题,否,その話を聞いて、とても怪しいと思った。 / と思うんだけど、ほかの人もみんな怪しいんだよなあ。,①可疑（怪しい人がいる｜有可疑的人）②不可靠（怪しい話だ｜不可靠的故事）,边缘词
蓄積,ちくせき,名詞,积累,蓄積がある / 蓄積する / 蓄積されたデータ,3,真题,否,この 「抗体」 / が蓄積されて一定,①积累（知識の蓄積｜知识的积累）②储存（エネルギーの蓄積｜储存能量）,边缘词
症状,しょうじょう,名詞,症状,症状が出る / 症状を訴える / 症状が改善する,3,真题,否,実は、今花粉症ではない人も、 今後症状が現れる可能性があります。 / 花粉に対して体が過剰に反応して症状が出るのが花粉症というわけです。,①症状（風邪の症状｜感冒症状）②表现（異常な症状｜异常表现）,边缘词
過剰,かじょう,名詞,过量,過剰な反応 / 過剰に摂取する / 過剰な期待,3,真题,否,最近は生産が過剰であることが問題になっている。 / 花粉に対して体が過剰に反応して症状が出るのが花粉症というわけです。,①过量（過剰な反応｜过量反应）②过度（過剰な期待｜过度期待）,边缘词
虫,むし,名詞,虫子,虫がいる / 虫を捕まえる / 虫が鳴く,3,真题,否,庭で見つけた虫の卵を栽培して、観察日記を書いた / その物質は、木々が動けない体を守るために自ら作り出すもので、 木につく虫や細菌の増加を防いだ,①虫子（虫がいる｜有虫子）②害虫（害虫対策｜害虫防治）,边缘词
産業,さんぎょう,名詞,产业,産業が発展する / 産業を支える / 産業の構造,3,真题,否,産業界の協力が得られなくなること / ハンバーガー店のような外食産業では非常に珍しい試みだ。,①产业（農業産業｜农业产业）②行业（情報産業｜信息行业）,边缘词
つき,つき,接尾辞,附带,つきのある / つきがある / つきのない,3,真题,否,また、「寄付つき」 / の商品を販売する企業も増えている。,①附带（料金がつきます｜会产生费用）②月（今月のつき｜这个月的月亮）,边缘词
不明,ふめい,名詞,不明,不明な理由 / 不明な点 / 不明な情報,3,真题,否,ご不明な点はお買い上げの販売店、 サービスセンターにお問い合わせください。 / 何かご不明な点がございましたら、お気軽に販売スタッフにお声をおかけください。,①不明（理由は不明｜理由不明）②未知（不明な情報｜未知信息）,边缘词
間隔,かんかく,名詞,间隔,間隔を空ける / 間隔が狭い / 間隔を測る,3,真题,否,い布に白い字で「夏祭り」 / と書かれた大きな長方形の旗が道路沿いに一定間隔で何本も立っていたの,①间隔，间隙（例：間隔を空けてください｜请留出间隔）②时间间隔（例：時間の間隔｜时间间隔）,边缘词
貧しい,まずしい,形容詞,贫穷,貧しい家庭 / 貧しい生活 / 貧しい国,3,真题,否,何もしないと心が貧しくなってしまうと感じること / しかし、それでは心が貧しくなってしまいそうです。,①贫穷，缺乏（例：貧しい生活｜贫穷的生活）②贫乏，匮乏（例：貧しい知識｜贫乏的知识）,边缘词
夢中,むちゅう,形状詞,沉迷,夢中になる / 夢中で遊ぶ / 夢中で勉強する,3,真题,否,歌に夢中になっているらしい。 / (注3) ハマる: ここでは、夢中になる,①沉迷，专注（例：夢中になっている｜沉迷于某事）②迷恋，热衷（例：ゲームに夢中｜热衷于游戏）,边缘词
プレッシャー,ぷれっしゃー,名詞,压力,プレッシャーを感じる / プレッシャーに耐える / プレッシャーがかかる,3,真题,否,プレッシャーを忘れ、 いろいろ考えるのが楽しい。 / そういう気が(注1)しきりにして、ちょっとしたプレッシャーになっている。,①压力，紧迫感（例：プレッシャーを感じる｜感到压力）②心理负担（例：大きなプレッシャー｜很大的心理负担）,边缘词
諸,もろ,接頭辞,各种,諸問題を解決する / 諸事情 / 諸国,3,真题,否,諸事情により、 8月6日(月)に出発することができなくなって / 就職活動のマナー、 履歴書の書き方、 ビザの変更に関する諸手続きなど,①各种，各类（例：諸問題について｜关于各种问题）②诸多，许多（例：諸々の事情｜许多事情）,边缘词
一抹,いちまつ,名詞,一丝,一抹の不安 / 一抹の希望 / 一抹の感情,3,真题,否,(注5) 一抹(いちまつ) の : ほんの少しの / これでいいのかな、と (注5) 一抹の不安を抱えながら、なんとか書いてい,①一丝，少许（例：一抹の不安｜一丝不安）②一缕，微弱（例：一抹の光｜一缕光）,边缘词
ちゃんと,ちゃんと,副詞,认真,ちゃんとやる / ちゃんと聞く / ちゃんと考える,3,真题,否,ちゃんと留学の準備してて、えらいね。 / 習字がうまいとか、係の仕事をちゃんとやってい,①认真，妥善（例：ちゃんとやる｜认真去做）②确实，确切（例：ちゃんとした理由｜确切的理由）,边缘词
スラスラ,すらすら,副詞,流畅,スラスラ話す / スラスラ書く / スラスラ進む,3,真题,否,(清水義範『スラスラ書ける! / と気がついてすらすら解けることがある。,①流畅，顺利（例：スラスラ話す｜流畅地说）②轻松，顺畅（例：スラスラ進む｜顺畅进行）,边缘词
定食,ていしょく,名詞,套餐,定食を注文する / 定食が人気 / 定食のメニュー,3,真题,否,社員に定食代の一部が返金され、寄付をする余裕ができる。 / 社員食堂で低カロリーの定食を食べることがどんな良い結果につながるのか。,①套餐，定食（例：定食を注文する｜点套餐）②固定菜单（例：定食の内容｜套餐内容）,边缘词
慈善,じぜん,名詞,慈善,慈善活動 / 慈善団体 / 慈善事業,3,真题,否,企業が慈善事業のためではなく利益を上げるために行うもの / ただ同じく裕福を主張しても、多くの人の幸福を願って慈善事業に協力する人もいれば、一方には「が,①慈善，施舍（例：慈善活動｜慈善活动）②公益，善举（例：慈善事業｜公益事业）,边缘词
とらえ直す,とらえなおす,動詞,重新理解,とらえ直す必要がある / とらえ直す視点 / とらえ直す方法,3,真题,否,は、自分の(注1) 人生の転機になったと捉え直すときがあるからだ。 / いちいち、しっかりととらえなおし、 その意味を自分にとってたしかな手応えのある (注4) ものにして,①重新理解（新たに考え直す｜重新思考）②重新抓住（再び捉える｜再次抓住）,边缘词
心身,しんしん,名詞,身心,心身を休める / 心身の健康 / 心身の疲れ,3,真题,否,いつまでも心身ともに元気でいられる54。 / うな借り物の声で話すことは、 気楽ではあるかもしれないけれど、 心身には大きな負担であろうと思い,身心健康（心と体の健康｜身心健康）,边缘词
思い浮かべる,おもいうかべる,動詞,想起,思い浮かべる瞬間 / 思い浮かべること / 思い浮かべる景色,3,真题,否,目の前にない物やできごとを思い浮かべることを象徴的思考と言う。 / (文字)を受け取って、 それぞれか自由にシーンを思い浮かべています。,①想起（思い出す｜想起）②浮现于脑海（頭に浮かぶ｜浮现在脑海）,边缘词
個別,こべつ,名詞,个别,個別に対応する / 個別の問題 / 個別のニーズ,3,真题,否,個別相談の申し込みをしたうえで、 13:00に7号館の2階202に行く。 / 個別相談の申し込みをしたうえで、 10:00に7号館の1階大講義室に行く。,个别的（個々の｜个别的）,边缘词
ケーキ,けーき,名詞,蛋糕,ケーキを作る / ケーキが美味しい / ケーキを食べる,3,真题,否,新しいきせつのケーキを売り出す / 奥さんが好きなケーキを買っていく,蛋糕（お菓子の一種｜一种点心）,边缘词
政府,せいふ,名詞,政府,政府が発表する / 政府の方針 / 政府の支援,3,真题,否,教育に関する政府の方針が大きく変わった。 / 政府は、我々の生活に直結するような問題にこそ、予算を使うべきである。,政府机构（国家の機関｜国家机构）,边缘词
進出,しんしゅつ,名詞,进出,進出する市場 / 進出を計画する / 進出の機会,3,真题,否,この会社は新しい範囲に進出した。 / 海外市場に進出するために販売部門を拡充した。,进军市场（市場に進出する｜进军市场）,边缘词
幹線,かんせん,名詞,干线,幹線道路 / 幹線が通る / 幹線の整備,3,真题,否,新幹線、行っちゃったんですか。 / バスの利益は、新幹線よりも料金が安いことだ。,干线铁路（主要な鉄道路線｜主要铁路线路）,边缘词
地元,じもと,名詞,本地,地元の人 / 地元の特産品 / 地元のイベント,3,真题,否,この大学は地元の学生が多い / 「これは地元ではよく知られた料理で、このすっぱさがおいしい。,本地（地元の｜本地的）,边缘词
プレゼント,ぷれぜんと,名詞,礼物,プレゼントを贈る / プレゼントが届く / プレゼントを選ぶ,3,真题,否,まごからのプレゼントだから / がっていたアクセサリをプレゼントした。,礼物（贈り物｜赠送的礼物）,边缘词
乗り,のり,名詞,乘坐,乗り物に乗る / 乗りが良い / 乗りを楽しむ,3,真题,否,ある40代の「乗り鉄」 / の女性は鉄道の魅力を52 語る。,①乘坐（電車に乗りましょう｜我们坐电车吧）②搭乘（バスに乗りたい｜想搭乘公交）,边缘词
車両,しゃりょう,名詞,车辆,車両が到着する / 車両の運行 / 車両を点検する,3,真题,否,などだ。 / 型の魅力について「車両の形を見ているだけでうっとり。,①车辆（車両が到着しました｜车辆到达了）②车厢（新しい車両が導入される｜新车厢将投入使用）,边缘词
多大,ただい,形状詞,巨大,多大な影響 / 多大な努力 / 多大な費用,3,真题,否,人間の生活に多大な影響を与えている問題だから / になり、人材の育成に多大の努力を注ぐとともに、いかに公正な評価のシステムを組み込むのかという,①巨大（多大な影響があります｜有巨大影响）②大量（多大な努力が必要です｜需要大量努力）,边缘词
弊社,へいしゃ,名詞,本公司,弊社の方針 / 弊社の製品 / 弊社のサービス,3,真题,否,弊社のデジタルカメラ「BS-ZG1」 / は、電源ボタンの不具合が見付かったため9月30日より販売,①本公司（弊社の製品をご覧ください｜请查看本公司的产品）,边缘词
幸い,さいわい,名詞,幸运,幸いなことに / 幸いを感じる / 幸いな出会い,3,真题,否,っぱり幸いだと、私は思います。 / できるようになったのは幸いである。,①幸运（幸いなことに晴れた｜幸运的是晴天）②有幸（幸いにして助けが来た｜有幸得到帮助）,边缘词
踏む,ふむ,動詞,踩,踏む音 / 踏むことができる / 踏む場所,3,真题,否,. 電車の中で最寄りの人に足を踏まれた。 / しかし、 慌てないで順に段取りを踏んでいこうではな,①踩踏（草を踏んでしまった｜踩到了草）②经历（経験を踏むことが大切｜经历很重要）,边缘词
だいぶ,だいぶ,副詞,相当,だいぶ良くなった / だいぶ遅れた / だいぶ大きい,3,真题,否,木村さん、 だいぶ髪が伸びましたね」 / (注1)大部(だいぶ): 書物の冊数やページ数が多いこと,①相当（だいぶ良くなった｜相当好）②很大程度（だいぶ疲れた｜很累）,边缘词
普遍,ふへん,名詞,普遍,普遍的な真理 / 普遍的な価値 / 普遍的な問題,3,真题,否,(注2)普遍的 (ふへんてき)な:広くすべてのものに共通して見られる / うすることによってはじめて (注2) 普遍的な美の世界が出現するのだと思う。,①普遍（普遍的な真理です｜普遍真理）②普及（普遍的な問題です｜普遍问题）,边缘词
正,ただし,名詞,正确,正しい答え / 正しい方法 / 正しい判断,3,真题,否,を考える』による) / (梅澤正・脇坂敦史『「働く」,①正确（正しい答えです｜正确答案）②正义（正義を守る｜维护正义）,边缘词
近づける,ちかづける,動詞,靠近,近づける距離 / 近づけるように / 近づける手段,3,真题,否,自分の考えを著者に近づけることもできるから / 目の前にあるものをできるだけ現実に近づけて描き表したもの,①靠近（近づける方法を考える｜想办法靠近）②接近（距離を近づける｜拉近距离）,边缘词
こだわり,こだわり,名詞,执着,こだわりを持つ / こだわりのある / こだわりが強い,3,真题,否,という強いこだわりは / 消費者は後者のこだわりを捨てつつある。,①执着于某事（彼は食材にこだわりがある｜他对食材很讲究）②讲究，讲究品质（こだわりのある店｜讲究品质的店）,边缘词
中古,ちゅうこ,名詞,二手,中古品を買う / 中古市場 / 中古車,3,真题,否,衣料品や家具などでは中古品市場や消費者同士の交換が盛んだ。 / 回収後は、 中古の衣類として再使用したり、工場で再生利用したりし,①二手，旧货（中古車を買った｜买了二手车）②使用过的物品（中古品を探している｜在找二手物品）,边缘词
ようやく,ようやく,副詞,终于,ようやく完成した / ようやく見つけた / ようやく終わった,3,真题,否,消費者の新たな価値観に、企業がようやく追いついてきた。 / 山に登り始めて5時間ぐらいして、ようやく頂上に着いた。,①终于，勉强（ようやく終わった｜终于结束了）②好不容易（ようやく見つけた｜好不容易找到）,边缘词
不良,ふりょう,名詞,不良,不良品 / 不良の原因 / 不良が多い,3,真题,否,どうすれば不良品を減らせるか、 どうすれば作業 / 市場が広がれば、(注5)粗悪品や不良品が出回る可能性も高まる。,①不良，坏（不良品が多い｜不良品很多）②不良少年（不良の友達｜不良朋友）,边缘词
粗末,そまつ,形状詞,粗糙,粗末な食事 / 粗末な扱い / 粗末な材料,3,真题,否,く含み、表面に傷がたくさんある粗末な品質のものだった。 / (注5)粗悪(そあく) 品: 粗末(そまつ)で質が悪いもの,①粗糙，简陋（粗末な食事｜粗糙的饭菜）②不重视，轻视（粗末に扱うな｜不要轻视）,边缘词
ちょうど,ちょうど,副詞,正好,ちょうどいい / ちょうどその時 / ちょうど見つけた,3,真题,否,夫「ううん、ちょうどいいよ。 / (注4) まさに : ちょうど,①正好，恰好（ちょうどいいサイズ｜正好的大小）②刚好，适时（ちょうど来た｜刚好来了）,边缘词
一見,いっけん,副詞,一看,一見普通 / 一見の価値 / 一見の印象,3,真题,否,となると、 な / たとえば、「走る」,①乍一看，初看（これは一見簡単だ｜乍一看简单）②看似，表面上（一見普通の人｜看似普通的人）,边缘词
組みかえる,くみかえる,動詞,重组,組みかえる必要がある / 組みかえる方法 / 組みかえることができる,3,真题,否,自分の中にある固定観念(注1)、 思い込み、価値の枠組みを組み替えたり、 転換することはな / いかない時には、 少し視点をずらしてみたり、大胆 (注4) に組み替えたりしてみることも、また,①重新组合，改组（部品を組みかえた｜重新组合部件）②调整，改动（計画を組みかえた｜调整计划）,边缘词
ガソリン,がそりん,名詞,汽油,ガソリンを入れる / ガソリンが切れる / ガソリンスタンド,3,真题,否,そのような中でガソリンではなく / ガソリンの値段が大幅に上がった。,①汽油，燃料（ガソリンを入れる｜加油）②石油产品（ガソリンスタンド｜加油站）,边缘词
充電,じゅうでん,名詞,充电,充電が必要 / 充電する / 充電器,3,真题,否,また、充電する場所も限ら / 充電さえしていれば、 誰とでもいつでも連,①充电，电池充电（携帯を充電する｜给手机充电）②补充电量（充電が必要だ｜需要充电）,边缘词
優しい,やさしい,形容詞,温柔,優しい言葉 / 優しい人 / 優しい笑顔,3,真题,否,優しい子になってほしい。 / げんこうの表現をやさしくする,①温柔体贴（彼は優しい人です｜他是个温柔的人）②容易理解（この問題は優しいです｜这个问题简单）,边缘词
不可欠,ふかけつ,形状詞,不可或缺,不可欠なもの / 不可欠な存在 / 不可欠な要素,3,真题,否,せるためには決断が不可欠である。 / というものがあって、その役割を学び、 生きることこそが必要不可欠なのである。,①必不可少（水は不可欠です｜水是必不可少的）②不可或缺（彼の存在は不可欠です｜他的存在不可或缺）,边缘词
文系,ぶんけい,名詞,文科,文系の学生 / 文系の学部 / 文系の科目,3,真题,否,と思うような後悔である。 / 文系が得意ではなかったから,①人文学科（彼は文系の学生です｜他是文科学生）②文科专业（文系の授業を受ける｜上文科课）,边缘词
つなげる,つなげる,動詞,连接,つなげること / つなげるため / つなげる方法,3,真题,否,思い返して次につなげる。 / の重要な仕事なのである。,①连接（線をつなげる｜连接线）②联结（心をつなげる｜联结心灵）,边缘词
選び,えらび,名詞,选择,選び方 / 選びの基準 / 選びのポイント,3,真题,否,学型研修」、「講師出張型研修」 / の二つのスタイルからお選びいただけます。,①选择（好きな色を選びます｜选择喜欢的颜色）②挑选（本を選びました｜挑选书籍）,边缘词
支店,してん,名詞,分店,支店がある / 支店で働く / 支店の業務,3,真题,否,会社員の有田さんは3ヶ月後に海外支店に転勤することになった。 / 鍵の受け取り日が定休日の場合は、ほかの支店で受け取れると書い,①分店（この店は支店です｜这家是分店）②分公司（支店が多いです｜分公司很多）,边缘词
転勤,てんきん,名詞,调动,転勤が決まる / 転勤先 / 転勤の通知,3,真题,否,「勤務地や転勤の有無」 / も 22.1%あった。,①调动（彼は転勤しました｜他调动了工作）②工作调动（転勤が決まりました｜调动已决定）,边缘词
りする,りする,動詞,进行,りすること / りするため / りする方法,3,真题,否,この公園は市がかんりしている / りする(注1)ような手紙を書いてはいけない。,①进行（勉強りする｜进行学习）②做（運動りする｜做运动）,边缘词
ふくし,ふくし,名詞,福利,ふくしが充実する / ふくしの制度 / ふくしの向上,3,真题,否,この国はふくしが充実している / この国はふくしが充実している。,①福利（会社のふくしが良い｜公司的福利好）②福祉（ふくしの仕事をする｜做福祉工作）,边缘词
ぞくする,ぞくする,動詞,属于,ぞくすること / ぞくする団体 / ぞくする分野,3,真题,否,選手時代にしょぞくしていたから / この二つの会社は、同じ企業グループにぞくしている,①属于（彼はこの団体にぞくする｜他属于这个团体）②隶属（会社にぞくする｜隶属于公司）,边缘词
屋外,おくがい,名詞,户外,屋外で活動する / 屋外のイベント / 屋外の施設,3,真题,否,眞夏の屋外でずっと仕事をしたら、 くたくたになった / . 屋内より屋外で飼ったほうが、 金魚はえさをよく食べる。,①户外（公園は屋外です｜公园是户外）②室外（屋外で遊ぶ｜在室外玩）,边缘词
うつむく,うつむく,動詞,低头,うつむく姿 / うつむくこと / うつむく癖,3,真题,否,前田さんはさっきからうつむいている。 / 鈴木さんは恥ずかしそうにうつむいていた,①低头（彼はうつむいている｜他低着头）②垂头丧气（うつむいて歩く｜垂头丧气走）,边缘词
数学,すうがく,名詞,数学,数学の問題 / 数学を学ぶ / 数学の授業,3,真题,否,田中さんは数学の世間では有名だ / 社会人になった今では数学も歴史も、,①数学（数学の授業がある｜有数学课）,边缘词
開館,かいかん,名詞,开馆,開館時間 / 開館の案内 / 開館する日,3,真题,否,開館時間を早めることを検討している / 夏期の開館時間を1時間延長することにします,①开放（図書館は開館した｜图书馆开放了）②开馆（美術館が開館する｜美术馆开馆）,边缘词
住宅,じゅうたく,名詞,住宅,住宅が増える / 住宅の価格 / 住宅の種類,3,真题,否,また、日本人の住宅観も原因として52。 / 原因の一つに、戦後の日本の特殊な住宅事情があるようです。,①住宅（住宅街に住んでいる｜住在住宅区）②住房（新しい住宅を探す｜找新住房）,边缘词
敏感,びんかん,名詞,敏感,敏感な肌 / 敏感な問題 / 敏感に反応する,3,真题,否,寒さが敏感にわかるようになる / 大人の意図を、子どもは敏感に察知します (注2)。,①敏感（彼は敏感な人だ｜他是敏感的人）②灵敏（敏感な肌｜敏感的皮肤）,边缘词
ワールド,わーるど,名詞,世界,ワールドカップ / ワールドツアー / ワールドビジョン,3,真题,否,の件でございますが、 100台のうち / 読書でワールドを増やしていけるのです。,①世界（ワールドカップがある｜有世界杯）②领域（ゲームワールド｜游戏领域）,边缘词
開封,かいふう,名詞,打开,開封する瞬間 / 開封の儀式 / 開封の手続き,3,真题,否,さっそく開封しましたところ、 / 父に届く郵便物が引退してから少なくなって、 開封する楽しみが減ったから,①开封（手紙を開封する｜打开信）②开启（箱を開封する｜打开箱子）,边缘词
対,たい,名詞,对,対策を講じる / 対になる / 対の関係,3,真题,否,AとBの両方を読んで、後の問いに対 / (注1) フィフティ・フィフティ: 50 対 50、 半分ずつ,①对（対話をする｜进行对话）②对抗（対戦が始まる｜对抗开始）,边缘词
写す,うつす,動詞,抄写,写すこと / 写す技術 / 写す方法,3,真题,否,ということ。 / いことまで写している」,①拍摄（写真を写す｜拍照片）②抄写（ノートに写す｜抄写到笔记本）,边缘词
主体,しゅたい,名詞,主体,主体が重要 / 主体の役割 / 主体の考え,3,真题,否,が「いい一日」 / と日記に書けるように、 主体的に行動す,①主体，主要部分（例：主体が重要です｜主体很重要）②主导，主角（例：主体を決める｜决定主体）,边缘词
欲求,よっきゅう,名詞,欲望,欲求を満たす / 欲求が高まる / 欲求の種類,3,真题,否,すべての欲求が何の苦もなく満たされる。 / もの心つくかつかないかというころの子供は、まだ言葉では表現できない自分の感情や欲求を、何,①欲望，需求（例：欲求が強い｜欲望很强）②渴望，愿望（例：欲求を満たす｜满足愿望）,边缘词
遭遇,そうぐう,名詞,遭遇,遭遇すること / 遭遇の瞬間 / 遭遇の経験,3,真题,否,ところが、この挨拶犬が子イヌと遭遇したときには、 子イヌが挨拶 / ところが、この挨拶犬が子イヌと遭遇したときには、 子イヌが挨拶を,①遭遇，遇到（例：遭遇した事件｜遇到事件）②遭遇，碰到（例：遭遇した困難｜碰到困难）,边缘词
戦略,せんりゃく,名詞,战略,戦略を立てる / 戦略の策定 / 戦略の実行,3,真题,否,部下たちの価値観を認め、力を引きだせるような戦略を示すこと / (針山孝彦『生き物たちの情報戦略------生存をかけた静かなる戦い』による),①战略，计划（例：戦略を立てる｜制定战略）②策略，方针（例：戦略が必要｜需要策略）,边缘词
戦い,たたかい,名詞,战斗,戦いに挑む / 戦いの場面 / 戦いの結果,3,真题,否,武器を持たないため、 大集団同士の戦いを避けて生きていた点 / (針山孝彦『生き物たちの情報戦略------生存をかけた静かなる戦い』による),①战斗，斗争（例：戦いが続く｜战斗持续）②竞争，较量（例：戦いに勝つ｜赢得竞争）,边缘词
旧跡,きゅうせき,名詞,古迹,旧跡を訪れる / 旧跡の保存 / 旧跡の調査,3,真题,否,自然の風景や名所旧跡は静的である。 / (注1)旧跡(きゅうせき):歴史上の出来事があった場所や、歴史上の物が残っている所,①古迹，遗址（例：旧跡を訪れる｜参观古迹）②历史遗址（例：旧跡が多い｜有很多历史遗址）,边缘词
なみ,なみ,接尾辞,波,なみの音 / なみの高さ / なみの動き,3,真题,否,(注) ~ 並みの : 〜と同じような / この技術を利用することで、名器並みの(注)優れた楽器,①波，波浪（例：海のなみ｜海浪）②同等，平常（例：なみの人々｜普通的人们）,边缘词
出勤,しゅっきん,名詞,上班,出勤する時間 / 出勤の準備 / 出勤のルート,3,真题,否,今週の土日に出勤すること / 歩いて出勤することもおおい。,①上班，出勤（例：出勤時間｜上班时间）②到岗，工作（例：出勤する｜到岗）,边缘词
典型,てんけい,名詞,典型,典型的な例 / 典型の特徴 / 典型のモデル,3,真题,否,私は市場型人間の典型だ。 / そうして、 それが読書感想文の扱える典型的な本なのだ。,①典型，代表（例：典型的な例｜典型的例子）②模范，样本（例：典型を示す｜显示典型）,边缘词
有利,ゆうり,形状詞,有利,有利な条件 / 有利な立場 / 有利な状況,3,真题,否,したがって集団の人口増加も「都市」 / の拡大も、人間にとって有利なことであった。,①有利，优势（例：有利な条件｜有利的条件）②有益，利好（例：有利に働く｜有利的影响）,边缘词
減速,げんそく,名詞,减速,減速する必要 / 減速の原因 / 減速の方法,3,真题,否,そのため、 加速、最高速度の維持、減速というそれぞれの段階に / その後はスピードが落ちてきても、それまでのペースを意識することで減速が抑,①减速（車の減速｜车减速）②放慢速度（速度を落とす｜放慢速度）,边缘词
高,こう,接頭辞,高,高い山 / 高い評価 / 高い目標,3,真题,否,高速度に達したら残りの距離はできるだけそのペースを守る。 / それらが一気に解決され、 高品質の板ガラスを大量生産することが可能になったのが1959年,①高（高い山｜高山）②贵（高い値段｜高价）,边缘词
後半,こうはん,名詞,后半,後半の試合 / 後半の展開 / 後半の結果,3,真题,否,山登りは長時間の運動なので、体力を保存しないと後半が大変だ / Bは後半にどれだけスピードが落ちないようにできるかが大切だと述べている。,①后半（試合の後半｜比赛的后半段）②下半部分（後半の部分｜下半部分）,边缘词
余計,よけい,形状詞,多余,余計なこと / 余計な費用 / 余計な心配,3,真题,否,そうすれば、余計なことに時間を / して元の道に戻ろうとしても、余計に迷うだけだ。,①多余（余計なこと｜多余的事）②过分（余計な心配｜过分担心）,边缘词
解説,かいせつ,名詞,解说,解説を聞く / 解説の内容 / 解説の方法,3,真题,否,小説家で自作解説をする人がたまにいる。 / もう一つは自作解説ができるほど言いたい,①解说（詳しい解説｜详细解说）②说明（解説を聞く｜听解说）,边缘词
つける,つける,動詞,附上,つけること / つける場所 / つける時間,3,真题,否,言ってみるものだ、そんなふうにして、ぼくたちは教養を身につける。 / そのことにより、 幼児は自分の気持ちをコントロールする力を身につける。,①打开（電気をつける｜打开电灯）②附上（名前をつける｜起名字）,边缘词
明治,めいじ,名詞,明治,明治時代 / 明治の文化 / 明治の歴史,3,真题,否,. この建物は有名な建築物で、 明治時代の初期に建てられました。 / 松川歴史博物館別館では、明治時代の政治家の別荘を別館として公開しています。,①明治时代（明治時代｜明治时代）②明治维新（明治維新｜明治维新）,边缘词
祝日,しゅくじつ,名詞,节日,祝日が多い / 祝日の過ごし方 / 祝日の行事,3,真题,否,土曜日、日曜日、国民の祝日、年末年始(12月28日~翌年1月4日) / 出張可能な曜日 月~土(日・祝日をご希望の方は可能の範囲で対応いたします。,①节假日（祝日が多い｜假期很多）②庆祝日（祝日を祝う｜庆祝假日）,边缘词
魚,さかな,名詞,鱼,魚を釣る / 魚の種類 / 魚の料理,3,真题,否,. 店に置く魚の種類を増やす / 市場にいつも使う魚がなかったから,①鱼类（魚が泳ぐ｜鱼在游）②食用鱼（魚を食べる｜吃鱼）,边缘词
ほいく,ほいく,名詞,保育,ほいくの重要性 / ほいくの方法 / ほいくの現場,3,真题,否,ほいくしょが不足している問題 / 子供をほいくえんに迎えに行くから,①保育（ほいくが必要｜需要保育）②育儿（子どものほいく｜孩子的保育）,边缘词
占める,しめる,動詞,占据,占める割合 / 占める位置 / 占める役割,3,真题,否,幸福の大きな部分を占めています。 / この店の客は女性が80%を占める。,①占据（この部屋は私が占める｜这个房间我占据）②包含（この商品は市場の半分を占める｜这个商品占市场一半）,边缘词
タオル,たおる,名詞,毛巾,タオルを使う / タオルの種類 / タオルを持参する,3,真题,否,このタオルとシャツはしめっているね。 / 強い日ざしに備え、帽子、タオル、飲み物などをご用意ください。,①毛巾（タオルを使って顔を拭く｜用毛巾擦脸）②浴巾（お風呂上がりにタオルを使う｜洗澡后用毛巾）,边缘词
きつい,きつい,形容詞,紧,きつい服 / きつい仕事 / きつい状況,3,真题,否,この坂は傾向がきつくて、自転車だとつらい / 今日、子どもをきつくしかりすぎたので、気をつけようと思う。,①紧的（この靴はきつい｜这双鞋很紧）②辛苦的（仕事がきつい｜工作很辛苦）,边缘词
コンサート,こんさーと,名詞,音乐会,コンサートに行く / コンサートのチケット / コンサートの内容,3,真题,否,このコンサートの警備には、警備員 / . 彼はコンサートで派手な衣装を着ていた。,①音乐会（コンサートに行く｜去音乐会）②演唱会（彼のコンサートは楽しかった｜他的演唱会很有趣）,边缘词
光熱,こうねつ,名詞,光热,光熱費がかかる / 光熱の供給 / 光熱の管理,3,真题,否,・寮費に光熱費が含まれているところがいい。 / 注意 (1)* がついている場合、 寮費には光熱費が含まれません。,①光和热（光熱費が高い｜能源费用高）②能源费用（光熱費を節約する｜节约能源费用）,边缘词
給料,きゅうりょう,名詞,工资,給料が上がる / 給料の支払い / 給料の明細,3,真题,否,(注2)報酬:ここでは、 給料 / 給料が自分の予想より低かったから。,①工资（給料が振り込まれた｜工资到账）②薪水（給料が上がった｜工资上涨）,边缘词
下げる,さげる,動詞,降低,下げること / 下げる必要 / 下げる方法,3,真题,否,特定の期間、商品の値段を下げた / 道路表面の温度を下げる 53 道路は太陽に熱せられ、夏は特に熱くなりやすい。,①降低（値段を下げる｜降低价格）②减少（音量を下げる｜减少音量）,边缘词
驚き,おどろき,名詞,惊讶,驚きの声 / 驚きの表情 / 驚きの事実,3,真题,否,とだからまったく驚きだ。 / その過程には思わぬ発見や驚きがあ,①惊讶（驚きの声を上げる｜发出惊讶声）②意外（驚きの結果だった｜意外的结果）,边缘词
品物,しなもの,名詞,物品,品物を選ぶ / 品物の種類 / 品物の価格,3,真题,否,また、ご近所でしたら、以下の番号までお電話いただければ、品物を取りに参ります。 / 食料という、われわれが生きていくうえで欠かせないものまでも、ほかの品物と同じように商業主義,①商品（この品物は高い｜这个商品很贵）②物品（品物を選ぶ｜选择物品）,边缘词
台所,だいどころ,名詞,厨房,台所が広い / 台所の設備 / 台所の掃除,3,真题,否,台所でストーブの火が燃え出したこと / 台所のカーテンにストーブの火が燃え移ったこと,①厨房（台所で料理する｜在厨房做饭）②厨房区域（台所が狭い｜厨房很小）,边缘词
かばん,かばん,名詞,包,かばんを持つ / かばんの中身 / かばんのデザイン,3,真题,否,店長鈴本洋一 / 手作りかばんの店 「アズレ」,①包，袋子（私のかばんは重いです｜我的包很重）②公文包（彼はかばんを持っています｜他有公文包）,边缘词
本心,ほんしん,名詞,本心,本心を話す / 本心の言葉 / 本心の理解,3,真题,否,(注4)本心:本当の気持ち / 見て、「本心(注4)を口にしない」,①本意，真实想法（彼の本心は分からない｜不知道他的真实想法）②真心，真诚（本心で話す｜真心交流）,边缘词
裏,うら,名詞,背面,裏の面 / 裏の事情 / 裏の世界,3,真题,否,と思わせたおもちゃメーカーの / (森本哲郎『日本語 表と裏』による),①背面，反面（裏を見てください｜请看背面）②秘密，隐秘（裏の事情があります｜有隐秘的事情）,边缘词
ダイレクト,だいれくと,形状詞,直接,ダイレクトに伝える / ダイレクトなアプローチ / ダイレクトな影響,3,真题,否,(注2)ダイレクトメール: 個人に直接送られてくる広告 / ダイレクトメールで、 開封もせずにゴミ箱行きになるものが多かったのだが、それでも父は不機嫌,①直接，直达（ダイレクトメールを送る｜发送直邮）②直白，坦率（ダイレクトに言う｜直接说）,边缘词
証拠,しょうこ,名詞,证据,証拠を示す / 証拠の収集 / 証拠の提示,3,真题,否,その発言がうそだというあきらかな証拠があります。 / ダイレクトメールであっても、それが届くということは、その人が世の中に存在している証拠である。,①证据，证明（証拠を集める｜收集证据）②迹象，迹象（証拠がない｜没有证据）,边缘词
ファクター,ふぁくたー,名詞,因素,ファクターを考慮する / ファクターの分析 / ファクターの影響,3,真题,否,(注1) ファクター: 要素 / 人材の評価や選抜の方式は、社会の根本的な活力を規定する最も重要なファクターである。,①因素，成分（成功のファクター｜成功的因素）②要素，条件（重要なファクター｜重要的要素）,边缘词
育成,いくせい,名詞,培养,育成の重要性 / 育成プログラム / 育成の方法,3,真题,否,その人材の育成には時間がかかる。 / かもその人材の育成には時間がかかる。,①培养，养成（人材を育成する｜培养人才）②发展，成长（育成に力を入れる｜注重发展）,边缘词
躍起,やっき,名詞,积极,躍起になって取り組む / 躍起の姿勢 / 躍起の行動,3,真题,否,(注3)躍起になる:必死になる / だからこそ、いつの時代でも、どの組織でも、優秀な人材の獲得に (注3)躍起,①拼命，努力（躍起になって働く｜拼命工作）②激动，兴奋（躍起になって喜ぶ｜兴奋地欢呼）,边缘词
素,もと,名詞,素,素の状態 / 素のまま / 素の成分,3,真题,否,(注1) β-カロテン: 栄養素の一つ / それでも一生懸命仕事がやれたのは、ふりかえると僕には素,①素质，成分（素が大事です｜素质很重要）②本质，原始（素のままで｜保持本质）,边缘词
直立,ちょくりつ,名詞,直立,直立する姿勢 / 直立の状態 / 直立の姿,3,真题,否,直立歩行で手や足を使って相手を攻撃することができるようになったから / ところが、人間では、直立歩行をするようになって、口の役割が変わりました。,①直立，竖立（直立している｜直立着）②挺立，站立（直立姿勢｜保持直立姿势）,边缘词
介護,かいご,名詞,护理,介護が必要 / 介護の仕事 / 介護の現場,3,真题,否,.ボランティアでお年寄りの介護をしている。 / し、実際に介護施設などで動物を飼おうとすると、 アレルギーや世話の問題など、難しい,①照顾老人或病人（例：介護が必要です。｜需要照顾）②护理服务（例：介護サービスを利用する。｜使用护理服务）,边缘词
就学,しゅうがく,名詞,入学,就学をする / 就学に関する / 就学が始まる,3,真题,否,子供が未就学児のうちから親が教育に関心を持つようにすること / (注1)未就学児 小学校に入る前の子供(注2)要件:必要な条件,①入学上学（例：就学年齢です。｜入学年龄）②接受教育（例：就学義務があります。｜有上学义务）,边缘词
児,こ,接尾辞,儿童,児が遊ぶ / 児に教える / 児が成長する,3,真题,否,子供が未就学児のうちから親が教育に関心を持つようにすること / (注1)未就学児 小学校に入る前の子供(注2)要件:必要な条件,①孩子（例：児が遊んでいる。｜孩子在玩）②儿女（例：児の成長を見守る。｜看着孩子成长）,边缘词
無給,むきゅう,名詞,无薪,無給で働く / 無給の仕事 / 無給が続く,3,真题,否,子供が3歳未満なら有給、3歳以上なら無給で休暇を取れる。 / 無給でも育児休暇を取る社員を増やし、生産の能率を上げること,①没有工资（例：無給で働く。｜无薪工作）②无薪水（例：無給の休暇。｜无薪假期）,边缘词
とどまる,とどまる,動詞,停留,とどまる場所 / とどまる理由 / とどまることができる,3,真题,否,その後も人類の夢はとどまらず、各国は国の誇りをかけて膨大 / 法に基づく休暇は育児をする女性のほとんどが取得しているものの、男性の取得率は3%にとどまって,①停留不前（例：ここにとどまる。｜停留在这里）②保持状态（例：現状にとどまる。｜保持现状）,边缘词
減少,げんしょう,名詞,减少,減少が見られる / 減少に対処する / 減少が続く,3,真题,否,約80%減少したという。 / 化の中で、相対的に米の消費量が減少したのだろう。,①减少数量（例：人口が減少する。｜人口减少）②降低程度（例：費用が減少した。｜费用减少）,边缘词
踏ん張る,ふんばる,動詞,坚持,踏ん張る力 / 踏ん張る姿勢 / 踏ん張ることが大切,3,真题,否,という選択肢を持っておく / という選択肢のほかに、 「逃げる」,①坚持不懈（例：最後まで踏ん張る。｜坚持到最后）②努力克服（例：困難に踏ん張る。｜努力克服困难。）,边缘词
ブランド,ぶらんど,名詞,品牌,ブランドが人気 / ブランドを選ぶ / ブランドが高い,3,真题,否,車をもつ、 家をもつ、 高級ブランド品をもつ、携帯電話 / 日本文化と同様に、切り捨てではなく洗練によってシンプルに見えるものは、ヨーロッパのブランド,①品牌（例：有名なブランド。｜有名的品牌。）②商标（例：ブランド品を買う。｜买品牌商品。）,边缘词
論,ろん,名詞,论述,論を展開する / 論に基づく / 論が成立する,3,真题,否,だから 「情の世界」 / (奥山清行『ムーンショット デザイン幸福論』による),①理论（例：経済論について。｜关于经济理论。）②讨论（例：論を交わす。｜进行讨论。）,边缘词
表示,ひょうじ,名詞,表示,表示を確認する / 表示が必要 / 表示が変わる,3,真题,否,楽遊の表示がある博物館、美術館、寺院、庭園などで、このパスをお見せください。 / 楽遊の表示がある店で2000円以上の買い物をすると、 代金から5%割引します。,①显示标示（例：表示を確認する。｜确认显示。）②表达意思（例：意見を表示する。｜表达意见。）,边缘词
書き直す,かきなおす,動詞,重写,書き直す必要がある / 書き直す時間 / 書き直すことができる,3,真题,否,しぼうりゆう書を書き直す / 消しゴムで消して書き直せること,①重写（例：文章を｜重写文章。）②改正（例：誤りを｜改正错误。）,边缘词
こうしん,こうしん,名詞,更新,こうしんが行われる / こうしんに関する / こうしんが必要,3,真题,否,けんこうしんだん書を用意する / 自分の記録をこうしんするため,①更新（例：情報を｜更新信息。）②公信（例：信頼を｜建立信任。）,边缘词
ちょうこく,ちょうこく,名詞,雕刻,ちょうこくを施す / ちょうこくが美しい / ちょうこくを作る,3,真题,否,旅先であるちょうこくを見たこと / 彫刻家川村たけるが作る動物の彫刻作品は、形はシンプル,①雕刻（例：石を｜雕刻石头。）②刻印（例：印を｜刻印图案。）,边缘词
プレゼンテーション,ぷれぜんてーしょん,名詞,演示,プレゼンテーションを行う / プレゼンテーションが成功する / プレゼンテーションの準備,3,真题,否,会議でプレゼンテーションをする / 女の社員はプレゼンテーションが上手だから,①演示（例：資料の｜资料演示。）②展示（例：作品の｜作品展示。）,边缘词
しゅうかく,しゅうかく,名詞,收获,しゅうかくの時期 / しゅうかくをする / しゅうかくが豊作,3,真题,否,今年はたくさんの野菜がしゅうかくできたそうだ。 / 【48】 収穫のタイミングは、 成長の具合や天気予報をもとに、 いつ,①收获（例：作物を｜收获作物。）②采集（例：果実を｜采集果实。）,边缘词
いたる,いたる,動詞,到达,いたるところ / いたるまで行く / いたる時間,3,真题,否,を軽視するなら、そ / 町のいたるところに花が植えられている。,①到达（例：目的地に｜到达目的地。）②达到（例：結論に｜达到结论。）,边缘词
かたよる,かたよる,動詞,偏向,かたよる考え / かたよることがある / かたよる傾向,3,真题,否,はずされない 3 かたよらない / 視点が偏らないように、さまざまな種類の本を読むことが大切だ,①偏向（例：意見が｜意见偏向。）②不均（例：分布が｜分布不均。）,边缘词
涙,なみだ,名詞,泪水,涙が流れる / 涙を流す / 涙が出る,3,真题,否,悲しい映画を見たせいか、 涙が漏れてきた / .煙が目にしみて、 涙が止まらなくなった。,①眼泪（例：悲しい時に｜悲伤时流泪。）,边缘词
輸入,ゆにゅう,名詞,进口,輸入が増える / 輸入に依存する / 輸入を行う,3,真题,否,その多くを海外からの輸入に頼っているという。 / ら日本では様々な食物を輸入するようになり、米以外にパンなどを主食としてよく食べるようになっ,①进口（例：商品を｜进口商品。）②引进（例：技術を｜引进技术。）,边缘词
花芽,かが,名詞,花芽,花芽が出る / 花芽を育てる / 花芽が成長する,3,真题,否,落ち、花芽は「休眠」 / という期間に入ります。,①花蕾（例：植物の｜植物的花蕾。）②花芽（例：成長する｜花蕾成长。）,边缘词
目覚める,めざめる,動詞,觉醒,目覚める瞬間 / 目覚めることが大切 / 目覚める時間,3,真题,否,に目覚める / 「大学生の楽しさ」,①醒来（例：朝に目覚める｜早上醒来。）②觉醒（例：意識が目覚める｜意识觉醒。）,边缘词
昼食,ちゅうしょく,名詞,午餐,昼食を取る / 昼食が楽しみ / 昼食の時間,3,真题,否,昼休みには、昼食を取る人に休憩室を優先して使わせてほしい。 / したが、まだ昼食時に多くの人が利用できずに不便を感じています。,①午餐（例：昼食を食べる｜吃午餐。）,边缘词
考えなおす,かんがえなおす,動詞,重新考虑,考えなおす必要がある / 考えなおす時間 / 考えなおすことが大切,3,真题,否,やり方、人生を考え直すことになるのです。 / を考え直したり、おさらいしたりしようと思っても、それは難しいのです。,①重新考虑（例：計画を考えなおす｜重新考虑计划。）,边缘词
年月,としつき,名詞,年月,年月が経つ / 年月を重ねる / 年月が流れる,3,真题,否,長い年月をかけて作られていて、 名器のような音が出せるもの / この製造法の発明から実用化までは、 苦難の道であり7年の年月がかかったが、,①岁月（例：年月が経つ｜岁月流逝。）②时间（例：年月が流れる｜时间流逝。）,边缘词
ゆがみ,ゆがみ,名詞,扭曲,ゆがみが生じる / ゆがみを直す / ゆがみが気になる,3,真题,否,板ガラスの製造法も発明されたが、この製造法においてもゆがみをなくすことはできなかった。 / この方法によって、表面に輝きがあり、 平らで(注2)ゆがみのない板ガラスを連続的に低コストで作,①扭曲（例：心のゆがみ｜心灵的扭曲。）②偏差（例：ゆがみが生じる｜产生偏差。）,边缘词
通ずる,つうずる,動詞,通向,通ずる道 / 通ずる考え / 通ずる関係,3,真题,否,十数メートルしか離れていない場所なのに、 携帯電話が通じなくなることがあるなんて、考 / このように、板ガラスの歴史を通じて多くの製造法が発明されたが、いずれもどこかに問題点を抱え,①通向（例：道が通ずる｜道路通向。）②相通（例：心が通ずる｜心灵相通。）,边缘词
無用,むよう,名詞,无用,無用なもの / 無用が続く / 無用を排除する,3,真题,否,として脳 / と「無用な情,①无用（例：無用な物｜无用的东西。）②没必要（例：無用な心配｜没必要担心。）,边缘词
適,てき,名詞,适合,適に選ぶ / 適がある / 適に対応する,3,真题,否,日本では昔から米や野菜がよく食べられてきたため、日本人の体はそれらの消化に適 / 自分の能力や適性と、実際に就いている職業や希望する職業、 あるいは生き方が必要とする能力や適,①适合（例：適した方法｜适合的方法。）②合适（例：適な場所｜合适的地方。）,边缘词
思いきる,おもいきる,動詞,下决心,思いきる決断 / 思いきることができる / 思いきる瞬間,3,真题,否,(注4)大胆に: 思い切って / (注1)大胆に : 思い切って,①下定决心（例：思いきって行動する｜下定决心行动。）,边缘词
突然,とつぜん,副詞,突然,突然の出来事 / 突然の訪問 / 突然の変化,3,真题,否,からといって突然高まるなどということは考えにくいものです。 / 入れ替えることで突然高まるということは十分ありえることです。,①突然（例：突然の出来事｜突然的事件。）②意外（例：突然の訪問｜意外的拜访。）,边缘词
しゃべり,しゃべり,名詞,谈话,しゃべりが上手 / しゃべりを楽しむ / しゃべりが弾む,3,真题,否,あるいは、 友人たちとのおしゃべりで十分だろう。 / 人前で話すのが苦手なのは、しゃべりすぎはよくないと言われたからだ。,①闲聊（友達としゃべり｜和朋友闲聊。）②说话（彼はしゃべりが上手｜他说话很流利。）,边缘词
強,きょう,名詞,强,強がること / 強を持つ / 強が必要,3,真题,否,か 「強」 / 温度設定を 「中」,①强壮（彼は強い｜他很强壮。）②强烈（強い風が吹いている｜刮着强风。）,边缘词
チェック,ちぇっく,名詞,检查,チェックを行う / チェックが必要 / チェックをする,3,真题,否,据え付けの位置をチェックして / チェックインカウンターが込んでいるから,①检查（宿題をチェックする｜检查作业。）②核对（リストをチェックする｜核对清单。）,边缘词
冷やす,ひやす,動詞,冷却,冷やす時間 / 冷やす方法 / 冷やすことが大切,3,真题,否,がご利用になれま / で、内部を冷やしています。,①冷却（飲み物を冷やす｜冷却饮料。）②使冷（体を冷やす｜使身体变冷。）,边缘词
故障,こしょう,名詞,故障,故障が発生する / 故障を修理する / 故障が続く,3,真题,否,. 故障の素材になったものを探さなくてはいけない。 / 東鉄道竹山線内にある二つの信号機が故障しており、大事故が,①故障（機械が故障した｜机器故障了。）②损坏（車が故障した｜车子坏了。）,边缘词
思いがける,おもいがける,動詞,意外,思いがける出来事 / 思いがける結果 / 思いがけることがある,3,真题,否,昨日、学校で思いがけない出来事があった。 / AもBも、思いがけない発見があることだと述べている。,①意外（思いがけない結果｜意外的结果。）②未曾想（思いがける出会い｜未曾想的相遇。）,边缘词
親友,しんゆう,名詞,挚友,親友に会う / 親友が大切 / 親友と話す,3,真题,否,親友の森さんには、どんな悩みも快く打ち明けられる。 / . 高校生のころはよく、 親友と互いの悩みの打ち合わせをしました。,①挚友（彼は私の親友｜他是我的挚友。）②密友（親友と遊ぶ｜和密友一起玩。）,边缘词
船,ふね,名詞,船,船が出る / 船に乗る / 船を作る,3,真题,否,(注)汽笛:船が港を出る時などに出す合図の音 / 船に乗って1時間たつと、遠くに島がかすかに見えてきた。,①船只（大きな船が来た｜大船来了。）②航行（船が出航する｜船要出航了。）,边缘词
住み手,すみて,名詞,住户,住み手が増える / 住み手に聞く / 住み手が満足する,3,真题,否,住み手毎にその生活は異なっているから、 住み手に合った住まいが必要で / あり、逆に、住まいによっては住み手の生活が (注3) 歪められることもある。,①住户（住み手が決まった｜住户已确定。）②居住者（住み手が多い｜居住者很多。）,边缘词
編,へん,名詞,编纂,編を行う / 編が完成する / 編に関する,3,真题,否,(多田道太郎編『環境文化を学ぶ人のために』による) / (堀川紀年・石川雄二・前田弘編『国際観光学を学ぶ人のために』による),①编纂（本を編む｜编纂书籍。）②编织（毛糸を編む｜编织毛线。）,边缘词
極まりない,きわまりない,形容詞,极端,極まりない状況 / 極まりない感情 / 極まりないこと,3,真题,否,(注5)~極まりない: 非常に〜だ / そんなやり方は、非効率 (注5)極まりない。,①极其，极端（例：幸せ極まりない｜极其幸福。）,边缘词
まだまだ,まだまだ,副詞,还远,まだまだ足りない / まだまだ続く / まだまだ成長する,3,真题,否,小学生はまだまだ経験の幅が狭いものです。 / (立松平和 『人生の現在地-まだまだ迷っているぞ、 私は。,①还，仍然（例：まだまだ足りない｜还远远不够。）②远远不够（例：まだまだです｜还不够。）,边缘词
ジャンル,じゃんる,名詞,类型,ジャンルを選ぶ / ジャンルが多様 / ジャンルに分かれる,3,真题,否,(注1) ジャンル: ここでは、科目 / を読んだり、違うジャンルの本を読んでいると、同時にいくつかの視点を持てるようになります。,①类型，领域（例：音楽ジャンル｜音乐类型。）,边缘词
アプローチ,あぷろーち,名詞,方法,アプローチを変える / アプローチが必要 / アプローチを試みる,3,真题,否,(注2)アプローチを経て : アプローチによって / 科など、さまざまな(注1)ジャンル、要するに別角度からの(注2)アプローチを経て、この三つの,①方法，接近（例：新しいアプローチ｜新方法。）,边缘词
ぶつかる,ぶつかる,動詞,碰撞,ぶつかることがある / ぶつかる瞬間 / ぶつかる理由,3,真题,否,困難にぶつかっても、困難だと思わずに生きていく。 / な困難にぶつかったとしても、この能力が養われていれば、上手に克服することができます。,①碰撞，冲突（例：車がぶつかる｜车子碰撞了。）②相遇，遭遇（例：意見がぶつかる｜意见相遇。）,边缘词
科目,かもく,名詞,科目,科目を選ぶ / 科目が多い / 科目に関する,3,真题,否,(注1) ジャンル: ここでは、科目 / AもBも、各科目を勉強することが、 途中であきらめない強い心を養うと考えている。,①科目，课程（例：数学の科目｜数学科目。）,边缘词
極端,きょくたん,名詞,极端,極端な意見 / 極端がある / 極端に変わる,3,真题,否,この店は、今月に入って、客数が極端に減ったらしい。 / 使わない時間、 もてあます時間、 何もしない時間、 極端に言うと、 何,①极端，极度（例：極端な意見｜极端的意见。）,边缘词
迷い,まよい,名詞,迷惑,迷いが生じる / 迷いを解消する / 迷いがある,3,真题,否,そうしたケースでは、悩みや迷いを話した相手が答を出してくれたわけではない。 / 迷いが吹っ切れる (注3) 瞬間というのも、そのようにして訪れるのだろう。,①迷茫，犹豫（例：迷いがある｜感到迷茫。）②困惑，疑惑（例：迷いを感じる｜感到困惑。）,边缘词
惑わす,まどわす,動詞,迷惑,惑わすことがある / 惑わす理由 / 惑わす影響,3,真题,否,に惑わされないことです。 / は、組織全体を包んでいる「気」,①迷惑，困扰（例：人を惑わす｜让人困扰。）,边缘词
大幅,おおはば,形状詞,大幅,大幅に変わる / 大幅な改善 / 大幅に進む,3,真题,否,(注1)飛躍的に: 大幅に / ガソリンの値段が大幅に上がった。,①大幅，大量（例：大幅な変更｜大幅度变化。）,边缘词
分割,ぶんかつ,名詞,分割,分割することができる / 分割が必要 / 分割の方法,3,真题,否,分割払いの支払い回数を自由に決めることができる。 / 分割払い価格28900円 (上下巻セット価格・税込),①分开，切割（例：データを分割する｜分割数据。）②分配，分摊（例：費用を分割する｜分摊费用。）,边缘词
上下巻,じょうげかん,名詞,上下册,上下巻を読む / 上下巻が揃う / 上下巻に分かれる,3,真题,否,定価30000円 (上下巻セット価格・税込) / 一括払い価格27000円 (上下巻セット価格・税込),①上下两册（例：この本は上下巻です｜这本书有上下两册。）,边缘词
振込み,ふりこみ,名詞,汇款,振込みを行う / 振込みが必要 / 振込みの確認,3,真题,否,クレジットカード / 現金振り込み (手数料無料),①汇款，转账（例：お金を振込みました｜我已汇款。）,边缘词
ランニング,らんにんぐ,名詞,跑步,ランニングをする / ランニングが好き / ランニングの時間,3,真题,否,ランニングをして汗を流す / 一緒にランニングを始めた。,①跑步，慢跑（例：毎朝ランニングします｜我每天早上跑步。）,边缘词
概要,がいよう,名詞,概要,概要を説明する / 概要が必要 / 概要をまとめる,3,真题,否,. 新モデルの概要と今後のスケジュール案を作成する。 / 資料には概要しか書かれていないので、 少し説明を補足します。,①概述，概要（例：概要を説明します｜我来解释一下概要。）,边缘词
遠く,とおい,名詞,远处,遠くに行く / 遠くを見る / 遠くの景色,3,真题,否,船に乗って1時間たつと、遠くに島がかすかに見えてきた。 / . めがねをけると、遠くの物もきっぱり見えるようになる。,①远处，遥远（例：遠くに見える｜远处可以看到。）,边缘词
転校,てんこう,名詞,转学,転校することがある / 転校が決まる / 転校の理由,3,真题,否,そのたびに転校生としてク / 族だったため、 おおむね4年に一度は転校生になる。,①转学，换学校（例：転校しました｜我转学了。）,边缘词
終わり,おわり,名詞,结束,終わりが近い / 終わりを迎える / 終わりの時間,3,真题,否,A 「夏休み、 あしたで終わりだね」 / 手紙で思いを伝えるには、 始まりや終わりの決まり文句など、 形式的な表現や文,①结束，完结（例：物語の終わり｜故事的结束。）,边缘词
保守,ほしゅ,名詞,保守,保守的な考え / 保守が必要 / 保守を行う,3,真题,否,(注1) 保守的すぎる、と。 / 保守的というより、慎重だと言ってほしい。,①保守，维护（例：システムの保守｜进行系统维护。）②保守派，保守主义（例：保守的な意見｜这是保守的意见。）,边缘词
回覧,かいらん,名詞,传阅,回覧を回す / 回覧が行われる / 回覧の目的,3,真题,否,以下はある会社で回覧された文章である。 / 以下は、ある会社で回覧された文書である。,①传阅，流转（例：資料を回覧する｜传阅资料。）,边缘词
池,いけ,名詞,池塘,池がある / 池で遊ぶ / 池の水,3,真题,否,今朝は寒くて、池がこおった。 / 以下は、 池林市の市民文化センターに届いたメールである。,①池塘（静かな池があります｜有一个安静的池塘。）②水池（魚がいる水池｜水池里有鱼。）,边缘词
紅葉,こうよう,名詞,红叶,紅葉を楽しむ / 紅葉が美しい / 紅葉に染まる,3,真题,否,秋の夜には紅葉と滝が美しく見える。 / 秋の紅葉は格別で、 山全体に鮮やかな景色が広がります。,①红叶（秋の紅葉が美しい｜秋天的红叶很美。）②枫叶（紅葉が見頃です｜现在正是观赏枫叶的好时机。）,边缘词
偏食,へんしょく,名詞,挑食,偏食が健康に悪い / 偏食を改善する / 偏食に注意する,3,真题,否,つまり、偏食をなくすには「親子で / つまり、偏食をなくすには、「親子で一,①挑食（彼は偏食がひどい｜他很挑食。）②不均衡饮食（偏食は健康に悪い｜挑食对健康不好。）,边缘词
学歴,がくれき,名詞,学历,学歴が重要だ / 学歴を重視する / 学歴に関する問題,3,真题,否,学歴があっても学力がない人は教えた仕事だけは本当にきちんとやります。 / 私がやっている企業研修の現場で、学歴で差が出る瞬間に(注1)出くわすことがある。,①学历（彼の学歴は素晴らしい｜他的学历很优秀。）②教育背景（学歴が重視される｜学历很重要。）,边缘词
気づき,きづき,名詞,觉察,気づきが大切だ / 気づきを得る / 気づきに感謝する,3,真题,否,気づきや考えを書いて整理するという方法が有効だ。 / 優れた作品は作者の意図を軽々を超えて、観客の心のなかで多様な気づきを生み出していく。,①觉察（小さな気づきが大切｜小小的觉察很重要。）②意识到（気づきがあった｜我有了新的意识。）,边缘词
つぶやく,つぶやく,動詞,低语,つぶやくことが好きだ / つぶやきを聞く / つぶやきが増える,3,真题,否,ただし、 「絵がわからない」 / 年生を受け持った時の5月、T男がつぶやいた。,①低声说（彼はつぶやいた｜他低声说了几句。）②喃喃自语（つぶやくように話す｜像是在喃喃自语。）,边缘词
ハマる,はまる,動詞,沉迷,ハマることがある / ハマる趣味 / ハマる映画,3,真题,否,面白いと思えば (注3) ハマる。 / (注3) ハマる: ここでは、夢中になる,①沉迷（ゲームにハマっている｜我沉迷于游戏。）②入迷（彼女にハマった｜我对她入迷了。）,边缘词
冷房,れいぼう,名詞,空调,冷房を入れる / 冷房が効く / 冷房で快適に過ごす,3,真题,否,汗を止めるために冷房のきいた部屋に入る。 / その時にもし冷房のきいた部屋に入り②汗腺が50か所しか働かなく,①空调（冷房が効いている｜空调很凉快。）②制冷设备（冷房をつける｜我打开了空调。）,边缘词
塩分,えんぶん,名詞,盐分,塩分を控える / 塩分が多い / 塩分に注意する,3,真题,否,汗の中の塩分などが減って蒸発しにくくなる。 / 汗の中の塩分などが増えて体温調節がしにくくなる。,①盐分（塩分を控える｜要控制盐分。）②食盐含量（塩分が多い｜盐分含量很高。）,边缘词
数多く,かずおおく,副詞,众多,数多くの人々 / 数多くの選択肢 / 数多くの問題,3,真题,否,岩波市には魅力的な景色が見られる場所が数多くあります。 / 僕はいままで数多くの漫画やアニメで未来をイメージしてきた。,①许多（数多くの人が来た｜来了许多人。）②大量（数多くの選択肢｜有很多选择。）,边缘词
浮かび上がる,うかびあがる,動詞,浮现,浮かび上がるイメージ / 浮かび上がる感情 / 浮かび上がる影,3,真题,否,めにえがくのか」 / という言葉が浮かび上がってくる。,①浮现，显现（景色が浮かび上がる｜景色浮现出来。）②浮起，漂浮（泡が浮かび上がる｜泡沫浮起来了。）,边缘词
自国,じこく,名詞,自己国家,自国を愛する / 自国の文化 / 自国に帰る,3,真题,否,自国の資源の再利用について / 自国でのごみを減らす取り組みについて,本国，自己国家（自国の文化｜了解自己国家的文化。）,边缘词
節電,せつでん,名詞,节电,節電を心がける / 節電のために / 節電を実施する,3,真题,否,日本のオフィスでの節電対策について / もともとは各家庭で行うものでしたが、 節電や地球温暖化対策として 打ち水の,节约用电（節電を心がける｜我会注意节约用电。）,边缘词
取り寄せる,とりよせる,動詞,订购,取り寄せる商品 / 取り寄せる手続き / 取り寄せる方法,3,真题,否,ほかの図書館から取りよせた本だから / 応募用紙は、大学に連絡して取り寄せなければならない。,订购，寄来（本を取り寄せる｜我订购了一本书。）,边缘词
賞,しょう,名詞,奖,賞を受ける / 賞に応募する / 賞を狙う,3,真题,否,最優秀賞(1名: 賞状および図書券3万円分) / 優秀賞(3名程度: 賞状および図書券1万円分),奖赏，奖励（賞を受ける｜我获得了奖赏。）,边缘词
賞状,しょうじょう,名詞,奖状,賞状をもらう / 賞状を飾る / 賞状に感謝する,3,真题,否,最優秀賞(1名: 賞状および図書券3万円分) / 優秀賞(3名程度: 賞状および図書券1万円分),奖状，证书（賞状をもらった｜我得到了奖状。）,边缘词
ダウンロード,だうんろーど,名詞,下载,ダウンロードするファイル / ダウンロードが完了する / ダウンロードの手順,3,真题,否,申請書(本ホームベージからダウンロード可能) / (申込書は下記のウェブページからダウンロードが可能です。,下载（ファイルをダウンロードする｜我会发送传真。）,边缘词
傷む,いたむ,動詞,受伤,傷むことがある / 傷む心 / 傷む食材,3,真题,否,暑い季節は食べ物が傷みやすい。 / また、丈夫で傷みにくいという利点を生かして美術作品などの修理,损坏，腐烂（果物が傷む｜水果坏了。）,边缘词
痛み,いたみ,名詞,疼痛,痛みが続く / 痛みを和らげる / 痛みを感じる,3,真题,否,今日もまだうでに痛みがあります。 / 薬を飲んだらたちまち痛みが治まった。,疼痛，痛苦（痛みがある｜我感到疼痛。）,边缘词
決勝,けっしょう,名詞,决赛,決勝に進出する / 決勝を戦う / 決勝の結果,3,真题,否,この調子であしたの決勝戦もがんばろう。 / .決勝進出が決まった中島選手は試合後の演説で、必ず優勝すると述べた。,决赛，最后的比赛（決勝に進出する｜我进入了决赛。）,边缘词
農家,のうか,名詞,农家,農家で働く / 農家の人々 / 農家の生活,3,真题,否,A「サラリーマンから農家 / [44] A 「サラリーマンから農家,①农民家庭（彼は農家です。｜他是农民。）②农业户（農家で働いています。｜我在农业户工作。）,边缘词
キャンプ,きゃんぷ,名詞,露营,キャンプをする / キャンプに行く / キャンプの準備,3,真题,否,A「ねえねえ、夏休みのキャンプ、 楽しみだね。 / 田舎にキャンプに行ったとき、 夜空には無数の星があり、本当にきれいでした。,①露营（キャンプに行きます。｜我去露营。）②野营活动（キャンプを楽しみます。｜我享受野营活动。）,边缘词
愛,あい,名詞,爱,愛を感じる / 愛に満ちた / 愛を育む,3,真题,否,書き手の愛の深さだけが目立ってしまうもの / 交際、付き合い、コミュニケーション、愛、 会話─どのような呼び方をしてもいいけれども、,①爱（愛が大切です。｜爱是很重要的。）②爱情（彼女に愛を感じます。｜我对她有爱。）,边缘词
ふれ合う,ふれあう,動詞,接触,ふれ合うことが大切だ / ふれ合う機会 / ふれ合う瞬間,3,真题,否,動物と純粋な気持ちでふれ合ったほうがいいこと / おり、触れ合う人の様子や周囲の状況を判断して、 様々な感情を表現することできます。,①接触（子供たちがふれ合う。｜孩子们在接触。）②互动（人とふれ合うこと。｜与人互动很重要。）,边缘词
裏づける,うらづける,動詞,证实,裏づける証拠 / 裏づけるデータ / 裏づける事実,3,真题,否,(注3): 裏打ちされている: 裏づけられている / 成功によって裏づけられた確かな方法を身につけているから,①证实（事実を裏づける。｜证实事实。）②支持（証拠が裏づける。｜证据支持了这个观点。）,边缘词
物心,ものごころ,名詞,物质与精神,物心がつく / 物心を持つ / 物心の成長,3,真题,否,(注3)物心ついたとき: 世の中のことが何となく分かってきたとき / 私はというと、(注3) 物心ついたときから (注4)好奇心旺盛な子どもであった。,①意识（物心がつく。｜我开始有意识了。）②心智（物心が成長する。｜心智在成长。）,边缘词
風呂,ふろ,名詞,浴室,風呂に入る / 風呂を沸かす / 風呂の時間,3,真题,否,おふろに入るときの手伝いが上手にできない / 人用で、 トイレと風呂がある部屋がいい。,①浴室（風呂に入る。｜我去洗澡。）②洗澡（風呂が好きです。｜我喜欢洗澡。）,边缘词
知人,ちじん,名詞,熟人,知人に会う / 知人からの連絡 / 知人の紹介,3,真题,否,知人に聞いて、「金曜25時」 / 企画した商品を知人がほめてくれたこと,①熟人（知人に会った。｜我见到了熟人。）②朋友（知人と話す。｜我和朋友聊天。）,边缘词
どん,どの,副詞,咚,どんと構える / どんと来い / どんと鳴る,3,真题,否,必要でないと感じられることはどん / どん忘れていってしまう性質なのだ。,①声音（どんと音がした。｜听到了一声巨响。）②形象（どんとした姿。｜他有个很大的身影。）,边缘词
健全,けんぜん,形状詞,健康,健全な生活 / 健全な食事 / 健全な心,3,真题,否,(注6) 健全さ: ここでは、 当たり前で、いいこと / 自然にできることを続けていくという健全さ(注6)なのだ。,①健康（健全な生活。｜过着健康的生活。）②良好（健全な社会。｜有一个良好的社会。）,边缘词
ファックス,ふぁっくす,名詞,传真,ファックスを送る / ファックスが届く / ファックスの番号,3,真题,否,ファックス 0121-333-666 (通信料無料) / 指定の申込書にご記入の上、事務所にご持参くださるか、ファクスまたは郵送でお願いします。,①传真（例：ファックスを送ります。｜我会发送传真。）,边缘词
入力,にゅうりょく,名詞,输入,入力を確認する / 入力が必要だ / 入力ミス,3,真题,否,入力は途中まででいいんですね / 入力するデータの量が予定より増えたから,①输入（例：データを入力します。｜我会输入数据。）,边缘词
兄,あに,名詞,哥哥,兄と遊ぶ / 兄がいる / 兄に相談する,3,真题,否,兄は学費のえんじょを受けて大学に通いました。 / . 兄とのけんかの初歩は、 くだらないことだった。,①哥哥（例：兄がいます。｜我有一个哥哥。）,边缘词
昨夜,さくや,名詞,昨夜,昨夜の出来事 / 昨夜の夢 / 昨夜のニュース,3,真题,否,ゆうべはせきが続出して、 あまりよく眠れなかった。 / 昨夜、高校の同級生の集まりがあり、10年振りに会見を楽しんだ。,①昨晚（例：昨夜は雨でした。｜昨晚下雨了。）,边缘词
市長,しちょう,名詞,市长,市長が挨拶する / 市長の演説 / 市長に選ばれる,3,真题,否,田中市長は市民の安全を一番に考えるので、多くの支持を集めている。 / [38] 市長は、記者会見で「高速道路建設に反対している市民も少なくないのだから、 市長として、そ,①市长（例：市長が挨拶しました。｜市长进行了致辞。）,边缘词
久しい,ひさしい,形容詞,久远,久しい友人 / 久しい時間 / 久しい思い出,3,真题,否,久しぶりに生で鑑賞して、会場でしか得られないものが / 久しぶりに中学校を訪ねたら、先生方から温かく支持されてうれしかった。,①很久（例：久しい友人に会った。｜我见到了很久的朋友。）,边缘词
検査,けんさ,名詞,检查,検査を受ける / 検査の結果 / 検査が必要だ,3,真题,否,検査項目につきましては、これまで通りです。 / 診察室で医者からあしたの検査内容について言い訳をしてもらった。,①检查（例：健康検査を受ける。｜我接受了健康检查。）,边缘词
千,せん,名詞,千,千の星 / 千の言葉 / 千の思い,3,真题,否,多いときは一日に千個も売れる / 朝春町全域、 千京町3丁目~6丁目,①千（例：千円です。｜这是千元。）,边缘词
泊まる,とまる,動詞,住宿,泊まる場所 / 泊まる予定 / 泊まることができる,3,真题,否,これは、高級な旅館に泊まったり、時間をかけて旅 / 先週から工事で休業中なので、今回は別のホテルに泊まることに,①住宿（例：ホテルに泊まる。｜我住在酒店。）,边缘词
重大,じゅうだい,形状詞,重大,重大な問題 / 重大な決定 / 重大な影響,3,真题,否,重大な決断をする時に、 重要なことは何か。 / 人生には重大な決断をしなければならない時がある。,①重大（例：重大な問題です。｜这是一个重大问题。）,边缘词
一時,いちじ,名詞,一时,一時の感情 / 一時の出来事 / 一時の休憩,3,真题,否,「洋食レオナール」 / が一時休業し移転すること。,①一段时间（例：一時的な問題です｜这是一个暂时的问题。）②暂时（例：一時的に休みます｜我暂时休息一下。）,边缘词
格安,かくやす,形状詞,便宜,格安で購入する / 格安の旅行 / 格安のサービス,3,真题,否,を聞いた。 / または 「やや利用したい」,①价格便宜（例：格安のホテル｜这是一个便宜的酒店。）②超值（例：格安旅行｜这是一次超值旅行。）,边缘词
ライフスタイル,らいふすたいる,名詞,生活方式,ライフスタイルを見直す / ライフスタイルが変わる / ライフスタイルに合う,3,真题,否,による) / 人びとのライフスタイルのちがいがわかりやすくなっている。,①生活方式（例：健康的なライフスタイル｜健康的生活方式很重要。）②生活习惯（例：ライフスタイルを見直す｜我会重新审视我的生活习惯。）,边缘词
売,うり,名詞,出售,売が出る / 売を伸ばす / 売に出す,3,真题,否,売以来、予想以上の売れ行きが続き、製造が追いついておりません。 / 売情報)から高度な需要予測を行い、製造や販売の各社に提供する取り込みを始めた。,①出售（例：商品を売る｜我在出售商品。）②销售（例：売上が増える｜销售额在增加。）,边缘词
突き進める,つきすすめる,動詞,向前推进,突き進める目標 / 突き進める道 / 突き進める意志,3,真题,否,自分の好みを突き進めていく / そもそも (注1) 大人が 「夢」,①向前推进（例：突き進める勇気｜我有向前推进的勇气。）②不断前进（例：目標に突き進める｜我会不断前进。）,边缘词
探し求める,さがしもとめる,動詞,寻找,探し求める旅 / 探し求めるもの / 探し求める情報,3,真题,否,(注4)模索する:探し求める / (注2) 模索する : 探し求める,①寻找（例：夢を探し求める｜我在寻找梦想。）②追求（例：幸せを探し求める｜追求幸福）,边缘词
賛同,さんどう,名詞,赞同,賛同を得る / 賛同する意見 / 賛同の声,3,真题,否,な姿勢に賛同して「お金を出そう」 / と言い出す人もいるかもしれない。,①赞同（例：意見に賛同する｜赞同意见）②支持（例：彼の考えに賛同した｜支持他的想法）,边缘词
見合う,みあう,動詞,相互考虑,見合う関係 / 見合う条件 / 見合う時間,3,真题,否,(注6) 見合う: 釣り合う / 夢に(注6)見合うだけの大きい人間になっておくことである。,①相称（例：価値に見合う｜与价值相称）②匹配（例：条件に見合う｜与条件匹配）,边缘词
利口,りこう,形状詞,聪明,利口な選択 / 利口な子供 / 利口な考え,3,真题,否,.この犬は、本当に利口な犬ですね。 / 読んだ後に利口になった気分になるもの。,①聪明（例：利口な子供｜聪明的孩子）②机灵（例：利口な判断｜机灵的判断）,边缘词
凝る,こる,動詞,专注,凝る趣味 / 凝る料理 / 凝るデザイン,3,真题,否,表現が凝っていて読みごたえがあるもの。 / こり得ることなので、うまく付き合っていくことが大切だ。,①专注（例：趣味に凝る｜专注于爱好）②讲究（例：料理に凝る｜讲究料理）,边缘词
切り取る,きりとる,動詞,剪切,切り取る部分 / 切り取ることができる / 切り取る作業,3,真题,否,けれどもそれが、もやーっとした(注1)ものだと切り取れない。 / 自分を取り巻いて(注5) 果てしなく広がる世界のどこをどう切り取るか、 それをどこまでよく見,①剪切（写真を切り取る｜剪切照片）②摘取（花を切り取る｜摘取花朵）,边缘词
湧き出る,わきでる,動詞,涌出,湧き出る感情 / 湧き出る水 / 湧き出るアイデア,3,真题,否,(注6)湧き出る:生まれ出る / (注4) 湧き出る: ここでは、 生まれてくる,①涌出（泉が湧き出る｜泉水涌出）②迸发（感情が湧き出る｜感情迸发）,边缘词
命,いのち,名詞,生命,命を大切にする / 命がけで / 命を救う,3,真题,否,われわれの命をつなぎ、命を守るものを、 安値競争に巻き込んでしまっていいものだろうか。 / こうすることで、消費者の農薬への理解が深まり、(注7) ひいては消費者の健康な暮らしと命,①生命（命を大切にする｜珍惜生命）,边缘词
巻き込む,まきこむ,動詞,卷入,巻き込む事件 / 巻き込む人々 / 巻き込む状況,3,真题,否,(注2)トラブルに巻き込まれる:トラブルに遭(あ)う / われわれの命をつなぎ、命を守るものを、 安値競争に巻き込んでしまっていいものだろうか。,①卷入（事件に巻き込まれる｜卷入事件）②牵连（友人を巻き込む｜牵连朋友）,边缘词
ひいては,ひいては,副詞,进而,ひいては社会 / ひいては自分 / ひいては未来,3,真题,否,と考えることができ、ひいては / (注7)ひいては : その結果,①进一步说（ひいては社会問題｜进一步说社会问题）,边缘词
適当,てきとう,名詞,适当,適当な選択 / 適当な理由 / 適当な時間,3,真题,否,話の進み方が適当でなかったこと / (注5)相場:一般的に適当だとされる値段,①适当（適当な方法｜适当的方法）②随便（適当な返事｜随便的回答）,边缘词
対話,たいわ,名詞,对话,対話を重視する / 対話の場 / 対話を促進する,3,真题,否,そこから良い対話が生まれてくる。 / だけれども、そこには対話がないといけない。,①对话（対話を重視する｜重视对话）,边缘词
美木,みき,名詞,美丽的树,美木を育てる / 美木が生える / 美木の景色,3,真题,否,「美木 海の会」 / 事務局 電話 : 01-4321-5577,①美丽的树（美木が生い茂る｜美丽的树木茂盛）,边缘词
日ざし,ひざし,名詞,阳光,日ざしが強い / 日ざしを浴びる / 日ざしが心地よい,3,真题,否,春の日ざしが暖かく、風が気持ちよくて、ベンチに座 / 強い日ざしに備え、帽子、タオル、飲み物などをご用意ください。,①阳光（日ざしが強い｜阳光很强）,边缘词
公共,こうきょう,名詞,公共,公共の場 / 公共の交通機関 / 公共のサービス,3,真题,否,会場に来るときに公共交通機関を利用する。 / 衣類・布類は、 市内8か所の公共施設に設置してある回収ボックスでも回収し,①公共（公共の場｜公共场所）②公用（公共交通｜公共交通）,边缘词
冷める,さめる,動詞,变冷,冷める時間 / 冷める食べ物 / 冷める気持ち,3,真题,否,ところが、ヒトは冷めた料理はおいしくないというよう / 冷めるとおいしくないので、なるべく温暖なうちに召し上がってください。,①变冷（スープが冷めた｜汤变冷了）②冷却（熱が冷める｜热量冷却）,边缘词
縦,たて,名詞,纵向,縦を測る / 縦に並べる / 縦のライン,3,真题,否,大きさ(縦・横・高さの合計) 重さ / サイズは縦180センチ、横60センチのものが多い。,①纵向（縦の線｜纵向的线）②竖直（縦に並べる｜竖直排列）,边缘词
敵,てき,名詞,敌人,敵が現れる / 敵を倒す / 敵に勝つ,3,真题,否,[11]この動物は、 敵に襲われると、体をボール ( に丸めて身を守る。 / 団を作って生活し、それによって敵から身を守り、 食物も獲得していたように思われる。,①敌人（敵が現れた｜敌人出现了）②对手（強敵と戦う｜与强敌作战）,边缘词
入,いり,名詞,进入,入がある / 入に関する / 入を待つ,3,真题,否,平山空港から友人の家に、 ビン入りのジ / (黑田龍之助『外国語の水曜日 学習法としての言語学入円』による),①进入（部屋に入る｜进入房间）②加入（チームに入る｜加入团队）,边缘词
たら,たら,接続詞,如果,たらいい / たらどうする / たら行く,3,真题,否,たら、会場入口の総合受付にお持ちください。 / しかしたらその感覚は、世の中の常識とは順番が逆なのかもしれない。,①如果（行ったらいい｜如果去就好）②假设（食べたらどう｜假设吃了怎么样）,边缘词
入手,にゅうしゅ,名詞,获得,入手する / 入手が難しい / 入手に成功する,3,真题,否,が入手しやすくなるだろう。 / (注1) 入手する:手に入れる,①获得（情報を入手する｜获取信息）②取得（チケットを入手｜取得票）,边缘词
強化,きょうか,名詞,强化,強化する / 強化が必要 / 強化に取り組む,3,真题,否,声の出し方の練習を強化する / [24]機能を一層強化したい。,①增强（能力を強化する｜增强能力）②强化（防御を強化｜强化防御）,边缘词
書き言葉,かきことば,名詞,书面语,書き言葉を使う / 書き言葉で表現する / 書き言葉と話し言葉,3,真题,否,ところが「書き言葉」 / ですから、 「書き言葉」,①书面语言（書き言葉を使う｜使用书面语言）②书面表达（書き言葉が必要｜需要书面表达）,边缘词
身振り,みぶり,名詞,手势,身振りを交える / 身振りで伝える / 身振りが豊か,3,真题,否,身振りも手振りも使えません。 / し方と、それに伴う控えめな(注4)身振りで、著者の思いを伝えようとします。,①手势（身振りを交える｜交替手势）②动作（身振りで説明｜用动作解释）,边缘词
微妙,びみょう,形状詞,微妙,微妙な違い / 微妙に変化する / 微妙な表現,3,真题,否,微妙な感覚を表現する言葉が少ないから / それは、非常に微妙な調整を必要とする、ある種,①微妙（微妙な関係｜微妙的关系）②复杂（微妙な問題｜复杂的问题）,边缘词
濃い,こい,形容詞,浓,濃い味 / 濃い色 / 濃い香り,3,真题,否,使いは濃い緑や黒や金などにして、味の濃さや高級感を表現した。 / れているコーヒーの代わりになるように、 味は通常より濃くした。,①浓厚（このスープは濃いです｜这汤很浓）②深色（彼の髪は濃い色です｜他的头发颜色深）,边缘词
特性,とくせい,名詞,特性,特性がある / 特性を持つ / 特性について,3,真题,否,それこそが写真というものの特性だ。 / (注2) 特性: ここでは、特徴的な働き,①特征（この製品の特性は優れています｜这个产品的特性很好）②性质（彼の特性を理解する｜理解他的特性）,边缘词
集落,しゅうらく,名詞,村落,集落がある / 集落に住む / 集落の人々,3,真题,否,(注4)集落:ここでは、村のようなところ / そして、4年くらい経ったらその集落からいなくなる。,①村落（この集落は静かです｜这个村落很安静）②社区（集落の人々は親しい｜村民关系亲密）,边缘词
もったい,もったい,名詞,浪费,もったいないと思う / もったいない使い方 / もったいない気持ち,3,真题,否,せっかくふるさとを持っているのに、それを悪くいうのはもったいない。 / せっかく疲れをとりに温泉に行ったのに、 51 もったいないですよね。,①浪费（もったいないことをするな｜不要浪费）②珍惜（もったいないと思う｜觉得很珍惜）,边缘词
カラオケ,からおけ,名詞,卡拉OK,カラオケで歌う / カラオケを楽しむ / カラオケに行く,3,真题,否,彼はカラオケに行くと必ずこの歌を歌っていた。 / 花火やカラオケなど他の利用者や近隣の住民の方への迷惑となる行為は禁止です。,①卡拉OK（友達とカラオケに行く｜和朋友去卡拉OK）,边缘词
去年,きょねん,名詞,去年,去年の出来事 / 去年の夏 / 去年の経験,3,真题,否,去年のデータをくわしくぶんせきする / 鈴木選手は去年引退し、 家族で海外に移住したそうだ。,①去年（去年は楽しかった｜去年很快乐）,边缘词
現象,げんしょう,名詞,现象,現象が起こる / 現象を観察する / 現象について,3,真题,否,この現象は、これまでの理論では説明ができない。 / うな心理現象を 『ザイオンス効果』 と言います。,①现象（この現象は不思議です｜这个现象很奇怪）②情况（自然現象について学ぶ｜学习自然现象）,边缘词
理論,りろん,名詞,理论,理論を立てる / 理論がある / 理論に基づく,3,真题,否,この現象は、これまでの理論では説明ができない。 / 識や理論を加工した結果、 出てきているのです。,①理论（この理論は重要です｜这个理论很重要）②学说（彼の理論を支持する｜支持他的学说）,边缘词
細い,ほそい,形容詞,细,細い道 / 細い線 / 細い声,3,真题,否,そして、鳥の骨は細く、骨の中は / は、羽が膨らんでいるからで、本当はとても細い体をしています。,①细（彼女の指は細いです｜她的手指很细）②狭（道が細いです｜路很狭）,边缘词
今朝,けさ,名詞,今早,今朝のニュース / 今朝の出来事 / 今朝の天気,3,真题,否,今朝は寒くて、池がこおった。 / 今朝メールを確認いたしました。,①今早（今朝は寒かった｜今早很冷）,边缘词
思い浮かぶ,おもいうかぶ,動詞,想起,思い浮かぶアイデア / 思い浮かぶこと / 思い浮かぶ瞬間,3,真题,否,ものが思い浮かぶと思いますが、 大豆にもたくさん含まれていま / ろような話して聞かせているうちに、これまでと違った視点からの回答がらふと思い浮かんだのである。,①想起，浮现（何かが思い浮かびました｜想起了什么）②联想到，想到（いいアイデアが思い浮かんだ｜想到好主意）,边缘词
グラム,ぐらむ,名詞,克,グラムで測る / グラム単位 / グラムを計る,3,真题,否,すし1つのご飯の量が約 20 グラムで、 / 茶わん1杯分のご飯の量が約150グラムだとすると、 51。,①克，克拉（1グラムの重さ｜1克的重量）②克，单位（100グラムの砂糖｜100克的糖）,边缘词
冷たい,つめたい,形容詞,冷,冷たい水 / 冷たい風 / 冷たい手,3,真题,否,[21] あの人の冷たい態度には失望した。 / むしろ、 熱くした料理や、冷たくした料理を好みます。,①冷，凉（冷たい水です｜冷水）②冷漠，冷淡（冷たい態度を取る｜态度冷淡）,边缘词
マネージャー,まねーじゃー,名詞,经理,マネージャーに相談する / マネージャーがいる / マネージャーの役割,3,真题,否,マネージャーより能力の高いスタッフを集めるべきだ。 / マネージャーの能力を超えている仕事もスタッフにさせるべきだ。,①经理，管理者（彼はチームのマネージャーです｜他是团队经理）②负责人，主管（プロジェクトのマネージャー｜项目负责人）,边缘词
愉快,ゆかい,名詞,愉快,愉快な時間 / 愉快な気分 / 愉快な話,3,真题,否,高橋さんはとても愉快な人だ。 / 人を不愉快にさせないような表現をするべきだ。,①愉快，快乐（愉快な時間を過ごす｜度过愉快的时光）②轻松，舒适（愉快な気分になる｜心情愉快）,边缘词
葛藤,かっとう,名詞,冲突,葛藤がある / 葛藤を抱える / 葛藤を解決する,3,真题,否,(注)葛藤:ここでは、対立 / もちろん、相手も自分の気持ちや考えを表現してよいので、そこで葛藤(注)が起こることもありま,①冲突，矛盾（内心の葛藤を抱える｜内心的冲突）②斗争，挣扎（葛藤が続いている｜斗争仍在继续）,边缘词
伸び,のび,名詞,伸展,伸びがある / 伸びを感じる / 伸びを促す,3,真题,否,(注5) 伸びしろ: 伸びる可能性 / るので、いま以上の伸びしろ (注5)はそれほど大きくないからだ。,①伸展，增长（成長の伸びが早い｜成长很快）②延续，延长（時間の伸びを感じる｜感觉时间延长）,边缘词
もはや,もはや,副詞,已经,もはや無理 / もはや必要ない / もはや理解できない,3,真题,否,(注4)もはや : 今ではもう / そして(注6) もはやかなり前から警告されているとお,①已经，不再（もはや遅すぎる｜已经太晚了）②如今，现今（もはや必要ない｜如今不再需要）,边缘词
不便,ふべん,名詞,不便,不便を感じる / 不便な状況 / 不便を解消する,3,真题,否,ご不便をおかけしますが、 どうぞよろしくお願い申し上げます。 / したが、まだ昼食時に多くの人が利用できずに不便を感じています。,①不方便，不便捷（不便な場所に住んでいる｜住在不方便的地方）②麻烦，困难（不便な状況にある｜处于麻烦的情况）,边缘词
心地,ここち,名詞,心情,心地が良い / 心地を大切にする / 心地よい空間,3,真题,否,(注3)聞き心地:聞いたときの感じ / 小説を、このように構成するのだ、 そこが心地いい(注3) のだ、とわかることである。,①心情，心境（心地が良いです｜心情很好）②感觉，状态（心地よい風｜舒适的风）,边缘词
世,よ,名詞,世界,世の中 / 世が変わる / 世に出る,3,真题,否,世に読書嫌いと言われる子どもたちが多い。 / 自分が書いた作品に自信を持って、世に発表すること,①世界（例：この世は広い｜这个世界很大）②时代（例：新しい世が来る｜新时代来临）,边缘词
玉,たま,名詞,玉,玉を磨く / 玉が光る / 玉を集める,3,真题,否,ガラス棒を熱して溶かし、ガラス玉のペンダントを作ります。 / 玉が入っている容器には、 水入りのものと水なしのものが準備された。,①宝石（例：美しい玉｜美丽的宝石）②球体（例：玉を転がす｜滚动球体）,边缘词
ビデオ,びでお,名詞,视频,ビデオを見る / ビデオを撮る / ビデオを編集する,3,真题,否,自分のレースがビデオで取られていなかったこと / このビデオは長いので、一度に見ないで何回かに散らかして見よう。,①录像带（例：ビデオを見る｜看录像）②视频（例：ビデオを撮る｜拍视频）,边缘词
他社,たしゃ,名詞,其他公司,他社と競争する / 他社の製品 / 他社に依存する,3,真题,否,なのは他社との比較です。 / A社の製品は他社のものより品質が劣る。,①其他公司（例：他社と競争する｜与其他公司竞争）②外部公司（例：他社の製品｜外部公司的产品）,边缘词
入社,にゅうしゃ,名詞,入职,入社する / 入社式 / 入社の手続き,3,真题,否,A社の面接に合格したが、引退して別の会社に入社した。 / 一定の水準を満たした志願者全員が、入社できるわけではありません。,①加入公司（例：入社式がある｜有入职仪式）,边缘词
滑る,すべる,動詞,滑动,滑る道 / 滑るように / 滑る音,3,真题,否,「しわ」 / があっても滑るので、 滑り止めだと決めるにはまだ早い。,①滑动（例：氷が滑る｜冰面滑）②失误（例：言葉が滑る｜说错话）,边缘词
預ける,あずける,動詞,寄存,預ける場所 / 預けることができる / 預ける時間,3,真题,否,預けた服を取りに行けるのが / ご出発の三日前までにお荷物をお預けください。,①寄存（例：荷物を預ける｜寄存行李）②托付（例：子供を預ける｜托付孩子）,边缘词
在学,ざいがく,名詞,在校,在学中 / 在学の学生 / 在学証明書,3,真题,否,橋山大学 在学生へのお知らせ / 大学の在学証明書(入学予定者は合格通知書)のコピー,①在校（例：彼は在学中です｜他在校）,边缘词
語りかける,かたりかける,動詞,倾诉,語りかける相手 / 語りかけること / 語りかける声,3,真题,否,. 語りかけるようなスタイルで書く。 / そうして見ていくと、絵それ自体が何かを語りかけてくれる場合と、文を読んでからでなけ,①对话（例：彼に語りかける｜与他对话）②倾诉（例：心を語りかける｜倾诉心声）,边缘词
いわば,いわば,副詞,可以说,いわば友達 / いわば新しい挑戦 / いわば人生の一部,3,真题,否,オフラインの状態はいわば日常生活で、あまり新しいことを取り / いわば装飾的な (注3)働きしかしていない場合とが、 実にはっきりしてきま,①可以说（例：いわば友達です｜可以说是朋友）②换句话说（例：いわば新しい挑戦｜换句话说是新挑战）,边缘词
移し替える,うつしかえる,動詞,转移,移し替える作業 / 移し替えることができる / 移し替える際,3,真题,否,器に小さなガラス玉を入れ、 それを指でつかんで別の容器に移し替えるのにかかる時間を計る。 / まず水の有無について見てみると、 水入りの容器から移し替えるより、 水なしの容器から移し替える,①转移（例：データを移し替える｜转移数据）②替换（例：部品を移し替える｜替换部件）,边缘词
考え出す,かんがえだす,動詞,想出,考え出す方法 / 考え出すこと / 考え出す時間,3,真题,否,個々のニーズに合った団体旅行を考え出すこと / (注3)創意工夫する : 新しいアイデアを考え出す,①想出（例：新しいアイデアを考え出す｜想出新点子）②设计（例：計画を考え出す｜设计计划）,边缘词
はやる,はやる,動詞,流行,はやるトレンド / はやる音楽 / はやるファッション,3,真题,否,ファッション雑誌などを参考に、はやっているものを買う / . どのような飲み物が流行るかは、 人気のある雑誌の影響を受けること。,①流行（例：この服がはやる｜这衣服流行）②兴盛（例：ビジネスがはやる｜生意兴盛）,边缘词
似合う,にあう,動詞,适合,似合う服 / 似合う色 / 似合うスタイル,3,真题,否,でも、そうして選んだ服は本当に自分に似合っていますか。 / 分と全く同じ人間はいないのですから、似合う服も人それぞれです。,①合适（例：その服が似合う｜那件衣服合适）②相称（例：彼に似合う色｜适合他的颜色）,边缘词
前提,ぜんてい,名詞,前提,前提がある / 前提を確認する / 前提条件,3,真题,否,前提として深刻な課題であると思う。 / ことが重要な時代になってきたのだ。,①前提条件（例：前提を確認する｜确认前提）②假设（例：前提が必要だ｜需要假设）,边缘词
裕福,ゆうふく,形状詞,富裕,裕福な家庭 / 裕福な生活 / 裕福な人々,3,真题,否,逆にそのような裕福とか社 / と答える人もいるのだろう。,①富裕（例：裕福な家庭｜富裕家庭）②富有（例：裕福な生活｜富有的生活）,边缘词
受賞,じゅしょう,名詞,获奖,受賞する / 受賞の知らせ / 受賞歴,3,真题,否,受賞できるとは思わなかったので、すごくうれしいです。 / あの若さで金賞を受賞した伊藤さんは、本当に目上の人だと思う。,①获奖（例：賞を受賞する｜获得奖项）②领奖（例：受賞式に出る｜参加颁奖典礼）,边缘词
全面,ぜんめん,名詞,全面,全面に広がる / 全面を見渡す / 全面にわたる,3,真题,否,のは、アイデアを盗んだと / もちろん、 人の成功を見て、 それを全面的に 「真似る」,①全面的（例：全面的な見直し｜全面审查）②全方位（例：全面的な支援｜全方位支持）,边缘词
情景,じょうけい,名詞,场景,情景が浮かぶ / 情景を描く / 情景を思い出す,3,真题,否,. 美しい情景が目に浮かんだ。 / 情景や物体を眺める時、 人の判断はあまり変わらない。,①场景（例：美しい情景｜美丽的场景）②情境（例：情景を描写する｜描写情境）,边缘词
運送,うんそう,名詞,运输,運送業者 / 運送する / 運送の手配,3,真题,否,がご利用になれま / 運送会社にじょうきょうを聞く,①运输（例：荷物を運送する｜运输行李）②运送服务（例：運送業者に依頼する｜委托运输公司）,边缘词
傷つく,きずつく,動詞,受伤,傷つくことがある / 傷つく心 / 傷つく瞬間,3,真题,否,私たちの団体は、傷ついた動物をすくう活動をしています / 自分がかわいいのであり、傷つきたくないからなのだ>ということだろう。,①受伤（例：彼は怪我で傷ついた｜他受伤了）②心灵受创（例：彼女の言葉で傷ついた｜她的话让我受伤）,边缘词
省く,はぶく,動詞,省略,省くことができる / 省く手間 / 省く方法,3,真题,否,[10]時間がないので、詳しい説明ははぶきます。 / これらを計画的に組み立てれば、無駄も省け、時間的にも気持ちのうえでも 「ゆとり」 (注6)が生ま,①省略（例：無駄を省く｜省去浪费）②节省（例：時間を省く｜节省时间）,边缘词
調べ,しらべ,名詞,调查,調べを行う / 調べが必要 / 調べをまとめる,3,真题,否,利用者がグループで調べものをしていること / 図書館の資料を利用して調べものをしているようなので、注意することもできません。,①调查（例：情報を調べる｜调查信息）②检查（例：状況を調べる｜检查情况）,边缘词
対処,たいしょ,名詞,应对,対処する方法 / 対処が求められる / 対処に困る,3,真题,否,問題に取り組む経験を積むほど、問題に対処できるようになる / 一度きちんと解決をした人は、 同じ問題に遭遇したときに対処できる。,①应对（例：問題に対処する｜应对问题）②处理（例：事態に対処する｜处理事态）,边缘词
株式,かぶしき,名詞,股票,株式を購入する / 株式市場 / 株式の価値,3,真题,否,の回収・交換について / 三村株式会社製 「はさみ SB-A」,①股票（例：株式を購入する｜购买股票）②股份（例：株式市場｜股票市场）,边缘词
格段,かくだん,副詞,显著,格段に良くなる / 格段に進化する / 格段に変わる,3,真题,否,(注6)格段に:ここでは、大きく / インド)を身につけることで、自分で考え・調べ、自分で解決する能力は格段(注1)に高まります。,①显著（例：格段に良くなった｜显著改善）②特别（例：格段の違い｜特别的区别）,边缘词
話し合う,はなしあう,動詞,讨论,話し合う時間 / 話し合うことが大切 / 話し合う場,3,真题,否,法律が必要かどうかについてクラスで話し合うこと / クラスの問題について話し合い、必要なルールを決めること,①讨论（例：問題を話し合う｜讨论问题）②商量（例：意見を話し合う｜商量意见）,边缘词
民主,みんしゅ,名詞,民主,民主主義 / 民主的な / 民主の原則,3,真题,否,(注3)民主的に:ここでは、了解し合って / ことを話し合い、 みんなで民主的に (注3) ルールを作っていくこともまさに法教育の一つの姿です。,①民主（例：民主主義｜民主主义）②民众（例：民主の権利｜民众的权利）,边缘词
価,あたい,名詞,价值,価が高い / 価をつける / 価を見直す,3,真题,否,(注3) 尊敬に値する : 尊敬できる / 少なくとも、 自分の狭い体験のみによって価,①价值（例：価が高い｜价值很高）②价格（例：商品の価｜商品的价格）,边缘词
笑う,わらう,動詞,笑,笑うことが好き / 笑う声 / 笑う瞬間,3,真题,否,観客が泣いたり笑ったりする。 / 【49】 落語を聞いている間、 私はよく笑った。,①笑（例：彼は笑った｜他笑了）②嘲笑（例：彼女を笑う｜嘲笑她）,边缘词
まっすぐ,まっすぐ,形状詞,直,まっすぐ進む / まっすぐな道 / まっすぐな視線,3,真题,否,地図に頼らずにまっすぐに歩む人生 / な表現や文を使わずに自分の言葉で書けば、 思いが相手の心にまっすぐ届く。,①笔直，直接（まっすぐ行ってください｜请直走）②坦率，诚实（彼はまっすぐな人です｜他是个坦率的人）,边缘词
提,ひさげ,名詞,提议,提案をする / 提案に賛成する / 提案が受け入れられる,3,真题,否,パコさんが提(てい) 出 (しゅつ) しなければならないものは何か。 / .2月3日から2月28日の間に駐輪場センターに行き、申請書、 登録証を提出し、身分証明証を提,①提起，提出（問題を提起する｜提出问题）②提着，携带（荷物を提げる｜提着行李）,边缘词
配,はい,名詞,分配,配分を決める / 配分に関する問題 / 配分が不均等,3,真题,否,しょくば体験の予定表を配(くば) る / 配套㻂解課程清在CCtal k搜索:柎先生日語№,①分配，配给（食事を配る｜分配食物）②配合，搭配（色を配る｜搭配颜色）,边缘词
遠回り,とおまわり,名詞,绕远,遠回りをする / 遠回りに行く / 遠回りが必要,3,真题,否,見たいと思っていた風景を遠回りせずに見に行ける点 / . 自分に合ったやりたいことを探すには、遠回りをしてもいい。,①绕远，迂回（遠回りして帰る｜绕远回家）②冤屈，曲折（遠回りの人生｜曲折的人生）,边缘词
油分,ゆぶん,名詞,油分,油分が多い / 油分を含む / 油分が少ない,3,真题,否,この水が、 色鉛筆の芯の油分 / 黒鉛が油分と同じ働きをしていたから,①油脂，油量（油分が多い｜油脂含量高）②油腻，油腻感（油分が少ない｜油腻感少）,边缘词
毎朝,まいあさ,名詞,每天早上,毎朝起きる / 毎朝運動する / 毎朝食べる,3,真题,否,毎朝天気予報をチェックしている人も多いだろう。 / 健康のため、 毎朝 0分体操することを日課にしている,①每天早上（毎朝ジョギングする｜每天早上慢跑）,边缘词
次回,じかい,名詞,下次,次回の会議 / 次回に期待する / 次回の予定,3,真题,否,次回の予約ができるのは、予約した回が終了した後 / 次回のセミナーの開催日はまだ鮮明に決まっていない,①下次，下一次（次回お会いしましょう｜下次见）,边缘词
舗装,ほそう,名詞,铺装,舗装が新しい / 舗装をする / 舗装が必要,3,真题,否,高速道路で雨の日に事故が多かった地点も、この舗装にした後、 雨の日の事故が / いることは 51 道路表面に小さな無数の穴があり、水が舗装の下に抜けるという仕組,①铺设，铺路（道路を舗装する｜铺设道路）②硬化，整修（舗装が新しい｜新铺的路）,边缘词
氷,こおり,名詞,冰,氷が溶ける / 氷を作る / 氷が冷たい,3,真题,否,、寒い地域では雪や氷が原因でスリップ事故が多発する。 / に埋め込み、 車の重さで道路をわずかに変形させて雪や氷を砕く。,①冰块，冰（氷を入れてください｜请加冰块）②冰冷，寒冷（氷のように冷たい｜冷得像冰）,边缘词
日数,にっすう,名詞,天数,日数がかかる / 日数を数える / 日数が短い,3,真题,否,ご旅行先や日数に合わせて、お好きな / .宿泊先は変えずに、出発日と日数を変更してほしい。,①天数，日程（日数が足りない｜天数不够）②时间，期间（旅行の日数｜旅行的时间）,边缘词
意志,いし,名詞,意志,意志を持つ / 意志が強い / 意志を示す,3,真题,否,は相当に大事な要素となる。 / 他者に意志を伝えるとき、「高さ」,①意志力（彼は強い意志を持っている｜他有强烈的意志）②决心（彼女は意志を固めた｜她下定决心）,边缘词
やみくも,やみくも,形状詞,盲目,やみくもに進む / やみくもに探す / やみくもに行動する,3,真题,否,そこらを汚す」 / といって、子供の遊びをやみくもに禁じてしまわないこと,①盲目（やみくもに走った｜盲目地跑）②无目的（やみくもに探した｜盲目寻找）,边缘词
警察,けいさつ,名詞,警察,警察が出動する / 警察に通報する / 警察が捜査する,3,真题,否,これは政治家、警察官、医 / けいさつしょに問い合わせる,①执法机关（警察が来た｜警察来了）②警察人员（警察が捜査中｜警察在调查）,边缘词
領域,りょういき,名詞,领域,領域を広げる / 領域に入る / 領域が異なる,3,真题,否,評価の高い同僚は、 あなたとは強みも活躍する領域 (注5) / れるようになると、子どもに頼り、子どもに任せる領域がどんどんと減ってくる。,①领域（彼は科学の領域で働いている｜他在科学领域工作）②范围（この領域は広い｜这个范围很广）,边缘词
確率,かくりつ,名詞,概率,確率が高い / 確率を計算する / 確率が低い,3,真题,否,(注6)確率する : ここでは、しっかり持つ / それでも、同じような時期に生まれ、 自分の得意分野を確率し(注6)、 頭角を,①概率（成功の確率は高い｜成功的概率很高）②可能性（それは低い確率だ｜这可能性很低）,边缘词
分間,ぶんけん,名詞,分钟,分間に何回 / 分間を測る / 分間が経過する,3,真题,否,(試験時間: 105分間),①每分钟（分間に10回｜每分钟10次）②时间单位（1分間待って｜等1分钟）,边缘词
容易,ようい,形状詞,容易,容易に理解する / 容易に達成する / 容易に手に入る,3,真题,否,そういう部下は、手間はかかるかもしれないが、 少し手を差し伸べれば、 2~3割は容易 / し、光の当たらない場所でタネが発芽すれば、発芽した芽生えがどんな運命をたどるかは、容易に想像,①简单（この問題は容易だ｜这个问题简单）②容易做到（容易に解決できる｜容易解决）,边缘词
腹,はら,名詞,肚子,腹が減る / 腹を壊す / 腹が痛い,3,真题,否,(注4)憤慨を覚える:腹が立 / ありますし、恥ずかしいこと、淋しいこと、 腹が立つことはあります。,①肚子（腹がすいた｜肚子饿了）②腹部（腹が痛い｜肚子疼）,边缘词
物資,ぶっし,名詞,物资,物資を供給する / 物資が不足する / 物資を分配する,3,真题,否,培や物資の生産を始めた。 / 人口が増えれば、 必要とされる食物や生活物資の量も増える。,①物资（物資が不足している｜物资不足）②资源（物資を供給する｜提供物资）,边缘词
考試,こうし,名詞,考试,考試を受ける / 考試の結果 / 考試が難しい,3,真题,否,年7月日語能力考試 N2真題答案 / 年12月日語能力考試 N2真題答案,①考试（明日、考試がある｜明天有考试）,边缘词
題,だい,名詞,题目,題を考える / 題が決まる / 題に答える,3,真题,否,年7月日語能力考試 N2真題答案 / 年12月日語能力考試 N2真題答案,①题目（例：この題は難しい。｜这个题目难）②主题（例：この題について話しましょう。｜我们谈谈这个主题）,边缘词
答案,とうあん,名詞,答案,答案を提出する / 答案が正しい / 答案を確認する,3,真题,否,年7月日語能力考試 N2真題答案 / 年12月日語能力考試 N2真題答案,①答案（例：彼の答案は完璧だ。｜他的答案很完美）②解答（例：問題の答案を提出した。｜提交了问题的解答）,边缘词
立派,りっぱ,形状詞,出色,立派な建物 / 立派な業績 / 立派な人,3,真题,否,. 本当の知識を得るには、 役立つ本や立派な話に接するべきだ。 / どんなに立派な話を聞いても、どんなに役立つ本を読んでも、その考えやアイデアは、 あなたのものに,①出色（例：彼は立派な人だ。｜他是个出色的人）②壮丽（例：立派な建物がある。｜有壮丽的建筑）,边缘词
芽生える,めばえる,動詞,萌芽,芽生える時期 / 芽生える可能性 / 芽生える植物,3,真题,否,このやり方でいいのだという自信が芽生えてくる。 / (注4)自我が芽生える : ここでは、自分の考えが生まれる,①萌芽（例：新しいアイデアが芽生えた。｜新想法萌芽了）②开始生长（例：花が芽生えた。｜花开始生长了）,边缘词
象徴,しょうちょう,名詞,象征,象徴となる / 象徴を持つ / 象徴が示す,3,真题,否,―などはその象徴的な行動です。 / しかし、幼児期になり、象徴的思考ができるようになる,①象征（例：この花は愛の象徴だ。｜这朵花象征着爱）②标志（例：自由の象徴として知られる。｜被称为自由的标志）,边缘词
乳児,にゅうじ,名詞,婴儿,乳児を抱く / 乳児が泣く / 乳児の世話,3,真题,否,乳児(注6)期には、「目の前に / (注 [6)]乳児:1 歳ごろまでの子供,①婴儿（例：乳児はよく泣く。｜婴儿常常哭）②小孩（例：乳児の世話は大変だ。｜照顾婴儿很辛苦）,边缘词
会館,かいかん,名詞,会馆,会館で会う / 会館を利用する / 会館がある,3,真题,否,に参加し / [19] 時から 場所:朝田市民文化会館3階研修室,①会馆（例：会館で会議がある。｜会馆里有会议）②集会所（例：地域の会館を利用する。｜利用社区的集会所）,边缘词
たくわえる,たくわえる,動詞,储存,たくわえる資源 / たくわえる時間 / たくわえる食料,3,真题,否,食べ物と飲み物を十分にたくわえる。 / 果実が大きくなれば、甘みや旨みを蓄えることができるから,①储存（例：食料をたくわえる。｜储存食物）②积累（例：知識をたくわえる。｜积累知识）,边缘词
こうしょう,こうしよう,名詞,交涉,こうしょうを行う / こうしょうが成立する / こうしょうに参加する,3,真题,否,こうしょうを通して、 何が学べるか。 / 理想的なこうしょうとは、どういうものか。,①交渉（例：契約のこうしょうをする。｜进行合同的交涉）②交涉（例：問題のこうしょうが必要だ。｜需要对问题进行交涉）,边缘词
自治,じち,名詞,自主管理,自治を行う / 自治が必要 / 自治を尊重する,3,真题,否,別の自治体で大会を行うべきだ / イベントを企画する自治体なども48,①自治（例：この地域は自治がある。｜这个地区有自治）②自我管理（例：自治を尊重する。｜尊重自我管理）,边缘词
丈夫,じょうぶ,形状詞,坚固,丈夫な材料 / 丈夫な構造 / 丈夫な製品,3,真题,否,また、丈夫で傷みにくいという利点を生かして美術作品などの修理 / . 木の皮を取り除いた幹の部分を原料とし、丈夫で破れにくい。,①结实耐用（このバッグは丈夫です｜这个包很结实）②健康强壮（彼は丈夫な体を持っています｜他身体健康）,边缘词
早く,はやい,名詞,快,早く起きる / 早く行く / 早く終わる,3,真题,否,とにかく早くから決断するクセを / 早くから一つのスポーツを集中的に練習させる,①快点（早く来てください｜请快点来）②早（早く寝る時間です｜该早睡了）,边缘词
知り合う,しりあう,動詞,相识,知り合うきっかけ / 知り合う機会 / 知り合う人,3,真题,否,さまざまな世代の人と知り合えるから / ほかのほご箸と知り合うことができる,①相识（彼と知り合うのは楽しい｜认识他很开心）②认识（新しい友達と知り合う｜和新朋友相识）,边缘词
本能,ほんのう,名詞,本能,本能に従う / 本能が働く / 本能を感じる,3,真题,否,動物は皆、本能にもとづいて習慣的に行動します。 / (注 1)本能: ここでは、生まれつき持っている性質,①本能（動物の本能について｜关于动物的本能）②自然反应（本能的に逃げた｜本能地逃跑）,边缘词
適度,てきど,形状詞,适度,適度な運動 / 適度な量 / 適度な温度,3,真题,否,(注2)ほどほどに:適度に / . 周りの人との適度な距離を保つ。,①适度（適度な運動が大切です｜适度运动很重要）②适量（適度な食事を心がける｜注意适量饮食）,边缘词
食材,しょくざい,名詞,食材,食材を選ぶ / 食材が新鮮 / 食材を準備する,3,真题,否,から、多様な食材を食べる経験を積む必要があると考える。 / 自身がさまざまな食材を受容できる (注4) 環境をつくることが大切である。,①食材（新鮮な食材を使う｜使用新鲜食材）②烹饪材料（食材を買いに行く｜去买烹饪材料）,边缘词
ほどほど,ほどほど,名詞,适中,ほどほどにする / ほどほどの量 / ほどほどに楽しむ,3,真题,否,(注2)ほどほどに:適度に / 動や規則的な生活など、 ほどほどのストレスは大切だ。,①适度（ほどほどに楽しむ｜适度享受）②不过分（ほどほどに食べる｜吃得不过分）,边缘词
傾ける,かたむける,動詞,倾斜,傾ける力 / 傾ける角度 / 傾ける必要,3,真题,否,という問いへの子どもの答えにもっと耳を傾け、 深く掘り下げて語り合いましょう。 / に心を傾けて聞くことを基本に、香りを聞きながら古典文学を鑑賞したり、 どれがどの,①倾斜（頭を傾ける｜倾斜头）②倾注（心を傾ける｜倾注心力）,边缘词
構図,こうず,名詞,构图,構図を考える / 構図が美しい / 構図を決める,3,真题,否,(注2) 構図 : ここでは、とらえ方 / では、そうした別の構図をもたらす (注4) 新たな視点は、いったいどこからやってくるのか。,①构图（この写真の構図が好きです｜我喜欢这张照片的构图）②布局（構図を考える｜考虑布局）,边缘词
つぶやき,つぶやき,名詞,低语,つぶやきが聞こえる / つぶやきに反応する / つぶやきをする,3,真题,否,もが語る「夢」 / T 男のつぶやきを聞き、自信,①低声说（彼はつぶやいた｜他低声说）②轻声自语（つぶやきが聞こえた｜听到轻声自语）,边缘词
制服,せいふく,名詞,制服,制服を着る / 制服が必要 / 制服がある,3,真题,否,制服を着てしまうと組織の一員となって個人は消える。 / しかし一日の三分の一は仕事をしているわけですから、 その時間を制服のよ,①制服（学生の制服です｜学生的制服）②制服（警察の制服｜警察的制服）,边缘词
放棄,ほうき,名詞,放弃,放棄する権利 / 放棄が認められる / 放棄を決める,3,真题,否,個人の放棄は責任の放棄ともたやすく繋がります。 / 消してうわべの職業声で話すことは、 厳しい見方をすれば、 人間対人間の場面で、個人を放棄している,①放弃（権利を放棄する｜放弃权利）②放弃（計画を放棄した｜放弃计划）,边缘词
全域,ぜんいき,名詞,全域,全域をカバーする / 全域が対象 / 全域に広がる,3,真题,否,朝春町全域、 千京町3丁目~6丁目 / 岩町長全域、 緑町全域、 花守町1丁目5丁目,①全域（全域に影響する｜影响全域）②全域（全域を対象に｜以全域为对象）,边缘词
否応,いやおう,名詞,无论,否応なく受け入れる / 否応なく参加する / 否応なく決まる,3,真题,否,(注5)否応なく嫌でも嫌でなくても / 私たちの人生に否応なく割り込んできてしまう。,①不情愿（否応なく参加する｜不情愿地参加）②不情愿（否応なしに決定する｜不情愿地决定）,边缘词
カーテン,かーてん,名詞,窗帘,カーテンを閉める / カーテンが揺れる / カーテンを開ける,3,真题,否,台所のカーテンにストーブの火が燃え移ったこと / 居間のカーテンにストーブの火が燃え移ったこと,①窗帘（カーテンを閉める｜关上窗帘）②帷幕（カーテンを開ける｜打开帷幕）,边缘词
腰痛,ようつう,名詞,腰痛,腰痛がひどい / 腰痛を和らげる / 腰痛が治る,3,真题,否,腰への負担も大きくなり、 それが腰痛につながります。 / 座りっぱなしを避け、時々立って体を動かすことは、気軽にできる腰痛,①腰痛（腰痛がひどい｜腰痛很严重）②腰痛（腰痛を治す｜治疗腰痛）,边缘词
完了,かんりょう,名詞,完成,完了する手続き / 完了が早い / 完了を確認する,3,真题,否,6月5日に画面と電源の修理は完了するが、いつ受け取りに来るか。 / 画面の修理は6月5日に完了しますので、電源の修理を希望されない場合には、予定ど,①完成（作業が完了した｜工作完成了）②结束（プロジェクトが完了｜项目结束）,边缘词
旧,きゅう,名詞,旧,旧友に会う / 旧式のもの / 旧い習慣,3,真题,否,.旧モデルと新モデルの相違点をまとめた資料を作成する。 / . 旧モデルのこれまでの販売実績が分かる資料を作成する。,①旧（旧友に会う｜见到旧友）②旧（旧式の機械｜旧式机器）,边缘词
読み物,よみもの,名詞,读物,読み物を選ぶ / 読み物が面白い / 読み物を読む,3,真题,否,小説や読み物はそのようなのだ。 / . 最初は読み物よりもカタログなどを読めばいい。,①读物（面白い読み物｜有趣的读物）②读物（読み物を楽しむ｜享受读物）,边缘词
熟成,じゅくせい,名詞,成熟,熟成が進む / 熟成を待つ / 熟成が必要,3,真题,否,という過程です。 / 工するかをじっくり考え熟成させることです。,①熟成（チーズの熟成｜奶酪的熟成）②熟成（ワインの熟成｜葡萄酒的熟成）,边缘词
エレベーター,えれべーたー,名詞,电梯,エレベーターに乗る / エレベーターが動く / エレベーターを待つ,3,真题,否,点検のため、午前中はエレベーターの使用を廃止します。 / 自転車だけを運ぶエレベーターが設置されており、地上で自転車をエレベーターに乗せてボタン,①电梯（ビルの中にある｜在大楼里的电梯）,边缘词
スキル,すきる,名詞,技能,スキルを磨く / スキルが必要 / スキルを身につける,3,真题,否,(注2) スキル:ここでは、技術 / て、スキルが上がっていき、その後得をするだろう。,①技能（仕事に必要な能力｜工作所需的技能）,边缘词
見通し,みとおし,名詞,展望,見通しが明るい / 見通しを立てる / 見通しが悪い,3,真题,否,(注1) 目算が立つ 見通しがつく / という決断をするときに、その見通しをつけたいと思っているのだ。,①前景（将来の予測｜未来的预测）②视野（物事の見え方｜事物的视野）,边缘词
決心,けっしん,名詞,决心,決心をする / 決心が固い / 決心を伝える,3,真题,否,二度目の宇宙飛行への挑戦(注1)を決心したとき、 毛利さんはすでに四十八歳にな / のアミエルという人が 「決心する前に、 完全な見通しをつけようとする者は、 決心することができな,①决心（強い意志を持つこと｜要有坚定的意志）,边缘词
かけ湯,かけゆ,名詞,热水,かけ湯をする / かけ湯が熱い / かけ湯を準備する,3,真题,否,「かけ湯」 / を 49 0,①浇水（体を温めるための｜用来温暖身体的浇水）,边缘词
詰め合わせ,つめあわせ,名詞,组合,詰め合わせを作る / 詰め合わせが人気 / 詰め合わせを選ぶ,3,真题,否,「緑山牧場チーズ詰め合わせ」 / わが社の人気商品「緑山牧場チーズ詰め合わせ」,①组合（いろいろなものをまとめる｜把各种东西放在一起）,边缘词
枠,わく,名詞,框架,枠を超える / 枠を作る / 枠がある,3,真题,否,見えない枠が見えるようになる。 / 見えない枠が変なものだと気づく。,①框架（物事の枠組み｜事情的框架）②范围（限界や範囲｜限度和范围）,边缘词
張りめぐらせる,はりめぐらせる,動詞,张贴,張りめぐらせるネット / 張りめぐらせる計画 / 張りめぐらせる広告,3,真题,否,を求めて根を張りめぐらせます。 / (注2) 張りめぐらせる : 広く張る,①张贴（広がるように設置する｜设置得像是要扩展一样）,边缘词
定休,ていきゅう,名詞,定休,定休の日 / 定休を守る / 定休が決まる,3,真题,否,店は木曜日が定休日でした。 / 鍵の受け取り日が定休日の場合は、ほかの支店で受け取れると書い,①定休（決まった休みの日｜固定的休息日）,边缘词
勝者,しょうしゃ,名詞,胜者,勝者が決まる / 勝者になる / 勝者を称える,3,真题,否,どの生物もすべての環境条件で競争の勝者になることはできません。 / 条件が違えば、勝者が敗者になり、敗者が勝者になるのが自然の生物社会です。,①胜者（競争に勝った人｜在竞争中获胜的人）,边缘词
敗者,はいしゃ,名詞,败者,敗者の気持ち / 敗者が受け入れる / 敗者を尊重する,3,真题,否,条件が違えば、勝者が敗者になり、敗者が勝者になるのが自然の生物社会です。 / 競争は敗者を排除(注2)するプロセスではなく、 多様な環境の中にそれぞれの生物の,①失败者（彼は敗者です｜他是失败者）②落选者（彼は敗者になった｜他成了落选者）,边缘词
司書,ししょ,名詞,图书管理员,司書が本を管理する / 司書に相談する / 司書が情報を提供する,3,真题,否,(注1)司書:図書館で専門的な仕事をする職員 / 以下は図書館で司書(注1)が子供たちに本を読んで聞かせることについて書かれた文,①图书管理员（彼女は司書です｜她是图书管理员）②书籍管理者（司書の仕事｜图书管理的工作）,边缘词
語り手,かたりて,名詞,叙述者,語り手が物語を語る / 語り手に感情を込める / 語り手が視点を変える,3,真题,否,その時、語り手が主役ではありません。 / 筆者によると、 本を読み聞かせるために語り手はどんな準備をしているか,①叙述者（彼は語り手です｜他是叙述者）②讲述者（語り手の視点｜讲述者的视角）,边缘词
読みこむ,よみこむ,動詞,深入阅读,読みこむことが大切だ / 読みこむために時間をかける / 読みこむ内容を選ぶ,3,真题,否,著者の思いを届けるために、 何度も読みこんで内容を理解し練習する。 / 読み聞かせの場合も、本文をほとんど暗記するほどに読みこむことが必要とさ,①深入阅读（本を読みこむ｜深入阅读书籍）②仔细阅读（資料を読みこむ｜仔细阅读资料）,边缘词
土台,どだい,名詞,基础,土台を築く / 土台がしっかりしている / 土台に基づく,3,真题,否,知識は、頭の中に貯えられた記憶の体験が土台になるのである。 / どんなことでも記憶しておけば、 創造力やアイデアの土台になる,①基础（土台が必要です｜需要基础）②根基（しっかりした土台｜坚实的根基）,边缘词
衛星,えいせい,名,卫星,衛星が地球を回る / 衛星に信号を送る / 衛星が情報を伝える,2,两者,是,などの装置が作られている。 / 人工衛星技術の進歩により信頼性の高い気,①卫星（地球の衛星｜地球的卫星）②人造卫星（衛星が飛んでいる｜人造卫星在飞行）,社区推荐
恩恵,おんけい,名,恩惠；受到好处,恩恵に浴する（沾恩惠；受到好处）,2,两者,是,知らなくても、その恩恵を受けることができる。 / 象予測が可能になるなど、 身近な生活でも、私たち多くの恩恵を受けていることは誰もが認める事実だ,①恩惠（彼の恩恵を受ける｜接受他的恩惠）②好处（恩恵を感じる｜感受到好处）,社区推荐
核心,かくしん,名,核心，关键,核心が明らかになる / 核心に迫る / 核心を理解する,2,两者,是,"(注3) 核心: 一番大切な部分 / て,話したことをすべてメモしていたら、 (注3) 核心が見えなくなる。",①核心（問題の核心｜问题的核心）②中心（核心を突く｜直击中心）,社区推荐
加減,かげん,名·他サ,调节；程度,湯の加減（水的凉热程度）,2,两者,是,いい人だ」 / と判断を変えてしまうのだから、人間の好悪の感情なんて実にいい加減なものだ。,①增减（加減が必要です｜需要增减）②调节（加減を考える｜考虑调节）,社区推荐
株,かぶ,名,股份,株を買う / 株が上がる / 株に投資する,2,两者,是,すべてを、6月22日までに三村株(かぶ)式(しき)会社に発送する。 / 欠陥があるものを、 6月22日までに三村株 (かぶ)式(しき) 会社に発送する。,①股票（株を買う｜买股票）②植物的茎（株が育つ｜植物的茎在生长）,社区推荐
雷,かみなり,名,雷,雷がなる（打雷）,2,两者,是,雷鳴りが出したと思ったら、さっさと雨が降り出した / 雷が鳴り出したと思ったら、さっさと雨が降り出した。,①雷电（雷が鳴った｜雷声响了）②惊吓（雷に驚いた｜被雷吓到了）,社区推荐
館内,かんない,名,馆内,館内でイベントが行われる / 館内に入る / 館内の案内をする,2,两者,是,館内の体験教室で、ガラス作品作りが体験できます。 / 当日のお持ち帰りをご希望の場合は、それぞれの待ち時間の間、 館内を鑑賞しながらお待ちになる,①馆内（館内は静かだ｜馆内很安静）,社区推荐
願望,がんぼう,名·他サ,愿望,願望がかなう（如愿以偿）,2,两者,是,以前は、海外で暮らしたいという願望が強かった。 / 小説を書いて世に発表したいという願望は、自分というものを,①愿望（彼の願望は叶った｜他的愿望实现了）②希望（願望を持つ｜怀有希望）,社区推荐
期限,きげん,名,期限,期限になる（到期）,2,两者,是,相手に引き渡す期限が設定されている場合 / . あしたで定期券の期限が尽きるので、新しいのを買いに行った。,①截止日期（期限が迫っている｜截止日期快到了）②时限（期限を守る｜遵守时限）,社区推荐
儀式,ぎしき,名,仪式,儀式を行う（举行仪式）,2,两者,是,また、より儀式的な挨拶行動が(注5)円滑に実行されるためには、 / また、 より儀式的な挨拶行動が円滑に (注5) 実行されるためには、ほかのイ,①仪式（結婚式の儀式｜婚礼的仪式）②典礼（儀式を行う｜进行典礼）,社区推荐
基礎,きそ,名,基础；根基,基礎を固める / 基礎が重要だ / 基礎に戻る,2,两者,是,私今学んでいるのはロボット工学の基礎です。 / 身を動かし、基礎的な運動能力を身につけることができる。,①基础（基礎を固める｜巩固基础）②根基（基礎が大事｜基础很重要）,社区推荐
客席,きゃくせき,名,观众席,客席が満席になる / 客席に座る / 客席から見る,2,两者,是,客席のいすをきれいにする / すしを載せた皿が、客席沿いに設置された台の上を通って次々に流れていく。,①观众席（客席が満席だ｜观众席满了）②座位（客席に座る｜坐在观众席上）,社区推荐
筋肉,きんにく,名,肌肉,筋肉が鍛えられる / 筋肉を使う / 筋肉が疲れる,2,两者,是,鳥の胸の筋肉は、体重の約35%を占めると言われています。 / 鳥が体のわりに大きな翼を動かせるのは、 胸(むね) の筋肉(きん,①肌肉（筋肉を鍛える｜锻炼肌肉）②力量（筋肉がつく｜肌肉变得强壮）,社区推荐
金融,きんゆう,名,金融,金融が発展する / 金融に関する知識 / 金融市場が変動する,2,两者,是,参加企業: 金融・小売業・情報・通信・貿易商社など20社 / 月13日までに指定の金融機関で利用料金をお支払いください。,①金融（金融業界｜金融行业）②资金（金融が重要｜资金很重要）,社区推荐
組み合わせ,くみあわせ,名,搭配；组合,組み合わせが重要だ / 組み合わせを考える / 組み合わせが多様だ,2,两者,是,帯や小物との組み合わせが楽しめるから / の源は、頭の中の記憶の組み合わせから生まれるもので、 その土台がしっかりしていなければ、,①组合（組み合わせが大事｜组合很重要）②配对（色の組み合わせ｜颜色的搭配）,社区推荐
敬意,けいい,名,敬意,敬意を表する / 敬意を持つ / 敬意を示す,2,两者,是,運転で他の車に注意が払える人は会話でも他者に敬意が払えるところ / がちですが、同じ場にいることに敬意を払って、その人にも (注2)話を振らないと。,①尊重的态度（彼に敬意を表する｜向他表示尊重）②礼貌的表现（敬意を示す｜表现出礼貌）,社区推荐
建築,けんちく,名,建筑,建築が進む / 建築に関する知識 / 建築を学ぶ,2,两者,是,年3月25日から (さくら寮のみ建築中のため4月15日から) / . この建物は有名な建築物で、 明治時代の初期に建てられました。,①建筑物的构造（新しい建築が完成した｜新建筑完成了）②建筑学的研究（建築を学ぶ｜学习建筑学）,社区推荐
高層,こうそう,名,高层,高層ビルが建つ / 高層の建物 / 高層に住む,2,两者,是,交差点を右に曲がると、 行方に黒い高層ビルが見えた。 / 私のうちは、周りを高層マンションに覆われていて、日当たりが悪い。,①高楼大厦（高層ビルが立ち並ぶ｜高楼大厦林立）②高层建筑（高層住宅に住む｜住在高层建筑里）,社区推荐
呼吸,こきゅう,名·自サ,呼吸,呼吸が絶える（咽气）,2,两者,是,体操の間、呼吸を続けること / じんこうこきゅう れんしゅう,①气体交换的过程（深く呼吸する｜深呼吸）②生理现象（呼吸が速い｜呼吸变快）,社区推荐
言葉遣い,ことばづかい,名,说法,きれいな言葉遣いをする（说话措词漂亮）,2,两者,是,言葉づかいが難しかったこと / 私はつねに言葉遣いに気をつけている。,①用词的方式（言葉遣いに注意する｜注意用词）②说话的礼仪（丁寧な言葉遣い｜礼貌的说话方式）,社区推荐
境,さかい,名,边界,境を接する（接壤）,2,两者,是,金属製ボトルに対しては、60歳を境に好みが分かれる。 / 界的な大会やチームで活躍する選手が増えた結果だろう。,①边界或界限（国境を越える｜越过国境）②状态或境地（心の境が変わる｜心境发生变化）,社区推荐
削除,さくじょ,名·他サ,删除,削除するファイル / 削除が必要だ / 削除の手続きをする,2,两者,是,メールアドレスを削除する / 間違って、大事なメールを削除してしまった。,①删除的行为（ファイルを削除する｜删除文件）②去除的过程（不要な部分を削除する｜去除不必要的部分）,社区推荐
支給,しきゅう,名·他サ,支付,給料を支給する（支付工资）,2,两者,是,これまで、事務用品は、 総務課で事務用品配達サービス会社に一括して注文、管理し、各課に支給し / これまで、事務用品は、 総務課で事務用品配達サービス会社に一括して注文. 管理し、 各課に支給して,①提供或发放（給料が支給される｜发放工资）②供应的行为（物資を支給する｜供应物资）,社区推荐
主役,しゅやく,名,主角,主役が演じる / 主役に選ばれる / 主役が登場する,2,两者,是,. 主役の男の子のえんぎカ / その時、語り手が主役ではありません。,①主要角色（映画の主役を演じる｜演电影的主要角色）②重要人物（彼が主役だ｜他是重要人物）,社区推荐
商社,しょうしゃ,名,商社,商社が取引する / 商社に勤める / 商社の役割,2,两者,是,[45]私が就職した商社は大手の / 参加企業: 金融・小売業・情報・通信・貿易商社など20社,①贸易公司（大手商社に勤める｜在大贸易公司工作）②商业机构（商社で働く｜在商业机构工作）,社区推荐
焦点,しょうてん,名,焦点,話題の焦点（话题的中心）,2,两者,是,今回の国際会議では人口問題が議論の焦点になった。 / (注3)とした認識(注4))しか持てなかったのが、はっきりと焦点が絞られてきて、,①重点，中心（この問題が焦点です｜这个问题是焦点）②焦距，聚焦（焦点を合わせる｜对焦）,社区推荐
消耗,しょうもう,名·自他サ,消耗,消耗が激しい / 消耗を防ぐ / 消耗するエネルギー,2,两者,是,Bは最後まで体力を消耗させないことが大切だと述べている。 / 足を速く動かすことは加速の必要条件ではあるが、 体力の消耗が激しいため、 意識しすぎると後半のス,①消耗，耗费（エネルギーを消耗する｜消耗能量）②损耗，磨损（体力が消耗する｜体力消耗）,社区推荐
職人,しょくにん,名,工匠，手艺人,職人が技を磨く / 職人に依頼する / 職人の技術,2,两者,是,わがしを作る職人になりたいから / ある種の職人技とあるが、 どのようなことか。,①工匠，技师（職人の技術は素晴らしい｜工匠的技术很棒）②专业人士（彼は職人です｜他是专业人士）,社区推荐
垂直,すいちょく,名·ナ形,垂直,垂直に立つ / 垂直の線 / 垂直に測る,2,两者,是,. すいちょくに栓を引く。 / この線に対して垂直な線を引いてください。,①垂直，直立（垂直に立てる｜垂直地立着）②正交，直角（垂直な線｜垂直的线）,社区推荐
隙間,すきま,名,缝隙,仕事隙間（工作间隙）,2,两者,是,とよぶことが / これを「ニッチ(すき間)」,①缝隙，间隙（隙間から風が入る｜风从缝隙进来）②空隙，空档（隙間を埋める｜填补空隙）,社区推荐
筋,すじ,名,纹理；条理,筋がたたない（不合逻辑）,2,两者,是,(注2)筋が通っている: 矛盾がない / ことにとどまらず、書かれている主張や(注1)根拠が本当に妥当だろうか、論理的に(注2)筋が通,①筋肉，肌肉（筋を鍛える｜锻炼肌肉）②线条，条纹（筋が入っている｜有条纹）,社区推荐
正解,せいかい,名,正确答案,正解が出る / 正解を確認する / 正解を導く,2,两者,是,美術館に皆(注1) 展示してあるものに正解は一つもない。 / をしようと、これが正解だなんてものは誰にも決められません。,①正确答案（正解はこれです｜正确答案是这个）②正确，准确（正解です｜正确。）,社区推荐
請求,せいきゅう,名·他サ,要求，索取,支払いを請求する（要求付款）,2,两者,是,"日遅れるごとに3,000円を請求いたします。 / 学生が払うべきコピー代を、 広告費として後から企業に請求できるから",①请求，要求（請求書を出す｜提交请求。）②索取，索赔（請求する権利｜有索取权。）,社区推荐
清潔,せいけつ,名·ナ形,干净,清潔を保つ / 清潔な環境 / 清潔にする,2,两者,是,そのホテルは古いですが、部屋はとても清潔でしたよ。 / ばお会いしたときに清潔な印象をうけると、その人の部屋が本当は汚かったとしても「部屋はいつもき,①清洁，干净（部屋を清潔に保つ｜保持房间清洁。）②卫生，整洁（清潔な環境｜卫生的环境。）,社区推荐
生命,せいめい,名,生命,生命が誕生する / 生命を大切にする / 生命の神秘,2,两者,是,. 生命保険を ( したいので、手続きを教えてください。 / とをされても、まだ生まれていない生命は、抗議(注1)の声をあげることもできないの,①生命，生存（生命を大切にする｜珍惜生命。）②生命体，生物（生命の起源｜生命的起源。）,社区推荐
大臣,だいじん,名,大臣,大臣が発言する / 大臣に任命される / 大臣の役割,2,两者,是,"あの大臣の発言は国際問題にまで普及した。 / . 大臣は、内容に誤りがあったと述べ、昨日の発言を解約した,",①政府高级官员（彼は大臣です。｜他是大臣。）②部长（教育大臣が発表した。｜教育部长发表了。）,社区推荐
長期,ちょうき,名,长期,長期的な計画 / 長期にわたる / 長期の目標,2,两者,是,と、 特定の / これまでの成果を生かすためにも、長期的,①长时间（長期の計画です。｜这是长期计划。）②长期的（長期的な目標。｜长期目标。）,社区推荐
哲学,てつがく,名,哲学,哲学を学ぶ / 哲学に興味がある / 哲学的な考え,2,两者,是,-絶対に失敗しないビジネス経営哲学』による) / (水戸岡鋭治 『あと1%だけ、やってみよう一私の仕事哲学』による),①思考的学问（彼は哲学を学んでいる。｜他在学哲学。）,社区推荐
電池,でんち,名,电池,電池が切れる / 電池を交換する / 電池の寿命,2,两者,是,などの装置が作られている。 / 時計の電池が切れてしまったので、新しいのに交代した。,①储能装置（電池が切れた。｜电池没电了。）②电池（新しい電池を買った。｜买了新电池。）,社区推荐
投票,とうひょう,名·自サ,投票,投票に参加する / 投票を行う / 投票結果が発表される,2,两者,是,この国では、定年の20歳になると選挙で投票することができる / [45] 世界各国の国会議員選挙における投票率を世代ごとに見ると、 若い世代の,①选举表决（投票に行く。｜去投票。）②投票行为（彼は投票した。｜他投票了。）,社区推荐
眠り,ねむり,名,睡觉,眠りが深い / 眠りに落ちる / 眠りを妨げる,2,两者,是,睡眠不足を感じるのは、 眠りが浅いことが原因です。 / 眠りの質を大切にしなければよく眠れたとは感じられないのだ。,①睡眠状态（深い眠りに入った。｜进入了深眠。）②安静状态（静かな眠り。｜安静的睡眠。）,社区推荐
破片,はへん,名,碎片,破片が散らばる / 破片を集める / 破片が見つかる,2,两者,是,香道は、「香水」 / と呼ばれる木の破片を熱し、その香りを楽しみます。,①碎片（ガラスの破片が落ちた。｜玻璃碎片掉了。）②残留物（破片が散らばっている。｜碎片散落。）,社区推荐
秘密,ひみつ,名·ナ形,秘密,秘密を守る / 秘密が漏れる / 秘密を明かす,2,两者,是,. ずっと秘密にしていたことを友達に打ち明けた。 / [32] 「田中さんがこの会社をやめるって話、 まだ秘密みたいだから、 悪いけど、聞かなかった,①不公开的事（それは秘密です。｜这是秘密。）②隐私（彼女の秘密を守る。｜保护她的秘密。）,社区推荐
分量,ぶんりょう,名,分量,分量を測る / 分量が適切だ / 分量を調整する,2,两者,是,(注2) 割高:分量に対して値段が高いこと。 / 努力をするしないはあくまで主観ですが、その分量を時間換算する仕組みを取り入れれば、 自分が,①数量（分量を測る。｜测量分量。）②份量（料理の分量。｜菜的分量。）,社区推荐
見本,みほん,名,样品,見本を供する（提供货样）,2,两者,是,. 事前に見本を見せて、部下のわからない部分を教えること / その上で、見本を見せて、あとは部下の創意工夫 (注5)に任せ、部下に最善だと思う資料ができるま,①样本（見本を見せてください。｜请给我样本。）②示例（見本を参考にする。｜参考示例。）,社区推荐
無限,むげん,名·ナ形,无限,無限の可能性 / 無限に広がる / 無限の宇宙,2,两者,是,にはその時代ごとに流行があるから、これは無限というわけではない。 / 彼は人間の欲望(注1)というのは無限に続くものであるから、幸福感まではなかなか到達しないので,①无限的（宇宙は無限だ｜宇宙是无限的。）②无穷的（無限の可能性がある｜有无限的可能性。）,社区推荐
無数,むすう,名·ナ形,无数,無数の人（无数的人）,2,两者,是,田舎にキャンプに行ったとき、 夜空には無数の星があり、本当にきれいでした。 / いることは 51 道路表面に小さな無数の穴があり、水が舗装の下に抜けるという仕組,①无数的（無数の星がある｜有无数的星星。）②数不清的（無数の人が集まった｜聚集了无数人。）,社区推荐
名物,めいぶつ,名,有名的东西,名物を味わう / 名物が有名だ / 名物を紹介する,2,两者,是,名物料理を作るのをやめたから / 名物料理はもう売り切れたから,①特产（この町の名物は魚だ｜这个镇的特产是鱼。）②名胜（名物料理を食べる｜吃名物料理。）,社区推荐
目印,めじるし,名,记号,目印をつける（作记号）,2,两者,是,目印に合わせてなえをならべる / なえをうえる位置の目印を付ける,①标志（この木が目印です｜这棵树是标志。）②指示物（目印をつけておく｜做个标记。）,社区推荐
野生,やせい,名·自サ,野生,野生の馬（野马）,2,两者,是,野生と飼育下では、そこに存在する / (注1) 野生 自然のなかで生きている状態,①野生的（野生動物が多い｜有很多野生动物。）②自然生长（野生の花が咲いている｜野生花开了。）,社区推荐
夕刊,ゆうかん,名,晚报,夕刊が届く / 夕刊を読む / 夕刊に掲載される,2,两者,是,(大野裕 日本経済新聞 2015年4月3日付夕刊による) / (伊藤智章「窓」 2008年2月20日付朝日新聞夕刊による),①晚报（夕刊を読む｜看晚报。）,社区推荐
用語,ようご,名,用语，措词,用語を理解する / 用語が難しい / 用語を使う,2,两者,是,私はできるだけ社内用語や専門用語を使わずに、誰が聞いてもわかる言葉で説明するよう,①术语（専門用語を学ぶ｜学习专业术语。）②用法（用語の使い方｜术语的用法。）,社区推荐
用心,ようじん,名·自他サ,注意，留心,用心することが大切だ / 用心を怠る / 用心深く行動する,2,两者,是,できるだけ用心したほうがいいですよ。 / . もう少し用心したほうがいいんじゃないですか。,①小心（用心して運転する｜小心驾驶。）②注意（用心して行動する｜注意行动。）,社区推荐
来日,らいにち,名·自サ,来日本,来日する予定 / 来日に備える / 来日を楽しみにする,2,两者,是,年の3月に来日する予定だ。 / では世界90 数か国から来日する選手たちに理解してもらえない。,①来日本（彼は来日した｜他来日本了。）②到达日本（来日予定は未定｜来日的计划未定。）,社区推荐
割高,わりだか,名·ナ形,较贵,割高な商品 / 割高に感じる / 割高な料金,2,两者,是,割高(注2) なようだが、 結構人気がある。 / (注2) 割高:分量に対して値段が高いこと。,①价格偏高（この商品は割高だ｜这个商品价格偏高。）②不划算（割高な買い物をした｜买了不划算的东西。）,社区推荐
余る,あまる,自五,剩余,余った金（余钱）,2,两者,是,息子の誕生日に料理を作りすぎてしまい、大げさに余ってしまった。 / . 昔と比べて現在は何をするにも時間がかからなくなり、 人生の時間が余って人々の負担になって,①剩余，剩下（時間が余る｜时间剩余。）②过剩，过多（食べ物が余る｜食物过剩。）,社区推荐
うなずく,うなずく,自五,点头,軽くうなずく（微微点头）,2,两者,是,うなずきながらエンジンを温め、他 / うなずきながらエンジンを温めとあるが、ここではどういうことか。,①点头，表示同意（彼はうなずいた｜他点头了。）,社区推荐
敬う,うやまう,他五,尊敬,先生を敬う（尊师）,2,两者,是,".先祖をうやまう心を大切にしたい。 / 至時のもとで48, 19歳も年下の至時を忠敬は敬い、 熱心に勉強した。",①尊敬，敬重（彼を敬う｜尊敬他。）,社区推荐
劣る,おとる,自五,不如，劣,牛馬 [ぎゅうば] にも劣る生活（牛马不如的生活）,2,两者,是,A社の製品は他社のものより品質が劣る。 / 他の人とくらべて、自分の人生が劣っているのではないか、 失敗だったのではないかと考えてしまう。,①劣于，逊色（彼に劣る｜不如他。）②不如，差（品質が劣る｜质量差。）,社区推荐
考え込む,かんがえこむ,自·他五,沉思,1日中考え込む（一整天沉思苦想）,2,两者,是,問題があるから」 / で考え込む子など様々だ。,①思考，沉思（彼は考え込んでいる｜他在沉思。）,社区推荐
崩れる,くずれる,自下一,坍塌，崩溃,体調 [たいちょう] が崩れた（生病）,2,两者,是,昼は明るく、夜は暗いという自然のリズムがくずれ、 植物や動物に大きな影響を与えて / こんなはずではなかったと 抱いていた理想が崩れそうになることがあるかもしれません。,①崩溃，倒塌（壁が崩れる｜墙崩了。）②变坏，失去形状（ケーキが崩れる｜蛋糕变形了。）,社区推荐
組み立てる,くみたてる,他下一,组装，组织,文章を組み立てる（组成文章）,2,两者,是,て部品にすると、宇宙空間で組み立てる技術が必要となる。 / これらを計画的に組み立てれば、無駄も省け、時間的にも気持ちのうえでも 「ゆとり」 (注6)が生ま,①组装，构建（家具を組み立てる｜组装家具。）,社区推荐
凍る,こおる,自五,结冰,川が凍る（河封冻）,2,两者,是,になっていませんか? / 今朝は寒くて、池がこおった。,①冻结，结冰（水が凍る｜水结冰了。）,社区推荐
焦げる,こげる,自下一,烤焦,焦げた臭いがする（有焦味儿）,2,两者,是,火が強すぎて、 肉がこげてしまった。 / ・何かが焦げるようなにおいがしたり、運転中に急に激しい振動がある。,①烧焦，烤糊（パンが焦げる｜面包烤焦了。）,社区推荐
探る,さぐる,他五,探寻；试探,相手の意向 [いこう] を探る（试探对方的意向）,2,两者,是,( 田名部雄一 『人と犬のきずな一遺伝子からそのルーツを探る』による) / ルにとどめて(注2)くれますし、 当然のことながら、 絵の中に意味をさぐろうとする心の働きを強めて,①探查，探索（真相を探る｜探查真相。）,社区推荐
迫る,せまる,自五,强迫；逼近,夕暮 [ゆうぐ] れが迫る（夜幕降临）,2,两者,是,というような / よく 「写真者はその人の内面に迫らなくてはいけない」,①逼近，临近（締切が迫る｜截止日期临近。）②迫使，强迫（危機が迫る｜危机逼近。）,社区推荐
責める,せめる,他下一,责备,自分を責める（责备自己）,2,两者,是,出席しなくても責められない。 / 受講する前に勉強してこなかったからと責める教員はいませんから、やりすごし(注1)さえすれば終わ,①责备，指责（彼を責めるな｜别责备他。）②追究，追责（責めを負う｜承担责任。）,社区推荐
努める,つとめる,自下一,努力,計画の完成に努める（努力完成计划）,2,两者,是,この店は昨年度からサービスの発達に努め、客数を増やした。 / 花粉が多く飛ぶ季節を快適に過ごすために、 花粉症の人は規制正しい生活をして、体調管理に努め、とにかく花粉に接し,①努力，尽力（仕事に努める｜努力工作。）②担任，负责（役割を努める｜负责角色。）,社区推荐
出くわす,でくわす,自五,偶遇,思わぬことに出くわした（碰到意外的事）,2,两者,是,(注1): 出くわす: ここでは、出会う / 私がやっている企業研修の現場で、学歴で差が出る瞬間に(注1)出くわすことがある。,①偶遇，碰见（友達に出くわす｜偶遇朋友。）②遭遇，遇到（危険に出くわす｜遇到危险。）,社区推荐
握る,にぎる,他五,握；掌握,ハンドルを握る（掌握方向盘）,2,两者,是,しっかり握ってください。 / ところが、最近の中小学生は、 乗り物の窓の外を眺めようとはせず、バスの中ではマイクをにぎって,①握住，抓住（手を握る｜握住手。）②掌握，控制（権力を握る｜掌握权力。）,社区推荐
恵まれる,めぐまれる,自下一,赋予，富有,天気に恵まれる（天公作美）,2,两者,是,(注5)不遇な:恵まれない / 姉はたくさんの友達にめぐまれている。,①被恩惠，受惠（恵まれた環境｜有利的环境。）②富有，富饶（恵まれた土地｜富饶的土地。）,社区推荐
呼びかける,よびかける,他下一,号召,大衆 [たいしゅう] に呼びかける（号召群众）,2,两者,是,客にさつえいの日の来店を呼びかける / ほかにも、動物の姿をしたロボットで、呼びかけると生きているかのよう,①呼喊，呼唤（名前を呼びかける｜呼喊名字。）②呼吁，倡导（協力を呼びかける｜呼吁合作。）,社区推荐
単なる,たんなる,连体,仅仅，只不过,単なるうわさだ（仅是传言）,2,两者,是,単なる偶然の積み重なりの結果なのだ。 / 単なる錯覚 (注1) ではないのが、グラフをみ,①单纯的，仅仅是（単なる偶然｜单纯的偶然。）②简单的，普通的（単なる事実｜简单的事实。）,社区推荐
かえって,かえって,副,反而,かえって良くなる / かえって悪化する / かえって嬉しい,2,两者,是,とあります。 / うに、手近のの事情はかえってわかりにくいものである」,①反而，反倒（かえって悪化する｜反而恶化。）②相反，反而（かえって良い結果｜反而是好结果。）,社区推荐
しばしば,しばしば,副,屡次，每每,しばしば雨が降る（常常下雨）,2,两者,是,しかし、人間の精神の成長は、 しばしば、飽きるという形で現れることがある。 / しばしば作文にはお手本のようなものが示されることがありますが、 私は、これは(注)ナンセンスだ,①时常，常常（しばしば会う｜时常见面。）②频繁，屡次（しばしば起こる｜频繁发生。）,社区推荐
すっきり,すっきり,副,痛快；流畅,すっきりした気持ち（心情舒畅）,2,两者,是,(注1) 頭をさえさせる : 頭をすっきりさせる / 冷水で顔を洗う方法は、頭をすっきりさせるほかにどのような効果があるか,①清爽，舒畅（気分がすっきりした｜心情清爽。）②整洁，干净（部屋がすっきりしている｜房间很整洁。）,社区推荐
たちまち,たちまち,副,转瞬间；忽然,たちまち売り切れる（迅速卖完）,2,两者,是,そのニュースがたちまち広まった。 / 薬を飲んだらたちまち痛みが治まった。,①立刻，马上（たちまち雨が降り出した｜马上下雨了。）②瞬间，顷刻（たちまち消えてしまった｜瞬间消失了。）,社区推荐
たびたび,たびたび,副,屡次，再三,たびたび訪れる / たびたび思い出す / たびたび会う,2,两者,是,佐藤氏は、たびたびこの店を訪れた。 / あの人はたびたび夜遅くに電話をかけてくる。,①屡次，频繁（たびたびお世話になります｜经常照顾你。）②多次，反复（たびたび同じことを言う｜总是说同样的话。）,社区推荐
何しろ,なにしろ,副,无论怎样，反正,なにしろ行ってみよう（反正得去看看）,2,两者,是,何しろ、 どんなにひどいこ / 何しろ本というソフトウェアは10年や30年の産物ではないのです。,①无论如何（何しろ忙しいですから｜反正很忙。）②总之（何しろ彼が来る｜总之他会来。）,社区推荐
ふと,ふと,副,偶然；突然,ふと思い出す（偶然想起）,2,两者,是,それだからこそ、精神分析学ではふと口をついて出る言葉を、精神分析の大切な(注 / ろような話して聞かせているうちに、これまでと違った視点からの回答がらふと思い浮かんだのである。,①突然，偶然（ふと考えた｜突然想到。）②不经意，随意（ふと目に留まった｜不经意间注意到。）,社区推荐
さて,さて,接续,那么，就,さて話は変わって（那么转变一下话题）,2,两者,是,の件でございますが、 100台のうち / さて、9月15日付でご注文いただいた「ゲームズワールド」,①那么，接下来（さて、始めましょう｜那么，开始吧。）②话说回来（さて、どうする？｜话说回来，怎么办？）,社区推荐
キャンペーン,きゃんぺーん,名,宣传活动,キャンペーンセール（促销；大甩卖）,2,两者,是,(注) キャンペーン ここでは、販売方法 / 大手ハンバーガー店が今月16日から30日まで、新商品がまずかったら全額返金するという (注) キャンペーンを,①活动，促销（新商品のキャンペーン｜新产品的促销活动。）②宣传，运动（環境保護キャンペーン｜环境保护宣传活动。）,社区推荐
クラシック,くらしっく,名,古典的,クラシック音楽（古典音乐）,2,两者,是,例えば、 私は温かい牛乳を飲んだりクラシック音楽を聞いたりしている。 / れたとしても、 クラシックファンでなくても、手元にネットにつながったパソコンがあれば、 (注4) わ,①古典，经典（クラシック音楽が好き｜我喜欢古典音乐。）②传统，经典（クラシックなデザイン｜我喜欢经典的设计。）,社区推荐
シリーズ,しりーず,名,系列,シリーズ小説（连载小说）,2,两者,是,.「花」 / シリーズを買いたい場合、 どうすればいいか。,①系列，系列作品（この映画はシリーズです｜这部电影是系列的。）②一系列（シリーズ商品が発売された｜系列商品已上市。）,社区推荐
ゼミ,ぜみ,名,研究班,ゼミで発表する / ゼミに参加する / ゼミの内容,2,两者,是,ゼミにはせっきょくてきに参加してほしい。 / 宛先:t_kigawa@btbtravel.co.jp 件名:ゼミ旅行の見積書について (北山大学) 日時: 2018年6月25,①研讨会，讨论班（ゼミに参加する｜参加研讨会。）②学术小组（大学のゼミで学ぶ｜在大学的学术小组学习。）,社区推荐
ブーム,ぶーむ,名,热潮,ブームに乗る（赶高潮）,2,两者,是,このブームは長くは続かないだろう。 / ブームが発生しづらくなっている状況,①热潮（今、旅行ブームです。｜现在是旅行热潮。）②流行（新しいファッションがブーム。｜新的时尚很流行。）,社区推荐
書,しょ,接尾辞,书,書を読む / 書を残す / 書を整理する,2,真题,否,申込書は 1 団体につき1枚です。 / (申込書は下記のウェブページからダウンロードが可能です。,①书籍（この書は面白い。｜这本书很有趣。）②书写（彼は書が上手です。｜他的书写很漂亮。）,边缘词
金,きん,名詞,金,金が必要だ / 金を稼ぐ / 金の価値,2,真题,否,(金出武雄『素人のように考え、玄人として実行する一問題解決のメタ技術』による) / 金は当日限りで、期間中1人1回のみ、それから商品を半分以上食べていないことが条件だ。,①金属（金は貴重です。｜金子很珍贵。）②钱财（彼は金持ちです。｜他很有钱。）,边缘词
ふう,ふう,感動詞,风,ふうに感じる / ふうが吹く / ふうを感じる,2,真题,否,公開講座申込書1枚と返信用の封(ふう)筒(とう)1枚 / 公開講座申込書2枚と返信用の封(ふう)筒(とう)1枚,①样子（彼のふうは面白い。｜他的样子很有趣。）②风格（このふうが好きです。｜我喜欢这种风格。）,边缘词
翼,つばさ,名詞,翅膀,翼を広げる / 翼がある / 翼を持つ,2,真题,否,人間も翼 (翼) をつけたら、 飛べますか。,①翅膀（鳥の翼が美しい。｜鸟的翅膀很美。）②象征自由（翼を広げて飛ぶ。｜展开翅膀飞翔。）,边缘词
せき,せき,接尾辞,咳嗽,せきが出る / せきをする / せきが止まらない,2,真题,否,自分では記憶したつもりでいたことが情報として蓄積(ちくせき)されていなかったから / (注1)旧跡(きゅうせき):歴史上の出来事があった場所や、歴史上の物が残っている所,①席位（ここは私のせきです。｜这里是我的座位。）②咳嗽（彼はせきが出ます。｜他在咳嗽。）,边缘词
有,ゆう,接頭辞,有,有名な場所 / 有がある / 有を持つ,2,真题,否,るのはとても有意義だと思う。 / コミュニケーションの具体的なとり方の例を聞くことができて大変有意義だった。,①拥有（彼はお金を有しています。｜他有钱。）②存在（ここに有るもの。｜这里有东西。）,边缘词
たまる,たまる,動詞,积累,たまるストレス / たまる一方だ / たまる時間,2,真题,否,例えば、 高速道路や大きな道路の多くで雨水が道路上にたまりにくい設計になって / らない難問に対して、 事情もよくわからない他人からそんなに簡単に答を出されてはたまらない。,①积累（お金がたまる。｜钱在积累。）②堆积（ゴミがたまる。｜垃圾在堆积。）,边缘词
かなう,かなう,動詞,实现,かなう夢 / かなうことがある / かなう可能性,2,真题,否,準備を重ねてきたイベントが無事かなった。 / 自分の店を持つという夢が、とうとうかなった。,①实现（夢がかなう。｜梦想实现了。）②满足（願いがかなう。｜愿望实现了。）,边缘词
きっと,きっと,副詞,一定,きっと成功する / きっと来る / きっと大丈夫,2,真题,否,などと、こちらが勝手にその人 / できれば、きっと優勝できるだろう。,①一定（きっと来るでしょう。｜一定会来。）②肯定（彼はきっと勝つ。｜他一定会赢。）,边缘词
バイク,ばいく,名詞,摩托车,バイクに乗る / バイクを運転する / バイクが好きだ,2,真题,否,友人がバイクを安くゆずってくれた。 / [40] 昨日購入した中古の大型バイクは、かなり古いものなのだが、とてもきれいな状態だった。,①摩托车（彼はバイクに乗っています。｜他骑着摩托车。）②自行车（バイクで出かけます。｜我骑自行车出门。）,边缘词
学期,がっき,名詞,学期,学期が始まる / 学期の終わり / 学期の課題,2,真题,否,今学期のこうぎは来週までです。 / 学期末試験の範囲を友達に取材しました。,①学期（新学期が始まります。｜新学期开始了。）②学年（学期ごとに試験があります。｜每个学期都有考试。）,边缘词
満員,まんいん,名詞,满员,満員の電車 / 満員になる / 満員の状態,2,真题,否,満員電車から乗客が続出してきた。 / 満員で乗れず、結局、飛行機に間に合わなかった。,①满员（電車は満員です。｜电车满员。）②人满为患（会場は満員でした。｜会场人满为患。）,边缘词
ペンキ,ぺんき,名詞,油漆,ペンキを塗る / ペンキが乾く / ペンキの色,2,真题,否,.青いペンキがはげている。 / まどの外見をペンキで白く塗った。,①油漆（ペンキを塗ります。｜我要涂油漆。）②涂料（ペンキが乾きました。｜油漆干了。）,边缘词
でこぼこ,でこぼこ,名詞,凹凸,でこぼこの道 / でこぼこがある / でこぼこを直す,2,真题,否,月の外見はでこぼこしている。 / (注1)画期的 : 今までと大きく異なる、新しい (注2)ゆがみのない: ここでは、凸凹のない,①凹凸（道がでこぼこです。｜路面不平。）②不平整（でこぼこの道を歩く。｜走在不平的路上。）,边缘词
遺伝,いでん,名詞,遗传,遺伝が影響する / 遺伝の法則 / 遺伝を研究する,2,真题,否,( 田名部雄一 『人と犬のきずな一遺伝子からそのルーツを探る』による) / 血液型は親から子への遺伝によって、4種類のうち、どの型になるかが決まります。,①遗传（遺伝が大切です。｜遗传很重要。）②遗传特征（遺伝の法則を学ぶ。｜学习遗传法则。）,边缘词
循環,じゅんかん,名詞,循环,循環が大切だ / 循環する水 / 循環の仕組み,2,真题,否,しかし、 森林の役割を重視するあまり、 自然の循環を忘 / 自然界の水の循環を考慮して、場所を選んで気を植えたほうがいいと考えること,①循环（水の循環です。｜这是水的循环。）②周而复始（循環が大事です。｜循环很重要。）,边缘词
植林,しょくりん,名詞,植树,植林を進める / 植林に取り組む / 植林が必要だ,2,真题,否,「植林神話」 / れた「植林神話」,①植树（植林活動に参加します。｜参加植树活动。）②造林（植林が進められています。｜植树活动在进行。）,边缘词
神話,しんわ,名詞,神话,神話が語られる / 神話に触れる / 神話を信じる,2,真题,否,「植林神話」 / れた「植林神話」,①神话（日本の神話を知っています。｜我知道日本的神话。）②传说（神話の物語です。｜这是神话故事。）,边缘词
周年,しゅうねん,名詞,周年,周年を祝う / 周年に合わせる / 周年が近づく,2,真题,否,「本日は弊社創立 50 周年記念パーティーにお越しくださりありがとうございます。 / 来月、 本製品販売1周年を迎えるにあたり、製品の使用効果、 値段などについてお客様,①周年（結婚周年を祝います。｜庆祝结婚周年。）②纪念日（創立周年です。｜这是创立纪念日。）,边缘词
買い上げ,かいあげる,名詞,购买,買い上げを行う / 買い上げに応じる / 買い上げが決まる,2,真题,否,ご不明な点はお買い上げの販売店、 サービスセンターにお問い合わせください。 / つきましては、本製品をお買い上げのお客様へのアンケート用紙の配布及びご協力の呼びかけをお願,①购买（例：本を買い上げた｜我买了本书。）②收购（例：会社を買い上げた｜我收购了公司。）,边缘词
配布,はいふ,名詞,分发,配布を行う / 配布に参加する / 配布が始まる,2,真题,否,提出されたものをまとめ、冊子にして配布した。 / つきましては、本製品をお買い上げのお客様へのアンケート用紙の配布及びご協力の呼びかけをお願,①分发（例：資料を配布する｜分发资料。）②发放（例：チラシを配布する｜发放传单。）,边缘词
巨大,きょだい,形状詞,巨大,巨大な建物 / 巨大な影響 / 巨大な市場,2,真题,否,私の勤務先は巨大な公園のなかにある。 / 国際宇宙ステーションは、 地球から約400キローメートル離れたところを回る巨大な有人実験施設で,①庞大（例：巨大な建物｜这是庞大的建筑。）②巨型（例：巨大な魚｜这是巨型的鱼。）,边缘词
験,げん,名詞,经验,験を積む / 験がある / 験を生かす,2,真题,否,験についてもいえるでしょう。 / 験のほか、酸素を作り出すのにも使われる。,①经验（例：良い験を持つ｜有好的经验。）②试验（例：験をする｜进行实验。）,边缘词
きわめて,きわめて,副詞,极其,きわめて重要 / きわめて難しい / きわめて珍しい,2,真题,否,きわめて意図的な行為です。 / するのにきわめて有効であることがわかってきた。,①极其（例：きわめて重要｜极其重要。）②非常（例：きわめて難しい｜非常困难。）,边缘词
進,すすむ,名詞,进展,進がある / 進を遂げる / 進が遅れる,2,真题,否,による) / (伊藤進「ほめるな」,①前进（例：進むべき道｜前进的道路。）②推进（例：進める計画｜推进计划。）,边缘词
クラッシュ,くらっしゅ,名詞,崩溃,クラッシュが起こる / クラッシュを防ぐ / クラッシュに遭う,2,真题,否,に(注1) クラッシュして入るのです。 / (注1) クラッシュする: 衝突事故を起こす,①崩溃（例：システムがクラッシュした｜系统崩溃了。）②撞击（例：車がクラッシュした｜车子撞击了。）,边缘词
つくづく,つくづく,副詞,深刻,つくづく思う / つくづく感じる / つくづく考える,2,真题,否,つくづく思いますけれど、会話ほど、個人のレベル差が大きいものはありません。 / 姿勢があれば何からでも価値あることが学びとれるのだとつくづく私は思うのです。,①深切（例：つくづく思う｜深切地思考。）②真心（例：つくづく感じる｜真心感受到。）,边缘词
潜む,ひそむ,動詞,潜伏,潜む危険 / 潜む可能性 / 潜む意図,2,真题,否,(注3) 潜んでいる : 隠れている / その中に、人生を変える出会いや幸運が (注3) 潜んでいるのではないでしょうか。,①潜伏（例：危険が潜む｜潜伏着危险。）②隐藏（例：秘密が潜む｜隐藏着秘密。）,边缘词
隠れる,かくれる,動詞,隐藏,隠れる場所 / 隠れることができる / 隠れる理由,2,真题,否,(注3) 潜んでいる : 隠れている / 将来への不安が隠れているかも知れません。,①隐藏（例：影に隠れる｜躲在影子里。）②躲藏（例：家に隠れる｜躲在家里。）,边缘词
移る,うつる,動詞,移动,移る場所 / 移るタイミング / 移ることができる,2,真题,否,静かに自分の話をしながら次の話題に移るのを待つこと / 全員の面接が終わったので、試験官は論争のため別室に移った。,①移动，迁移（例：家が移った｜家搬了。）②转移，变换（例：気持ちが移った｜心情变了。）,边缘词
各社,かくしゃ,名詞,各公司,各社が競争する / 各社に問い合わせる / 各社の製品,2,真题,否,そして、 各社ほとんど同じことを書 / 売情報)から高度な需要予測を行い、製造や販売の各社に提供する取り込みを始めた。,①各公司，各企业（例：各社の協力｜各公司）,边缘词
出まわる,でまわる,動詞,流通,出まわる商品 / 出まわる情報 / 出まわる噂,2,真题,否,大きな活字の本も出まわるようになってきました。 / 市場が広がれば、(注5)粗悪品や不良品が出回る可能性も高まる。,①流通，传播（例：商品が出まわる｜商品流通）②出现，露面（例：噂が出まわる｜传出消息）,边缘词
ありがたい,ありがたい,形容詞,感激,ありがたいお言葉 / ありがたい存在 / ありがたいこと,2,真题,否,もらえるとありがたいんですが / (注4) 版のものが出て、老眼鏡なしでも利用できるとありがたがられています。,①感激，感谢（例：助けてくれてありがたい｜谢谢你的帮助）②难得，珍贵（例：ありがたい機会｜难得的机会）,边缘词
本気,ほんき,名詞,认真,本気で取り組む / 本気を出す / 本気の表情,2,真题,否,とはいっても、①それほど本気ではない。 / それほど本気ではない理由として、本文から考えられることはどれか。,①认真，真心（例：本気で考える｜认真思考）②真实，真相（例：本気の話｜真实的故事）,边缘词
洋服,ようふく,名詞,西服,洋服を着る / 洋服を選ぶ / 洋服が似合う,2,真题,否,洋服は試着できるが、仕事に関して / まあ、隣の芝生はよく見えると言われてしまえばそれまでだが、 自分にピッタリの洋服がなかなかな,①西式服装，洋装（例：洋服を着る｜穿西装）,边缘词
試し,ためし,名詞,尝试,試しにやってみる / 試しをする / 試しが成功する,2,真题,否,は、試しにちょっと、 というわけにはいかない。 / テレビでよく掲示されている洗剤が安くなっていたので、試しに買ってみた。,①尝试，试验（例：試しにやってみる｜试试看）②例子，样本（例：試しの品｜样品）,边缘词
平凡,へいぼん,名詞,平凡,平凡な日常 / 平凡な生活 / 平凡な人々,2,真题,否,たとえ平凡な才能でも、 自分にピッタリの仕事を探せれば良いと思っている。 / 言葉はすこぶる (注6)平凡だが、この内容は非凡だと自負している (注7)。,①普通，平常（例：平凡な日常｜普通的日子）②平淡，无特色（例：平凡な人生｜平淡的生活）,边缘词
修,おさむ,名詞,修理,修理を依頼する / 修理が必要だ / 修理を行う,2,真题,否,(高峰修 『スポーツ教養入門』 による) / (梅崎修『マンガに教わる仕事学』 による),①修理，修复（例：時計を修理する｜修理手表）②学习，修习（例：修行する｜学习修行）,边缘词
ビジネスマン,びじねすまん,名詞,商人,ビジネスマンとして働く / ビジネスマンが集まる / ビジネスマンの意見,2,真题,否,最近は名刺に自分の写真を掲示しているビジネスマンも多い。 / 社内にばかりいると、ビジネスマンとして (注1) 人脈も広がらない。,①商人，商务人士（例：ビジネスマンとして働く｜作为商人工作）,边缘词
人脈,じんみゃく,名詞,人脉,人脈を広げる / 人脈がある / 人脈を活用する,2,真题,否,(注1) 人脈:人のつながり / 社内にばかりいると、ビジネスマンとして (注1) 人脈も広がらない。,①人际关系（例：人脈を広げる｜拓展人际关系）②人脉（例：人脈が大切｜人脉很重要）,边缘词
同郷,どうきょう,名詞,同乡,同郷の友人 / 同郷に帰る / 同郷の人々,2,真题,否,(注4) 同郷の:同じ出身地の / 昔、ある大学者が、 尋ねて来た (注4) 同郷の後輩の大学生に、 一字一句教授のことばをノートに,①同乡（例：同郷の友人｜同乡的朋友）②来自同一地方（例：同郷の人｜来自同一地方的人）,边缘词
いまどき,いまどき,名詞,如今,いまどきの若者 / いまどきの流行 / いまどきの考え,2,真题,否,いまどきの大学で、ノートをとっている学生はいないけれども、戦 / プの経営者も、まあ今時は少ないとは思うが、まだいることはいる。,①现在（例：いまどきの若者｜现在的年轻人）②如今（例：いまどきの流行｜如今的流行）,边缘词
努,つとむ,名詞,努力,努を重ねる / 努を惜しまない / 努が実る,2,真题,否,この考え方にたどり着いたのは38歳のときですが、その頃から努 / 自分の周りの人たちを大切にして、 (注2) 助言を生かしていく気持ちを持つためには、まず自分のこれまでの努,①努力（例：努めて勉強する｜努力学习）②尽力（例：努めて頑張る｜尽力去做）,边缘词
ガリ勉,がりべん,名詞,死读书,ガリ勉をする / ガリ勉が好き / ガリ勉の学生,2,真题,否,(注1) ガリ勉 : 成績を上げるために勉強ばかりする様子 / の(注1)ガリ勉や運動会前の徒競走の (注2) 猛練習などが、 人に知られると気恥ずかしくなってし,①死记硬背（例：ガリ勉する学生｜死记硬背的学生）②刻苦学习（例：ガリ勉が必要｜需要刻苦学习）,边缘词
猛,たけし,接頭辞,猛烈,猛烈な風 / 猛烈な競争 / 猛烈な努力,2,真题,否,(注2) 猛練習: 一生懸命練習すること / の(注1)ガリ勉や運動会前の徒競走の (注2) 猛練習などが、 人に知られると気恥ずかしくなってし,①猛烈（例：猛スピード｜快速的速度）②强烈（例：猛な風｜强烈的风）,边缘词
技,わざ,名詞,技能,技を磨く / 技が必要だ / 技を習得する,2,真题,否,とほめられ / ある種の職人技とあるが、 どのようなことか。,①技巧（例：技を磨く｜磨练技巧）②技术（例：技を学ぶ｜学习技术）,边缘词
堂々,どうどう,副詞,堂堂,堂々と振る舞う / 堂々とした態度 / 堂々とした演説,2,真题,否,(注5)堂々と: 自信のある様子で / どこまで努力をしたのか、分かりやすく管理できるようになり、 (注5) 堂々と 「○○については何年,①堂堂正正（例：堂々とした態度｜自信的态度）②自信满满（例：堂々と話す｜自信地说）,边缘词
独立,どくりつ,名詞,独立,独立を果たす / 独立が求められる / 独立の意義,2,真题,否,「独立が成功する目算が立った時点で会 / 「確実に儲かるとわかった時点で商売をしよう」,①独立（例：独立した国｜独立的国家）②自主（例：独立して生活する｜独立生活）,边缘词
顧客,こきゃく,名詞,顾客,顧客が増える / 顧客に対応する / 顧客のニーズ,2,真题,否,従来 (注1)、 旅行業にとって顧客(注2)を喜ばせることは難しくなかった。 / から 16年間、独立するまで、 文章で (注6) 顧客にリポートを作る仕事でしたから速くないと困りま,①顾客（例：顧客が増える｜顾客增加）②客户（例：顧客満足｜客户满意）,边缘词
明記,めいき,名詞,明记,明記されている / 明記する必要がある / 明記の義務,2,真题,否,「市民セミナーIII参加希望」 / と明記の上、住所、氏名、年齢、電話番号を記入し,①明确记载（例：契約に明記されている｜合同中明确记载）②清楚说明（例：注意事項を明記する｜清楚说明注意事项）,边缘词
締め,しめる,名詞,结束,締めを行う / 締めが必要だ / 締めの言葉,2,真题,否,み締め 平成 22年9月17日 (金) / (注4) 締 (L) めくくる : 終える,①结束（例：会議の締め｜会议结束）②束缚（例：締め付ける｜束缚住）,边缘词
くせ,くせ,名詞,习惯,くせがある / くせを直す / くせをつける,2,真题,否,とにかく早くから決断するクセを / 自分の話し方が客観的にわかり、 今まで気がつかなかった自分のくせを意識するようになった。,①习惯（例：彼のくせ｜他的习惯）②毛病（例：くせがある｜有毛病）,边缘词
市外,しがい,名詞,市外,市外に出る / 市外の交通 / 市外の施設,2,真题,否,市外から河山市の大学に通学している21歳の女性 / 河山市外の自宅で学習塾を開いている 46歳の女性,①市区以外（例：市外に住んでいる｜住在市外）②城市外（例：市外の景色｜城市外的风景）,边缘词
アパート,あぱーと,名詞,公寓,アパートに住む / アパートを探す / アパートが空いている,2,真题,否,アパートの指定場所に出す。 / アパートの情報誌を買いに行く,①公寓（例：アパートに住んでいる｜住在公寓）②租赁房（例：アパートを借りる｜租公寓）,边缘词
誌,し,接尾辞,杂志,誌に掲載される / 誌を読む / 誌の特集,2,真题,否,アパートの情報誌を買いに行く / ファッション誌によると、今年は黄色が傾向するそうだ,①杂志（例：ファッション誌｜时尚杂志）②期刊（例：学術誌｜学术期刊）,边缘词
吸う,すう,動詞,吸,吸うことができる / 吸う煙 / 吸う空気,2,真题,否,医者に吸うなと言われたから / 吸えない場所が増えているから,①吸入（例：煙を吸う｜吸烟）②饮用（例：ジュースを吸う｜喝果汁）,边缘词
みまい,みまい,名詞,探望,みまいに行く / みまいをする / みまいの品,2,真题,否,一緒にお見舞いに行くこと / 病院に友だちのおみまいに行く,①探望（例：病院にみまいに行く｜去医院探望）②慰问（例：友達をみまいする｜慰问朋友）,边缘词
たばこ,たばこ,名詞,烟草,たばこを吸う / たばこの煙 / たばこをやめる,2,真题,否,たばこが値上がりしているから / 健康のために、たばこを廃止するよう家族に言われた。,①香烟（例：たばこを吸う｜吸烟）②烟草（例：たばこの値段｜香烟的价格）,边缘词
しんてき,しんてき,形状詞,新颖,しんてきなアイデア / しんてきなデザイン / しんてきな技術,2,真题,否,せいしんてきに強くなったこと / せんしんてきなゆたかを味わえるから,①新颖（例：新的しんてきなアイデア｜新颖的想法）②现代（例：しんてきなデザイン｜现代的设计）,边缘词
少数,しょうすう,名詞,少数,少数派の意見 / 少数の人々 / 少数の選択肢,2,真题,否,話し合いでは、 少数意見も尊重しよう。 / 昔話というのは、最初はほんの少数の人が聞き、そのなかの一人か二人がおぼえて、次の世代の人,①少量的群体（例：少数の人｜少数人）②少数派（例：少数派の意見｜少数派意见）,边缘词
花屋,はなや,名詞,花店,花屋で買う / 花屋に行く / 花屋の店員,2,真题,否,(花屋のホームページで) / 花屋の隣に空き地があります。,①卖花的店（例：花屋に行く｜去花店）,边缘词
歯,は,名詞,牙齿,歯が痛い / 歯を磨く / 歯の治療,2,真题,否,歯医者で虫歯をはずしてもらった。 / |1 歯医者に行って虫歯の治療を受けた。,①牙齿（例：歯が痛い｜牙齿疼）,边缘词
虫歯,むしば,名詞,蛀牙,虫歯ができる / 虫歯を治す / 虫歯の予防,2,真题,否,歯医者で虫歯をはずしてもらった。 / |1 歯医者に行って虫歯の治療を受けた。,①蛀牙（例：虫歯ができた｜长了蛀牙）,边缘词
急速,きゅうそく,形状詞,迅速,急速に進む / 急速な変化 / 急速な成長,2,真题,否,携帯電話は急速に普及してきている。 / んの他人たちの中で、その人々のしていることから、 言語や (注5) 概念も含めて多種多様なことを急速,①迅速的（例：急速に進む｜迅速发展）,边缘词
バランス,ばらんす,名詞,平衡,バランスを取る / バランスが崩れる / バランスを保つ,2,真题,否,えいようのバランスがよい食事にしたいから / 健康を保つためには、バランスのいい食事と運動が大切だ。,①平衡（例：バランスを取る｜保持平衡）②均衡（例：バランスが大事｜均衡很重要）,边缘词
犯人,はんにん,名詞,罪犯,犯人が捕まる / 犯人を追う / 犯人の動機,2,真题,否,弟 「このドラマの犯人、誰だと思う? / 犯人は10年以上も逃亡生活を送っていた。,①罪犯（例：犯人が捕まった｜抓到罪犯）,边缘词
抗体,こうたい,名詞,免疫物质,抗体ができる / 抗体を調べる / 抗体の働き,2,真题,否,この 「抗体」 / を作り出します。,①免疫物质（例：抗体ができる｜产生抗体）,边缘词
追い出す,おいだす,動詞,驱逐,追い出すことができる / 追い出す理由 / 追い出す行為,2,真题,否,粉を追い出そうとするのです。 / の水準になると、 花粉を追い出すためにくしゃみや鼻水などのアレルギー症状が現れます。,①驱逐（例：家から追い出す｜把他赶出家）,边缘词
くしゃみ,くしゃみ,名詞,打喷嚏,くしゃみが出る / くしゃみをする / くしゃみの原因,2,真题,否,そのくしゃみや鼻水によって花 / の水準になると、 花粉を追い出すためにくしゃみや鼻水などのアレルギー症状が現れます。,①打喷嚏（例：くしゃみが出る｜打喷嚏）,边缘词
帰宅,きたく,名詞,回家,帰宅する時間 / 帰宅が遅れる / 帰宅の準備,2,真题,否,ご出発日の3日前にお届けし、 ご帰宅日の翌日に運送会社が回収に伺います。 / 外出時にはマスクやめがねで花粉が体に入るのを防ぎ、帰宅時には服についた花粉を落,①回家（例：家に帰る｜回家）,边缘词
本番,ほんばん,名詞,正式,本番に臨む / 本番が近づく / 本番の緊張,2,真题,否,練習は本番の試合のために存在すべきもので / 本番で最高の実力を発揮させるためにすることを、練習と呼びます。,①正式场合（例：本番が始まる｜正式场合开始）②实际演出（例：本番の練習｜实际演出的练习）,边缘词
東西,とうざい,名詞,东西,東西を問わず / 東西の文化 / 東西の交流,2,真题,否,東西大学 「留学生のための就職セミナー」 / 本日は東西インテリア新作ベッド発表会にご来場くださり、 まことにありがとうございます。,①东西（例：東西を問わず｜东西都可以）②东西方（例：東西文化｜东西方文化）,边缘词
ベッド,べっど,名詞,床,ベッドで寝る / ベッドを買う / ベッドが快適,2,真题,否,本日は東西インテリア新作ベッド発表会にご来場くださり、 まことにありがとうございます。 / . 毎晩私は、5歳の娘が寝る前にベッドで本を読んでやるのだが、 読んでいるうちに自分のほ,①床（例：ベッドで寝る｜在床上睡觉）,边缘词
居心地,いごこち,名詞,舒适,居心地が良い / 居心地を良くする / 居心地の悪さ,2,真题,否,良好な人間関係や居心地の良さを求める学生が増 / ずっと一人で生きてきた後で、集団に入ってみると、その居心地の良さ、 安楽さに驚くのである。,①舒适感（例：居心地がいい｜感觉很舒适）②环境适应（例：居心地が悪い｜环境不适应）,边缘词
ひき受ける,ひきうける,動詞,承担,ひき受ける責任 / ひき受けることができる / ひき受ける仕事,2,真题,否,急な仕事だったが、彼が快く引き受けてくれて助かった。 / 一日中、選択と決断をし、その結果を自分一人でひき受けねばならない。,①承担（例：仕事を引き受ける｜承担工作）②接受（例：責任を引き受ける｜接受责任）,边缘词
記,き,接尾辞,记录,記に残る / 記をつける / 記の重要性,2,真题,否,または 「やや利用したい」 / 今後格安航空会社を「利用したい」,①记录（例：記録を取る｜做记录）②记载（例：記に残る｜被记载）,边缘词
せかす,せかす,動詞,催促,せかすを / せかすに / せかすが,2,真题,否,何事にも 「早く、 早く」 / と (注1) せかされ、時間と競争,①催促（例：早くせかす｜催促快点）②急迫（例：せかされる｜被催促）,边缘词
追い立てる,おいたてる,動詞,驱赶,追い立てるを / 追い立てるに / 追い立てるが,2,真题,否,(注2) 追い立てられる: ここでは、何かをしないではいられない気持ちにさせられる / れているはずなのに、時間の間隔が短くなったような気分で(注2)追い立てられているためでしょう。,①驱赶（例：犬を追い立てる｜驱赶狗）②催促（例：仕事を追い立てる｜催促工作）,边缘词
エンデ,えんで,名詞,结束,エンデが / エンデに / エンデで,2,真题,否,と呼びました。 / (注3)エンデ:ドイツの児童文学者,①结束（例：エンデが近い｜快要结束）,边缘词
モモ,もも,名詞,桃子,モモを / モモが / モモで,2,真题,否,と呼びました。 / メやモモなど多くの木々が花を咲かせます。,①桃子（甘くて美味しい果物です｜甜美的水果）②腿部（人の脚の部分です｜人的腿部）,边缘词
ゆったり,ゆったり,副詞,宽松,ゆったりと / ゆったりに / ゆったりで,2,真题,否,ゆったりした時間が盗まれていく、という話でした。 / たちは、時間を取り返し、もっとゆったりした時間を生きる必要がありそうですね。,①宽松（服がゆったりしています｜衣服宽松）②放松（心がゆったりします｜心情放松）,边缘词
盗む,ぬすむ,動詞,偷窃,盗むを / 盗むが / 盗むで,2,真题,否,のは、アイデアを盗んだと / ゆったりした時間が盗まれていく、という話でした。,①偷窃（お金を盗む｜偷钱）②窃取（情報を盗む｜窃取信息）,边缘词
取り戻す,とりもどす,動詞,恢复,取り戻すを / 取り戻すが / 取り戻すに,2,真题,否,失った時間を取り戻さないと競争に負けてしまうと思うこと / 奪われた時間を取り戻さないと人生を楽しめないと感じること,①恢复（失ったものを取り戻す｜找回失物）②找回（忘れ物を取り戻す｜找回遗忘的东西）,边缘词
書き上げる,かきあげる,動詞,写完,書き上げるを / 書き上げるが / 書き上げるに,2,真题,否,アして、一応のものを書き上げることにあるのだ。 / このまま最後まで書き上げられるか不安だという気持ち,①写完（レポートを書き上げる｜写完报告）②完成（小説を書き上げる｜完成小说）,边缘词
攻略,こうりゃく,名詞,攻略,攻略を / 攻略に / 攻略が,2,真题,否,(注3)攻略(こうりゃく)する:うまく解決する / あれは、(注3) 攻略するのが簡単ではない様々な障害を(注4),①攻略（ゲームを攻略する｜攻略游戏）②对策（問題を攻略する｜解决问题）,边缘词
クリア,くりあ,名詞,清除,クリアを / クリアに / クリアが,2,真题,否,様々な障害をクリアしていくことがむずかしい。 / かわしながら、次々に問題を解決していって、なんとかクリアしていくところが面白いのである。,①清除（レベルをクリアする｜通过关卡）②通过（試験をクリアする｜通过考试）,边缘词
例外,れいがい,名詞,例外,例外が / 例外に / 例外で,2,真题,否,とかいわれる / この例外は、 自分だけにわかればいいメモと、 絶対に他人に見,①例外（このルールは例外です｜这是例外）②特殊情况（例外的な状況｜特殊情况）,边缘词
義範,よしのり,名詞,榜样,義範を / 義範に / 義範が,2,真题,否,(清水義範『スラスラ書ける! / (清水義範『小説家になる方法』による),①榜样（良い義範を示す｜树立好榜样）②规范（道徳の義範｜道德规范）,边缘词
カロリー,かろりー,名詞,卡路里,カロリーが / カロリーを / カロリーで,2,真题,否,社員食堂で低カロリーの定食を食べることがどんな良い結果につながるのか。 / ある会社では、 社員食堂で低カロリーの定食を食べると代金の一部が寄付金となって (注1) 途上国の子供たちの食生,①卡路里（食べ物のカロリー｜食物的卡路里）②能量（カロリーを消費する｜消耗能量）,边缘词
途上,とじょう,名詞,途中,途上で / 途上に / 途上が,2,真题,否,(注1)途上国(とじょうこく): 経済成長の途中にある国 / ある会社では、 社員食堂で低カロリーの定食を食べると代金の一部が寄付金となって (注1) 途上国の子供たちの食生,①途中（例：道の途上です｜在路上）②进行中（例：作業の途上｜正在进行中）,边缘词
手軽い,てがるい,形容詞,简单,手軽いに / 手軽いが / 手軽いで,2,真题,否,たとえば、出し入れの手軽さだ。 / で、他の商品と比べるとやや値段は高いが、商品を買えば、 同時に寄付できるという手軽さが消費者に歓迎され、 売り上,①简单（例：手軽な料理｜简单的料理）②轻松（例：手軽にできる｜轻松做到）,边缘词
かかわり,かかわり,名詞,关系,かかわりが / かかわりに / かかわりを,2,真题,否,ゾウとのかかわりの深い経験者 / 企業が社員や消費者の意思にかかわりなく積極的に行うもの,①关系（例：彼とのかかわり｜与他的关系）②干涉（例：かかわりを持つ｜有干涉）,边缘词
助言,じょげん,名詞,建议,助言を / 助言が / 助言に,2,真题,否,(注2) 助言 (じょげん) : アドバイス / 自分の周りの人たちを大切にして、 (注2) 助言を生かしていく気持ちを持つためには、まず自分のこれまでの努,①建议（例：助言を受ける｜接受建议）,边缘词
解ける,とける,動詞,解决,解けるが / 解けるに / 解けるで,2,真题,否,と気がついてすらすら解けることがある。 / も、「あ、これは昨年解いた問題と似た問題だ」,①解决（例：問題が解ける｜能解决问题）②融化（例：雪が解ける｜雪融化了）,边缘词
考えつく,かんがえつく,動詞,想到,考えつくを / 考えつくが / 考えつくに,2,真题,否,と思うことは結構、 多いものである。 / ら、自分が考えついてもおかしくないのに」,①想到（例：いいアイデアを考えつく｜想到好主意）,边缘词
内臓,ないぞう,名詞,内脏,内臓が / 内臓を / 内臓で,2,真题,否,(注1) 内臓(すいぞう) する: その中に持っている / コンピュータがいくら豊富な知識を(注1) 内臓していても、人間自身がそうして検索した知識を、覚え、関連づけ、,①内脏（例：内臓が健康｜内脏健康）,边缘词
宝,たから,名詞,宝藏,宝が / 宝を / 宝に,2,真题,否,再び引き出すという訓練をしていなければ、 (注2) 宝のもち腐れである。 / (注2)宝のもち腐 (くさ)れである: せっかくいいものでも無駄になってしまう,①宝物（例：家族は宝｜家人是宝）②财富（例：宝を持つ｜拥有财富）,边缘词
連結,れんけつ,名詞,连接,連結が / 連結を / 連結に,2,真题,否,(注3) 連結 (れんけつ) する 結びつける / っかりと理解していないと、関係がわからないために脳のなかで(注3)連結することができないのだ。,①连接（例：線が連結する｜线连接）②关联（例：データの連結｜数据关联）,边缘词
感受,かんじゅ,名詞,感受,感受が / 感受を / 感受に,2,真题,否,の(注5)感受性をたかめる。 / (注5)感受性 (かんじゅせい): 物を感じとる力,①感受（例：感受を大切に｜重视感受）,边缘词
到底,とうてい,副詞,到底,到底に / 到底が / 到底を,2,真题,否,そこで無理だと思うなら、 走るなど到底できないことだ。 / 人間一人一人が持つ情報量はコンピュータの持つ情報量を到底超えることができない。,①究竟，终究（あなたは到底理解できない。｜你根本无法理解。）,边缘词
貿易,ぼうえき,名詞,贸易,貿易が / 貿易を / 貿易に,2,真题,否,A国とB国の間で盛んに貿易が行われている。 / 参加企業: 金融・小売業・情報・通信・貿易商社など20社,①贸易，交换（日本は貿易が盛んです。｜日本的贸易很活跃。）,边缘词
具,ぐ,名詞,工具,具を / 具が / 具で,2,真题,否,. 社具が求められていることは何か。 / 注意事項:服装はスーツとし、筆記用具を持参すること。,①工具，器具（この具は使いやすい。｜这个工具好用。）②材料，成分（料理の具を準備する。｜准备料理的材料。）,边缘词
退場,たいじょう,名詞,退场,退場が / 退場を / 退場に,2,真题,否,ルールに違反して退場になった選手が3人もいる / 第1部、第2部では、途中入場・退場をしないこと。,①退场，退出（彼は試合から退場した。｜他退出了比赛。）,边缘词
アドレス,あどれす,名詞,地址,アドレスを / アドレスが / アドレスに,2,真题,否,メールアドレスを削除する / 下記のメールアドレスに送信してください。,①地址，网址（彼のアドレスを教えてください。｜请告诉我他的地址。）,边缘词
平和,へいわ,名詞,和平,平和が / 平和を / 平和に,2,真题,否,ハトは平和のしょうちょうだと言われている。 / (立松平和 『人生の現在地-まだまだ迷っているぞ、 私は。,①和平，安宁（世界の平和を願う。｜希望世界和平。）,边缘词
待ち合わせ,まちあわせ,名詞,约会,待ち合わせを / 待ち合わせが / 待ち合わせに,2,真题,否,待ち合わせの時間を6時にへんこうしてもらった。 / 用事ができて、 待ち合わせの時間を1時から3時に交代してもらった。,①约会，碰面（駅で待ち合わせしましょう。｜我们在车站碰面吧。）,边缘词
回復,かいふく,名詞,恢复,回復が / 回復を / 回復に,2,真题,否,来週は天気が回復するそうだ。 / .中村選手は前大会でのけがが回復せず、次の試合への出場を引退した。,①恢复，复原（体調が回復しました。｜身体恢复了。）,边缘词
台風,たいふう,名詞,台风,台風が / 台風を / 台風で,2,真题,否,台風の方針がそれたので、特に被害は出なかった。 / 台風で波が高かった海も、今日はすっかり冷静になった。,①台风，风暴（台風が近づいています。｜台风正在靠近。）,边缘词
セーター,せーたー,名詞,毛衣,セーターを / セーターが / セーターで,2,真题,否,その店のセーターはせめて1万円はするだろう。 / 洗濯機でセーターを洗ったら、縮んで着られなくなった。,①毛衣，针织衫（このセーターは暖かい。｜这件毛衣很暖和。）,边缘词
タクシー,たくしー,名詞,出租车,タクシーを / タクシーが / タクシーで,2,真题,否,タクシーで帰る予定だから / 今からタクシーに乗っても、せめて_10 時には着けない。,①出租车（タクシーに乗る｜坐出租车）,边缘词
無事,ぶじ,名詞,平安,無事で / 無事が / 無事を,2,真题,否,準備を重ねてきたイベントが無事かなった。 / (北川先生へのメールで)昨日無事に帰国しました。,①平安无事（無事に帰る｜平安回家）,边缘词
とうとう,とうとう,副詞,终于,とうとうに / とうとうが / とうとうを,2,真题,否,とうとう壊れたので、買い換えることにした。 / 自分の店を持つという夢が、とうとうかなった。,①终于（とうとう終わった｜终于结束了）,边缘词
向こう,むこう,名詞,对面,向こうに / 向こうが / 向こうを,2,真题,否,向こうは僕のことをどう思っていたのかは分からないが、 / プリンターの調子が悪くなり、製造会社に電話で問い合わせたら、向こうの担当者に、あれこれ質,①对面（向こうに行く｜去对面）②那边（向こうの人｜那边的人）,边缘词
拍手,はくしゅ,名詞,鼓掌,拍手を / 拍手が / 拍手で,2,真题,否,からは大きな拍手が起こった / 演奏が終わると、観客は舞台に向かっていっせいに大きな拍手を送った。,①掌声（拍手を送る｜送上掌声）,边缘词
ついに,ついに,副詞,终于,ついにに / ついにが / ついにを,2,真题,否,不調だった山中選手がついにゴールを決めた。 / この町の残高は、ついに1万人を下回りました。,①终于（ついに成功した｜终于成功了）,边缘词
急増,きゅうぞう,名詞,急剧增加,急増が / 急増を / 急増に,2,真题,否,も多い。 / のファンが急増しているらしい。,①急剧增加（急増する人口｜人口急剧增加）,边缘词
多種,たしゅ,名詞,多种,多種が / 多種を / 多種に,2,真题,否,一言で鉄道ファンといってもその趣味の内容は多種多様だ。 / んの他人たちの中で、その人々のしていることから、 言語や (注5) 概念も含めて多種多様なことを急速,①多种多样（多種の花｜多种花）,边缘词
破壊,はかい,名詞,破坏,破壊が / 破壊を / 破壊に,2,真题,否,(注)森林破壊(はかい): 森林が壊されて少なくなったりなくなったりすること / 地球温暖化にしろ、 (注) 森林破壊にしろ、エネルギー資源の不足にしろ、これらはどれも人類によって,①破坏（環境を破壊する｜破坏环境）,边缘词
愛用,あいよう,名詞,爱用,愛用が / 愛用を / 愛用に,2,真题,否,いつも「ジミック」 / 今後とも「ジミック」,①爱用（愛用の品｜爱用的物品）,边缘词
たとえる,たとえる,動詞,比喻,たとえるを / たとえるが / たとえるに,2,真题,否,(注1)なぞらえられる: たとえられる / や不安は、車にたとえればブレーキである。,①比喻（例：彼はライオンにたとえられた。｜他被比喻为狮子。）②举例（例：例え話をする。｜讲个例子。）,边缘词
ふかす,ふかす,動詞,吸烟,ふかすを / ふかすが / ふかすに,2,真题,否,(注1)アクセルをふかす : アクセルを強く踏んでエンジンを速く回転させる / アクセルをふかして (注1) スピードを出すことより、危険を (注2) 察知してブレーキをかけて,①吸烟（例：タバコをふかす。｜吸烟）②深呼吸（例：息をふかす。｜深呼吸）,边缘词
学びとれる,まなびとれる,動詞,学到,学びとれるを / 学びとれるが / 学びとれるに,2,真题,否,に学びとって成長していったと考えられる。 / 姿勢があれば何からでも価値あることが学びとれるのだとつくづく私は思うのです。,①获得知识（例：多くのことを学びとれる。｜获得很多知识。）,边缘词
扉,とびら,名詞,门,扉が / 扉を / 扉に,2,真题,否,から扉のページがあって、開けるとその本の世界が広がります。 / (村田夏子『読書の心理学 読書で開く心の世界への扉』 による),①门（例：扉が開く。｜门打开了。）②入口（例：扉の前に立つ。｜站在门前。）,边缘词
視覚,しかく,名詞,视觉,視覚が / 視覚を / 視覚に,2,真题,否,いる、視覚のみごとな仕組みのひとつです。 / ぼくはいつも思うのだが、視覚にとらえたものをただ単に書いても、決して絵画にはならない。,①视觉（例：視覚が重要です。｜视觉很重要。）②看见的能力（例：視覚が失われる。｜失去视觉能力。）,边缘词
吐き出す,はきだす,動詞,吐出,吐き出すを / 吐き出すが / 吐き出すに,2,真题,否,らかの方法で吐き出そうとする。 / 絵画とは目の前の自然を心のなかに消化し、それをもう一度吐き出す作業によって生まれるのだ。,①吐出（例：息を吐き出す。｜吐出气息。）②表达（例：感情を吐き出す。｜表达感情。）,边缘词
盛ん,さかん,形状詞,活跃,盛んに / 盛んが / 盛んを,2,真题,否,A国とB国の間で盛んに貿易が行われている。 / 衣料品や家具などでは中古品市場や消費者同士の交換が盛んだ。,①繁荣（例：商業が盛んだ。｜商业繁荣。）②活跃（例：活動が盛んになる。｜活动变得活跃。）,边缘词
ぬくもり,ぬくもり,名詞,温暖,ぬくもりが / ぬくもりを / ぬくもりに,2,真题,否,(注2)ぬくもり : あたたかい感じ / 商品の傷も前の使用者の(注2) ぬくもりとプラスにとらえる (注3) 感性が若い人を中心に広がってい,①温暖（例：ぬくもりを感じる。｜感受到温暖。）②温情（例：ぬくもりのある言葉。｜温暖的话语。）,边缘词
規格,きかく,名詞,规格,規格が / 規格を / 規格に,2,真题,否,(注4)規格外の農産物も似ている。 / (注4)規格 ( きかく): 基準,①标准（例：規格に合う。｜符合标准。）②规格（例：製品の規格。｜产品的规格。）,边缘词
農産,のうさん,名詞,农产品,農産が / 農産を / 農産に,2,真题,否,(注4)規格外の農産物も似ている。 / この地方は温暖で暮らしやすく、野菜や果物などの農産物も豊富だ。,①农产品（例：農産物を販売する。｜销售农产品。）②农业生产（例：農産業が発展する。｜农业发展。）,边缘词
粗悪,そあく,形状詞,劣质,粗悪な / 粗悪を / 粗悪が,2,真题,否,(注5)粗悪(そあく) 品: 粗末(そまつ)で質が悪いもの / 市場が広がれば、(注5)粗悪品や不良品が出回る可能性も高まる。,①劣质，低劣（この商品は粗悪だ｜这个商品很差。）②粗糙，不精致（粗悪な作り｜制作粗糙。）,边缘词
朝刊,ちょうかん,名詞,晨报,朝刊が / 朝刊を / 朝刊に,2,真题,否,(読売新聞2011年11月18日付朝刊による) / (日本経済新聞 2009年8月 27 日付朝刊による),①早晨发行的报纸（朝刊を読む｜看早报。）,边缘词
ハードル,はーどる,名詞,障碍,ハードルを / ハードルが / ハードルで,2,真题,否,だった。 / (注2)ハードル: ここでは、基準,①障碍，难关（ハードルを越える｜跨过障碍。）②跨栏比赛（ハードル競技｜跨栏比赛。）,边缘词
契約,けいやく,名詞,合同,契約を / 契約が / 契約に,2,真题,否,たとえば、あと一歩のところで契約が結べなかった日、会社に戻って (注3) しょげかえる代わりに 「あ / さまざまなルール (法)は民主的に作られ、 約束事(契約)は当事者(注4)の合意(注5)により締結され,①合同，协议（契約を結ぶ｜签合同。）②约定，约定事项（契約内容｜合同内容。）,边缘词
しょげかえる,しょげかえる,動詞,沮丧,しょげかえるが / しょげかえるを / しょげかえるに,2,真题,否,(注3)しょげかえる : ひどくがっかりする / たとえば、あと一歩のところで契約が結べなかった日、会社に戻って (注3) しょげかえる代わりに 「あ,①沮丧，失落（彼はしょげかえった｜他很沮丧。）,边缘词
探,もとむ,名詞,探寻,探を / 探が / 探に,2,真题,否,これにならえば、充実感を得られる仕事を手にするには、楽しめる仕事を探 / いま、それが見つからないのなら、多少遠回りしてもいいから、じっくり腰を据えて (注3) 探,①探索，寻找（真実を探る｜寻找真相。）②探测，侦查（情報を探る｜侦查信息。）,边缘词
あなどれる,あなどれる,動詞,轻视,あなどれるを / あなどれるが / あなどれるに,2,真题,否,(注5)あなどれない : 軽視できない / すのも大事だが、 小さなことでも楽しめるようになることも意外に(注5) あなどれないポイントだ。,①轻视，低估（彼をあなどれない｜不能轻视他。）,边缘词
マネジメント,まねーじめんと,名詞,管理,マネジメントを行う / マネジメントに関する / マネジメントが重要,2,真题,否,-マネジメント入門』 による) / マネージメントの仕事をしていたらしいが、そんな生活が、物足りなくてしょうがない。,①管理，经营（マネジメントが重要｜管理很重要。）②统筹，调配（プロジェクトのマネジメント｜项目管理。）,边缘词
課す,かす,動詞,课以,課すことができる / 課すべき責任 / 課す内容を決める,2,真题,否,(注1)強烈 (きょうれつ) なノルマ : 厳しい条件で課される仕事 / 絶好調の時間帯に2倍の (注7) ノルマを課し、 それ以外は軽く流す。,①施加，赋予（責任を課す｜赋予责任。）②征收，收取（税金を課す｜征收税金。）,边缘词
軽視,けいし,名詞,轻视,軽視される / 軽視する傾向 / 軽視が問題,2,真题,否,を軽視するなら、そ / (注5)あなどれない : 軽視できない,①轻视，忽视（軽視してはいけない｜不能轻视。）②不重视，掉以轻心（軽視する態度｜掉以轻心。）,边缘词
得点,とくてん,名詞,得分,得点を取る / 得点が増える / 得点を競う,2,真题,否,(時間155分・得点180点) / 強いチームが相手で試合に勝てなかったけれども、 得点を入れることができたのでよかったと考え,①得分（試合で得点した｜比赛得分。）②得分机会（得点のチャンス｜得分机会。）,边缘词
膝,ひざ,名詞,膝盖,膝が痛い / 膝を曲げる / 膝に負担がかかる,2,真题,否,転んでしまって、 膝から血が漏れてきた / コーチは、腕を振り、膝の運び方、上体の前傾の取り方など、フォームを (注2) 矯正しようと指導し、,①膝盖（膝を曲げる｜弯曲膝盖。）②膝部（膝に痛みがある｜膝盖疼。）,边缘词
矯正,きょうせい,名詞,矫正,矯正が必要 / 矯正を受ける / 矯正する方法,2,真题,否,(注2)矯正(きょうせい)する: 正しくなるように直す / コーチは、腕を振り、膝の運び方、上体の前傾の取り方など、フォームを (注2) 矯正しようと指導し、,①矫正（歯の矯正をする｜做牙齿矫正。）②纠正（行動を矯正する｜纠正行为。）,边缘词
ランナー,らんなー,名詞,跑者,ランナーが走る / ランナーに必要な / ランナーの記録,2,真题,否,(注3)ランナー: 走る人 / 指導を受ける(注3) ランナーも指摘された体の動きの修正に意識を向けてトレーニングするのが普通で,①跑者（ランナーが走る｜跑者在跑。）②跑步者（マラソンのランナー｜马拉松跑者。）,边缘词
繰り返し,くりかえし,名詞,重复,繰り返し行う / 繰り返し練習する / 繰り返し確認する,2,真题,否,人間だと繰り返しの作業の中でどうしても思い込みが起こる。 / しかし、動作の修正には多くの時間と繰り返しが必要であり、またその効果が上がらないことも多,①重复（繰り返し練習する｜反复练习。）②反复（同じことの繰り返し｜重复同样的事。）,边缘词
こなし,こなし,名詞,处理,こなし方が重要 / こなしにくい / こなしを改善する,2,真题,否,(注5) 身のこなし: 体の動かし方 / スポーツ技術や 「(注5) 身のこなし」,①处理（仕事をこなす｜处理工作。）②应对（問題をこなす｜应对问题。）,边缘词
数十,すうじゅう,名詞,几十,数十人の参加者 / 数十回の試行 / 数十年の歴史,2,真题,否,数十年後には一人一台電気自動車を持ち、全国 / この数十年の変化の中で、もっとも大きく変わったものは何かと問われると、私は人生の選択肢が (注,①几十（数十人が集まる｜几十人聚集。）②数十个（数十の例がある｜有几十个例子。）,边缘词
酸化,さんか,名詞,氧化,酸化が進む / 酸化を防ぐ / 酸化する原因,2,真题,否,の処理の過程で発生する二酸化酸素を減らすこともてきる。 / その結果、電気自動車が、 走行時に二酸化炭素を出さず、 騒,①氧化（鉄が酸化する｜铁会氧化。）②化学反应（酸化反応が起こる｜发生氧化反应。）,边缘词
徐々,じょじょ,名詞,逐渐,徐々に増える / 徐々に改善する / 徐々に理解する,2,真题,否,. 徐々に会社に慣れてきた。 / 音も少ないことから、環境に優しい車として注目を集め、徐々に利用者も増えている。,①逐渐（徐々に良くなる｜逐渐变好。）②慢慢（徐々に進む｜慢慢进行。）,边缘词
薄れる,うすれる,動詞,减弱,薄れる印象 / 薄れる記憶 / 薄れる音,2,真题,否,けば、個人で車を持つ必要性は薄れてくるだろう。 / 父に届く郵便物が私のより少なくて、存在感が薄れたと父が感じているから,①变薄（色が薄れる｜颜色变淡。）②减弱（記憶が薄れる｜记忆减弱。）,边缘词
積み重なる,つみかさなる,動詞,积累,積み重なる経験 / 積み重なる成果 / 積み重なる問題,2,真题,否,単なる偶然の積み重なりの結果なのだ。 / そう考えると、好き嫌いや感情というものは、 偶然の積み重なりで進んでいく人生を自分なりに納得す,①堆积（物が積み重なる｜物品堆积。）②重叠（重なり合う｜重叠在一起。）,边缘词
正当,せいとう,名詞,正当,正当な理由 / 正当な評価 / 正当な手続き,2,真题,否,(注5)正当化 (せいとうか) する: ここでは、間違っていなかったと思う / な理由がないまま行った自らの行動を、納得し、(注5)正当化するためにも、感情や好き嫌いを用いる。,①正当的（正当な理由｜正当理由。）②合理的（正当な主張｜合理主张。）,边缘词
届け,とどける,名詞,送达,届けを出す / 届けが必要 / 届けを受け取る,2,真题,否,ご出発日の3日前までのお届けをご希望の方は、ご出発日の5日 / ・プラン①は、海外での荷物のお届けの際に日本語がわかるスタッフがうかがうので安心です。,①送达（荷物を届ける｜送达包裹。）②递交（書類を届ける｜递交文件。）,边缘词
最適,さいてき,形状詞,最佳,最適な選択 / 最適な方法 / 最適な条件,2,真题,否,お客様の状況やご希望に合わせて、最適なプランをお選びします。 / で体全体が飛ぶのに最適な構造になっていることがわかりますね。,①最佳（最適な選択｜最佳选择。）②最合适（最適な方法｜最合适的方法。）,边缘词
両国,りょうこく,名詞,两国,両国の関係 / 両国での会議 / 両国間の協力,2,真题,否,両国経済的に密接な関係にある / 両国が互いに主張を譲らず、会議は予定より早く廃止された。,①两个国家（両国の関係｜两个国家的关系。）②双边（両国間の協力｜双边合作。）,边缘词
今ごろ,いまごろ,名詞,这时候,今ごろの時期 / 今ごろの状況 / 今ごろの気持ち,2,真题,否,.今頃になって焦ってもしかたない。 / あの時のことを今ごろ謝ってもとっくに遅いよ,①这个时候（今ごろの季節｜这个季节。）②现在（今ごろは忙しい｜现在很忙。）,边缘词
鳴る,なる,動詞,鸣叫,鳴る音 / 鳴る時間 / 鳴る理由,2,真题,否,さっきから電話がとっくに鳴りっぱなしだ / 雷が鳴り出したと思ったら、さっさと雨が降り出した。,①响起（電話が鳴る｜电话响了。）②鸣叫（鳥が鳴く｜鸟在鸣叫。）,边缘词
成人,せいじん,名詞,成年人,成人になる / 成人の権利 / 成人を祝う,2,真题,否,「大人」 / とあるが、成人用ではなく年齢制限はない。,①成年人（成人の年齢｜成年人的年龄。）②成年的（成人式｜成人仪式。）,边缘词
残り,のこり,名詞,剩余,残りが少ない / 残り時間 / 残り物を処理する,2,真题,否,残り 10台につきましては誠に申し訳ございませんが、 / 高速度に達したら残りの距離はできるだけそのペースを守る。,①剩余（残りの時間｜剩余时间。）②余下（残り物｜剩下的东西。）,边缘词
数量,すうりょう,名詞,数量,数量を確認する / 数量が増える / 数量を調整する,2,真题,否,現在、数量限定半額セールを実施中。 / 一部の商品の製造が追いつかないので注文の数量を変更してほしい,①数量（数量を数える｜数数量。）②数目（数量が多い｜数量很多。）,边缘词
序列,じょれつ,名詞,序列,序列が決まる / 序列を作る / 序列に従う,2,真题,否,(注1)序列をつける: 順番をつける / ゾウの世話を複数で行う場合、 ゾウは人に (注1)序列をつけます。,①顺序（例：序列を守る｜遵守顺序。）②系列（例：データの序列｜数据的系列。）,边缘词
向こう側,むこうがわ,名詞,对面,向こう側に行く / 向こう側の人 / 向こう側を見る,2,真题,否,を向ける僕がいるからこそ、向こう側の表現が生かされて(注3)像に結実するわけだ。 / カメラを間に置いた向こう側とぼくとの表現性が、 (注1) フィフティ・フィフティの割合,①对面（例：向こう側に行く｜去对面。）②另一边（例：向こう側の景色｜另一边的风景。）,边缘词
横取り,よこどり,名詞,抢夺,横取りされる / 横取りする行為 / 横取りを防ぐ,2,真题,否,(注2)横取りして:奪う / いるものをカメラでサッと (注2) 横取りしているにすぎないでも一方で、 その表現だと認めてカメラ,①抢夺（例：お菓子を横取りする｜抢夺糖果。）②插手（例：横取りしないで｜不要插手。）,边缘词
結実,けつじつ,名詞,结果,結実する成果 / 結実の時期 / 結実を待つ,2,真题,否,(注3)~に結実する: 〜として完成する / を向ける僕がいるからこそ、向こう側の表現が生かされて(注3)像に結実するわけだ。,①结果（例：努力の結実｜努力的结果。）②成果（例：結実を見せる｜展示成果。）,边缘词
引き渡せる,ひきわたせる,動詞,可交付,引き渡せる条件 / 引き渡せるもの / 引き渡せる時期,2,真题,否,相手に引き渡す期限が設定されている場合 / つまり依頼された仕事である、そういうものは、これなら引き渡せる、要求された水準を満たしている,①可以交付（例：引き渡せる状態｜可以交付的状态。）②可转交（例：引き渡せる書類｜可转交的文件。）,边缘词
レース,れーす,名詞,比赛,レースに参加する / レースが行われる / レースの結果,2,真题,否,自分のレースがビデオで取られていなかったこと / は、労働から解放される喜びがあるし、 達成感もあるだろう、 (注1) レースでゴールをするのと同じ,①比赛（例：自転車のレース｜自行车比赛。）②赛道（例：レースを走る｜在赛道上跑。）,边缘词
もの作り,ものづくり,名詞,制造,もの作りが好き / もの作りの技術 / もの作りの過程,2,真题,否,もの作りを頼まれたときは喜びを感じるということ / からの科学技術、そしてモノ作りにとって何より必要なのは、いったい、 これから私たち一人一人がど,①制造（例：もの作りの技術｜制造技术。）②工艺（例：もの作りが大切｜制造很重要。）,边缘词
シグナル,しぐなる,名詞,信号,シグナルを送る / シグナルが出る / シグナルを受け取る,2,真题,否,挨拶犬にとって子イヌであるというシグナルがなんな / 挨拶犬にとって子イヌであるというシグナルがなんなの,①信号（例：シグナルを送る｜发送信号。）②标志（例：シグナルを確認｜确认标志。）,边缘词
上下,じょうげ,名詞,上下,上下の動き / 上下を確認する / 上下関係,2,真题,否,(注2) 順位制: 上下関係にもとづいてできた順序の決まり,①上下（例：上下の関係｜上下关系。）②高低（例：上下がある｜有高低。）,边缘词
ながつづき,ながつづき,名詞,持续,ながつづきする関係 / ながつづきの努力 / ながつづきの時間,2,真题,否,その感動はながつづきしない。 / ①その感動はながつづきしないとあるが、 それはなぜか。,①持续（例：ながつづきする関係｜持续的关系。）②延续（例：ながつづきの努力｜持续的努力。）,边缘词
通,つう,名詞,通行,通が多い / 通を利用する / 通が必要,2,真题,否,『すばらしい環境のなかを通 / ことにとどまらず、書かれている主張や(注1)根拠が本当に妥当だろうか、論理的に(注2)筋が通,①通过，经过（道を通る｜通过道路。）②通行，通畅（車が通る｜车辆通行。）,边缘词
街なか,まちなか,名詞,市区,街なかを歩く / 街なかの風景 / 街なかのイベント,2,真题,否,筆者は、 街中の風景が好きで、古いものや自然に興味がないから / 緑の自然を楽しむより、 街なかの (注2) 雑踏を歩くほうがおもしろい。,①市中心，街道（街なかを歩く｜在市中心走）,边缘词
雑踏,ざっとう,名詞,人潮,雑踏の中で / 雑踏を避ける / 雑踏が発生する,2,真题,否,(注2) 雑踏 (ざっとう) : 人がたくさんいて込み合っている所 / 緑の自然を楽しむより、 街なかの (注2) 雑踏を歩くほうがおもしろい。,①人群，拥挤（雑踏の中を進む｜在人群中前进）,边缘词
主人,しゅじん,名詞,主人,主人がいる / 主人に従う / 主人の意向,2,真题,否,主人公の外見をかき変(か)える / 節ごとに変わっても、滝とか、お寺など、風景の主人公はあまり変化しない。,①主人，主人公（主人が帰る｜主人回来了）②老板，雇主（主人に頼む｜向老板请求）,边缘词
公,こう,接尾辞,公共,公の場で / 公の利益 / 公のサービス,2,真题,否,主人公の外見をかき変(か)える / 節ごとに変わっても、滝とか、お寺など、風景の主人公はあまり変化しない。,①公共，公用（公の場で｜在公共场合）②公正，公平（公正な判断｜公正的判断）,边缘词
投函,とうかん,名詞,投递,投函する手紙 / 投函の方法 / 投函が必要,2,真题,否,(注3) 投函(とうかん) する: ポストに入れる / しかし、(注3) 投函する (注3)ためではなく、 ②個人的コレクションとして、 絵はがきを集める,①投递，投信（手紙を投函する｜投递信件）,边缘词
コレクション,これくしょん,名詞,收藏,コレクションを作る / コレクションが増える / コレクションの一部,2,真题,否,②個人的コレクションとして絵はがきを集める目的は何か。 / しかし、(注3) 投函する (注3)ためではなく、 ②個人的コレクションとして、 絵はがきを集める,①收藏，收集（切手のコレクション｜邮票收藏）,边缘词
源,みなもと,接尾辞,源头,源からの情報 / 源を探る / 源を明らかにする,2,真题,否,食文化の研究をしているので、市場は情報源として大切な場所である。 / の源は、頭の中の記憶の組み合わせから生まれるもので、 その土台がしっかりしていなければ、,①源头，来源（水の源｜水源）②根源，起源（文化の源｜文化的起源）,边缘词
歩幅,ほはば,名詞,步幅,歩幅を調整する / 歩幅が広い / 歩幅を測る,2,真题,否,AもBも、最初から最後まで歩幅を意識して走ることが大切だと述べている。 / スタート時は足を前に出す気持ちで走り出し、加速している間は歩幅を広げることを意識して最高速,①步幅，步距（歩幅を広げる｜加大步幅）,边缘词
直前,ちょくぜん,名詞,临近,直前に確認する / 直前の準備 / 直前の状況,2,真题,否,ゴール直前では決して余計な力は使わず、 走り抜けるイメージでゴールしよう。 / 心理学者で立正大学特任講師の内藤誼人さんも、 (注1)就寝直前の勉強を勧める一人。,①眼前，临近（直前に止まる｜在眼前停下）,边缘词
最小,さいしょう,名詞,最小,最小限の努力 / 最小のサイズ / 最小の影響,2,真题,否,何とか損害を最小限に抑えることができた。 / でも減速は避けられないが、それをどれだけ最小限に抑えられるかで勝負が決まると言ってもいい。,①最小值（最小の値です｜最小的值）②最小限（最小限の努力｜最小的努力）,边缘词
自作,じさく,名詞,自制,自作の作品 / 自作を公開する / 自作の技術,2,真题,否,小説家で自作解説をする人がたまにいる。 / もう一つは自作解説ができるほど言いたい,①自己创作（自作の小説｜自己创作的小说）②自制（自作の料理｜自己做的菜）,边缘词
たまに,たまに,副詞,偶尔,たまに行く / たまに会う / たまに思い出す,2,真题,否,小説家で自作解説をする人がたまにいる。 / 大学の講義の多くは、聞いていれば済むし、 たまに意見を求める教員がいても、,①偶尔（たまに行く｜偶尔去）②有时（たまに会う｜有时见面）,边缘词
回りくどい,まわりくどい,形容詞,迂回,回りくどい説明 / 回りくどい方法 / 回りくどい話,2,真题,否,(注1) 回りくどい : 直接的でなくわかりにくい / ことがはっきりしているなら、なにも小説などという (注1) 回りくどい表現形式をとる必要はなかったで,①拐弯抹角（回りくどい説明｜拐弯抹角的解释）②不直接（回りくどい言い方｜不直接的说法）,边缘词
はじめ,はじめ,名詞,开始,はじめに考える / はじめの一歩 / はじめの段階,2,真题,否,はないかと思うからだ、はじめから評論を書けばよかったのだ。 / はじめから相手に期待することをやめられれば、怒りもいらいらも生まれず、穏やかな,①开始（はじめの一歩｜开始的第一步）②最初（はじめの頃｜最初的时候）,边缘词
虚栄,きょえい,名詞,虚荣,虚栄を捨てる / 虚栄心が強い / 虚栄を求める,2,真题,否,(注2) 虚栄心 : 実際以上によく見せたいと思う心 / それが知的な(注2) 虚栄心というもので、これがなくなったら精神的な『老人』,①虚荣心（虚栄心が強い｜虚荣心很强）②表面光鲜（虚栄を張る｜表现虚荣）,边缘词
あわてふためく,あわてふためく,動詞,慌乱,あわてふためく状況 / あわてふためく人 / あわてふためく理由,2,真题,否,(注3) あわてふためいて: とてもあわてて / そして、 (注3) あわてふためいて本屋さんが図書館に行って、 わかってもわからな,①慌忙失措（あわてふためいている｜慌忙失措）②惊慌失措（あわてふためく様子｜惊慌失措的样子）,边缘词
あふれる,あふれる,動詞,溢出,あふれる感情 / あふれる水 / あふれる光,2,真题,否,のほかに、古くか / 紙は私たちの身の回りにあふれているが、日本には一般的に使われている 「洋紙」,①溢出（涙があふれる｜眼泪溢出）②充满（愛があふれる｜充满爱）,边缘词
座標,ざひょう,名詞,坐标,座標を確認する / 座標を設定する / 座標が必要,2,真题,否,(注4)座標軸: ここでは、基準 / ための(注4) 座標軸をできるだけたくさん持つことだ。,①坐标系（座標を使う｜使用坐标）②位置（座標を示す｜显示位置）,边缘词
軸,じく,名詞,轴,軸を中心に / 軸を回す / 軸を持つ,2,真题,否,(注4)座標軸: ここでは、基準 / ための(注4) 座標軸をできるだけたくさん持つことだ。,①轴线（回転軸｜旋转轴）②中心（中心軸｜中心轴）,边缘词
別荘,べっそう,名詞,别墅,別荘で過ごす / 別荘を持つ / 別荘の管理,2,真题,否,松川歴史博物館別館では、明治時代の政治家の別荘を別館として公開しています。 / 多田庭園は地元有力者多田家の別荘の庭を保存したもので、一般に公開されています。,①度假别墅（海辺の別荘｜海边的别墅）②乡间别墅（山の別荘｜山里的别墅）,边缘词
国民,こくみん,名詞,国民,国民の声 / 国民が選ぶ / 国民の権利,2,真题,否,成果が見えにくい宇宙開発に対して、国民が疑問を感じ始めたのだ。 / 土曜日、日曜日、国民の祝日、年末年始(12月28日~翌年1月4日),①国家公民（日本の国民｜日本的公民）②民族成员（国民の意識｜民族的意识）,边缘词
年末,ねんまつ,名詞,年末,年末の準備 / 年末の挨拶 / 年末のイベント,2,真题,否,年末のごみの収集について / 土曜日、日曜日、国民の祝日、年末年始(12月28日~翌年1月4日),①年终时刻（年末の忙しさ｜年末的忙碌）②岁末（年末の挨拶｜年末的问候）,边缘词
年始,ねんし,名詞,年始,年始の挨拶 / 年始の計画 / 年始の行事,2,真题,否,土曜日、日曜日、国民の祝日、年末年始(12月28日~翌年1月4日) / 取引先にお送りする年始の挨拶状につきまして、 総務課から一括発送する相手先のリストを作成し,①新年开始（年始の挨拶｜新年的问候）②年初（年始の行事｜年初的活动）,边缘词
了承,りょうしょう,名詞,同意,了承を得る / 了承すること / 了承が必要,2,真题,否,ただし、 同じ時間に見学できるとはかぎりませんので、ご了承ください。 / いにクレジットカードをご利用の場合、翌月または翌々月になる場合もございますので、ご了承,①同意接受（彼は了承した｜他同意了）②理解认可（了承を得る｜获得理解）,边缘词
ふりがな,ふりがな,名詞,注音,ふりがなをつける / ふりがなを読む / ふりがなを確認する,2,真题,否,・代表者を含む参加者全員の氏名(ふりがな) / ・代表者の氏名(ふりがな)、郵便番号、住所、電話番号,①假名注音（漢字のふりがな｜汉字的假名）②读音标注（ふりがなを付ける｜加上读音标注）,边缘词
売り切れる,うりきれる,動詞,售罄,売り切れる商品 / 売り切れる前に / 売り切れる可能性,2,真题,否,名物料理はもう売り切れたから / このパンは販売数を 20 個に限定しているので、すぐに売り切れてしまう。,①售罄（商品が売り切れた｜商品售罄）②卖完（チケットが売り切れ｜票卖完了）,边缘词
就活,しゅうかつ,名詞,求职,就活を始める / 就活に参加する / 就活が大変だ,2,真题,否,を略して 「就活」 / と言うことがある。,①求职活动（就活を始める｜开始求职）②就业准备（就活が大変｜求职很辛苦）,边缘词
みちびく,みちびく,動詞,引导,みちびくに成功する / みちびくが重要だ / みちびくを頼む,2,真题,否,先生の一言が、 私をこの研究にみちびいてくれた。 / 組織の文化に流されずに、組織を適切な方向に導くこと,①引导指引（道をみちびく｜引导道路）②带领（人をみちびく｜带领人）,边缘词
奇妙,きみょう,形状詞,奇怪,奇妙な出来事 / 奇妙な形 / 奇妙な音,2,真题,否,隣の部屋から奇妙な音が聞こえる。 / 人間というのは奇妙な生き物である。,①奇怪异常（奇妙な出来事｜奇怪的事情）②神秘莫测（奇妙な世界｜神秘的世界）,边缘词
音量,おんりょう,名詞,音量,音量を調整する / 音量が大きい / 音量で確認する,2,真题,否,音量がとぼしくて聞こえにくい。 / うるさいと言われたので、 テレビの音量を薄めた,①音的大小（音量が大きい｜音量很大）②音的强度（音量を調整する｜调整音量）,边缘词
北,きた,名詞,北方,北に向かう / 北が寒い / 北で生活する,2,真题,否,〒433-0010 北高市朝中町 27 / 北半球と南半球では夏と冬が矛盾している。,①方向名词（北に行く｜往北走）②地理名词（北極｜北极）,边缘词
半球,はんきゅう,名詞,半球,半球の形 / 半球を作る / 半球が回転する,2,真题,否,北半球と南半球では夏と冬が矛盾している。,①地球的一半（南半球｜南半球）②球体的一部分（半球の形｜半球的形状）,边缘词
シャワー,しゃわー,名詞,淋浴,シャワーを浴びる / シャワーが出る / シャワーでリラックスする,2,真题,否,寮ではみんなが合同でシャワールームを使っている。 / そのほかにも、食堂、シャワー、公衆電話等の施設や設備を表すマークや、水泳、 バレーボール等の,①淋浴设备（シャワーを浴びる｜洗澡）②淋浴行为（シャワーをする｜洗淋浴）,边缘词
ルーム,るーむ,名詞,房间,ルームに入る / ルームを掃除する / ルームが広い,2,真题,否,寮ではみんなが合同でシャワールームを使っている。 / JBセンターのセミナールームで受講していただくスタイルです。,①房间（自分のルーム｜自己的房间）②室内（会議ルーム｜会议室）,边缘词
中継,ちゅうけい,名詞,中继,中継を行う / 中継が始まる / 中継で見る,2,真题,否,昨日の夜、オリンピック中継見た? / 先日、サッカーの日本代表が海外で試合を行い、その試合が深夜にテレビで生中継された。,①转播（テレビ中継｜电视转播）②中间传递（中継地点｜中转地点）,边缘词
ガイドブック,がいどぶっく,名詞,指南,ガイドブックを読む / ガイドブックが役立つ / ガイドブックを持参する,2,真题,否,A 「あ、今から行く博物館、一週間前に予約してないと入れないってガイドブックに書いてあるよ。 / *楽遊オリジナルガイドブックには、 京都の観光や交通、飲食、 ショッピングなどに役立っ情報をたく,①旅游指南（旅行のガイドブック｜旅行指南）②参考书（ガイドブックを読む｜读参考书）,边缘词
手足,てあし,名詞,手脚,手足が疲れる / 手足を使う / 手足が冷たい,2,真题,否,ができる。 / 長い間水の中にいると手足の指にたくさん「しわ」,①手和脚（手足が不自由｜手脚不方便）②比喻亲密关系（手足の情｜亲密的关系）,边缘词
グラウンド,ぐらうんど,名詞,操场,グラウンドで遊ぶ / グラウンドが広い / グラウンドに行く,2,真题,否,場所 岸本小学校グラウンド / プロ野球選手は、いつまでもグラウンドに立ちつ,①运动场（学校のグラウンド｜学校的运动场）②场地（グラウンドで遊ぶ｜在场地玩）,边缘词
方々,かたがた,名詞,各方,方々に挨拶する / 方々が集まる / 方々に感謝する,2,真题,否,図書館の机は図書館の資料を利用される方々のためのものです。 / つきましては、バザー開催に当たり地域の方々の品物を (注) 提供していただきたいと存じます。,①各个地方（方々に挨拶する｜向各个地方问好）②各位（方々に感謝します｜感谢各位）,边缘词
食料,しょくりょう,名詞,食物,食料を買う / 食料が不足する / 食料を保存する,2,真题,否,食料という、われわれが生きていくうえで欠かせないものまでも、ほかの品物と同じように商業主義 / 日用品、食料品、台所用品、食器、かばんなどを受けつけておりますが、いずれも未使用のものに限ら,①食品（例：食料を買う｜买食品）②粮食（例：食料が不足｜粮食不足）,边缘词
上げ,あげ,名詞,提高,上げを目指す / 上げが必要だ / 上げを行う,2,真题,否,上げは国際協力団体へ寄付されます。 / 及びません (注2) から、 より結果を出している同僚を棚に上げ (注3)、 「自分はこんなに頑張って、 成,①提高（例：点数を上げる｜提高分数）②举起（例：手を上げる｜举起手）,边缘词
ヘア,へあ,名詞,头发,ヘアを切る / ヘアが長い / ヘアをスタイリングする,2,真题,否,は、 「人がアッと驚くよ / 箱に入った未使用のヘアドライヤーと説明書,①头发（例：ヘアスタイル｜发型）②发型（例：ヘアカット｜剪头发）,边缘词
カップ,かっぷ,名詞,杯子,カップを持つ / カップが割れる / カップに注ぐ,2,真题,否,電気ポットと一度だけ使用したコーヒーカップ / . カップや皿を同じけいとうの色でそろえた。,①杯子（例：カップで飲む｜用杯子喝）②奖杯（例：カップを獲得｜获得奖杯）,边缘词
手がかり,てがかり,名詞,线索,手がかりを探す / 手がかりが見つかる / 手がかりを得る,2,真题,否,手がかりにしているのだ。 / (注1)手がかり:ヒント,①线索（例：手がかりを探す｜寻找线索）②提示（例：手がかりが必要｜需要提示）,边缘词
ことわざ,ことわざ,名詞,谚语,ことわざを知る / ことわざが面白い / ことわざを使う,2,真题,否,とある。 / 「灯台下暗し」,①谚语（例：ことわざを知る｜了解谚语）②格言（例：ことわざを使う｜使用格言）,边缘词
使い,つかい,名詞,使用,使い方を学ぶ / 使いが簡単だ / 使いが多い,2,真题,否,とある。 / 日本の古いことわざにも、「言葉は(注2)心の使い」,①使用（例：使い方を教える｜教使用方法）②用途（例：使い道がある｜有用途）,边缘词
絆,きずな,名詞,纽带,絆を深める / 絆が強い / 絆を感じる,2,真题,否,( 田名部雄一 『人と犬のきずな一遺伝子からそのルーツを探る』による) / (外山知徳『家族の絆をつくる家 失敗しない住まいづくりのための30講』 による),①联系（例：絆を深める｜加深联系）②情感（例：絆が強い｜情感很强）,边缘词
講,こう,名詞,讲座,講を受ける / 講が面白い / 講を開く,2,真题,否,講料は、2ヶ月目から口座引き落としになります。 / (外山知徳『家族の絆をつくる家 失敗しない住まいづくりのための30講』 による),①讲座（例：講を開く｜开讲座）②演讲（例：講を聞く｜听演讲）,边缘词
選抜,せんばつ,名詞,选拔,選抜に参加する / 選抜が行われる / 選抜を受ける,2,真题,否,人材の評価や選抜の方式は、社会の根本的な活力を規定する最も重要なファクターである。 / 人材の評価や選抜の方式は、社会の根本的な活力を規定する最も重要な (注1) ファクターである。,①选拔（例：選抜試験｜选拔考试）②挑选（例：選抜メンバー｜挑选成员）,边缘词
方式,ほうしき,名詞,方式,方式を変える / 方式が異なる / 方式を採用する,2,真题,否,人材の評価や選抜の方式は、社会の根本的な活力を規定する最も重要なファクターである。 / 人材の評価や選抜の方式は、社会の根本的な活力を規定する最も重要な (注1) ファクターである。,①方法或手段（新しい方式を試す｜尝试新方法）②形式或样式（伝統的な方式｜传统形式）,边缘词
規定,きてい,名詞,规定,規定を守る / 規定が厳しい / 規定を確認する,2,真题,否,人材の評価や選抜の方式は、社会の根本的な活力を規定する最も重要なファクターである。 / 人材の評価や選抜の方式は、社会の根本的な活力を規定する最も重要な (注1) ファクターである。,①规定或规则（会社の規定に従う｜遵守规定）②条款或条文（契約の規定｜合同条款）,边缘词
衰退,すいたい,名詞,衰退,衰退が進む / 衰退を防ぐ / 衰退が問題だ,2,真题,否,ば必ず (注2) 衰退する。 / (注2)衰退する : 衰える、 弱くなる,①衰落或减退（経済が衰退する｜经济衰退）②衰弱或衰弱状态（体力が衰退する｜体力减弱）,边缘词
組み込む,くみこむ,動詞,纳入,組み込むことが大切だ / 組み込むを行う / 組み込むが必要だ,2,真题,否,になり、人材の育成に多大の努力を注ぐとともに、いかに公正な評価のシステムを組み込むのかという / の中に組み込み、 商品の一つとして (注2) 同じ土俵の上で競わせることが、はたしてほんとうにいいの,①纳入或包含（計画に組み込む｜纳入计划）②组装或构建（部品を組み込む｜组装部件）,边缘词
秩序,ちつじょ,名詞,秩序,秩序を保つ / 秩序が乱れる / 秩序を守る,2,真题,否,(猪木武徳『自由と秩序 競争社会の二つの顔』による) / (注3)好むと好まざるにかかわらず、社会を維持するために (注4)秩序が必要であり、 その結果、,①秩序或规矩（社会の秩序を守る｜维护秩序）②顺序或次序（秩序を保つ｜保持顺序）,边缘词
失礼,しつれい,名詞,失礼,失礼をする / 失礼があった / 失礼を謝る,2,真题,否,友達を作るなんて第一友達に対して失礼だと思った。 / が、実は失礼にならないように自分を飾っているだけなのではないか。,①失礼或无礼（失礼な態度｜无礼态度）②冒犯或不礼貌（失礼をする｜冒犯别人）,边缘词
思い知らす,おもいしらす,動詞,让人明白,思い知らすことがある / 思い知らすをする / 思い知らすのが大事だ,2,真题,否,(注2)思い知らされる: 強く思わされる / 達だったのだな、と (注2) 思い知らされた奴もいた。,①让人明白或意识到（痛みを思い知らす｜让人明白痛苦）②警醒或提醒（現実を思い知らす｜提醒现实）,边缘词
仁成,ひとなり,名詞,仁德,仁成を目指す / 仁成が大切だ / 仁成を学ぶ,2,真题,否,(辻仁成 『代筆屋』による) / (辻仁成『そこに僕はいた』 による),①仁德或仁爱（仁成の心を持つ｜拥有仁德）②道德或品德（仁成を重んじる｜重视品德）,边缘词
とび出る,とびでる,動詞,跳出,とび出ることがある / とび出るを試みる / とび出るのが楽しい,2,真题,否,一番前にとび出ていなくてもよくなりました / そのためにはやはりロは一番前にとび出ていて、しかも固くなければいけません。,①跳出或飞出（急にとび出る｜突然跳出）②冒出或突出（頭がとび出る｜头冒出来）,边缘词
噛む,かむ,動詞,咬,噛むが痛い / 噛むをやめる / 噛むのが好きだ,2,真题,否,|友達とけんかしたから2かみがたが気に入らない / 相手を噛んだり食べ物をつかんだりするため、口は固く前に出ている。,①咬或啃（食べ物を噛む｜咬食物）②咬合或咬住（歯が噛む｜牙齿咬合）,边缘词
正しく,ただしい,副詞,正确地,正しく理解する / 正しく行う / 正しく伝える,2,真题,否,を、正しく理解して使ったほうがいい。 / 人間の口が変化した理由について、正しく説明しているものはどれか。,①正确地（例：正しく答えなさい｜正确回答）②公正地（例：正しく評価される｜公正评价）,边缘词
導入,どうにゅう,名詞,引入,導入を行う / 導入が必要だ / 導入を検討する,2,真题,否,を導入した。 / 競技を表すマークは、この東京オリンピックで初めて全面的に導入され、,①引入（例：新しい技術を導入する｜引入新技术）②实施（例：制度を導入する｜实施制度）,边缘词
看護,かんご,名詞,护理,看護を受ける / 看護が重要だ / 看護を学ぶ,2,真题,否,れまでは看護で休む際にも診断書や薬袋のコピーなどを証拠として提出する必要があったが、 新制度は / 育児・介護休業法では、 (注1) 未就学児の病気・けがの看護を目的とする休暇の取得を認めている。,①护理（例：看護を受ける｜接受护理）②照顾（例：病人を看護する｜照顾病人）,边缘词
促す,うながす,動詞,促进,促すことが大切だ / 促すを行う / 促すが必要だ,2,真题,否,新制度で育児中の女性社員の負担を軽減すると同時に、男性社員の育児参加を促す。 / Aはしかることで成長を促すことが重要だと述べ、 Bはあえて失敗を指摘する必要はなく、部下,①促进（例：成長を促す｜促进成长）②催促（例：行動を促す｜催促行动）,边缘词
率,りつ,名詞,比率,率が高い / 率を計算する / 率を上げる,2,真题,否,[45] 世界各国の国会議員選挙における投票率を世代ごとに見ると、 若い世代の / 法に基づく休暇は育児をする女性のほとんどが取得しているものの、男性の取得率は3%にとどまって,①比率（例：参加率が高い｜参加率高）②率先（例：率先して行動する｜率先行动）,边缘词
行事,ぎょうじ,名詞,活动,行事に参加する / 行事が楽しい / 行事を計画する,2,真题,否,明日は学校の行事に参加します。 / 学校の行事等の通知文書のコピーを添えて申請する。,①活动（例：行事に参加する｜参加活动）②仪式（例：行事を行う｜举行仪式）,边缘词
走,そう,接尾辞,跑,走が速い / 走をする / 走が好きだ,2,真题,否,次のAとBは100メートル走についての文章である。,①跑（例：速く走る｜快速跑）②行走（例：歩いて走る｜走着跑）,边缘词
声高,こわだか,形状詞,高声,声高に叫ぶ / 声高が響く / 声高で話す,2,真题,否,(注2) 声高に: 声を大きくして / 求められ、自己責任が (注2) 声高に問われる現代社会に、 (注3) とことん追い詰められながらも、過剰,①声音大（例：声高に話す｜大声说）②高声（例：声高に叫ぶ｜高声叫）,边缘词
とことん,とことん,名詞,彻底,とことんやる / とことん考える / とことん楽しむ,2,真题,否,(注3) とことん追い詰められる: 逃げる道のないところまで追われる / 求められ、自己責任が (注2) 声高に問われる現代社会に、 (注3) とことん追い詰められながらも、過剰,①彻底（例：とことんやる｜彻底做）②完全（例：とことん考える｜完全思考）,边缘词
追い詰める,おいつめる,動詞,逼迫,追い詰めることがある / 追い詰めるをやめる / 追い詰めるのが辛い,2,真题,否,(注3) とことん追い詰められる: 逃げる道のないところまで追われる / 求められ、自己責任が (注2) 声高に問われる現代社会に、 (注3) とことん追い詰められながらも、過剰,①逼迫（例：敵を追い詰める｜逼迫敌人）②追赶（例：問題を追い詰める｜追赶问题）,边缘词
無縁,むえん,形状詞,无关,無縁である / 無縁な関係 / 無縁を感じる,2,真题,否,と無縁の幸せは存在しないと思う。 / これは僕の個人的な意見だが、「悩み」,①没有关系（私たちは無縁です｜我们无关）②无缘分（彼とは無縁の人｜与他无缘）,边缘词
昇華,しょうか,名詞,升华,昇華を目指す / 昇華が必要だ / 昇華を学ぶ,2,真题,否,(注1)昇華する: 一段と高度なものにする / はとても重要で、 悩みをどう解決するか、 どう (注1) 昇華させるかが、 作った成果、 物の存在感や主,①升华（感情の昇華｜情感升华）②提升（技術の昇華｜技术提升）,边缘词
観点,かんてん,名詞,观点,観点を変える / 観点が重要だ / 観点を持つ,2,真题,否,が見えない。 / 著者の観点がすぐに身につくから,①观点（異なる観点から｜不同观点）②视角（新しい観点を持つ｜拥有新视角）,边缘词
勢い,いきおい,名詞,势头,勢いがある / 勢いを感じる / 勢いを保つ,2,真题,否,と僕は呼ぶ。 / そういう思いつきと勢いだけで作られた商品を「チューインガム商品」,①势头（勢いがある｜有势头）②气势（勢いを増す｜气势增强）,边缘词
神髄,しんずい,名詞,精髓,神髄を理解する / 神髄が大切だ / 神髄を探る,2,真题,否,(注2)神髄:中心となる本来の性質 / と思っているようだが、僕は完全には同,①精髓（この作品の神髄｜作品的精髓）②本质（文化の神髄｜文化的本质）,边缘词
絡みあう,からみあう,動詞,交织,絡みあうことがある / 絡みあうを楽しむ / 絡みあうが面白い,2,真题,否,迷いながらも複雑に絡みあった要素をうまく切り捨てていくこと / 日本文化にはいろいろな (注3) 相反する要素が複雑に絡みあって、それらを生かしたま,①交织（糸が絡みあう｜线交织）②纠缠（運命が絡みあう｜命运纠缠）,边缘词
飽き,あきる,名詞,厌倦,飽きが来る / 飽きることがある / 飽きがない,2,真题,否,単純であるが飽きが来ないもの / いても色んな側面が次々と現れてくるので飽きが来ないのだ。,①厌倦（飽きが来る｜感到厌倦）②无聊（飽きてしまった｜感到无聊）,边缘词
主な,おもな,連体詞,主要,主な目的 / 主な理由 / 主な問題,2,真题,否,京都市内の主な観光施設で買うことができる。 / いところに行きたい、見たことがないものを見たい、食べたことのないものを食べたいというのが主な,①主要的（主な理由｜主要原因）②重要的（主な目的｜重要目的）,边缘词
乗車,じょうしゃ,名詞,乘车,乗車する際 / 乗車が必要だ / 乗車を待つ,2,真题,否,乗車したら、 切符にある座席番号を確認して、限定された席に座ってください。 / 京都市内のス、地下鉄、(注)JR 私鉄に一日または二日間自由に乗車できます。,①乘车（乗車する｜乘车）②上车（バスに乗車｜上公交）,边缘词
ショッピング,しょっぴんぐ,名詞,购物,ショッピングを楽しむ / ショッピングが好きだ / ショッピングに行く,2,真题,否,いずみデパート通信販売ショッピングガイド / *楽遊オリジナルガイドブックには、 京都の観光や交通、飲食、 ショッピングなどに役立っ情報をたく,①购物（ショッピングを楽しむ｜享受购物）②买东西（ショッピングに行く｜去买东西）,边缘词
シルバー,しるばー,名詞,银色,シルバーの色 / シルバーが輝く / シルバーを使う,2,真题,否,日パス 大人 : 2500円 学生: 1800円、小学生以下:800円、 シルバー (60歳以上): 1800円 / 日パス 大人: 1500円 学生 : 1000 円、小学生以下:500円、 シルバー (60歳以上):1000 円,①银色（例：シルバーのネックレス｜银色项链）②银（例：シルバーが好きです｜喜欢银）,边缘词
すいせん,すいせん,名詞,推荐,すいせんを受ける / すいせんが多い / すいせんをする,2,真题,否,みんなにすいせんされたから / 音楽の専門学校の先生にすいせんされた,①推荐（例：友達にすいせんした｜推荐朋友）②水仙（例：すいせんが咲いた｜水仙花开）,边缘词
じっと,じっと,副詞,静静地,じっと見る / じっと待つ / じっとしている,2,真题,否,少しの間、じっとしていてください。 / しかし、じっと考えていると、心の奥底にしまっていた① “本当にやりたいこと”が見,①静静地（例：じっと見ている｜静静看）②不动（例：じっとしている｜保持不动）,边缘词
ふた,ふた,名詞,盖子,ふたを開ける / ふたが閉まる / ふたをする,2,真题,否,.瓶のふたが頑固で、いくら力を入れても開かない。 / 鍋ふたでふさぐと、 中の肉に熱が通りやすくなります。,①盖子（例：ふたを閉める｜关上盖子）②双（例：ふたつの箱｜两个箱子）,边缘词
レンジ,れんじ,名詞,范围,レンジを広げる / レンジが狭い / レンジを確認する,2,真题,否,.長く使っている電子レンジが壊れてしまった。 / 電子レンジで温めるときは、皿をラップでふさいでください。,①范围（例：温度レンジ｜温度范围）②微波炉（例：レンジで温める｜用微波炉加热）,边缘词
波,なみ,名詞,波浪,波が高い / 波を乗り越える / 波が静かだ,2,真题,否,台風で波が高かった海も、今日はすっかり冷静になった。 / 「能率の波は、 自分で意識的にコントロールすることもできる。,①波浪（例：海の波｜海浪）②波动（例：波がある｜有波动）,边缘词
持ち物,もちもの,名詞,物品,持ち物を整理する / 持ち物が多い / 持ち物を確認する,2,真题,否,. クラブのみんなに持ち物を伝える / 「来週の登山の持ち物について質問があります。,①随身物品（例：持ち物を確認する｜确认随身物品）②携带物（例：持ち物を忘れた｜忘记携带物品）,边缘词
プリント,ぷりんと,名詞,打印,プリントを印刷する / プリントを配布する / プリントに記入する,2,真题,否,配られたプリントに、 ビニール袋を持参 / プリントを前に、ニコニコしながら書く子、友達の顔をちらちら見て書く子、難しい顔,①打印（例：プリントを取る｜打印文件）②印刷品（例：プリントを配る｜发放印刷品）,边缘词
大豆,だいず,名詞,大豆,大豆を栽培する / 大豆が豊作だ / 大豆に含まれる,2,真题,否,大豆だが、 日本国内で作られているものはわずかで、 / ものが思い浮かぶと思いますが、 大豆にもたくさん含まれていま,①大豆（例：大豆を食べる｜吃大豆）②豆类（例：大豆製品｜豆制品）,边缘词
開花,かいか,名詞,开花,開花が早い / 開花を促す / 開花の時期,2,真题,否,し、春になって、 1日の平均気温が12~13度になると開花するのです。 / 開花する前の年の夏には、すでに花となる芽(花芽)が作られ、花を咲かせる準備が,①开花（例：桜が開花した｜樱花开了）②花开（例：開花の時期｜花开的季节）,边缘词
低温,ていおん,名詞,低温,低温で保存する / 低温が続く / 低温に耐える,2,真题,否,「一定の低温期間」 / 低温期間を経験することが必要です。,①低于常温的温度（例：低温で保存する｜低温保存）,边缘词
根拠,こんきょ,名詞,依据,根拠がある / 根拠を示す / 根拠に基づく,2,真题,否,(注1)根拠: ある考えのもとになるもの / ことにとどまらず、書かれている主張や(注1)根拠が本当に妥当だろうか、論理的に(注2)筋が通,①依据，理由（例：根拠が必要です｜需要依据）,边缘词
身の回り,みのまわり,名詞,身边,身の回りにある / 身の回りを整理する / 身の回りが変わる,2,真题,否,のほかに、古くか / 紙は私たちの身の回りにあふれているが、日本には一般的に使われている 「洋紙」,①周围的环境（例：身の回りを整理する｜整理周围环境）,边缘词
雨天,うてん,名詞,下雨的天气,雨天に備える / 雨天が続く / 雨天の予報,2,真题,否,*雨天中止(中止の場合、ホームページにて当日6時までにお知らせします。 / 日時 : 2012年7月28日 (土) 9時集合、11時解散 *雨天中止,①下雨的天气（例：雨天は外出しない｜雨天不出门）,边缘词
後日,ごじつ,名詞,日后,後日お知らせする / 後日行う / 後日確認する,2,真题,否,調査結果は、後日ホームページ上で公開いたします。 / 指定機関と予約方法の詳細は、 後日お配りする資料でご確認ください。,①日后，未来的某天（例：後日お知らせします｜日后会通知）,边缘词
光源,こうげん,名詞,光的来源,光源が必要だ / 光源を探す / 光源の種類,2,真题,否,そのため、光源の色や明るさが太陽の色とは変わって / 本来、異なる種類の光源(たとえば太陽光と蛍光灯)のもとでは、同じイチゴでも異なる色の見え方,①发光的物体（例：光源を探す｜寻找光源）,边缘词
灯,あかり,接尾辞,照明器具,灯を点ける / 灯が消える / 灯をともす,2,真题,否,太陽や蛍光灯のもとで見た色 / 本来、異なる種類の光源(たとえば太陽光と蛍光灯)のもとでは、同じイチゴでも異なる色の見え方,①照明的设备（例：灯をつける｜打开灯）,边缘词
知覚,ちかく,名詞,感知,知覚が鋭い / 知覚を研ぎ澄ます / 知覚に影響する,2,真题,否,(注)知覚する : 感じ取る / も、その変化した照明のもとで見るイチゴの色を、すでに知っているイチゴの色に近づけて(注)知覚,①感知，感觉（例：知覚が鋭い｜感知敏锐）,边缘词
至言,しげん,名詞,至理名言,至言を残す / 至言を引用する / 至言に従う,2,真题,否,った人がいるが、 まさに (注)至言だろう。 / (注)至言だろう:ここでは、 その通りだろう,①至理名言（例：至言を残す｜留下至理名言）,边缘词
従来,じゅうらい,名詞,以往,従来の方法 / 従来の考え方 / 従来の技術,2,真题,否,従来 (注1)、 旅行業にとって顧客(注2)を喜ばせることは難しくなかった。 / (注1)従来の会議では、一番地位の高い人が自動的に司会 (注2) ないし議長の役もする傾向があ,①以往，过去（例：従来の方法｜以往的方法）,边缘词
ないし,ないし,接続詞,或者,ないしは選択する / ないしの可能性 / ないしの選択肢,2,真题,否,ないし、また経験によって伸びていく可能性も十分あります。 / (注1)従来の会議では、一番地位の高い人が自動的に司会 (注2) ないし議長の役もする傾向があ,①或者（例：AないしB｜A或者B）②和……一样（例：AないしC｜A和C一样）,边缘词
議長,ぎちょう,名詞,会议主席,議長が発言する / 議長に任命される / 議長の意見,2,真题,否,他の出席者にも議長役を経験させるために、自分ではしない方がよい。 / (注1)従来の会議では、一番地位の高い人が自動的に司会 (注2) ないし議長の役もする傾向があ,①会议主席（例：議長が発言した｜主席发言）,边缘词
本音,ほんね,名詞,真实想法,本音を話す / 本音が出る / 本音を隠す,2,真题,否,(注3)本音: 本当に思っていること / ることもあれば、 (注3) 本音を言えずにただそこに座って居るだけで、 (注4)かつ不満を心の中にし,①真实想法（例：本音を話す｜说出真实想法）②真心话（例：本音を言う｜说真心话）,边缘词
成否,せいひ,名詞,成败,成否が分かる / 成否を問う / 成否に関わる,2,真题,否,(注5)成否: うまくいくかいかないか / 会議の(注5)成否を決める(注6)決定的な要因の一つである。,①成功与否（例：成否が問われる｜问成功与否）,边缘词
画期,かっき,名詞,划时代,画期的な発明 / 画期を迎える / 画期の出来事,2,真题,否,この年、 ある (注1)画期的な板ガラス製造法 / (注1)画期的 : 今までと大きく異なる、新しい (注2)ゆがみのない: ここでは、凸凹のない,①划时代（例：画期的な発明｜划时代的发明）,边缘词
後戻り,あともどり,名詞,回头,後戻りする / 後戻りを防ぐ / 後戻りの理由,2,真题,否,けでなく① 後戻りをしてしまった点もある。 / ①後戻りをしてしまった点とあるが、 それはどんな点か。,①回头（例：後戻りできない｜无法回头）②退步（例：後戻りする｜出现退步）,边缘词
ごろごろ,ごろごろ,副詞,咕噜声,ごろごろと音がする / ごろごろする / ごろごろ転がる,2,真题,否,道具がごろごろ出てきて、あらためてものの多さにびっくりした。 / い道具がごろごろ出てきて、あらためてものの多さにびっくりした。,①咕噜声（例：ごろごろ鳴る｜咕噜声响）②闲逛（例：家でごろごろする｜在家闲逛）,边缘词
逆算,ぎゃくさん,名詞,逆向计算,逆算して計算する / 逆算の方法 / 逆算が必要だ,2,真题,否,うと人生を逆算してみて、この物量はムダだなァと引っ越しのトラックの助手席で考えた。 / 生きられるだろうと人生を逆算してみて、 ① この物量はムダだなあと引っ越しのトラックの助手席で考,①倒推（例：逆算して考える｜倒推思考）,边缘词
物量,ぶつりょう,名詞,物品数量,物量が増える / 物量を管理する / 物量の変化,2,真题,否,うと人生を逆算してみて、この物量はムダだなァと引っ越しのトラックの助手席で考えた。 / 生きられるだろうと人生を逆算してみて、 ① この物量はムダだなあと引っ越しのトラックの助手席で考,①物资数量（例：物量が増える｜物资数量增加）,边缘词
トラック,とらっく,名詞,卡车,トラックが到着する / トラックで運ぶ / トラックの運転手,2,真题,否,うと人生を逆算してみて、この物量はムダだなァと引っ越しのトラックの助手席で考えた。 / 生きられるだろうと人生を逆算してみて、 ① この物量はムダだなあと引っ越しのトラックの助手席で考,①卡车（例：トラックが来た｜卡车来了）②运输车（例：トラックで運ぶ｜用卡车运输）,边缘词
助手,じょしゅ,名詞,助理,助手が手伝う / 助手に任せる / 助手の役割,2,真题,否,うと人生を逆算してみて、この物量はムダだなァと引っ越しのトラックの助手席で考えた。 / 生きられるだろうと人生を逆算してみて、 ① この物量はムダだなあと引っ越しのトラックの助手席で考,①助手，帮手（彼は私の助手です｜他是我的助手）②助理，辅助人员（助手が必要です｜需要助理）,边缘词
ぽつん,ぽつん,副詞,孤零零,ぽつんと立っている / ぽつんと座る / ぽつんと見える,2,真题,否,人はぽつんと生まれて、ぷつんと消えていく。,①孤零零，独自一人（ぽつんと立っている｜孤零零地站着）②孤单，寂寞（ぽつんと座っている｜孤单地坐着）,边缘词
ぷつん,ぷつん,副詞,啪嗒声,ぷつんと切れる / ぷつんと音がする / ぷつんと止まる,2,真题,否,人はぽつんと生まれて、ぷつんと消えていく。,①断裂，断开（糸がぷつんと切れた｜线断了）②突然停止（音がぷつんと止まった｜声音突然停止）,边缘词
力む,りきむ,動詞,用力,力むことが多い / 力む必要がある / 力む姿勢,2,真题,否,地、道具にしても、いくら自分の所有だと力んでみても、死んでしまえばもっていけない。 / 土地、道具にしても、いくら自分の所有だと力んでみても、死んでしまえばもっていけない。,①用力，努力（力んで持ち上げる｜用力举起）②紧张，绷紧（力んでいる顔｜脸部紧绷）,边缘词
諸物,しょぶつ,名詞,各种物品,諸物を整理する / 諸物が散乱する / 諸物の管理,2,真题,否,空気や水と同じように、土地も家も道具も、あらゆる諸物は世の中から預かって、生きている間だけ借,①各种物品（諸物を整理する｜整理各种物品）②众多事物（諸物が散らかっている｜东西乱七八糟）,边缘词
借,かり,名詞,借用,借を返す / 借をする / 借がある,2,真题,否,空気や水と同じように、土地も家も道具も、あらゆる諸物は世の中から預かって、生きている間だけ借,①借款，借用（お金を借りる｜借钱）②借东西（本を借りる｜借书）,边缘词
滞在,たいざい,名詞,停留,滞在を延ばす / 滞在中に / 滞在の理由,2,真题,否,移動にかかる時間が短くなった分、 目的地にゆっくり滞在 / Aは滞在中の発見を重視し、Bは日常から離れられる場所を選ぶことを重視している。,①停留，逗留（東京に滞在する｜在东京逗留）②居住，暂住（海外に滞在中｜暂住海外）,边缘词
たえる,たえる,動詞,忍耐,たえることができる / たえる必要がある / たえる力,2,真题,否,社会はたえず変化している。 / もともと能力とか適性というのは、とてもつかみどころのないものであり、 また経験によりたえず引,①忍耐，承受（苦しみをたえる｜忍受痛苦）②耐久，持续（耐えられない｜无法忍耐）,边缘词
覚悟,かくご,名詞,觉悟,覚悟を決める / 覚悟が必要だ / 覚悟を持つ,2,真题,否,ている人はそれに出会うまでは多少の回り道を覚悟すべきだと思います。 / ないと嘆いたり、今の仕事が向いてないと言いつつ転職への覚悟ができない人が、 自分には能力がない,①觉悟，准备（覚悟を決める｜下定决心）②决心，决意（覚悟が必要だ｜需要决心）,边缘词
自嘲,じちょう,名詞,自我嘲讽,自嘲することがある / 自嘲の言葉 / 自嘲的な態度,2,真题,否,(注1)自嘲: 自分をつまらない、 だめな人間だと思うこと / からどんな仕事に替わってもどうせダメなんだと (注1) 自嘲気味に言ったりするのをよく耳にします。,①自我嘲讽，自我调侃（自嘲することがある｜有时自嘲）②自我讽刺（自嘲的な笑い｜自嘲的笑声）,边缘词
弁解,べんかい,名詞,辩解,弁解をする / 弁解がましい / 弁解の余地,2,真题,否,対する(注2)弁解だったりするのです。 / い込みにすぎないのではないか、意欲や行動力の乏しさに対する弁解にすぎないのではないか、と自ら,①辩解（彼は弁解した｜他辩解了）②解释（理由を弁解する｜解释理由）,边缘词
萎縮,いしゅく,名詞,萎缩,萎縮が進む / 萎縮を防ぐ / 萎縮の原因,2,真题,否,(注3)萎縮している : 自信をなくして消極的になっている / 自分は能力がない、適性がない、自分には無理だなどと(注3) 萎縮している人は、それは勝手な思,①萎缩（筋肉が萎縮する｜肌肉萎缩）②衰退（経済が萎縮する｜经济衰退）,边缘词
込み,こみ,名詞,包含,込みで計算する / 込みの価格 / 込みの内容,2,真题,否,込みにあたって、 注意しなければならないこととして合っているのはどれか。 / い込みにすぎないのではないか、意欲や行動力の乏しさに対する弁解にすぎないのではないか、と自ら,①包含（料金込み｜费用包含）②混杂（人込み｜人群）,边缘词
入れ替える,いれかえる,動詞,替换,入れ替えることができる / 入れ替える必要がある / 入れ替える方法,2,真题,否,入れ替えることで突然高まるということは十分ありえることです。 / 能力や適性というのは、昨日までなかったのに、気持ちを入れ替えた,①替换（部品を入れ替える｜替换部件）②调换（順番を入れ替える｜调换顺序）,边缘词
不遇,ふぐう,名詞,不幸,不遇な時期 / 不遇を嘆く / 不遇の経験,2,真题,否,(注5)不遇な:恵まれない / (注4)ゆえに、 自分自身の (注5)不遇な職場生活や充実感の乏しい仕事内容の原因が、能力や適,①不遇（彼は不遇な時代を過ごした｜经历不幸）②遭遇不幸（不遇な境遇｜不幸的境遇）,边缘词
弱,じゃく,名詞,弱小,弱が目立つ / 弱を克服する / 弱の特徴,2,真题,否,温度設定が「弱」 / にしてください。,①弱（彼は弱い｜他很弱）②脆弱（弱い部分｜脆弱的部分）,边缘词
外側,そとがわ,名詞,外部,外側が見える / 外側に出る / 外側のデザイン,2,真题,否,外側に折り、 ボタンで留める / 冷蔵庫は、内部の熱を外側に出すこと,①外侧（外側から見る｜从外侧看）②外部（外側の世界｜外部世界）,边缘词
水平,すいへい,名詞,水平,水平を保つ / 水平が重要だ / 水平にする,2,真题,否,冷蔵庫が水平に設置されている / 冷蔵庫が水平に設置されていますか?,①水平（水平線｜水平线）②平坦（地面が水平｜地面平坦）,边缘词
庫内,こない,名詞,库房内,庫内を整理する / 庫内の温度 / 庫内に保管する,2,真题,否,スチックのにおいは庫内が冷え / 庫内の温度が高くなって、 再び冷やし始 冷えるまでお待ちください。,①库内（庫内の温度｜库内温度）②仓库内部（庫内の管理｜仓库管理）,边缘词
コード,こーど,名詞,代码,コードを接続する / コードが切れる / コードの種類,2,真题,否,電源コードが異常に熱くなる。 / 電源コードに深いきずや変形がある。,①代码（プログラムのコード｜程序代码）②电缆（電源コード｜电源线）,边缘词
変形,へんけい,名詞,变形,変形することがある / 変形を防ぐ / 変形の原因,2,真题,否,電源コードに深いきずや変形がある。 / に埋め込み、 車の重さで道路をわずかに変形させて雪や氷を砕く。,①形状改变（例：形が変わった｜形状改变）②变形物体（例：変形した金属｜变形的金属）,边缘词
振動,しんどう,名詞,振动,振動が伝わる / 振動を感じる / 振動の強さ,2,真题,否,冷蔵庫が激しく振動することがある。 / ・何かが焦げるようなにおいがしたり、運転中に急に激しい振動がある。,①震动现象（例：地震の振動｜地震的震动）②声波振动（例：音の振動｜声音的振动）,边缘词
認,にん,接尾辞,承认,認を得る / 認を求める / 認を受ける,2,真题,否,認する必要がないことはどれか。 / の心に一致した行動を取るか、行動の方を自分がしたいからそうしているのだと認 (みと)めることです。,①承认、认可（例：認められた｜被认可）②意识到、理解（例：認識した｜意识到）,边缘词
模範,もはん,名詞,榜样,模範となる / 模範を示す / 模範的な行動,2,真题,否,教師は生徒の模範となるような行動をとるべきだ。 / 前田さんは子供たちに正しい泳ぎ方の模範を示した。,①榜样、典范（例：模範的な行動｜模范行为）②示范、样本（例：模範を示す｜示范）,边缘词
マンション,まんしょん,名詞,公寓,マンションに住む / マンションを購入する / マンションの管理,2,真题,否,マンションの入り口に、水道工事のお知らせが掲示されていた。 / 私のうちは、周りを高層マンションに覆われていて、日当たりが悪い。,①公寓、住宅（例：新しいマンション｜新公寓）②高层建筑（例：マンションに住む｜住在高楼）,边缘词
半減,はんげん,名詞,减半,半減することがある / 半減の影響 / 半減を防ぐ,2,真题,否,この50年で米の消費量が半減したわけだ。 / では、どのような事情で米の消費量が半減したのか。,①减少一半（例：半減した人数｜人数减少一半）②减半、降低（例：半減する費用｜费用减半）,边缘词
乳製,にゅうせい,名詞,乳制品,乳製品を摂取する / 乳製品が豊富だ / 乳製品の種類,2,真题,否,しており、肉や乳製品の消化が苦手だという。 / また、 1960年から2010年の50年で、肉の消費量は約5倍に、 乳製品は約4倍に増えた。,①乳制品（例：乳製品を食べる｜吃乳制品）②以乳为原料（例：乳製の食品｜乳制食品）,边缘词
汽笛,きてき,名詞,汽笛声,汽笛が鳴る / 汽笛を聞く / 汽笛の音,2,真题,否,(注)汽笛:船が港を出る時などに出す合図の音 / 物まねのじょうずな人が小鳥の鳴き声や (注) 汽笛や飛行機の飛ぶ音などをまねてみせると、 人は感,①汽笛声响（例：汽笛が鳴る｜汽笛响）②火车汽笛（例：汽笛の音｜火车汽笛声）,边缘词
港,みなと,名詞,港口,港に到着する / 港を出発する / 港の風景,2,真题,否,(注)汽笛:船が港を出る時などに出す合図の音 / 緑浜海水浴場、 白波海水浴場、 みなと海浜公園,①港口、海港（例：港に着く｜到达港口）②商业港口（例：貿易港｜贸易港）,边缘词
事柄,ことがら,名詞,事情,事柄を整理する / 事柄が重要だ / 事柄に関する,2,真题,否,会議で検討する事柄を確認することと、11日10時までにシューズ改良案を出すこと / 事柄にもよるが、一般に、飽きる人間の方が下等で、飽きない人間の方が上等と思われている。,①事情、事项（例：重要な事柄｜重要事项）②情况、问题（例：事柄を考える｜考虑问题）,边缘词
引き合い,ひきあい,名詞,引用,引き合いに出す / 引き合いを受ける / 引き合いの例,2,真题,否,(注1)引き合いに出す : 例にする / 器と言えばよく (注1) 引き合いに出されるのが食器,①询价（例：引き合いを出す｜询价）②参考（例：引き合いに出す｜作为参考）,边缘词
汁椀,しるわん,名詞,汤碗,汁椀を使う / 汁椀が必要だ / 汁椀の種類,2,真题,否,うどんにはどんぶり、味噌汁には汁椀、ステーキには皿というように食べ物に合った器が必要 / であり、汁碗に入ったステーキがナイフで切れないように器によって中身が (注2) 制約される。,①汤碗（例：汁椀で食べる｜用汤碗吃）,边缘词
歪める,ゆがめる,動詞,扭曲,歪めることがある / 歪める原因 / 歪める力,2,真题,否,(注3) 歪められる ここでは、変えられてしまう / あり、逆に、住まいによっては住み手の生活が (注3) 歪められることもある。,①扭曲（例：形を歪める｜扭曲形状）②歪斜（例：真実を歪める｜扭曲真相）,边缘词
裏面,りめん,名詞,背面,裏面を確認する / 裏面が見える / 裏面のデザイン,2,真题,否,商品の詳細・ご注文方法につきましては、裏面をご覧ください。 / の企業の広告をコピー用紙の裏面に印刷し、 大学に設置した無料コピー機にセットする。,①背面（例：裏面を見る｜看背面）②反面（例：裏面の情報｜反面信息）,边缘词
絞り込める,しぼりこめる,動詞,筛选,絞り込める選択肢 / 絞り込める方法 / 絞り込める条件,2,真题,否,それも短い的確な言葉に絞り込まなければなりません。 / 対象を大学生に絞り込めるので、 効果的に広告を出せる。,①筛选（例：条件を絞り込める｜筛选条件）②缩小（例：範囲を絞り込める｜缩小范围）,边缘词
暗記,あんき,名詞,记忆,暗記が必要だ / 暗記をする / 暗記の方法,2,真题,否,その結果、 計算や暗記などの作業効率は、午前10時と / 読み聞かせの場合も、本文をほとんど暗記するほどに読みこむことが必要とさ,①记忆（例：暗記する｜记忆）,边缘词
絶,ぜっ,接頭辞,断绝,絶対に必要だ / 絶えず続く / 絶え間ない努力,2,真题,否,(注6)絶好調の:非常に調子が良い / 絶好調の時間帯に2倍の (注7) ノルマを課し、 それ以外は軽く流す。,①绝对（例：絶対的な存在｜绝对存在）②断绝（例：絶つこと｜断绝）,边缘词
攻め,せめる,名詞,进攻,攻めを受ける / 攻めに出る / 攻めが強い,2,真题,否,“攻めの姿勢”とは何か。 / 作り出す“攻めの姿勢” が求められるのです。,①攻击（例：攻める戦略｜攻击策略）②进攻（例：攻めの姿勢｜进攻姿态）,边缘词
定まる,さだまる,動詞,确定,定まることがある / 定まるまで / 定まるために,2,真题,否,個性の意味についての解釈が定まっていない点 / .個性の意味についての解釈が定まっていない点。,①确定（例：決定が定まる｜决定确定）②稳定（例：状況が定まる｜情况稳定）,边缘词
自主,じしゅ,名詞,自主,自主を持つ / 自主に生きる / 自主が大切,2,真题,否,子どもの自主性を尊重し、自身で新しい興味や関心を見つけ出すのを待つべきだ。 / . 子供の自主性を尊重し、自身で新しい興味や関心を見つけ出すのを持つべきだ。,①自主性（例：自主的に行動する｜自主行动）②独立（例：自主の精神｜独立精神）,边缘词
科,か,名詞,学科,科を選ぶ / 科が多い / 科に所属する,2,真题,否,小児科の医師が不足している問題 / 科など、さまざまな(注1)ジャンル、要するに別角度からの(注2)アプローチを経て、この三つの,①学科（彼は医学科です｜他是医学科的）②科目（数学の科目が好きです｜喜欢数学科目）,边缘词
経る,へる,動詞,经历,経る時間 / 経る経験 / 経る過程,2,真题,否,(注2)アプローチを経て : アプローチによって / 科など、さまざまな(注1)ジャンル、要するに別角度からの(注2)アプローチを経て、この三つの,①经过（時間が経ると変わる｜时间变化）②经历（多くの経験を経る｜经历很多）,边缘词
断然,だんぜん,副詞,坚决,断然に決める / 断然に反対する / 断然に支持する,2,真题,否,は(注4)断然と輝き始めます。 / (注4)断然と:ここでは、必ず,①坚决（彼は断然反対です｜他坚决反对）②明显（断然良い結果｜明显好结果）,边缘词
飛躍,ひやく,名詞,飞跃,飛躍を遂げる / 飛躍が期待される / 飛躍するチャンス,2,真题,否,(注1)飛躍的に: 大幅に / 飛躍的に増え、さらにその選択をする自由度が高まったことではないかと答えます。,①飞跃（飛躍的な進歩｜飞跃进步）②跳跃（大きな飛躍を遂げる｜取得大飞跃）,边缘词
通念,つうねん,名詞,共识,通念がある / 通念に従う / 通念を変える,2,真题,否,(注2)社会通念:広く社会に受け入れられている常識 / 親が決めたレールや、 こうあるべきだという (注2) 社会通念は、 極端に少なくなり、 どんな生き方,①普遍观念（通念として受け入れられている｜普遍观念）②共识（社会の通念｜社会共识）,边缘词
あきらめ,あきらめる,名詞,放弃,あきらめをつける / あきらめがつかない / あきらめることができる,2,真题,否,人生に失敗してもあきらめがつくから / 一方、体力があっても根性がない人はあきらめが早い。,①放弃（彼はあきらめた｜他放弃了）②失望（あきらめの気持ち｜失望的心情）,边缘词
著,ちょ,名詞,著作,著がある / 著を出す / 著に書かれている,2,真题,否,そして、ゆっくりと書名と著 / 本歴史研究改編著 「日本歴史事典」,①著作（彼は著名な作家です｜他是著名作家）②显著（著しい成果｜显著成果）,边缘词
書名,しょめい,名詞,书名,書名が決まる / 書名を考える / 書名が重要,2,真题,否,そして、ゆっくりと書名と著 / 書名 日本歴史事典 (全2巻),①书名（この書名は面白い｜这个书名有趣）,边缘词
上回る,うわまわる,動詞,超过,上回る結果 / 上回ることがある / 上回る期待,2,真题,否,選手の体力が上回っていたから,①超过（期待を上回る結果｜结果超过期待）②胜过（昨年を上回る｜胜过去年）,边缘词
塩,しお,名詞,盐,塩を加える / 塩が必要 / 塩で味付けする,2,真题,否,スープの味が薄かったので、塩を補足しました。 / . 昨日作ったスープは塩がたりなかったのか、 とてもだらしない味だった。,①盐（料理に塩を使う｜做菜用盐）②调味料（塩は基本的な調味料｜盐是基本调料）,边缘词
食欲,しょくよく,名詞,食欲,食欲がある / 食欲をそそる / 食欲が減る,2,真题,否,どこからか、おいしそうなにおいがしてきて、 食欲が催促された。 / 強烈な(注)におい、熱い、冷たいなど、 あらゆる手段を使って、食欲を刺激する工夫をしてきたので,①食物的欲望（例：食欲がない｜没有食欲）②对食物的渴望（例：食欲が湧く｜食欲来了）,边缘词
切符,きっぷ,名詞,票,切符を買う / 切符が必要 / 切符を見せる,2,真题,否,A 「まだ切符ってないの? / 乗車したら、 切符にある座席番号を確認して、限定された席に座ってください。,①乘车票（例：切符を買う｜买车票）②入场券（例：映画の切符｜电影票）,边缘词
小回り,こまわり,名詞,灵活,小回りが利く / 小回りが効く / 小回りを利かせる,2,真题,否,は、その点、(注2)小回りがきかない。 / (注2)小回りがきく:状況にすぐに対応できる,①灵活性（例：小回りが利く｜灵活性强）②小范围转弯（例：小回りの効く車｜小范围转弯的车）,边缘词
見極める,みきわめる,動詞,辨别,見極める力 / 見極めることが大切 / 見極めるために,2,真题,否,(注3)見極める : ここでは、十分に観察し、確かめる / から、辞書の編者は、 新しい意味が、日本語の中に、きちんと定着するかどうかを (注3) 見極めて,①看清楚（例：状況を見極める｜看清情况）②判断准确（例：本質を見極める｜判断准确）,边缘词
有力,ゆうりょく,形状詞,有力,有力な候補 / 有力な証拠 / 有力な支持,2,真题,否,表現を使い始めたのはテレビ局だとする説が有力だ。 / 多田庭園は地元有力者多田家の別荘の庭を保存したもので、一般に公開されています。,①有影响力（例：有力な候補｜有影响力的候选人）②有力的（例：有力な証拠｜有力证据）,边缘词
映る,うつる,動詞,映像,映る景色 / 映る影 / 映る光,2,真题,否,少なくとも上司の目にはそう映ります。 / パソコンの画面が映らなくなってしまった。,①映出（例：映る景色｜映出风景）②反射（例：鏡に映る｜在镜子里反射）,边缘词
臨む,のぞむ,動詞,面对,臨む姿勢 / 臨む場面 / 臨む機会,2,真题,否,(注1)面接に臨む: 面接を受ける / まで考えないでしょうが、 (注1) 面接に臨むためには、 自分で自分を的確に語れるようになっていな,①面对（例：海に臨む｜面对大海）②临近（例：試験に臨む｜临近考试）,边缘词
太い,ふとい,形容詞,粗,太い線 / 太い木 / 太い声,2,真题,否,イラストの線の太さを変(か)える / 太い大見出しというのは10文字以下です。,①粗的（例：太い木｜粗的树）②重要的（例：太いパイプ｜重要的管道）,边缘词
探し出す,さがしだす,動詞,寻找,探し出すことができる / 探し出すために / 探し出すのが難しい,2,真题,否,いつも、そんな過去の 「感動の森」 / の中から探し出してくるものなのです。,①找到（例：鍵を探し出す｜找到钥匙）②发掘（例：真実を探し出す｜发掘真相）,边缘词
都度,つど,名詞,每次,都度確認する / 都度報告する / 都度見直す,2,真题,否,(注3)その都度: そのたびに / 膨大な時の流れと経験の数々、 (注3) その都度、(注4)心に去来した(注5) ありとあらゆる思い、,①每次（例：都度確認する｜每次确认）②每当（例：都度報告する｜每当报告）,边缘词
当惑,とうわく,名詞,困惑,当惑を感じる / 当惑することがある / 当惑を解消する,2,真题,否,ただし、 「絵がわからない」 / と (注2) 当惑気味につぶやくのは大人たちだけだ。,①困惑，迷惑（私は当惑しています｜我很困惑）②不知所措（彼は当惑した顔をしている｜他一脸困惑）,边缘词
受け止める,うけとめる,動詞,接受,受け止める姿勢 / 受け止めることが大切 / 受け止める準備,2,真题,否,美術館で子供たちは、それぞれのやり方で作品を受け止める。 / こういうときは、人の話を聞いたり、 批判を受け止める状態ではないので、いくら生産的なメッセ,①接住，接纳（ボールを受け止める｜接住球）②理解，领会（彼の意見を受け止める｜理解他的意见）,边缘词
体外,たいがい,名詞,体外,体外に出す / 体外での実験 / 体外に影響を与える,2,真题,否,合わず、塩分などの体内に吸収されるべき成分を含んだままの汗が体外出てしまうことになる。 / 汗は汗腺によって作られるが、この汗腺は汗を作るだけだはなく、汗を体外に出す働きも持ってい,①体外，体外部（体外に出る｜出体外）,边缘词
多用,たよう,名詞,多用,多用する場面 / 多用される言葉 / 多用に注意する,2,真题,否,そして、通常でも半分しか働いていないのに、冷房を多用するなどして汗を / また、新聞を多用し、 時事的なニュースを使った法教育も効果があります。,①多次使用（この言葉は多用される｜这个词常用）②频繁使用（多用することは良くない｜频繁使用不好）,边缘词
体内,たいない,名詞,体内,体内での反応 / 体内に吸収される / 体内の変化,2,真题,否,勝った喜び、負けた悔しさともに体内に残らない。 / 合わず、塩分などの体内に吸収されるべき成分を含んだままの汗が体外出てしまうことになる。,①体内，体内环境（体内で起こる｜体内发生）,边缘词
誇り,ほこり,名詞,骄傲,誇りを持つ / 誇りに思う / 誇りを感じる,2,真题,否,(注7) 自負する : 自分自身に自信や誇りを持つ / その後も人類の夢はとどまらず、各国は国の誇りをかけて膨大,①自豪，骄傲（彼は誇りを持っている｜他很自豪）②自尊心（誇りを持つことが大切｜拥有自尊心很重要）,边缘词
多額,たがく,名詞,巨额,多額の資金 / 多額の費用 / 多額の損失,2,真题,否,多額の国家予算を使うにもかかわらず / ように多額の費用を使うなら、宇宙開発よりも身近で現実的な問題を解決することの方が優先されなけ,①大额，巨额（多額の借金｜巨额债务）②大量（多額の資金｜大量资金）,边缘词
早急,さっきゅう,形状詞,急迫,早急に対応する / 早急に解決する / 早急に確認する,2,真题,否,現在、世界には環境問題や資源問題など早急に解決しなければならない課題が数多く存在する。 / Aは宇宙開発の成果を急ぐ必要はないと述べ、 B は早急に宇宙開発の成果を出すようにすべきだ,①迅速，紧急（早急に対応する｜迅速应对）②立刻（早急に決める必要がある｜需要立刻决定）,边缘词
明瞭,めいりょう,形状詞,清晰,明瞭に説明する / 明瞭な意見 / 明瞭に伝える,2,真题,否,費用の割に目的も成果も不明瞭だ。 / さ、性質、明瞭性などはしだいに弱まります。,①清晰，明了（明瞭な説明｜清晰的解释）②明确（明瞭な答え｜明确的答案）,边缘词
希薄,きはく,形状詞,稀薄,希薄な関係 / 希薄な感情 / 希薄な証拠,2,真题,否,(注1) 希薄でも: ここでは、低くても / 可能性が(注1) 希薄でも許される 「空想」,①稀薄，稀少（希薄な空気｜稀薄的空气）②薄弱（希薄な関係｜薄弱的关系）,边缘词
確度,かくど,名詞,准确度,確度を高める / 確度が重要 / 確度を測る,2,真题,否,(注2)確度の高い: ここでは、確かな / 可能性が(注1) 希薄でも許される 「空想」,①准确性（測定の確度が高い｜测量准确性高）②精确度（確度を上げる｜提高精确度）,边缘词
幻想,げんそう,名詞,幻想,幻想を抱く / 幻想が広がる / 幻想に浸る,2,真题,否,(注3) 幻想的 : 現実から離れている / 空想は(注3)幻想的な意味での夢見る世界。,①幻想（幻想の世界｜幻想的世界）②幻觉（幻想を抱く｜抱有幻想）,边缘词
組み合わせる,くみあわせる,動詞,组合,組み合わせることができる / 組み合わせる方法 / 組み合わせるアイデア,2,真题,否,(注2)コラボレーションする:ここでは、組み合わせる / このふたつが自分の頭の中で組み合わせられ、出来上がっていくものがぼくにとっ,①组合（材料を組み合わせる｜组合材料）②配合（色を組み合わせる｜配合颜色）,边缘词
突,とっ,接頭辞,突击,突をかける / 突を入れる / 突を狙う,2,真题,否,(注5)突拍子もない: 常識から外れた / ない、(注5)突拍子もないものも含んでいる。,①突发（突然の突｜突然发生）②冲击（突に遭う｜遭遇冲击）,边缘词
拍子,ひょうし,名詞,节奏,拍子を合わせる / 拍子が取れる / 拍子を感じる,2,真题,否,(注5)突拍子もない: 常識から外れた / ない、(注5)突拍子もないものも含んでいる。,①节奏（拍子を取る｜把握节奏）②时机（良い拍子｜好的时机）,边缘词
要旨,ようし,名詞,要点,要旨をまとめる / 要旨が重要 / 要旨を理解する,2,真题,否,小論文は、要旨を含め5000字以内で書かなければならない。 / また、小論文とは別に、 400字程度の要旨を応募用紙に記入してください。,①要点（要旨をまとめる｜总结要点）②主旨（要旨を理解する｜理解主旨）,边缘词
文献,ぶんけん,名詞,文献,文献を調べる / 文献に基づく / 文献が豊富,2,真题,否,ベトナム語の文献を翻訳した文章 / 文字数は4500~5000字で、 参考文献リストは文字数に含めません。,①文献（古い文献｜古老文献）②资料（参考文献｜参考资料）,边缘词
レシート,れしーと,名詞,收据,レシートをもらう / レシートを確認する / レシートを保管する,2,真题,否,女の学生にレシートを渡す / 専用の箱に配達をご希望の商品を入れ、 会員カードとレシートを見せ、配達受付をしてください。,①收据（レシートをもらう｜拿到收据）②发票（レシートを確認する｜确认发票）,边缘词
バレーボール,ばれーぼーる,名詞,排球,バレーボールをする / バレーボールが好き / バレーボールの試合,2,真题,否,バレーボール大会に参加すること / そのほかにも、食堂、シャワー、公衆電話等の施設や設備を表すマークや、水泳、 バレーボール等の,①排球（バレーボールをする｜打排球）②排球运动（バレーボールが好き｜喜欢排球）,边缘词
せつ,せつ,形状詞,节,せつを守る / せつが大切 / せつを考える,2,真题,否,食(しょく)費(ひ)をせつやくしたいから / このパソコンにはプリンターがせつぞくされています。,①节（せつを感じる｜感受到节）②说（せつを語る｜讲述节）,边缘词
勘定,かんじょう,名詞,账单,勘定を済ませる / 勘定が合う / 勘定を確認する,2,真题,否,もうお勘定は済ましました。 / . すみません、お勘定をお願いします。,①结算（お会計をお願いします｜请结算）②估算（値段を勘定する｜估算价格）,边缘词
積み重ねる,つみかさねる,動詞,积累,積み重ねる経験 / 積み重ねることが大切 / 積み重ねる努力,2,真题,否,箱を積み重ねておいたら、重さで一番下の箱が縮んでいた。 / そういうことを積み重ねながら、 最終的には、部下は自分なりの仕事のやり方を,①堆积（本を積み重ねる｜堆积书籍）②积累（経験を積み重ねる｜积累经验）,边缘词
貸す,かす,動詞,借出,貸すことができる / 貸すために / 貸す条件,2,真题,否,妹「お姉ちゃん、 パソコン貸して。 / はき物などもセットでお貸しします。,①借出（本を貸す｜借出书籍）②出租（部屋を貸す｜出租房间）,边缘词
そろそろ,そろそろ,副詞,快要,そろそろ出発する / そろそろ始める / そろそろ終わる,2,真题,否,A「じゃあ、そろそろ帰るね。 / . このバナナは甘い香りがするので、そろそろ食べ ( ですよ。,①快要（そろそろ出発する｜快要出发）②渐渐（そろそろ寒くなる｜渐渐变冷）,边缘词
交際,こうさい,名詞,交往,交際を続ける / 交際が始まる / 交際を深める,2,真题,否,(畑正憲『ムツゴロウの動物交際術』による) / 交際、付き合い、コミュニケーション、愛、 会話─どのような呼び方をしてもいいけれども、,①交往（彼と交際している｜和他交往）②交际（友人との交際｜与朋友交际）,边缘词
別紙,べっし,名詞,附纸,別紙を添付する / 別紙に記載する / 別紙を確認する,2,真题,否,つきましては、別紙のアンケートにお答えいただ / 曜日、時間については、 別紙をご確認ください。,①附加文件（別紙をご覧ください｜请看附加文件）②附录（別紙に記載｜附录中记载）,边缘词
送信,そうしん,名詞,发送,送信する準備 / 送信が完了する / 送信を確認する,2,真题,否,下記のメールアドレスに送信してください。 / 送信日時 : 2014年6月13日 11:28,①发送（メールを送信する｜发送邮件）②传送（データを送信する｜传送数据）,边缘词
了解,りょうかい,名詞,理解,了解を得る / 了解が必要 / 了解を示す,2,真题,否,(注3)民主的に:ここでは、了解し合って / 支払いの遅れは内田様に了解してもらっている。,①理解（内容を了解する｜理解内容）②确认（ご了解いただけますか｜可以确认吗）,边缘词
えてして,えてして,副詞,往往,えてして起こる / えてして難しい / えてして忘れがち,2,真题,否,(注2): えてして~収める : ここでは、収める傾向がある / 高学歴の者が(注2) えてして優秀な成績を収めるのは、その人の能力が高いと言うよりも、 その成,①往往（えてして失敗する｜往往会失败）②常常（えてしてそうなる｜常常这样）,边缘词
裏打ち,うらうち,名詞,支持,裏打ちが必要 / 裏打ちをする / 裏打ちを得る,2,真题,否,(注3): 裏打ちされている: 裏づけられている / の自信は、 過去の成功体験に (注3) 裏打ちされている。,①支持（データの裏打ち｜数据支持）②证实（証拠の裏打ち｜证据支持）,边缘词
辛,しん,名詞,辛辣,辛を加える / 辛が好き / 辛を感じる,2,真题,否,(辛淑玉『怒りの方法』 による) / とか部長に昇(しょう)進 (しん) (注4)する。,①辛辣（この料理は辛いです｜这道菜很辣）②艰辛（辛い経験をした｜经历了艰辛）,边缘词
あとあと,あとあと,名詞,以后,あとあと考える / あとあと気づく / あとあと振り返る,2,真题,否,のは、あとあとまで、ずうっと覚えているものです。 / というのは、あとあとまで、 ずうっと覚えているものです。,①后来（あとあと考えると｜事后想想）②事后（あとあと気づいた｜事后才意识到）,边缘词
旺盛,おうせい,形状詞,旺盛,旺盛な食欲 / 旺盛な活動 / 旺盛なエネルギー,2,真题,否,(注4)好奇心旺盛な : いろいろなことに興味を持つ / 私はというと、(注3) 物心ついたときから (注4)好奇心旺盛な子どもであった。,①旺盛（食欲が旺盛だ｜食欲旺盛）②活跃（活動的な時期｜活跃的时期）,边缘词
ばらばら,ばらばら,形状詞,分散,ばらばらになる / ばらばらにする / ばらばらな意見,2,真题,否,最近では、家族がばらばらに食事する傾向がある / そう思ってばらばらに分解しては、元に戻せなくて泣いていたもの,①分散（みんなばらばらに行った｜大家分散去）②不一致（意見がばらばらだ｜意见不一致）,边缘词
渦巻く,うずまく,動詞,旋转,渦巻く風 / 渦巻く思い / 渦巻く感情,2,真题,否,感情が心に渦巻いてしまうだけだからである。 / (注6) 感情が心に渦巻く : ここでは、感情で心が乱れる,①旋转（水が渦巻いている｜水在旋转）②盘旋（雲が渦巻いている｜云在盘旋）,边缘词
淡白,たんぱく,名詞,淡薄,淡白な味 / 淡白な性格 / 淡白に感じる,2,真题,否,とも書く / (注2)淡白: 「淡泊」,①清淡（味が淡白だ｜味道清淡）②简单（淡白な内容｜内容简单）,边缘词
減衰,げんすい,名詞,衰减,減衰が見られる / 減衰を防ぐ / 減衰することがある,2,真题,否,(注3)減衰する : ここでは、 少しずつ弱くなっていく / 初めは鮮明な感覚であっても数分もしないうちに (注3) 減衰してしまいます。,①衰减（信号が減衰する｜信号减弱）②减弱（力が減衰する｜力量减弱）,边缘词
ベース,べーす,名詞,基础,ベースを築く / ベースにする / ベースがある,2,真题,否,るかどうかは、 スピードとか記録とかの前にベース (注5) となる最低限の保証だ。 / 変わった珍しいコトやモノを手に入れても、日常生活が(注5)ベースになっていたのでは「変,①基础（この曲のベースが好き｜喜欢这首歌的基础）②底座（ベースを作る｜制作底座）,边缘词
同一,どういつ,形状詞,相同,同一のもの / 同一に扱う / 同一の状態,2,真题,否,一方で、 平坦 (注3) なところから、即ち同一の / 同一の刺激を受けていると、その刺激を感じにくくなること,①相同（同一の問題｜相同的问题）②一致（同一の意見｜意见一致）,边缘词
強弱,きょうじゃく,名詞,强弱,強弱がある / 強弱をつける / 強弱を示す,2,真题,否,強弱の違う刺激を受けていると、その違いを感じなくなること / 著者の思いが伝わるように、声の強弱をつけて読む練習をする。,①强弱（強弱をつける｜加上强弱）②强度（音の強弱｜声音的强度）,边缘词
校長,こうちょう,名詞,校长,校長が決定する / 校長に相談する / 校長の指導,2,真题,否,校長先生の前ではこのようにしていなさ / に講演に行ったとき、 小学校の校長先生からうかがった。,①校长（学校の長｜学校的校长）,边缘词
買い求める,かいもとめる,動詞,购买,買い求めること / 買い求めるために / 買い求める人,2,真题,否,たおかげで価格が下がり、消費者も買い求めやすくなっている。 / スーパー森下の会員 (一般会員、 シニア会員) のお客様が、 スーパー森下でお買い求めになった常温の,①购买（商品を買う｜购买商品）,边缘词
送,送,名詞,送,送を行う / 送が必要 / 送を受ける,2,真题,否,私もロボットを利用することによって得られた時間を家族と一緒に楽しみ、 充実した生活を送 / 高さの合計が90cm で重さが 13kgのスーツケースを、配送会社の営業所に持っていって通常配送で送,①发送（物を送る｜发送物品）,边缘词
ふれ合い,ふれあい,名詞,接触,ふれ合いを大切にする / ふれ合いがある / ふれ合いを楽しむ,2,真题,否,こういったロボットとの触れ合によって、精神的安定やコ / Aは心のふれ合いを感じさせてくれるロボットだと述べ、Bは家事を助けてくれるロボット,①接触（人とふれ合う｜与人接触）②交流（心のふれ合い｜心灵交流）,边缘词
手順,てじゅん,名詞,步骤,手順を確認する / 手順に従う / 手順を説明する,2,真题,否,(注2)手順: ここでは、試合の進み方 / さえ見つかれば、いつか対戦したそのとき手順 (注2)をスラスラと思い出すことができる。,①步骤（作業の手順｜作业步骤）,边缘词
歩み,あゆみ,名詞,步伐,歩みを進める / 歩みが遅い / 歩みを止める,2,真题,否,(注3)歩みを刻む:ここでは、一歩を確実に進める / 必要なのは、前に進んでいくこと、そのための歩みを刻んで (注3) いくことだ。,①步伐（歩みを進める｜迈出步伐）②进展（歩みを見せる｜展现进展）,边缘词
角,かく,名詞,角,角がある / 角を曲がる / 角を取る,2,真题,否,と考えるのではなく、すぐそこの、あの角 / それには、「長い距離をずっと走り続けねばならない」,①角落（道の角｜路口）②角度（角を測る｜测角）,边缘词
駆け抜ける,かけぬける,動詞,奔跑,駆け抜けること / 駆け抜ける姿 / 駆け抜ける音,2,真题,否,他の誰かが隣を駆け抜けて / 飛び出した 2 行き過ぎた 3 盛り上がった 4 駆け抜けた,①奔跑（道を駆け抜ける｜在路上奔跑）,边缘词
通話,つうわ,名詞,通话,通話がある / 通話をする / 通話を受ける,2,真题,否,通話ができれば十分なんだけど。 / 電話 0121-333-444 (通話料無料),①通话（電話の通話｜电话通话）,边缘词
現金,げんきん,名詞,现金,現金で支払う / 現金が必要 / 現金を持つ,2,真题,否,クレジットカード / 現金振り込み (手数料無料),①现金（現金で支払う｜用现金支付）,边缘词
引換,ひきかえ,名詞,兑换,引換を行う / 引換が必要 / 引換を受ける,2,真题,否,クレジットカード / 現金振り込み (手数料無料),①兑换（チケットを引換えます｜兑换票）②交换（商品を引換えます｜交换商品）,边缘词
直後,ちょくご,名詞,刚后,直後に行動する / 直後の反応 / 直後に確認する,2,真题,否,連絡は、商品を返送する前か返送直後にする。 / 大事な試合を落とした直後は選手も興奮、落胆 (注4) などさまざまな感情が入り交じっていて、生,①紧接着（事件の直後です｜事件发生后）②刚刚（到着の直後です｜刚到达）,边缘词
工業,こうぎょう,名詞,工业,工業が発展する / 工業に従事する / 工業の技術,2,真题,否,みどり工業の人と会議をする / そして、その生産(農業生産や工業生産の拡大によって、 自然界の限界を乗,①工业（日本の工業が発展した｜日本工业发展）,边缘词
持ち運び,もちはこび,名詞,携带,持ち運びが便利 / 持ち運びをする / 持ち運び用の,2,真题,否,持ち運びしやすいパソコン / .飲み物が売れる理由には、 持ち運びしやすいかどうかも関係すること。,①携带（持ち運びが便利です｜方便携带）②搬运（持ち運びが大変です｜搬运很麻烦）,边缘词
同級,どうきゅう,名詞,同级,同級の友達 / 同級にいる / 同級生と,2,真题,否,昨夜、高校の同級生の集まりがあり、10年振りに会見を楽しんだ。 / この写真を見ると、いつも学生時代のことを思いついて、同級生に会いたくなる。,①同班（彼は同級生です｜他是同班同学）②同级（同級の友達です｜同级的朋友）,边缘词
診察,しんさつ,名詞,诊察,診察を受ける / 診察が必要 / 診察を行う,2,真题,否,診察室で医者にしょうじょうを伝えた。 / 診察室で医者からあしたの検査内容について言い訳をしてもらった。,①诊察（医者に診察してもらう｜看医生）,边缘词
行列,ぎょうれつ,名詞,队列,行列ができる / 行列を作る / 行列に並ぶ,2,真题,否,「村山屋」 / いつ行っても長い行列ができているラーメン屋なのに,①队列（行列ができている｜排队）②排队（行列に並ぶ｜在队列中）,边缘词
折れる,おれる,動詞,折断,折れることがある / 折れる音 / 折れる前に,2,真题,否,(青木仁志 『一生折れない自信のつくり方』による) / (北島康介『前に進むチカラー折れない心を作る7つの約束』による),①折断（枝が折れた｜树枝折了）②折叠（紙が折れる｜纸张折了）,边缘词
店内,てんない,名詞,店内,店内で買い物する / 店内が混雑する / 店内の様子,2,真题,否,「洋食レオナール」 / の店内工事の日程が決まったこと。,①店内（店内は混んでいる｜店里很拥挤）,边缘词
まとまる,まとまる,動詞,集中,まとまることが大切 / まとまるまで / まとまるように,2,真题,否,(注1)まとまる : 一つになる / スと数頭のメスよりなる (注1)まとまった小集団を作り、集団のメンバーが離れ離れになって生活する,①聚集（意見がまとまる｜意见聚集）②整理（資料がまとまる｜资料整理）,边缘词
束縛,そくばく,名詞,束缚,束縛を感じる / 束縛から解放される / 束縛を受ける,2,真题,否,(注2)束縛:ここでは、制限 / それに反して、チンパンジー社会では、集団から受ける (注2) 束縛が小さく、,①限制（自由を束縛する｜限制自由）②束缚（心を束縛される｜心灵被束缚）,边缘词
友好,ゆうこう,名詞,友好,友好を深める / 友好な関係 / 友好を築く,2,真题,否,メンバー間の関係が友好的な集団。 / 個体の行動の自由度が大きいので、相互の個体関係を友好的につなぐために、挨拶行動が発達したので,①友好关系（友好な関係｜友好的关系）,边缘词
マーケティング,まーけてぃんぐ,名詞,营销,マーケティングを行う / マーケティング戦略 / マーケティングの手法,2,真题,否,(注3)マーケティング: 市場調査 / これまで大きな企業が機械的に (注3) マーケティングをして提供してきたような 「売れる商品」,①市场营销（マーケティング戦略｜市场营销策略）,边缘词
リアリティー,りありてぃー,名詞,现实,リアリティーがある / リアリティーを追求する / リアリティーを感じる,2,真题,否,(注3)リアリティーを感じない:現実感がない / といっても、10億円を (注2) 手にするなど想像したこともないから、 最初は(注3)リアリティーを感,①现实（リアリティーのある話｜现实的故事）,边缘词
真摯,しんし,形状詞,真诚,真摯に取り組む / 真摯な態度 / 真摯な気持ち,2,真题,否,(注5)真摯な:まじめで一生懸命な / 夢に向かっていくあなたの (注5)真摯,①真诚（真摯な態度｜真诚的态度）,边缘词
まじめ,まじめ,形状詞,认真,まじめに勉強する / まじめな性格 / まじめに取り組む,2,真题,否,(注5)真摯な:まじめで一生懸命な / もちろん、真面目に一本の道をつきつめる (注3)ことも大切だろう。,①认真（まじめな学生｜认真的学生）,边缘词
繰り広げる,くりひろげる,動詞,展开,繰り広げることができる / 繰り広げる場面 / 繰り広げるストーリー,2,真题,否,(注2)繰り広げる: ここでは、次々に使う / どれほど凝った多彩な表現が (注2) 繰り広げられても、 その奥にある内容がつまらなければ、文章全,①展开（物語を繰り広げる｜展开故事）,边缘词
果てし,はてし,名詞,无尽,果てしない旅 / 果てしない夢 / 果てしない空間,2,真题,否,(注5)果てしなく広がる : ここでは、 どこまでも広がる / 自分を取り巻いて(注5) 果てしなく広がる世界のどこをどう切り取るか、 それをどこまでよく見,①无尽（果てしない旅｜无尽的旅程）,边缘词
打つ,うつ,動詞,打,打つことができる / 打つ音 / 打つために,2,真题,否,いい表現であれば、どのような内容でも人の心を打つ。 / 一方、どれほどすぐれた思考内容が頭のなかにあったとしても、それが直接人の心を打つことはでき,①打击（ボールを打つ｜击打球）②击打（心を打つ｜打动心灵）,边缘词
半ば,なかば,名詞,一半,半ばに達する / 半ばで止まる / 半ばの状態,2,真题,否,その意味で、文章表現は半ば発見であり、半ば創造である。,①一半（半ばの道｜半路）②部分（半ばの成功｜部分成功）,边缘词
明,あきら,名詞,明亮,明が差す / 明を感じる / 明を求める,2,真题,否,途中変更することは目標をあきら / (中村明『日本語の美一書くヒント』 による),①明亮（部屋が明るい｜房间明亮）②明白（明らかに分かる｜明显可见）,边缘词
一員,いちいん,名詞,一员,一員として参加する / 一員になる / 一員の役割,2,真题,否,制服を着てしまうと組織の一員となって個人は消える。 / しかし、共に会社の一員であり、上司には部下を育てる義務がある。,①成员（チームの一員｜团队成员）②一部分（団体の一員｜团体的一部分）,边缘词
不順,ふじゅん,名詞,不顺,不順な天候 / 不順を改善する / 不順が続く,2,真题,否,(注1)天候不順に見舞われる: ここでは、悪い天気が続く / また(注1)天候不順などに見舞われたら作物ができないこともある。,①不顺（天候が不順｜天气不顺）②不正常（体調が不順｜身体不适）,边缘词
見舞う,みまう,動詞,探望,見舞うことがある / 見舞うために / 見舞う人,2,真题,否,(注1)天候不順に見舞われる: ここでは、悪い天気が続く / また(注1)天候不順などに見舞われたら作物ができないこともある。,①探望（友達を見舞う｜探望朋友）②遭遇（災害に見舞われる｜遭遇灾害）,边缘词
手元,てもと,名詞,手边,手元に置く / 手元が忙しい / 手元の物,2,真题,否,自分たちの手元にまで届いているのだと実感する。 / れたとしても、 クラシックファンでなくても、手元にネットにつながったパソコンがあれば、 (注4) わ,①手边（手元に置く｜放在手边）②身边（手元にある｜身边有）,边缘词
安価,あんか,形状詞,便宜,安価で購入する / 安価な商品 / 安価に提供する,2,真题,否,産による安価で安定した供給が可能であったためである。 / 一生懸命作ったものに安価な値段がつけられてしまうと、作り手と,①便宜（安価な商品｜便宜的商品）②低价（安価で買える｜可以低价购买）,边缘词
土俵,どひょう,名詞,相扑场,土俵で戦う / 土俵に上がる / 土俵のルール,2,真题,否,(注2)同じ土俵の上で : ここでは、同じ条件で / の中に組み込み、 商品の一つとして (注2) 同じ土俵の上で競わせることが、はたしてほんとうにいいの,①相扑场（土俵で戦う｜在相扑场上战斗）②竞争场所（競技の土俵｜竞争的场所）,边缘词
安値,やすね,名詞,低价,安値で売る / 安値を探す / 安値の理由,2,真题,否,だから、僕がやっている 「青空市場 808」 / では、他店と安値競争をするつもりはまったくない。,①低价（安値で売る｜以低价出售）②便宜（安値で買える｜可以便宜买到）,边缘词
対価,たいか,名詞,对价,対価を支払う / 対価が必要 / 対価を得る,2,真题,否,(注4)~ための対価: ここでは、 〜ために必要なお金 / 生きる (注4)ための対価を支払っていると思えば、 とにかく安ければ,①对价（サービスの対価｜服务的对价）②报酬（労働の対価｜劳动的报酬）,边缘词
青空,あおぞら,名詞,蓝天,青空が広がる / 青空を見上げる / 青空の下で,2,真题,否,だから、僕がやっている 「青空市場 808」 / では、他店と安値競争をするつもりはまったくない。,①蓝天（青空が広がる｜蓝天广阔）②晴天（青空の日｜晴天）,边缘词
農薬,のうやく,名詞,农药,農薬を使う / 農薬が必要 / 農薬の影響,2,真题,否,この農場では、農薬を使わずに野菜を栽培しています / こうすることで、消費者の農薬への理解が深まり、(注7) ひいては消費者の健康な暮らしと命,①农药（作物に使う薬｜作物用药）②农业化学品（農業で使う化学物質｜农业化学品）,边缘词
農,のう,名詞,农业,農が盛んになる / 農に従事する / 農の技術,2,真题,否,農作業は初めての経験だったが、 農業は想像していた以上に知識や / (永島敏行『青空市場で会いましょう一日本の農と食はすばらしい』 による),①农业（農業の発展｜农业发展）②农田（農地の管理｜农田管理）,边缘词
海水,かいすい,名詞,海水,海水が冷たい / 海水を飲む / 海水の成分,2,真题,否,緑浜海水浴場、 白波海水浴場、 みなと海浜公園,①海水（海の水｜海水）②盐水（塩分を含む水｜含盐的水）,边缘词
片付け,かたづけ,名詞,整理,片付けをする / 片付けが必要 / 片付けを手伝う,2,真题,否,講師「片付けが苦手という話をよく聞きますが、それは / 前日と当日の準備、片付けもお手伝いいただく臨時スタッフも同時に募集しています。,①整理（部屋を片付ける｜整理房间）②清理（荷物を片付ける｜清理行李）,边缘词
長袖,ながそで,名詞,长袖,長袖を着る / 長袖のシャツ / 長袖が好き,2,真题,否,■長袖シャツと長ズボンでの参加をお勧めします。 / 長袖シャツと長ズボンを着て、 作業用手袋を持参する。,①长袖（長袖のシャツ｜长袖衬衫）②长袖衣物（長袖の服｜长袖衣服）,边缘词
手袋,てぶくろ,名詞,手套,手袋をはめる / 手袋が必要 / 手袋を脱ぐ,2,真题,否,作業用手袋をお持ちの場合はご持参ください。 / 長袖シャツと長ズボンを着て、 作業用手袋を持参する。,①手套（冬用の手袋｜冬季手套）②保护手套（作業用の手袋｜工作手套）,边缘词
曲がる,まがる,動詞,弯曲,曲がる道 / 曲がることができる / 曲がる音,2,真题,否,交差点を右に曲がると、 行方に黒い高層ビルが見えた。 / この山には、曲がって枯れた木や中断した木がたくさんある。,①弯曲（道が曲がる｜路弯曲）②转弯（車が曲がる｜车转弯）,边缘词
喫茶,きっさ,名詞,咖啡馆,喫茶で過ごす / 喫茶のメニュー / 喫茶に行く,2,真题,否,喫茶店の中は、コーヒーのにおいが充実している / 日曜日の私の行方はいつも決まっていて、近くの喫茶店か図書館だ。,①咖啡馆（喫茶店で休む｜在咖啡馆休息）②饮茶（喫茶を楽しむ｜享受饮茶）,边缘词
沿い,そい,接尾辞,沿着,沿いに歩く / 沿いに住む / 沿いにある,2,真题,否,い布に白い字で「夏祭り」 / と書かれた大きな長方形の旗が道路沿いに一定間隔で何本も立っていたの,①沿着（川沿いを歩く｜沿着河走）②靠近（道沿いにある｜靠近道路）,边缘词
センチ,せんち,名詞,厘米,センチを測る / センチの単位 / センチを変換する,2,真题,否,サイズは縦180センチ、横60センチのものが多い。,①厘米（10センチの長さ｜10厘米长）②分数（センチ単位で測る｜用厘米测量）,边缘词
吹く,ふく,動詞,吹,吹く風 / 吹く音 / 吹くことができる,2,真题,否,強い風が吹いたせいで、庭の木の枝が何本も破れてしまった。 / 部と片方の端に棒が通してあり、風が吹かなくても見えるようになっている。,①吹气（風が吹く｜风在吹）②吹奏（楽器を吹く｜吹奏乐器）,边缘词
見分ける,みわける,動詞,辨别,見分けることができる / 見分けるために / 見分けるポイント,2,真题,否,鳥は日常的に目であたりを観察し、 自身の生活にとって重要なものかどうかを見分け、 / 年ぐらい前にはすでにあり、当時は戦いで自分の軍と敵の軍とを見分けるために使われていたらしい。,①辨别（色を見分ける｜辨别颜色）②区分（違いを見分ける｜区分差异）,边缘词
応用,おうよう,名詞,应用,応用が効く / 応用を考える / 応用の例,2,真题,否,とかいわれる / ないことだけれど、せっかく規則を覚えてそれを応用したつもりなのに、「それは例外」,①应用（技術の応用｜技术应用）②发挥（知識の応用｜知识的发挥）,边缘词
誤用,ごよう,名詞,误用,誤用を避ける / 誤用がある / 誤用を指摘する,2,真题,否,(注)誤用:間違った使い方 / このような誤用(注)をきちんと分析すれば、その成果としてすばらしい教科書ができるはずだ。,①误用（言葉の誤用｜词语的误用）②错误使用（文法の誤用｜语法的错误使用）,边缘词
祭り,まつり,名詞,节日,祭りが開催される / 祭りに参加する / 祭りの準備,2,真题,否,にご来場くださり、 ありがとうござ / 本日は「第7回河上町・花と木の祭り」,①节日（お祭りがある｜有节日）②庆典（地域の祭り｜地方的庆典）,边缘词
押し,おし,名詞,推,押しが強い / 押しをかける / 押しを受ける,2,真题,否,また、 全種類のスタンプを押 / 会場内の8か所のスタンプ台に種類の異なるスタンプが置かれていますので、スタンプカードに押し,①推（ドアを押す｜推门）②压（ボタンを押す｜按按钮）,边缘词
受,じゅ,名詞,接受,受が必要 / 受をする / 受を待つ,2,真题,否,最初のスタンプ台のところでアンケートに協力し、5種類の異なるスタンプを押してから総合受 / は、サークルの代表者が直接センターの受付に持参するようにと書いてありますが、 仕事の都合で、受,①接受（受け取る｜接受）②承受（影響を受ける｜受到影响）,边缘词
平常,へいじょう,名詞,平常,平常を過ごす / 平常に戻る / 平常が続く,2,真题,否,による) / (小池龍之介「平常心のレッスン」,①平时（平常の生活｜平常的生活）②普通（平常のこと｜平常的事）,边缘词
たいがい,たいがい,名詞,大致,たいがいにする / たいがいのこと / たいがいの人,2,真题,否,(注1) たいがい : たいてい / 話す場合には、たいがい (注1)、聞き手がすぐ近くにいて、 そのとき、その場で自分の考えに,①大致（たいがいの人｜大多数人）②通常（たいがいはそう｜通常是这样）,边缘词
メディア,めでぃあ,名詞,媒体,メディアで報道する / メディアに掲載する / メディアを利用する,2,真题,否,(注2)活字メディア: ここでは、活字で書かれたもの / うど本という活字メディア (注2)が、読者にとって自分のペースで考えながら読んでいくことができ,①媒体（情報メディア｜信息媒体）②媒介（メディアの役割｜媒体的角色）,边缘词
話し言葉,はなしことば,名詞,口语,話し言葉で表現する / 話し言葉が使われる / 話し言葉を学ぶ,2,真题,否,「話し言葉」 / のニュアンス (注4)を残,①口语表达（例：話し言葉で話す｜用口语表达）,边缘词
ニュアンス,にゅあんす,名詞,细微差别,ニュアンスが伝わる / ニュアンスを理解する / ニュアンスが違う,2,真题,否,のニュアンス (注4)を残 / (注4) ニュアンス : ここでは、微妙な感じ,①细微差别（例：ニュアンスが大事｜细微的差别很重要）,边缘词
もやもや,もやもや,副詞,模糊,もやもやが晴れる / もやもやする / もやもやを解消する,2,真题,否,(注5) もやもやした : ぼんやりした / そのような意味で、書くという行為は、もやもやした (注5)アイデアに明確なことばを与え,①心情不快（例：もやもやする｜心情不快）②模糊不清（例：もやもやした気持ち｜模糊不清的感觉）,边缘词
売り場,うりば,名詞,卖场,売り場で買う / 売り場に行く / 売り場が混雑する,2,真题,否,販売場所: 各施設のチケット売り場 / 飲み物を買いに飲料売り場に行くと、 商品が多様になっていることに気づく。,①销售区域（例：売り場に行く｜去销售区域）,边缘词
ねらう,ねらう,動詞,瞄准,ねらう対象 / ねらうこと / ねらうタイミング,2,真题,否,あるメーカーが、仕事中に飲んでもらうことをねらって緑茶の新製品を開発した。 / みんなが狙っている方向で、自分もやってみるというのでは、目立つこともないわけである。,①瞄准目标（例：成功をねらう｜瞄准成功）②企图获取（例：賞をねらう｜企图获得奖项）,边缘词
目新しい,めあたらしい,形容詞,新颖,目新しいアイデア / 目新しい商品 / 目新しい技術,2,真题,否,目新しい形や色のペットボトルは、性別を問わず好まれる。 / 歳以上の男性は見慣れた形や色のペットボトルの評価が高いが、同年代の女性は目新しい,①新颖独特（例：目新しいアイデア｜新颖的想法）,边缘词
織り込む,おりこむ,動詞,编织,織り込む技術 / 織り込むデザイン / 織り込む素材,2,真题,否,(注1) 織り込まれる ここでは、入っている / 学生時代の勉強は、いやでも復習がカリキュラムの中に織り込まれている(注1),①编织入内（例：計画に織り込む｜编入计划）②包含在内（例：内容に織り込む｜包含在内容中）,边缘词
報,ほう,名詞,报告,報を受け取る / 報を提出する / 報が届く,2,真题,否,ところが、そのような仕事を部下に与えたとしても、日本の会社では、 「ホウ・レン・ソウ」(報 / をより分けている (注3)のかというと、 同じ情報が繰り返し入ってくるかどうかということであ,①报告消息（例：報を受ける｜收到报告）②通知信息（例：報を伝える｜传达消息）,边缘词
掻き消える,かききえる,動詞,消失,掻き消える音 / 掻き消える記憶 / 掻き消える光,2,真题,否,(注5)掻き消える : なくなる / この結果、いったん覚えたはずの知識が、しばらくすると記憶の中から掻き消えて (注5) しまった,①消失不见（例：音が掻き消える｜声音消失）,边缘词
落ち込む,おちこむ,動詞,沮丧,落ち込む気持ち / 落ち込むこと / 落ち込む時間,2,真题,否,て記憶力が弱くなった」 / とか、「できていたはずなのに」,①情绪低落（例：気分が落ち込む｜心情低落）②陷入困境（例：成績が落ち込む｜成绩下降）,边缘词
老化,ろうか,名詞,衰老,老化が進む / 老化を防ぐ / 老化の影響,2,真题,否,て記憶力が弱くなった」 / とか、「できていたはずなのに」,①衰老（体が老化する｜身体衰老）②变旧（物が老化する｜物品变旧）,边缘词
死守,ししゅ,名詞,坚守,死守する権利 / 死守する場所 / 死守する信念,2,真题,否,(注2)死守する : ここでは、最後まで守る / でも、本当に一つの目標を固く決めつけて死守する (注2) 必要が、 あるのだろうか。,①坚守（城を死守する｜坚守城池）②不放弃（信念を死守する｜不放弃信念）,边缘词
着実,ちゃくじつ,形状詞,稳健,着実に進む / 着実な成果 / 着実な成長,2,真题,否,小さな目標から着実に達成していくこと / そういう仕事を、段階的にレベルを上げながら与えていくことで、部下は着実には仕事力を磨いてい,①稳健（着実に進む｜稳健前进）②可靠（着実な成果｜可靠的成果）,边缘词
馴染む,なじむ,動詞,适应,馴染む環境 / 馴染む時間 / 馴染む人々,2,真题,否,クラスに馴染んできた (注2) なあ、と思ったこ / T男のいいところをみんなに知ってもらい、T男が新しいクラスに馴染むようにすること,①适应（環境に馴染む｜适应环境）②融入（仲間に馴染む｜融入伙伴）,边缘词
コミュニティ,こみゅにてぃー,名詞,社区,コミュニティに参加する / コミュニティを作る / コミュニティが活発になる,2,真题,否,場所: さくら町コミュニティーセンター / (山崎亮『コミュニティデザインの時代』 による),①社区（地域コミュニティ｜地区社区）②群体（オンラインコミュニティ｜在线群体）,边缘词
先着,せんちゃく,名詞,先到,先着順で受け付ける / 先着の人 / 先着の特典,2,真题,否,.受付は先着順のため、できるだけ早く申し込む。 / ご利用日の1か月前から先着順でご予約を受け付けます。,①先到（先着順｜先到先得）②优先（先着特典｜优先特典）,边缘词
空き,あく,名詞,空缺,空きが出る / 空きがある / 空きが見つかる,2,真题,否,土曜クラスに空きがあるか調べる / 空きがある場合のみ、当日のご利用も可能です。,①空缺（部屋の空き｜房间有空缺）②空闲（時間の空き｜时间有空闲）,边缘词
イラスト,いらすと,名詞,插图,イラストを描く / イラストが入る / イラストを使う,2,真题,否,ちらしにイラストを加える / イラストの線の太さを変(か)える,①插图（本のイラスト｜书的插图）②图画（イラストを描く｜画插图）,边缘词
あざやか,あざやか,形状詞,鲜艳,あざやかに表現する / あざやかな色 / あざやかなデザイン,2,真题,否,この絵は空の色がとてもあざやかだ。 / 秋の紅葉は格別で、 山全体に鮮やかな景色が広がります。,①鲜艳（あざやかな色｜鲜艳的颜色）②清晰（あざやかな記憶｜清晰的记忆）,边缘词
テンポ,てんぽ,名詞,节奏,テンポが速い / テンポを変える / テンポが合う,2,真题,否,きちんとテンポを合わせてください。 / 私はこれくらいのテンポの曲が歌いやすいと思う。,①节奏（テンポが良い｜节奏很好）②速度（テンポを上げる｜加快速度）,边缘词
フランス,ふらんす,名詞,法国,フランスに行く / フランスの文化 / フランスの料理,2,真题,否,鈴木氏は、かつてフランスに住んでいた。 / | 山川さんのフランス語のスピーチはと手も偉大だった。,①法国（フランスは美しい国です｜法国是个美丽的国家）,边缘词
通り過ぎる,とおりすぎる,動詞,经过,通り過ぎる人 / 通り過ぎる時間 / 通り過ぎる風景,2,真题,否,前を通り過ぎるおいしそうなすしを見ていると、 どれも食べたくなる。 / を通りすぎようとばかりするが、 自分から喜んで、遊び心をもってやることはよく身につき、蓄積され,①经过，路过（駅を通り過ぎた｜经过车站）,边缘词
体得,たいとく,名詞,掌握,体得する技術 / 体得する方法 / 体得する経験,2,真题,否,(注2) 体得する: 身につける / しかし、自分で体得 (注2) したものは出て,①领悟，掌握（技術を体得する｜掌握技术）,边缘词
飾る,かざる,動詞,装饰,飾る場所 / 飾るアイテム / 飾る方法,2,真题,否,素材を使用し、完成後にインテリアとして飾ることができる。 / が、実は失礼にならないように自分を飾っているだけなのではないか。,①装饰，点缀（部屋を飾る｜装饰房间）,边缘词
組み立て,くみたて,名詞,组装,組み立てが簡単 / 組み立てる部品 / 組み立ての手順,2,真题,否,組み立て式のミニギターは組み立て後に,①组装，构建（家具を組み立てる｜组装家具）,边缘词
原理,げんり,名詞,原理,原理を理解する / 原理に基づく / 原理を説明する,2,真题,否,発展の過程を見ていない彼らは、どういった原理でそれらが機能しているのかを / 科学社会で育っていても、携帯電話などの機器の原理を知らないで使っている。,①原理，原则（物理の原理を学ぶ｜学习物理原理）,边缘词
成り立つ,なりたつ,動詞,成立,成り立つ条件 / 成り立つ仕組み / 成り立つ関係,2,真题,否,.人工物が人間を補助することで社会が成り立っている。 / 電波がどんなもので、 どのような設備によって成り立っているのかを知らない,①成立，构成（この理論は成り立つ｜这个理论成立）,边缘词
悠長,ゆうちょう,形状詞,悠闲,悠長に過ごす / 悠長な態度 / 悠長な時間,2,真题,否,(注3) 悠長な : のんびりした / しかし、 科学の場合は、 そんな悠長な (注3)問題ではない、と思うの,①悠闲，缓慢（悠長に過ごす｜悠闲地度过）,边缘词
肌合い,はだあい,名詞,质感,肌合いが良い / 肌合いを確かめる / 肌合いが合う,2,真题,否,(注2)肌合いがよい: ここでは、自分の感覚に合う / ひとりの作家 (あなたにとって、不思議に肌合いがよく (注2)て楽しめる小説を書く人) の全小説,①质地，触感（布の肌合いが良い｜布的质地很好）,边缘词
描写,びょうしゃ,名詞,描写,描写が豊か / 描写をする / 描写が必要,2,真题,否,(注4)描写する:表現する / 心理を、このように描写する (注4)、 この人の社会観はこうである、なんてこともわかる。,①描写，描述（情景を描写する｜描写场景）,边缘词
作風,さくふう,名詞,风格,作風が変わる / 作風を持つ / 作風が特徴的,2,真题,否,(注5) 作風: 作品に表れた特徴 / と思っていなかったとしても、書くものは自然と、 その作家の作風 (注5)と似たものになり、初心者,①风格（彼の作風は独特だ｜他的风格独特）②作风（この作風は古典的だ｜这个作风古典）,边缘词
熟読,じゅくどく,名詞,熟读,熟読する本 / 熟読の時間 / 熟読が必要,2,真题,否,(注7)熟読する : 意味を考えて、 よく読む / そのための訓練として、 ある作家を(注7) 熟読しているというのは、大変に有効なのである。,①细读（この本を熟読した｜细读这本书）,边缘词
ペンダント,ぺんだんと,名詞,吊坠,ペンダントをつける / ペンダントが輝く / ペンダントを選ぶ,2,真题,否,B ペンダントを作ろう (60分) / ガラス棒を熱して溶かし、ガラス玉のペンダントを作ります。,①吊坠（彼女はペンダントをつけている｜她戴着吊坠）,边缘词
接着,せっちゃく,名詞,粘合,接着剤で接着する / 接着が強い / 接着を確認する,2,真题,否,カラフルなガラスを並べ、 熱で接着します (接着はスタッフが行います)。,①粘接（接着剤で接着する｜用胶水粘接）②连接（部品を接着する｜连接部件）,边缘词
追い越す,おいこす,動詞,超越,追い越す車 / 追い越すこと / 追い越すタイミング,2,真题,否,. 部下が上司を追い越せるようなレベルになるまで育てること / 息子が中学生になって急に身長が発達し、 すぐに私を追い越した。,①超越（車を追い越す｜超越汽车）②赶上（彼を追い越した｜赶上他）,边缘词
赤い,あかい,形容詞,红色,赤い花 / 赤い色 / 赤い服,2,真题,否,. 好きな人に話しかけられて、 ほっと顔が赤くなった。 / 庭に植えたトマトの発達がよく、おいしそうな赤い実がたくさんとれた。,①红色（赤い花が咲いている｜红色的花开了）,边缘词
専攻,せんこう,名詞,专业,専攻を選ぶ / 専攻が決まる / 専攻を学ぶ,2,真题,否,私はロボット工学を専攻しております。 / 大学では言語学を専攻し、漢字のきっかけについて研究している。,①专业（彼は経済を専攻している｜他主修经济）,边缘词
転ぶ,ころぶ,動詞,跌倒,転ぶ危険 / 転ぶこと / 転ぶ瞬間,2,真题,否,転んでしまって、 膝から血が漏れてきた / 雨で道路が滑りやすくなっていたので、順調に転んでしまった。,①摔倒（彼は転んでしまった｜他摔倒了）②跌倒（子供が転ぶ｜孩子跌倒了）,边缘词
実家,じっか,名詞,老家,実家に帰る / 実家が懐かしい / 実家の思い出,2,真题,否,今年の暮れは、 実家で両親と過ごしたい。 / 実家の押し入れを片付けていたら、 祖父母の結婚式の写真が出てきた。,①老家（実家に帰る｜回老家）②父母家（実家は静かだ｜父母家很安静）,边缘词
押し入れ,おしいれ,名詞,壁橱,押し入れを整理する / 押し入れに入れる / 押し入れがある,2,真题,否,実家の押し入れを片付けていたら、 祖父母の結婚式の写真が出てきた。 / [40] 押し入れを片付けていたら、 子供のころに大切にしていたぬいぐるみが出てきた。,①壁橱（押し入れに布団がある｜壁橱里有被子）,边缘词
クリーニング,くりーにんぐ,名詞,清洗,クリーニングに出す / クリーニングが必要 / クリーニングをする,2,真题,否,スーパーもクリーニング屋も私が / 近所のスーパーの隣にはクリーニング屋がある。,①干洗（衣服をクリーニングに出す｜把衣服送去干洗）②清洁（部屋をクリーニングする｜清洁房间）,边缘词
橋,はし,名詞,桥,橋を渡る / 橋が架かる / 橋を作る,2,真题,否,古い道路や橋を整備すべきだ / 橋山大学 在学生へのお知らせ,①桥梁（川に架かる橋｜河上的桥）②连接（人と人を橋でつなぐ｜用桥连接人）,边缘词
一喜,いっき,名詞,一喜,一喜一憂する / 一喜一憂の瞬間 / 一喜一憂の感情,2,真题,否,(注2)一喜一憂する: 喜んだり心配したりする / 他者評価に一喜一憂 (注2)している状態では、本当の意味,①一时高兴（彼は一喜した｜他一时高兴）,边缘词
一憂,いちゆう,名詞,一忧,一憂すること / 一憂の理由 / 一憂の瞬間,2,真题,否,(注2)一喜一憂する: 喜んだり心配したりする / 他者評価に一喜一憂 (注2)している状態では、本当の意味,①一时忧虑（彼女は一憂した｜她一时感到忧虑。）,边缘词
安住,あんじゅう,名詞,安居,安住の地 / 安住を求める / 安住の生活,2,真题,否,(注) 安住する: ここでは、穏やかに過ごす / が順位に従い、犬の順位が下になるように順位を明確にして安住 (注) させます。,①安定生活（安住の地を求める｜寻找安定的生活。）,边缘词
愛する,あいする,動詞,爱,愛する人 / 愛すること / 愛する気持ち,2,真题,否,温厚な伯父は、みんなから愛されている / 愛している気持ちは届くかもしれないが、同時にその幼稚さや、愛の浅さや、性格の悪さまでもが相,①深爱（彼を愛する｜我爱他。）,边缘词
浅い,あさい,形容詞,浅,浅い水 / 浅い理解 / 浅い部分,2,真题,否,睡眠不足を感じるのは、 眠りが浅いことが原因です。 / 愛している気持ちは届くかもしれないが、同時にその幼稚さや、愛の浅さや、性格の悪さまでもが相,①浅薄（浅い知識｜知识很浅薄。）②浅显（浅い理解｜理解很浅显。）,边缘词
とどめる,とどめる,動詞,止住,とどめる力 / とどめること / とどめる瞬間,2,真题,否,(注2)~にとどめる : 〜のままにする / ルにとどめて(注2)くれますし、 当然のことながら、 絵の中に意味をさぐろうとする心の働きを強めて,①阻止（進行をとどめる｜阻止进展。）②保持（記憶をとどめる｜保持记忆。）,边缘词
装飾,そうしょく,名詞,装饰,装飾を施す / 装飾が美しい / 装飾を楽しむ,2,真题,否,(注3)装飾的な : 飾りのような / いわば装飾的な (注3)働きしかしていない場合とが、 実にはっきりしてきま,①装饰（部屋の装飾｜房间的装饰。）②装潢（美しい装飾｜美丽的装潢。）,边缘词
丹念,たんねん,形状詞,细致,丹念に作る / 丹念な仕事 / 丹念な作業,2,真题,否,(注5)丹念に: 細かく注意しながら / また絵だけを丹念に (注5)見ていると、絵のもつ雰囲気も調子も、 文と合わせ見るときより、 よくわ,①细致（丹念に作業する｜细致地工作。）②认真（丹念な仕事｜认真地工作。）,边缘词
しっくり,しっくり,副詞,合适,しっくりくる / しっくりした感覚 / しっくりするもの,2,真题,否,(注6)しっくりいく : よく合う / そして、 それをつかんだあとで文を読むと、 絵と文の関係がしっくりいっている (注,①合适，恰当（この服はしっくりくる｜这件衣服很合适。）②舒适，顺畅（気持ちがしっくりする｜感觉很舒适。）,边缘词
計測,けいそく,名詞,测量,計測する時間 / 計測が必要 / 計測の結果,2,真题,否,海の表面の温度を測る計測器を開発すること / い状態で、それぞれのかかる時間が計測された。,①测量，计量（距離を計測する｜测量距离。）,边缘词
浸す,ひたす,動詞,浸泡,浸す時間 / 浸すこと / 浸す方法,2,真题,否,しわは、ぬるま湯に手を浸すことで発生させた。 / つれて、子どもたちは自分の力を使って役立つ機会を失い、 結果として子どもは<ひたす,①浸泡，浸入（水に浸す｜浸泡在水中。）,边缘词
ぬれる,ぬれる,動詞,湿,ぬれる服 / ぬれること / ぬれる瞬間,2,真题,否,水性絵の具で思ったように色がぬれなかったから / 以上の結果から、実験者は、しわは水中などぬれた環境で物をつかみやすくするためにできるようにな,①湿润，沾湿（服がぬれる｜衣服湿了。）,边缘词
罰則,ばっそく,名詞,处罚,罰則がある / 罰則を受ける / 罰則を設ける,2,真题,否,(注1) 罰則: 違反したときに従わなければならない規則 / いろんな規則や罰則(注1)を作って、 社員をがんじがらめにして(注2)ひたすら働かせるというタイ,①惩罚措施（罰則がある｜有惩罚措施。）,边缘词
物理,ぶつり,名詞,物理,物理を学ぶ / 物理の法則 / 物理が面白い,2,真题,否,社員の物理的な労働力が無駄になるから / と思うのは、たとえそれで社員の労働力を物理的に100パーセント引き出すことができたとしても、そ,①物理学（物理を勉強する｜学习物理。）,边缘词
強制,きょうせい,名詞,强制,強制されること / 強制する法律 / 強制的に行う,2,真题,否,(注4)強制的に:無理やり / 強制的に(注4)仕事をさせるや,①强制，强迫（強制的に行う｜强制进行。）,边缘词
締める,しめる,動詞,收紧,締めるを / 締めるに / 締めるが,2,真题,否,. 部屋のカーテンを閉めて、太陽の光を中断した。 / 一日中、ひたすらネジを締める仕事であっても、 だ。,①收紧，勒紧（ベルトを締める｜收紧皮带。）②结束，闭合（会議を締める｜结束会议。）,边缘词
従業,じゅうぎょう,名詞,工作,従業を / 従業に / 従業が,2,真题,否,ても、従業員はプライドを持って心から会社のために働こうと思う。 / そしてそういう能力を引き出すためには、従業員にとって、そこで働くことが本当の意味で自分のた,①从业，工作（従業員として働く｜作为员工工作。）,边缘词
プライド,ぷらいど,名詞,自尊,プライドを / プライドに / プライドが,2,真题,否,社員に仕事に対してプライドを持つ大切さを教えること / ても、従業員はプライドを持って心から会社のために働こうと思う。,①自尊，自豪（プライドを持つ｜要有自尊。）,边缘词
無理やり,むりやり,副詞,强行,無理やりで / 無理やりに / 無理やりが,2,真题,否,(注4)強制的に:無理やり / 探しているうちに、無理やり時間を確保するよりも、日常生活の中に取り入れたほうが,①强行，硬来（無理やり行った｜强行去的。）②勉强，强迫（無理やり頼んだ｜勉强请求。）,边缘词
引き締まる,ひきしまる,動詞,紧致,引き締まるが / 引き締まるに / 引き締まるで,2,真题,否,(注) 引き締まる : しっかりする / スーツを着ると気持ちが引き締まったり (注)、明るい色の服を着ると心がうきうきしたりという経験,①紧绷，收紧（体が引き締まる｜身体变得紧绷。）②变得严肃（表情が引き締まる｜表情变得严肃。）,边缘词
欲望,よくぼう,名詞,欲望,欲望が / 欲望に / 欲望を,2,真题,否,(注1)欲望: 欲しいと強く望む気持ち / 彼は人間の欲望(注1)というのは無限に続くものであるから、幸福感まではなかなか到達しないので,①欲望，渴望（欲望が強い｜欲望很强。）,边缘词
なおさら,なおさら,副詞,更加,なおさらに / なおさらが / なおさらで,2,真题,否,人間が進歩する動物であるならばなおさらの / (注2)なおさらのことだ : ここでは、ますますそうだといえる,①更加，愈加（なおさら大変だ｜更加困难。）,边缘词
まちまち,まちまち,形状詞,各异,まちまちに / まちまちが / まちまちで,2,真题,否,(注3)まちまちだ:それぞれ違っている / は人によってさまざまだが、 同様に幸福についても人によっては考え方がまちまちだ (注3)と思う。,①各异，千差万别（意見がまちまち｜意见各异。）,边缘词
すこぶる,すこぶる,副詞,非常,すこぶるに / すこぶるが / すこぶるで,2,真题,否,(注6) すこぶる: 非常に / 言葉はすこぶる (注6)平凡だが、この内容は非凡だと自負している (注7)。,①非常，极其（すこぶる良い｜非常好。）,边缘词
自負,じふ,名詞,自信,自負が / 自負に / 自負を,2,真题,否,(注7) 自負する : 自分自身に自信や誇りを持つ / 言葉はすこぶる (注6)平凡だが、この内容は非凡だと自負している (注7)。,①自负，自信（自負している｜我很自负。）,边缘词
学部,がくぶ,名詞,学部,学部に / 学部が / 学部を,2,真题,否,先日、とある大学の学部生を相手に請演をする機会があった。 / . 募集対象者 2017年4月に東京都及びその周辺の大学の学部に在籍する留学生。,①学部，学院（文学部に所属｜属于文学部。）,边缘词
可,か,名詞,可以,可が / 可に / 可を,2,真题,否,人以上の団体でのみ出演可 / (海外在住者はEメールでの提出も可),①可以，能够（可とする｜可以的。）,边缘词
引き出し,ひきだし,名詞,抽屉,引き出しに / 引き出しが / 引き出しを,2,真题,否,個人情報を引き出しにしまう / ういうヒト・コト・モノとのよき思い出の引き出しをどれだけ持っているかによって、 アイディアの湧,①抽屉，柜子（引き出しを開ける｜打开抽屉。）,边缘词
建て,たてる,接尾辞,建造,建てるを / 建てるに / 建てるが,2,真题,否,初めの設計では2階建てだったが、3階建ての家に延長することにした。,①建造（新しい家を建てる｜建造新房子。）②建立（橋を建てる｜建立桥梁。）,边缘词
居眠り,いねむり,名詞,打盹,居眠りを / 居眠りに / 居眠りが,2,真题,否,居眠りをして、降りるつもりだった駅を乗り継いでしまった / 電車の中で居眠りをして、降りる駅を一駅延長してしまった。,①打瞌睡（授業中に居眠りする｜上课时打瞌睡。）②小睡（ソファで居眠りする｜在沙发上小睡。）,边缘词
茶色い,ちゃいろい,形容詞,棕色,茶色いが / 茶色いに / 茶色いで,2,真题,否,大雨で川の水が茶色く濁っている / この鉄の棒はずっと家の外に置いてあったので、さびて茶色くなっている。,①棕色（茶色い犬がいる｜有一只棕色的狗。）②褐色（茶色い壁紙｜棕色的墙纸。）,边缘词
買い換える,かいかえる,動詞,更换,買い換えるを / 買い換えるに / 買い換えるが,2,真题,否,買い替えたほうがいいかもしれない。 / とうとう壊れたので、買い換えることにした。,①更换（古い車を買い換える｜更换旧车。）②更新（新しいスマホに買い換える｜更新手机。）,边缘词
公衆,こうしゅう,名詞,公众,公衆に / 公衆が / 公衆を,2,真题,否,公衆トイレの入り口に描かれている男女の絵のマーク。 / そのほかにも、食堂、シャワー、公衆電話等の施設や設備を表すマークや、水泳、 バレーボール等の,①公众（公衆の場で話す｜在公众场合讲话。）②公共（公衆トイレ｜公共厕所。）,边缘词
水泳,すいえい,名詞,游泳,水泳を / 水泳に / 水泳が,2,真题,否,そのほかにも、食堂、シャワー、公衆電話等の施設や設備を表すマークや、水泳、 バレーボール等の / 楽しむことを目的とした大会で、陸上、水泳、テニスなど様々な競技の大会が世界中で開催されている。,①游泳（夏に水泳をする｜夏天游泳。）②游水（水泳が得意｜擅长游泳。）,边缘词
要,よう,名詞,必要,要が / 要に / 要を,2,真题,否,要なモノ」 / 要は決断の勇気があるかどうかなのである。,①必要（助けが要る｜需要帮助。）②重要（要な情報｜重要的信息。）,边缘词
室内,しつない,名詞,室内,室内で / 室内に / 室内が,2,真题,否,外と室内の温度の差で窓が濁っている / 節電のため、室内温度は22度以下に設定するとともに、 使用していない場所の暖房を切ること、退社,①室内（室内で遊ぶ｜在室内玩。）②内部（室内温度｜室内温度。）,边缘词
成し遂げる,なしとげる,動詞,完成,成し遂げるを / 成し遂げるに / 成し遂げるが,2,真题,否,(注)成し遂げる : 達成する / 「いつか大きな仕事を成し遂げたい(注)」,①完成（目標を成し遂げる｜完成目标。）②实现（夢を成し遂げる｜实现梦想。）,边缘词
フェア,ふぇあ,名詞,公平,フェアで / フェアに / フェアが,2,真题,否,いったいこれ以上、フェアの精神に反することがあるだろうか。 / コーヒー豆を定期購入されているお客様、お得な割引フェアについてご案内いたします。,①公平（フェアな競争｜公平竞争。）②展览（フェアに参加する｜参加展览。）,边缘词
行きずり,ゆきずり,名詞,偶遇,行きずりに / 行きずりが / 行きずりを,2,真题,否,(注1)行きずりの人: たまたま出会った人 / 話し手と聞き手は、親しい関係の場合もあれば、 初対面の人、行きずり(注1),①路过的偶然相遇（行きずりの人と話した｜和路过的人聊天。）②短暂的相识（行きずりの友達｜短暂的朋友。）,边缘词
取り返し,とりかえし,名詞,挽回,取り返しを / 取り返しに / 取り返しが,2,真题,否,(注4)取り返しのつかない : もとに戻せば大変な / でも、そこがきちんとできていないと、誤解が生じて取り返しのつかない(注4)結果,①挽回的机会（取り返しがつかない｜无法挽回。）②补救措施（取り返しの手段｜补救的办法。）,边缘词
読み書き,よみかき,名詞,读写,読み書きが / 読み書きに / 読み書きで,2,真题,否,ですから、 「書き言葉」 / 読み書きの知識よりも書く内容を重視したほうがいい。,①读写能力（読み書きができる｜会读写。）,边缘词
推測,すいそく,名詞,推测,推測を / 推測に / 推測が,2,真题,否,(注6)推測する: ここでは、想像する / 相手がどんな情報を必要としているかを推測する(注6)力、そして、その情報を、どんな言い方、 どん,①推测的判断（推測することが大切｜推测很重要。）②猜测的结果（推測が外れた｜猜测错了。）,边缘词
そこそこ,そこそこ,副詞,适度,そこそこに / そこそこが / そこそこで,2,真题,否,(注3)そこそこの : まあまあの / に行って、そこそこ(注3)の観光ができれば、十分に満足した。,①适度的程度（そこそこ良い｜还不错。）②差不多的状态（そこそこ満足｜差不多满意。）,边缘词
束ねる,たばねる,動詞,束缚,束ねるを / 束ねるに / 束ねるが,2,真题,否,. 古い新聞や本をひもでたばねた。 / 個々の目的を一つに束ねてマスの企画にすることが難しいのだ。,①捆绑在一起（花を束ねる｜把花束起来。）②整合管理（資料を束ねる｜整理资料。）,边缘词
もや,もや,名詞,雾,もやが / もやに / もやで,2,真题,否,なぜ、もやーっとするかと言えば、 / けれどもそれが、もやーっとした(注1)ものだと切り取れない。,①雾气（もやがかかる｜有雾气。）②模糊不清（もやがかかる景色｜模糊的景色。）,边缘词
コラボレーション,こらぼれーしょん,名詞,合作,コラボレーションで / コラボレーションに / コラボレーションが,2,真题,否,(注2)コラボレーションする:ここでは、組み合わせる / そうした感動の思い出を大切に持ち帰ってきて、いまあるものとコラボレーションする (注2) と、 新,①合作的项目（新しいコラボレーション｜新的合作项目。）②协作的关系（コラボレーションが進む｜合作关系在进展。）,边缘词
まるっきり,まるきり,副詞,完全,まるっきりに / まるっきりが / まるっきりで,2,真题,否,(注3)まるっきりの : 全くの / そういう意味では、まるっきりの (注3) 新商品なんてあり得ません。,①完全的状态（まるっきり違う｜完全不同。）②彻底的否定（まるっきり無理｜完全不可能。）,边缘词
直通,ちょくつう,名詞,直达,直通で / 直通に / 直通が,2,真题,否,-277-1116 (直通) / みよし 031-277-1119 (直通),①直接连接（直通の電車｜直达的电车。）②不经中转（直通のバス｜不经中转的公交。）,边缘词
夕食,ゆうしょく,名詞,晚餐,夕食を / 夕食に / 夕食が,2,真题,否,「ベルン」 / の夕食ビュッフェ,①晚餐（例：夕食を食べる｜吃晚餐。）,边缘词
張り紙,はりがみ,名詞,告示,張り紙を / 張り紙に / 張り紙が,2,真题,否,ちゅうりんじょうで張り紙を見る / ところが、その図書館には、勉強禁止の張り紙がされているのです。,①张贴的纸（例：張り紙を貼る｜贴上纸。）,边缘词
えいきゅう,えいきゅう,名詞,永久,えいきゅうに / えいきゅうが / えいきゅうを,2,真题,否,この機械はえいきゅうに動くわけではない。 / . この状態がえいきゅうに続くわけではない。,①永久（例：えいきゅうに続く｜永久持续。）,边缘词
本棚,ほんだな,名詞,书架,本棚に / 本棚が / 本棚を,2,真题,否,本棚がいっぱいになってしまい、本棚の頂上にも本を置いている。,①书架（例：本棚に本がある｜书架上有书。）,边缘词
開放,かいほう,名詞,开放,開放が / 開放に / 開放を,2,真题,否,間は会議室を開放していただけないでしょうか。 / このオフィスは、壁を略して、開放感のあるデザインにしました。,①开放（例：公園が開放される｜公园开放了。）,边缘词
教訓,きょうくん,名詞,教训,教訓を / 教訓に / 教訓が,2,真题,否,(注)教訓:道徳的な教え / でも、教訓(注)やお説教をつけ加え、つまらなくしてしまう場合,①教训（例：教訓を得る｜得到教训。）,边缘词
つけ加える,つけくわえる,動詞,添加,つけ加えるを / つけ加えるに / つけ加えるが,2,真题,否,(注 1)取ってつけた : 無理に付け加えた / でも、教訓(注)やお説教をつけ加え、つまらなくしてしまう場合,①添加（例：情報をつけ加える｜添加信息）,边缘词
欠,けつ,名詞,缺少,欠が / 欠に / 欠を,2,真题,否,三村株式会社より、「はさみ SB-A」 / に欠 (けっ)陥(かん)が発見されたため全製品を回収し、交換を行,①缺少（例：欠がある｜有缺少）,边缘词
指標,しひょう,名詞,指标,指標を / 指標に / 指標が,2,真题,否,笑顔はこころの健康指標(注)になる。 / (注) 健康指標 : 健康の程度を示すもの,①指标（例：経済指標｜经济指标）,边缘词
報酬,ほうしゅう,名詞,报酬,報酬を / 報酬に / 報酬が,2,真题,否,(注2)報酬:ここでは、 給料 / そして、期待に応えたときに得られるものが報酬(注2)や自身の成長です。,①报酬（例：報酬を受け取る｜领取报酬）,边缘词
合意,ごうい,名詞,协议,合意を / 合意に / 合意が,2,真题,否,(注5)合意:意思が一致すること / さまざまなルール (法)は民主的に作られ、 約束事(契約)は当事者(注4)の合意(注5)により締結され,①双方同意（例：合意に達した｜达成双方同意）②共通理解（例：合意を形成する｜形成共识）,边缘词
締結,ていけつ,名詞,签订,締結を / 締結に / 締結が,2,真题,否,(注6)締結される : ここでは、成立する / さまざまなルール (法)は民主的に作られ、 約束事(契約)は当事者(注4)の合意(注5)により締結され,①签订合同（例：契約を締結する｜签订合同）②达成协议（例：合意を締結する｜达成协议）,边缘词
旬,しゅん,名詞,时令,旬が / 旬に / 旬を,2,真题,否,(注7) 旬の: 今話題になっている / 消費者問題などは、それだけを教えようとするとつまらないものですが、新聞などを使った旬の(注7),①时令季节（例：旬の食材｜时令食材）②最佳时期（例：旬の映画｜最佳电影）,边缘词
感化,かんか,名詞,影响,感化を / 感化に / 感化が,2,真题,否,だんだんと特定の本に感化される(注3) / (注3)感化される : ここでは、影響を受ける,①影响教育（例：感化を受ける｜受到影响）②启发引导（例：感化する力｜有启发的力量）,边缘词
踏まえる,ふまえる,動詞,考虑,踏まえるを / 踏まえるに / 踏まえるが,2,真题,否,(注4)踏まえる: ここでは、 考える / はなく、反対意見も踏まえ (注4)、別の考え方も知ったうえで自分の考えが明確にできるようになって,①基于考虑（例：事実を踏まえる｜基于事实）②重视理解（例：意見を踏まえる｜重视意见）,边缘词
発散,はっさん,名詞,发散,発散が / 発散に / 発散を,2,真题,否,(注2) 発散 : 外へ出すこと / ストレスは思いが伝わらなかったり、 発散 (注2) できなかったり,①释放能量（例：エネルギーを発散する｜释放能量）②扩散传播（例：情報が発散する｜信息扩散）,边缘词
劇場,げきじょう,名詞,剧场,劇場で / 劇場に / 劇場が,2,真题,否,[40] (劇場内のアナウンスで) / 先日、劇場で演劇を鑑賞する機会があった。,①戏剧场所（例：劇場で観る｜在剧场观看）②表演场地（例：劇場に行く｜去表演场地）,边缘词
なぞらえる,なぞらえる,動詞,比拟,なぞらえるを / なぞらえるに / なぞらえるが,2,真题,否,(注1)なぞらえられる: たとえられる / 人生はいつも旅になぞらえられる(注1)。,①比喻类比（例：例にあげてなぞらえる｜举例比喻）②模仿借鉴（例：他の作品になぞらえる｜模仿其他作品）,边缘词
闇,やみ,名詞,黑暗,闇が / 闇に / 闇を,2,真题,否,暗(くら) 闇 (やみ) の中を歩くのが不安で仕 (L) 様(よう)がないのだ。,①黑暗环境（例：闇の中｜在黑暗中）②隐秘事物（例：闇の世界｜隐秘的世界）,边缘词
四十,よんじゅう,名詞,四十,四十に / 四十が / 四十を,2,真题,否,四十歳には課長になり、五十歳までには何 / 二度目の宇宙飛行への挑戦(注1)を決心したとき、 毛利さんはすでに四十八歳にな,①年龄四十（例：四十歳になる｜四十岁）②四十个单位（例：四十人集まる｜四十个人）,边缘词
五十,ごじゅう,名詞,五十,五十に / 五十が / 五十を,2,真题,否,五十歳の時には部長になっている。 / 四十歳には課長になり、五十歳までには何,①五十岁（彼は五十です｜他五十岁）②五十个（五十個の例｜五十个例子）,边缘词
とらわれる,とらわれる,動詞,被困,とらわれるが / とらわれるに / とらわれるで,2,真题,否,と、 そんな思いにとらわれて (注6) / (注6) とらわれる: 縛 (しば)られる,①被束缚（彼は過去にとらわれている｜被过去束缚）②受制于（常識にとらわれる｜受常识限制）,边缘词
政策,せいさく,名詞,政策,政策を / 政策に / 政策が,2,真题,否,7 (水) 9 / 社会政策と経済政策 「全2回」 9,①政策方针（政府の政策｜政府政策）②施策措施（新しい政策を発表する｜发布新政策）,边缘词
キャンパス,きゃんぱす,名詞,校园,キャンパスで / キャンパスに / キャンパスが,2,真题,否,れる経済学部が実施する講座で、 会場が影山キャンパスのものがいい。 / 先日お知らせしたように、 キャンパスの整備にあたり、 現在2号館のパソコン自習室が4号館に移転,①校园（大学のキャンパス｜大学校园）②校园环境（キャンパスが美しい｜校园环境美）,边缘词
筒,つつ,接尾辞,筒子,筒が / 筒に / 筒を,2,真题,否,公開講座申込書1枚と返信用の封(ふう)筒(とう)1枚 / 公開講座申込書2枚と返信用の封(ふう)筒(とう)1枚,①筒子（筒に入れる｜放入筒子）②管状物（筒の中に入れる｜放入管状物）,边缘词
ストーリー,すとーりー,名詞,故事,ストーリーを / ストーリーに / ストーリーが,2,真题,否,ストーリーてんかいが面白いところ / . この漫画は、ストーリーの展開が面白い。,①故事情节（面白いストーリー｜有趣的故事）②故事（彼のストーリーを聞く｜听他的故事）,边缘词
焼く,やく,動詞,烤,焼くを / 焼くに / 焼くが,2,真题,否,表面を強火で焼いてください。 / オーブンでクッキーを焼いたら、 だんだん腫れてきた。,①烤（肉を焼く｜烤肉）②烧（パンを焼く｜烤面包）,边缘词
あつかましい,あつかましい,形容詞,厚脸皮,あつかましい人 / あつかましい態度 / あつかましい要求,2,真题,否,そうぞうしい 3 あつかましい / . あの人は本当にあつかましい人だ。,①厚脸皮（あつかましい人｜厚脸皮的人）②无耻（あつかましい要求｜无耻的要求）,边缘词
春子,はるこ,名詞,春子,春子さん / 春子の友達 / 春子の家,2,真题,否,春子「えりちゃん、みかん、好き? / 春子「親戚がたくさん送ってきてくれたんだけど、 一人じゃ食べ切れなくて。,①春天的孩子（春子は元気です｜春天的孩子很健康）,边缘词
えり,えり,名詞,领,えりを立てる / えりがある / えりをつける,2,真题,否,えり「うん、好きだけど。 / 春子「えりちゃん、みかん、好き?,①衣领（えりが可愛い｜可爱的衣领）②领子（シャツのえり｜衬衫的领子）,边缘词
みかん,みかん,名詞,橘子,みかんを食べる / みかんが好き / みかんの皮,2,真题,否,春子「えりちゃん、みかん、好き? / 冬はいつもみかんを大量に買うそうだ。,①橘子（例：みかんが好きです。｜我喜欢橘子）②蜜柑（例：甘いみかんを食べた。｜吃了甜橘子）,边缘词
豊,ゆたか,名詞,丰富,豊かな生活 / 豊かな自然 / 豊かな経験,2,真题,否,その人が何を言わんとしているのか、 丸ごと捉えて、 そこで出てきた素晴らしい言葉、豊 / 高校野球全国大会を前に、 X 高校野球部の南豊選手は「監督やコーチが私たち一人一人に毎日熱心,①丰富（例：豊かな自然がある。｜自然丰富）②富裕（例：豊かな生活を送る。｜过着富裕生活）,边缘词
羽,はね,名詞,羽毛,羽が生える / 羽を広げる / 羽が舞う,2,真题,否,そのほかにも、 鳥の体は表面の羽がなめらかで、 空気 / は、羽が膨らんでいるからで、本当はとても細い体をしています。,①羽毛（例：鳥の羽が舞う。｜鸟的羽毛飞舞）②翅膀（例：羽が広がる。｜翅膀展开）,边缘词
骨,ほね,名詞,骨头,骨が折れる / 骨を折る / 骨がある,2,真题,否,そして、鳥の骨は細く、骨の中は,①骨头（例：骨が折れた。｜骨头折了）②骨架（例：骨がしっかりしている。｜骨架很结实）,边缘词
緩やか,ゆるやか,形状詞,缓和,緩やかな流れ / 緩やかに進む / 緩やかな坂,2,真题,否,登山道が緩やかなため、 いつも多くの登山客が訪れている。 / 秋森山は高さ約600メートルで、頂上まで約4キロメートルの緩やかな登山道が続いています。,①缓和（例：緩やかな坂道。｜缓和的坡道）②宽松（例：緩やかなルール。｜宽松的规则）,边缘词
四季,しき,名詞,四季,四季がある / 四季を感じる / 四季の変化,2,真题,否,四季それぞれに異なる野鳥を観察することができる。 / 登山道では、四季を通じてさまざまな植物を楽しめるほか、 春から初夏にかけては多くの野鳥を観察,①四季（例：四季が美しい。｜四季很美）,边缘词
野鳥,やちょう,名詞,野鸟,野鳥が飛ぶ / 野鳥を観察する / 野鳥の声,2,真题,否,四季それぞれに異なる野鳥を観察することができる。 / 登山道では、四季を通じてさまざまな植物を楽しめるほか、 春から初夏にかけては多くの野鳥を観察,①野生鸟（例：野鳥を観察する。｜观察野生鸟）,边缘词
手本,てほん,名詞,范本,手本を示す / 手本にする / 手本を見せる,2,真题,否,お手本のようなものによって、 作文はどのようになる可能性があるか。 / しばしば作文にはお手本のようなものが示されることがありますが、 私は、これは(注)ナンセンスだ,①榜样（例：手本を見せてください。｜请给我示范）②示范（例：手本に従う。｜遵循示范）,边缘词
ナンセンス,なんせんす,名詞,无意义,ナンセンスな話 / ナンセンスな行動 / ナンセンスなジョーク,2,真题,否,(注) ナンセンス : 意味がないこと / しばしば作文にはお手本のようなものが示されることがありますが、 私は、これは(注)ナンセンスだ,①无意义（例：それはナンセンスだ。｜那是无意义的）②荒谬（例：ナンセンスな話。｜荒谬的故事）,边缘词
切,せつ,名詞,切割,切を入れる / 切がある / 切をする,2,真题,否,なお、年内収集の申し込みは18日(月)が諦め切 / シャッターを切当(注3)ときと選ぶ時の2度だ。,①切割（例：切るのが難しい。｜切割很难）②切断（例：切れた糸。｜断了的线）,边缘词
立ち止まる,たちどまる,動詞,停下,立ち止まる瞬間 / 立ち止まること / 立ち止まる理由,2,真题,否,好きなときに好きなだけ立ち止まって風景を眺められる点 / いし、どこでどれだけ立ち止まってもいいということである。,①停下脚步（例：彼は立ち止まった｜他停下了脚步）,边缘词
幻,まぼろし,名詞,幻影,幻が見える / 幻を追う / 幻のような,2,真题,否,だと言ってもよい。 / だから鉄道の車窓の風景は一種の「幻(注3)」,①幻影，幻觉（例：それは幻だった｜那是幻影）②虚幻的事物（例：幻のような夢｜像幻梦一样）,边缘词
やりすごす,やりすごす,動詞,忽略,やりすごすこと / やりすごす時間 / やりすごす方法,2,真题,否,(注1)やりすごす : ここでは、ただ時間が過ぎるのを待つ / 受講する前に勉強してこなかったからと責める教員はいませんから、やりすごし(注1)さえすれば終わ,①置之不理（例：問題をやりすごす｜置之不理问题）②轻松应对（例：流れにやりすごす｜轻松应对）,边缘词
拘束,こうそく,名詞,束缚,拘束を受ける / 拘束がある / 拘束を解く,2,真题,否,ことを除けば、ほとんど苦痛 / (注2)拘束される : ここでは、いなければならない,①束缚，限制（例：自由を拘束する｜限制自由）②拘留，监禁（例：拘束された人｜被拘留的人）,边缘词
出し惜しみ,だしおしみ,名詞,惜字,出し惜しみをする / 出し惜しみがある / 出し惜しみをしない,2,真题,否,出し惜しみしている (注3)のではな / (注3)出し惜しみしている:ここでは、伝えることができるのに伝えない,①不愿意分享（例：出し惜しみするな｜不要吝啬）②吝啬，舍不得（例：出し惜しみしている｜舍不得分享）,边缘词
はみだす,はみだす,動詞,溢出,はみだす部分 / はみだすこと / はみだす音,2,真题,否,も必要ですし、将来の就職活動 / こうした「講義からはみだす時間」,①溢出，超出（例：箱からはみだす｜从箱子溢出）②不合规，越界（例：ルールにはみだす｜越界了）,边缘词
共感,きょうかん,名詞,共鸣,共感を得る / 共感がある / 共感を示す,2,真题,否,(注2)~に共感する : ~ と同じように感じる / 面白い話を聞くことができたら相手に共感する (注2)。,①共鸣，感同身受（例：彼の気持ちに共感する｜感同身受）,边缘词
ベージ,べーじ,名詞,页面,ベージを更新する / ベージが変わる / ベージを作る,2,真题,否,そのベージには、まず普通の鉛筆は / 私が読んでいたのは、何か疑問があったときに読む本で、必要なベージしか読まない。,①页面，网页（例：このベージを見て｜看这个页面）②页码（例：ベージをめくる｜翻页）,边缘词
芯,しん,名詞,核心,芯がある / 芯を持つ / 芯を抜く,2,真题,否,この水が、 色鉛筆の芯の油分 / その説明によると、 それは普通の鉛筆と色鉛筆の芯の材料が異なっているためだそうだ。,①核心，中心（例：芯が強い｜核心很强）②心，灵魂（例：芯を持つ｜有灵魂）,边缘词
粘土,ねんど,名詞,黏土,粘土をこねる / 粘土が乾く / 粘土で作る,2,真题,否,と粘土(ねんど)から、色鉛筆は顔料とロウ(油分)からできている。,①泥土，陶土（例：粘土で作る｜用泥土制作）,边缘词
油,あぶら,名詞,油脂,油を使う / 油が出る / 油を塗る,2,真题,否,水も油も紙にしみ込みやすいのだ。 / にくっついている状態であり、後者は顔料が紙の中に油とともにしみ込んでいる状態だそうだ。,①油脂（料理に使う油｜做菜用的油）②润滑油（機械の油｜机器的润滑油）,边缘词
境遇,きょうぐう,名詞,境遇,境遇が違う / 境遇を理解する / 境遇に恵まれる,2,真题,否,(注2) 境遇 (きょうぐう): 状況 (じょうきょう) / 確かに、短期間ならこういう境遇 (注2) もわるくないかもしれません。,①处境（厳しい境遇にいる｜处于艰难的处境）②环境（良い境遇で育った｜在良好的环境中成长）,边缘词
受動,じゅどう,名詞,被动,受動的な態度 / 受動的に行動する / 受動の状態,2,真题,否,(注4) 受動的にここでは、自分から何もしないで / は、何かからただ受動的に(注4)得られる面白さ・よろこびとは異なり、自分の力で獲(かく)得(とく),①被动（受動的な態度｜被动的态度）②消极（受動的な行動｜消极的行为）,边缘词
重なる,かさなる,動詞,重叠,重なる瞬間 / 重なること / 重なる影,2,真题,否,み重なって、生の充実感と持続的幸せがもたらされる (注5)。 / 原因を調査したところ、 当日、 納品が重なったため、 商品配送時の最終確認をしていなかっ,①重叠（山が重なる｜山重叠）②重复（同じことが重なる｜同样的事情重复）,边缘词
根気,こんき,名詞,耐心,根気が必要 / 根気を持つ / 根気よく続ける,2,真题,否,物事に根気強く取組めないところ / だめなことはだめと伝えたり、ひととかかわる時にはルールがあることを根気強く教えていく必要があ,①耐心（根気が必要だ｜需要耐心）②毅力（根気よく続ける｜坚持不懈）,边缘词
課程,かてい,名詞,课程,課程を修了する / 課程がある / 課程を選ぶ,2,真题,否,配套㻂解課程清在CCtal k搜索:柎先生日語№,①课程（大学の課程｜大学课程）②学习计划（学習課程を選ぶ｜选择学习计划）,边缘词
清,きよし,名詞,清澈,清がある / 清を保つ / 清を感じる,2,真题,否,配套㻂解課程清在CCtal k搜索:柎先生日語№,①清澈（清い水｜清澈的水）②干净（清い部屋｜干净的房间）,边缘词
一転,いってん,名詞,一转,一転する状況 / 一転の出来事 / 一転の瞬間,2,真题,否,[26]留学の話が一転した。 / [23] 今年になって国の方針が一転した。,①突然变化（状況が一転する｜情况突然变化）②完全改变（気持ちが一転する｜心情完全改变）,边缘词
誘い,さそい,名詞,邀请,誘いを受ける / 誘いを断る / 誘いをする,2,真题,否,.今日は用事があるため、 友人からの誘いを中断した。 / .鈴木さんは石川さんからのデートの誘いをきっぱり断った。,①邀请（友達の誘い｜朋友的邀请）②引导（仕事の誘い｜工作的引导）,边缘词
スリップ,すりっぷ,名詞,滑动,スリップが起こる / スリップを防ぐ / スリップする,2,真题,否,、寒い地域では雪や氷が原因でスリップ事故が多発する。 / そういう舗装にすれば、道路に雪や氷が密着するのを防ぐことができ、 スリップの危険,①滑倒（スリップして転ぶ｜滑倒摔倒）②滑移（タイヤがスリップする｜轮胎打滑）,边缘词
歩道,ほどう,名詞,人行道,歩道を歩く / 歩道がある / 歩道を整備する,2,真题,否,人やペットが歩く公園や歩道にぴった / 駐輪場を利用できない人が多くなると、 道路や歩道など許可されていない場所に置かれ,①人行道（歩道を歩く｜在人行道上走）②行人专用道（歩道を渡る｜过人行道）,边缘词
聴衆,ちょうしゅう,名詞,听众,聴衆が集まる / 聴衆を前にする / 聴衆の反応,2,真题,否,(注1) 聴衆: 話を聞く人たち / 学生や聴衆(注1)より一段高いとこ,①观众（聴衆が集まる｜观众聚集）②听众（聴衆の反応｜听众的反应）,边缘词
平坦,へいたん,名詞,平坦,平坦な道 / 平坦にする / 平坦な場所,2,真题,否,(注3) 平坦な : ここでは、 同じ高さの / 一方で、 平坦 (注3) なところから、即ち同一の,①平坦的（平坦な道｜平坦的道路）②没有高低（平坦な土地｜平坦的土地）,边缘词
忠実,ちゅうじつ,形状詞,忠实,忠実な友 / 忠実に従う / 忠実な記録,2,真题,否,(注1)忠実に: ここでは、正確に / 成功例にできるだけ忠実に (注1) 従って努力すれば、やみくもに (注2) 努力するよりも、 成功する,①忠诚（忠実な部下｜忠诚的部下）②真实（忠実な再現｜真实的再现）,边缘词
閉じこもる,とじこもる,動詞,闭门,閉じこもる時間 / 閉じこもる理由 / 閉じこもる場所,2,真题,否,(注1)閉じこもって: 入ったまま / りする人、文系だと研究室に閉じこもって (注1) 文学作品を読んでいる人、 という声が周囲から聞こえ,①闭门不出（家に閉じこもる｜闭门不出）②孤立（部屋に閉じこもる｜孤立在房间）,边缘词
込み入る,こみいる,動詞,复杂,込み入る話 / 込み入る状況 / 込み入る問題,2,真题,否,(注3) 込み入った:複雑な / 省略が多くなるメールは特に注意が必要で、込み入った (注3) 内容を伝える場合はできるだけ直接会,①复杂（話が込み入る｜事情变得复杂）②拥挤（道が込み入る｜道路拥挤）,边缘词
扱い,あつかい,名詞,处理,扱いが難しい / 扱いを考える / 扱いに困る,2,真题,否,※大きさと重さが同じサイズに当てはまらない場合、大きい方のサイズとして扱いま / 解は一般的には悪者扱いであるが、 多様性をつくる仕掛け (注5) だと思えば少し見方も変わってくるの,①处理（丁寧な扱い｜细心的处理）②对待（特別な扱い｜特别的对待）,边缘词
遠足,えんそく,名詞,远足,遠足に行く / 遠足を計画する / 遠足の準備,2,真题,否,[45] 遠足の日の朝、 娘は、 「いってきます」 / 昔の小中学生は、 遠足や修学旅行のとき、 車窓の風景を真剣に眺めていたものだ。,①郊游（遠足に行く｜去郊游）②短途旅行（学校の遠足｜学校的短途旅行）,边缘词
風物,ふうぶつ,名詞,风物,風物を楽しむ / 風物が美しい / 風物を描く,2,真题,否,(注2)風物: 自然の景色や人々の暮らしの様子 / 地の風物(注2)に、興味をかきたてられていたのである。,①风景（地方の風物｜地方的风景）②风俗（風物詩｜风俗诗）,边缘词
かきたてる,かきたてる,動詞,激发,かきたてる感情 / かきたてる興味 / かきたてる思い,2,真题,否,地の風物(注2)に、興味をかきたてられていたのである。 / (注3) 興味をかきたてられる ここでは、興味がわいてくる,①激发（興味をかきたてる｜激发兴趣）②引起（好奇心をかきたてる｜引起好奇心）,边缘词
調和,ちょうわ,名詞,和谐,調和を保つ / 調和が取れる / 調和を図る,2,真题,否,(注3)調和させる : 合わせる / ーケットニーズとうまく調和させる (注3) ために、 設計者の価値観が購買者 (注4) の価値観とのなん,①和谐（音楽の調和｜音乐的和谐）②调节（意見の調和｜意见的调节）,边缘词
購買,こうばい,名詞,购买,購買を検討する / 購買が増える / 購買を行う,2,真题,否,(注4) 購買者: ここでは、消費者 / ーケットニーズとうまく調和させる (注3) ために、 設計者の価値観が購買者 (注4) の価値観とのなん,①购买（商品を購買する｜购买商品）,边缘词
相性,あいしょう,名詞,相性,相性が良い / 相性を確かめる / 相性が悪い,2,真题,否,監督やコーチと相性が悪い、 他の選手のほうが贔屓 (注1) されている…。 / は、単に当社との相性を他の志願者と比べた結果であって、 重大な問題があったわけではありません。,①相性（二人の相性｜两人的相性）②适合性（仕事の相性｜工作的适合性）,边缘词
翻訳,ほんやく,名詞,翻译,翻訳を依頼する / 翻訳が必要 / 翻訳をする,2,真题,否,ベトナム語の文献を翻訳した文章 / ・外国語を翻訳した日本語の文章,①翻译（文章の翻訳｜文章的翻译）,边缘词
アカデミック,あかでみっく,形状詞,学术,アカデミックな研究 / アカデミックな環境 / アカデミックな論文,2,真题,否,・日本語で書かれたアカデミックな文章 / ・日本語のアカデミックな文章の作成を支援します。,①学术的（アカデミックな研究｜学术研究）,边缘词
所属,しょぞく,名詞,所属,所属が明確 / 所属を確認する / 所属する団体,2,真题,否,所属する集団のリーダーとして行動しようとする / 氏名・所属・相談内容・携帯電話番号・希望日時(できれば第3希望まで) を書いて、,①所属（団体に所属する｜属于某个团体）②归属（会社に所属する｜归属公司）,边缘词
更,さら,形状詞,更改,更に進む / 更に詳しく / 更に大きい,2,真题,否,更多日語資料清美注微信公介号: 柎先生日語,①更改（更に良くする｜进一步改善）②更新（更に新しい｜更新更好）,边缘词
清美,きよはる,名詞,清美,清美な景色 / 清美を感じる / 清美な心,2,真题,否,更多日語資料清美注微信公介号: 柎先生日語,①清秀美丽（清美な景色｜清秀美丽的景色）,边缘词
微,かすか,接頭辞,微小,微小な変化 / 微小な粒子 / 微小な世界,2,真题,否,更多日語資料清美注微信公介号: 柎先生日語,①微小（微細な粒子｜微小的颗粒）②微弱（微弱な信号｜微弱的信号）,边缘词
信,しん,名詞,信任,信を置く / 信がある / 信を得る,2,真题,否,更多日語資料清美注微信公介号: 柎先生日語,①信任（信を置く｜信任他）②信号（信号を送る｜发送信号）,边缘词
テクニック,てくにっく,名詞,技巧,テクニックを学ぶ / テクニックが必要 / テクニックを使う,2,真题,否,[21] あの選手にはテクニックがある。 / . この機械を扱うには、特別なテクニックが必要だ。,①技巧，技术（彼はテクニックが上手い｜他的技巧很好）②手法，方法（新しいテクニックを学ぶ｜学习新方法）,边缘词
暇,ひま,名詞,闲暇,暇を持て余す / 暇がある / 暇を楽しむ,2,真题,否,今日は仕事が暇で、時間がたつのが鈍く感じられた / . 漬物を漬ける季節はその準備がとても忙しかったので、退屈するような暇はなかったということ。,①空闲，闲暇（暇な時間を楽しむ｜享受空闲时间）②无所事事（暇を持て余す｜无所事事）,边缘词
容量,ようりょう,名詞,容量,容量が大きい / 容量を確認する / 容量を増やす,2,真题,否,インクの容量が大きいから / 宙へ運ぶロケットの容量には限界がありく、 装置は小さくしなければならない。,①容量，容积（この箱の容量は大きい｜这个箱子的容量很大）②能力，才干（彼の容量は限界だ｜他的能力到极限）,边缘词
有益,ゆうえき,名詞,有利,有益な情報 / 有益な活動 / 有益な経験,2,真题,否,(注3)有益な:役に立つ / 者の提供する情報を評価し、比較検討し、その中から自分にとって、 自分の目標にとって(注3)有益な,①有益，有帮助（この本は有益だ｜这本书很有帮助）②有利，利于（有益な情報を得る｜获得有利的信息）,边缘词
選別,せんべつ,名詞,挑选,選別を行う / 選別が必要 / 選別する基準,2,真题,否,自分で選別した情報を他者の情報と比較検討すべきだ / 情報を選別する能力と知識を持たなければならないのである。,①选择，挑选（果物を選別する｜挑选水果）②分类，分拣（選別作業を行う｜进行分类工作）,边缘词
事物,じぶつ,名詞,事物,事物を観察する / 事物が変わる / 事物の本質,2,真题,否,ものでも、他の国のある地域に行ったならば、それは妙な事物であったり、社会としては認め難い事物,①事物，物体（事物の本質を考える｜思考事物的本质）②事情，事务（事物の流れを理解する｜理解事情的流动）,边缘词
転機,てんき,名詞,转折,転機が訪れる / 転機を迎える / 転機を感じる,2,真题,否,(注1) 人生の転機: 人生が変わるきっかけ / は、自分の(注1) 人生の転機になったと捉え直すときがあるからだ。,①转折点，关键时刻（人生の転機が訪れた｜人生的转折点）②变化，变革（転機を迎える｜迎来变化）,边缘词
自問,じもん,名詞,自问,自問をする / 自問に答える / 自問が生じる,2,真题,否,「怒る」 / は「叱る」,①自我提问（自問自答する｜自我提问）②反思，思考（自問することが大切｜反思很重要）,边缘词
自答,じとう,名詞,自答,自答をする / 自答が必要だ / 自答に至る,2,真题,否,「怒る」 / は「叱る」,①自我回答（自答を考える｜考虑自我回答）②自我解答（自答することが多い｜经常自我解答）,边缘词
意,い,名詞,意图,意がある / 意を持つ / 意に沿う,2,真题,否,叱ることによって、 得られる効果が半滅しないためにも、 指導者は日頃から注意深く、また意 / 自分の映像作品に含まれいる情報、たとえばひとつのショット (注6) の面像がどのような意,①意图，意思（彼の意は何か｜他的意图是什么）②意愿，想法（意を示す｜表达意愿）,边缘词
エピソード,えぴそーど,名詞,插曲,エピソードを語る / エピソードがある / エピソードに基づく,2,真题,否,(注1)エピソード:ここでは、 話 / きた仲間についての(注1)エピソードを紹介したのだったが、後ほどアンケートを読ませてもらって驚,①故事情节（このエピソードが面白い｜这个故事情节很有趣）②插曲（彼のエピソードを聞いた｜听到他的插曲）,边缘词
憤慨,ふんがい,名詞,愤怒,憤慨を覚える / 憤慨が広がる / 憤慨を表す,2,真题,否,(注4)憤慨を覚える:腹が立 / すことに (注4) 憤慨を覚える」,①愤怒不平（彼は憤慨している｜他很愤怒）②愤慨的情绪（憤慨を表す｜表达愤慨）,边缘词
趣旨,しゅし,名詞,目的,趣旨を説明する / 趣旨に賛同する / 趣旨が明確だ,2,真题,否,(注5) 趣旨: ここでは、内容 / すことに (注4) 憤慨を覚える」,①主要目的（趣旨を説明する｜解释主要目的）②意图（趣旨が明確だ｜意图很明确）,边缘词
照らし合わせる,てらしあわせる,動詞,对照,照らし合わせることができる / 照らし合わせるために / 照らし合わせる必要がある,2,真题,否,(注7)~に照らし合わせれば: ここでは、からすれは / の言う彼の欠点は、一般的な考え (注7)に照らし合わせれば欠点かもしれない。,①对照（資料を照らし合わせる｜对照资料）②比较（意見を照らし合わせる｜比较意见）,边缘词
培う,つちかう,動詞,培养,培う力 / 培うことが大切だ / 培うために努力する,2,真题,否,(注5)培われた:育てられた / そのような気持ちで人のことばを聞くことによって(注5)培われた力が、記憶す,①培养（才能を培う｜培养才能）②滋养（友情を培う｜滋养友情）,边缘词
拡散,かくさん,名詞,扩散,拡散が進む / 拡散を防ぐ / 拡散の影響,2,真题,否,(注1) 拡散する:広がる / ホモサピエンスは今から約0万年から0万年前、アフリカに現れ、それから広く世界に(注1)拡散,①扩散（情報が拡散する｜信息扩散）②传播（ウイルスの拡散｜病毒传播）,边缘词
自ずから,おのずから,副詞,自然,自ずから生じる / 自ずから理解する / 自ずから変わる,2,真题,否,(注2) 自ずから:もともと / 自然界には (注2) 自ずからその限界,①自然地（自ずからそうなる｜自然地发生）②自然而然（自ずから分かる｜自然而然明白）,边缘词
分裂,ぶんれつ,名詞,分裂,分裂が起こる / 分裂を防ぐ / 分裂の原因,2,真题,否,(注3) 分裂 : いくつかに分かれること / ば、ある時点で集団の (注3)分裂がおこる。,①分裂（意見が分裂する｜意见分裂）②裂开（組織が分裂した｜组织裂开）,边缘词
概念,がいねん,名詞,概念,概念を理解する / 概念が広がる / 概念に基づく,2,真题,否,(注5) 概念 ここでは、 意味内容 / んの他人たちの中で、その人々のしていることから、 言語や (注5) 概念も含めて多種多様なことを急速,①概念（新しい概念を理解する｜理解新概念）②观念（概念が重要だ｜概念很重要）,边缘词
都市,とし,名詞,城市,都市が発展する / 都市に住む / 都市の中心,2,真题,否,したがって集団の人口増加も「都市」 / の拡大も、人間にとって有利なことであった。,①城市（都市に住んでいる｜住在城市）②都会（都市の生活｜城市生活）,边缘词
食える,くえる,動詞,能吃,食えるもの / 食える環境 / 食えるようになる,2,真题,否,それはライオンに草を食え、ウマやウシにネズミを食え,①能吃（この魚は食える。｜这条鱼能吃）②能生存（この仕事で食える。｜这份工作能养活我）,边缘词
環,かん,接頭辞,环,環を作る / 環ができる / 環に入る,2,真题,否,(注7)環世界: ここでは、 自然環境 / (注7) 環世界というものは何かをもっと深く知るほかはあるまい。,①环形（環を描く。｜画个圈）②圈子（友人の環。｜朋友的圈子）,边缘词
改める,あらためる,動詞,改正,改める必要がある / 改めることが大切だ / 改めるために,2,真题,否,人間が自然を支配して生きていくという姿勢を改める / 声をあげられない未来の世代のことを考え、行動を改めるべきだ。,①改正（法律を改める。｜改正法律）②更改（名前を改める。｜更改名字）,边缘词
苦しい,くるしい,形容詞,痛苦,苦しい状況 / 苦しい思い / 苦しい時期,2,真题,否,それ自体は非常に苦しいことでも、自 / . 食べすぎで、 ベルトがおなかにしみて苦しい。,①痛苦（苦しい思いをする。｜经历痛苦）②艰难（生活が苦しい。｜生活艰难）,边缘词
学者,がくしゃ,名詞,学者,学者が研究する / 学者に聞く / 学者の意見,2,真题,否,当時の学者たちの関心は、地球の直径を知ることにあった。 / 学者に限らずどんな人でも、日々、情報を選んだり、 編集したりという形で、情報を加工しています。,①学术研究者（彼は有名な学者。｜他是著名学者）,边缘词
直径,ちょっけい,名詞,直径,直径が測れる / 直径を求める / 直径の計算,2,真题,否,当時の学者たちの関心は、地球の直径を知ることにあった。 / までの距離は当時はまだわからなかったが、 それが 49 正確に直径が計算できると知った忠敬は、蝦,①圆的直径（円の直径。｜圆的直径）,边缘词
見抜く,みぬく,動詞,看透,見抜く力 / 見抜くことができる / 見抜くために,2,真题,否,(注2)~を見抜く : ここでは、 〜に簡単に気づく / 取ってつけた (注1) ようで、 人は、 それがあなたの本当の知識じゃないことを見抜きます,①看透（彼の心を見抜く。｜看透他的心）②识破（嘘を見抜く。｜识破谎言）,边缘词
補完,ほかん,名詞,补充,補完が必要だ / 補完を行う / 補完の役割,2,真题,否,(注 1) 補完する : 不十分な部分を補う / ヒトと機械は違っているからこそ、 補完し (注1) 合えるのだという考え方がある。,①补充（情報を補完する。｜补充信息）②完善（計画を補完する。｜完善计划）,边缘词
倍増,ばいぞう,名詞,倍增,倍増する可能性 / 倍増を目指す / 倍増の効果,2,真题,否,(注 2) 倍増する: 二倍に増える / 同じものが二つあっても量的な能力が倍増する (注2) だけであって、,①翻倍（利益が倍増する。｜利润翻倍）②增加（人数が倍増する。｜人数增加）,边缘词
デジタル,でじたる,名詞,数字,デジタル化が進む / デジタルの時代 / デジタル技術,2,真题,否,に関するお知らせ / デジタルカメラ 「BS-ZG1」,①数字化（デジタル技術。｜数字技术）②电子（デジタルデータ。｜电子数据）,边缘词
理性,りせい,名詞,理性,理性を働かせる / 理性が必要だ / 理性を持つ,2,真题,否,「いいことを / か 「正しくない」,①理智，理性的思考（理性的判断をする｜做理性的判断）,边缘词
顕著,けんちょ,形状詞,显著,顕著な例 / 顕著に現れる / 顕著な違い,2,真题,否,(注 1)」 / (注3)顕著になる : ここでは、 多く見られるようになる,①显著，明显的（顕著な成果｜显著成果）,边缘词
自我,じが,名詞,自我,自我を持つ / 自我が強い / 自我を理解する,2,真题,否,(注4)自我が芽生える : ここでは、自分の考えが生まれる / それまでは養育者の意図に従って行動していたのに対して、自我が芽生えて(注 4)自分のやりたいこと,①自我，自我意识（自我を見つめる｜审视自我）,边缘词
表明,ひょうめい,名詞,表明,表明する意図 / 表明が必要だ / 表明の方法,2,真题,否,(注5) 表明する : はっきり表す / が生じ、養育者の意図とは異なる自分の意思を養育者に表明する (注5)ことで起こる。,①表明，表示（意見を表明する｜表明意见）,边缘词
未熟,みじゅく,形状詞,不成熟,未熟な状態 / 未熟を克服する / 未熟な技術,2,真题,否,(注 1) 未熟な : 能力や経験が不十分な / 未熟な (注1) 人たちを育てることは、強い組織を創りあげる鉄則 (注2) である。,①不成熟，稚嫩（未熟な技術｜不成熟的技术）,边缘词
鉄則,てっそく,名詞,铁则,鉄則を守る / 鉄則がある / 鉄則に従う,2,真题,否,(注2) 鉄則: ここでは、絶対に必要なこと / 未熟な (注1) 人たちを育てることは、強い組織を創りあげる鉄則 (注2) である。,①铁则，基本原则（鉄則を守る｜遵守基本原则）,边缘词
重用,ちょうよう,名詞,重用,重用される人材 / 重用の理由 / 重用を受ける,2,真题,否,(注3)~を重用する : 〜に重要な役割を与える / が行く上司は、能力の高い特定の人間だけを重用し (注3)、能力が低い人間には目が行かない。,①重用，重视使用（人材を重用する｜重用人才）,边缘词
異動,いどう,名詞,调动,異動が決まる / 異動の理由 / 異動を希望する,2,真题,否,(注 4)別の部署に異動させる : 別の部に移す / 別の部署に異動させて (注4)、 代わって優秀な社員を獲得したいだろう。,①调动，变动（部署の異動｜部门调动）,边缘词
重点,じゅうてん,名詞,重点,重点を置く / 重点が明確だ / 重点を確認する,2,真题,否,.情報や知識を収集することだけに重点を置く。 / 上司が重点的に気をかけなければいけないのは、 少し遅れ気味の部下、外れ者の部下、 苦労している,①重点，重要事项（重点を置く｜放重点）,边缘词
底上げ,そこあげ,名詞,提升,底上げを図る / 底上げが必要だ / 底上げの方法,2,真题,否,(注6) 底上げ : 全体のレベルを高めること / そうすることで組織を構成するメンバー全体の力を伸ばし、組織の底上げ (注6)ができる。,①提升，提高水平（底上げを図る｜提升水平）,边缘词
自慢,じまん,名詞,自豪,自慢をする / 自慢の対象 / 自慢がある,2,真题,否,自慢ではないが、 小中学時代、 私はかなりな読書家だったと思う。 / .A は自分の知識を自慢することだと述べ、 B は相手が話している途中で話を始めることだと,①自我夸耀（彼は自慢が好きです｜他喜欢自夸）②引以为豪（自慢の料理です｜引以为豪的料理）,边缘词
回り道,まわりみち,名詞,绕道,回り道をする / 回り道を選ぶ / 回り道の理由,2,真题,否,回り道や道草が栄養になるのは、自分自身の経験からもいえます。 / ている人はそれに出会うまでは多少の回り道を覚悟すべきだと思います。,①绕道而行（回り道をしました｜绕道而行）②曲折的道路（回り道が多い｜曲折的道路）,边缘词
据える,すえる,動詞,设置,据える位置 / 据えることができる / 据えるために,2,真题,否,(注3)腰を据えて:ここでは、落ち着いて / いま、それが見つからないのなら、多少遠回りしてもいいから、じっくり腰を据えて (注3) 探,①放置（本を机に据えた｜把书放在桌上）②设定（目標を据える｜设定目标）,边缘词
なりふり,なりふり,名詞,打扮,なりふりを考える / なりふりが大切だ / なりふりに気を使う,2,真题,否,(注5) なりふりかまわず: ここでは、他のことを気にせずに / きなこと、やりたいことをなりふりかまわず (注5)、 必死で追いかけるうちに、おのずとにじみ出てく,①外表（なりふり構わず｜不顾外表）②打扮（なりふりを整える｜整理打扮）,边缘词
にじみ出る,にじみでる,動詞,流露,にじみ出る感情 / にじみ出る表情 / にじみ出る思い,2,真题,否,(注6) おのずとにじみ出てくる : 自然に表れ出る / きなこと、やりたいことをなりふりかまわず (注5)、 必死で追いかけるうちに、おのずとにじみ出てく,①渗出（感情がにじみ出る｜感情渗出）②显露（本音がにじみ出る｜本音显露）,边缘词
強迫,きょうはく,名詞,强迫,強迫を感じる / 強迫がある / 強迫に苦しむ,2,真题,否,「夢をもちなさい」 / といわれて、 「夢をもたなきゃ」,①强制（強迫的に行う｜强制进行）②逼迫（強迫観念｜强迫观念）,边缘词
くだる,くだる,動詞,降下,くだることがある / くだる道 / くだる際に,2,真题,否,[25] 彼がしていることはくだらない。 / . 兄とのけんかの初歩は、 くだらないことだった。,①下降（山をくだる｜下山）②下达（命令がくだる｜下达命令）,边缘词
出場,しゅつじょう,名詞,出场,出場する選手 / 出場の機会 / 出場を果たす,2,真题,否,. 木村選手は、けがのせいで連続出場の記録が尽きてしまった。 / .中村選手は前大会でのけがが回復せず、次の試合への出場を引退した。,①参加比赛（大会に出場する｜参加大会）②出场（出場選手｜出场选手）,边缘词
気体,きたい,名詞,气体,気体が発生する / 気体の性質 / 気体を測定する,2,真题,否,気体になるときに、周囲の熱を吸収します。 / 水をまいたところの地面の熱は気体と一緒に逃げていき、,①气体（気体の性質｜气体的性质）②气体状态（気体の状態｜气体状态）,边缘词
地面,じめん,名詞,地面,地面が固い / 地面に立つ / 地面を掘る,2,真题,否,水をまいたところの地面の熱は気体と一緒に逃げていき、 / しかも、地面の温度は、水が蒸発しきった後も1時間は下がったままだったとも書かれ,①地面（土の地面｜土的地面）②地表（地面が固い｜地面很硬）,边缘词
検証,けんしょう,名詞,验证,検証を行う / 検証が必要だ / 検証の結果,2,真题,否,(注3) 検証:調べて、証明すること / たことで先入観(注2)をもってしまったあとでは、 検証 (注3) がむずかしいでしょう。,①验证（例：結果を検証する｜验证结果）②检讨（例：プロセスを検証する｜检讨过程）,边缘词
肝心,かんじん,形状詞,关键,肝心なこと / 肝心な役割 / 肝心に思う,2,真题,否,(注 1)肝心な:とても大切な / あたりまえのことだが、これは肝心な (注1) ことである。,①关键（例：肝心な部分｜关键部分）②重要（例：肝心なこと｜重要的事）,边缘词
手応え,てごたえ,名詞,反应,手応えを感じる / 手応えがある / 手応えを得る,2,真题,否,(注4) たしかな手応えのある: ここでは、確信の持てる / いちいち、しっかりととらえなおし、 その意味を自分にとってたしかな手応えのある (注4) ものにして,①反应（例：手応えを感じる｜感到反应）②效果（例：手応えがある｜有明显效果）,边缘词
スピーカー,すぴーかー,名詞,扬声器,スピーカーを設置する / スピーカーが必要だ / スピーカーの音,2,真题,否,のご注文につきまして / 作名:スピーカー 「8QPSI」,①扬声器（例：スピーカーを使う｜使用扬声器）②演讲者（例：スピーカーが話す｜演讲者发言）,边缘词
知,ち,名詞,知识,知を深める / 知が広がる / 知を得る,2,真题,否,納品可能時期は今月中旬に改めてお知 / 直接的に何かを発信しなくても、 自分の選択や判断、行動というのは、自分の中に取り入れた情報や知,①知识（例：知識を深める｜加深知识）②了解（例：知っていること｜了解的事）,边缘词
贔屓,ひいき,名詞,偏爱,贔屓にする / 贔屓がある / 贔屓の理由,2,真题,否,(注 1) 贔屓する : ここでは、 気に入って特別に扱う / 監督やコーチと相性が悪い、 他の選手のほうが贔屓 (注1) されている…。,①偏爱（例：贔屓にする｜偏爱某人）②照顾（例：贔屓される｜受到照顾）,边缘词
リアル,りある,名詞,真实,リアルな体験 / リアルに感じる / リアルな状況,2,真题,否,リアル(注1)になるはずです。 / かのようにして読める人の方が、生の声として聞こえてくるからより一層リアルです。,①真实（例：リアルな体験｜真实体验）②实际（例：リアルな状況｜实际情况）,边缘词
見放す,みはなす,動詞,抛弃,見放すことはない / 見放す選択 / 見放す理由,2,真题,否,(注5)見放される : ここでは、無視される / 本を読まないということは、いわば膨大な数の賢者 (注4)たちから、 あらかじめ見放されてしまって,①抛弃（例：見放さないで｜不要抛弃我）②放弃（例：見放すことはない｜不会放弃）,边缘词
無視,むし,名詞,忽视,無視される / 無視することがある / 無視の影響,2,真题,否,もが語る「夢」 / (注5)見放される : ここでは、無視される,①忽视（例：無視する｜忽视他）②不理会（例：無視される｜被忽视）,边缘词
劣化,れっか,名詞,恶化,劣化が進む / 劣化を防ぐ / 劣化の原因,2,真题,否,(注2) 劣化する: 品質が低下する / 紙には丈夫で強く、 さらに劣化し (注2) にくいので長期間保存ができるという利点もある。,①恶化（例：劣化が進む｜恶化在加重）②退化（例：劣化する状態｜处于恶化状态）,边缘词
産,さん,名詞,生产,産を増やす / 産が重要だ / 産の質,2,真题,否,産による安価で安定した供給が可能であったためである。 / 産的なパフォーマンス (注5)に関する話し合いは不可能なので、一日おいて (注6) 話すほうがよいでしょ,①生产（新しい産業が生まれた｜新产业诞生了）②出产（この地域は米を産する｜这个地区出产稻米）,边缘词
対抗,たいこう,名詞,对抗,対抗する姿勢 / 対抗が必要だ / 対抗の手段,2,真题,否,その結果、 和紙は洋紙に対抗できなくなり、 / [62] 和紙は洋紙に対抗できなくなりとあるが、 なぜか。,①对抗（敵と対抗する｜与敌人对抗）②抗衡（競争相手と対抗する｜与竞争对手抗衡）,边缘词
知見,ちけん,名詞,见解,知見を得る / 知見が広がる / 知見を共有する,2,真题,否,(注3) 知見: ここでは、見方や考え方 / 知ることができるのも、既に存在している知見 (注3),①见解（専門家の知見を得る｜获得专家的见解）②知识（新しい知見を得る｜获得新知识）,边缘词
編み出す,あみだす,動詞,编织,編み出す技術 / 編み出すことができる / 編み出す方法,2,真题,否,(注5)編み出す : 生み出す / しかし、自分の問題を解決する方法は、 自分で考え、模索し (注4)、 新たに編み出さなけ,①编织出（新しいアイデアを編み出す｜编织出新想法）②创造（解決策を編み出す｜创造解决方案）,边缘词
干渉,かんしょう,名詞,干涉,干渉を避ける / 干渉がある / 干渉の影響,2,真题,否,(注 2)干渉する: ここでは、 必要以上に関わる / 告・連続・相談) などといって、上司がいちいち部下の仕事に干渉し(注2) がちだ。,①干涉（他人の干渉を受ける｜受到他人干涉）②干扰（無用な干渉を避ける｜避免无用的干扰）,边缘词
エクセル,えくせる,名詞,Excel,エクセルを使う / エクセルの機能 / エクセルで作成する,2,真题,否,(注4)エクセルやらパワーポイント:コンビュータのソフト / その結果、 部下に身につくのは、エクセルやらパワーポイント (注4)の,①Excel（エクセルを使う｜使用Excel）,边缘词
パワー,ぱわー,名詞,力量,パワーを発揮する / パワーが必要だ / パワーを持つ,2,真题,否,(注4)エクセルやらパワーポイント:コンビュータのソフト / その結果、 部下に身につくのは、エクセルやらパワーポイント (注4)の,①力量（パワーを感じる｜感受到力量）②能力（彼のパワーはすごい｜他的能力很强）,边缘词
最善,さいぜん,名詞,最佳,最善を尽くす / 最善を求める / 最善を尽くすこと,2,真题,否,. 部下のアイデアを取り入れた上で、 最善の方法を指示すること / その上で、見本を見せて、あとは部下の創意工夫 (注5)に任せ、部下に最善だと思う資料ができるま,①最佳（最善の方法を選ぶ｜选择最佳方法）②最好的（最善を尽くす｜尽力做到最好）,边缘词
出し,だし,接尾辞,输出,出しをする / 出しを決める / 出しを考える,2,真题,否,でロ出しはしない(注6) ことだ。 / 今回取り上げるのは、自転車の 【48】 出し。,①提出（意見を出し合う｜提出意见）②发出（声を出し続ける｜持续发出声音）,边缘词
いや,いや,感動詞,不,いやがる / いやになる / いやだ,2,真题,否,と思うかもしれない。 / いや、むしろ大いに役立つのであ,①不（いやだと言った｜说了不想要）②厌烦（いやな気持ちになる｜感到厌烦）,边缘词
確立,かくりつ,名詞,确立,確立を目指す / 確立が必要だ / 確立する,2,真题,否,確立 (注7) していくはずだ。 / (注7)確立する: ここでは、 しっかり身につける,①确立，建立（新しい制度を確立する｜确立新制度）②确定，明确（目標を確立する｜明确目标）,边缘词
通行,つうこう,名詞,通行,通行が禁止される / 通行を許可する / 通行が多い,2,真题,否,[24] この道は終日通行止めです。 / る自転車が増え、車両や歩行者の通行の妨げになってしまう。,①通行，通行权（この道は通行禁止です｜这条路禁止通行）②通行，经过（通行する車両｜经过的车辆）,边缘词
ジュース,じゅーす,名詞,果汁,ジュースを飲む / ジュースが好きだ / ジュースを作る,2,真题,否,.ジュースがコップにぎっしり入っている。 / ジュースを注ぎすぎて、 コツプから漏れてしまった,①果汁，饮料（オレンジジュースが好き｜喜欢橙汁）,边缘词
獲物,えもの,名詞,猎物,獲物を狙う / 獲物が捕まる / 獲物を捕る,2,真题,否,(注2)獲物: ここては、食べるための動物 / 獲物 (注2) を探す、 追いかける、取ってくる,①猎物，捕获物（獲物を追う｜追逐猎物）②战利品，成果（獲物を得る｜获得战利品）,边缘词
生まれつき,うまれつき,名詞,天生,生まれつきの才能 / 生まれつきが良い / 生まれつきの性格,2,真题,否,(注 1)本能: ここでは、生まれつき持っている性質 / . 犬の生まれつき持っている性質が、 人間社会に合わせて変化したから。,①天生，生来（彼は生まれつき優れた才能がある｜他天生有才华）,边缘词
開かす,ひらかす,動詞,打开,開かすことができる / 開かすために / 開かすのが難しい,2,真题,否,ら「まずい、嫌い」 / 普段から 「まずい、嫌い」,①打开，开启（ドアを開かす｜打开门）②使……开放（心を開かす｜使心灵开放）,边缘词
ネガティブ,ねがてぃぶ,名詞,消极,ネガティブな考え / ネガティブになる / ネガティブな影響,2,真题,否,(注2) ネガティブな : ここでは、マイナスの / 壁はともすれば (注1) 行動の限界を決めてしまうネガティブな (注2) イメージをもたれていますが、,①消极，负面（ネガティブな考え｜消极的想法）②否定，反对（ネガティブな反応｜负面的反应）,边缘词
エレメント,えれめんと,名詞,元素,エレメントが必要だ / エレメントを追加する / エレメントを選ぶ,2,真题,否,(注3)エレメント: 要素 / 実は人間が他の個体と関係を調整するための大変重要なエレメント (注3)だったのではないか、とぼく,①元素，成分（重要なエレメント｜重要的元素）②要素，因素（成功のエレメント｜成功的因素）,边缘词
こもる,こもる,動詞,闭塞,こもることがある / こもる時間 / こもる場所,2,真题,否,(注4)･･･ にこもっている... から出ないでいる / すし、会いたくなければ壁のうちにごもっていれば(注4) いい。,①闭塞，封闭（部屋にこもる｜待在房间里）②充满，弥漫（声がこもる｜声音变得模糊）,边缘词
従事,じゅうじ,名詞,从事,従事する仕事 / 従事している / 従事すること,2,真题,否,(注1)･･･に従事する: ここでは、 ...を行う / 様々な考えを持った多様な研究者が多数研究に従事する (注1)ことで、誰かが大発見をする確率が高く,①从事，参与（研究に従事する｜从事研究）,边缘词
カロテン,かろちん,名詞,胡萝卜素,カロテンが豊富だ / カロテンを摂る / カロテンが含まれる,2,真题,否,(注1) β-カロテン: 栄養素の一つ / 嫌いな子どもが多いピーマンは、β-カロテン (注1)を含んでいる。,①胡萝卜素（例：カロテンが豊富です｜富含胡萝卜素）②色素成分（例：色素が多い｜色素成分丰富）,边缘词
プロッコリー,ぷろっこりー,名詞,西兰花,プロッコリーを食べる / プロッコリーが好きだ / プロッコリーを育てる,2,真题,否,確かにプロッコリーやほうれん草を食べられるなら、ピーマ / しかし、プロッコリーやほうれん草でも摂れる栄養素であることから、 「嫌いなピーマンを無理に食,①西兰花（例：プロッコリーが好きです｜喜欢西兰花）,边缘词
ほうれん,ほうれん,名詞,菠菜,ほうれんを使う / ほうれんが必要だ / ほうれんを食べる,2,真题,否,確かにプロッコリーやほうれん草を食べられるなら、ピーマ / しかし、プロッコリーやほうれん草でも摂れる栄養素であることから、 「嫌いなピーマンを無理に食,①菠菜（例：ほうれんが新鮮です｜菠菜很新鲜）,边缘词
励ます,はげます,動詞,鼓励,励ます言葉 / 励ますために / 励ますことが大切,2,真题,否,口でもいいから食べてみよう」 / (注3) 励ます : やる気にさせる,①鼓励（例：友達を励ます｜鼓励朋友）②激励（例：頑張れと励ます｜激励加油）,边缘词
受容,じゅよう,名詞,接受,受容が必要だ / 受容すること / 受容を示す,2,真题,否,(注4) 受容できる: 受け入れることのできる / 自身がさまざまな食材を受容できる (注4) 環境をつくることが大切である。,①接受（例：受容が大切です｜接受很重要）②容纳（例：受容する心｜心胸宽容）,边缘词
内面,ないめん,名詞,内心,内面を見つめる / 内面が大切だ / 内面を理解する,2,真题,否,というような / 「人を撮ればその人の内面を写る」,①内心（例：内面を見つめる｜审视内心）②内在（例：内面の成長｜内在成长）,边缘词
人となり,ひととなり,名詞,人品,人となりが良い / 人となりを知る / 人となりが大切,2,真题,否,(注2) その人の 「人となり」 : その人らしさ / 自然に、 当たり前のようにいま撮った写真にはその人に「人となり」 (注2)が、 顔や髪形、肩や,①性格（例：彼の人となりが好き｜喜欢他的性格）②为人（例：人となりが良い｜为人很好）,边缘词
セレクト,せれくと,名詞,选择,セレクトする商品 / セレクトが重要だ / セレクトを考える,2,真题,否,(注5)セレクトの段階: 選ぶ段階 / ていなかったことも、それがその被写体 (注4)の重要な構成要素であり、そこに写真家がセレクト (注5),①选择（例：セレクトが重要です｜选择很重要）②挑选（例：セレクト商品｜精选商品）,边缘词
妨げ,さまたげ,名詞,妨碍,妨げになる / 妨げを排除する / 妨げを受ける,2,真题,否,る自転車が増え、車両や歩行者の通行の妨げになってしまう。 / 質のよい睡眠をとるためには、睡眠の妨げになる緊張や興奮を取り除いて心や体を落ち着かせ,①障碍（例：妨げになる｜成为障碍）②阻碍（例：妨げを排除する｜消除阻碍）,边缘词
興奮,こうふん,名詞,兴奋,興奮を覚える / 興奮する瞬間 / 興奮が高まる,2,真题,否,質のよい睡眠をとるためには、睡眠の妨げになる緊張や興奮を取り除いて心や体を落ち着かせ / 大事な試合を落とした直後は選手も興奮、落胆 (注4) などさまざまな感情が入り交じっていて、生,①兴奋（例：興奮しています｜感到兴奋）②激动（例：興奮した気持ち｜激动的心情）,边缘词
牛乳,ぎゅうにゅう,名詞,牛奶,牛乳を飲む / 牛乳が好きだ / 牛乳を使う,2,真题,否,バターやチーズは牛乳から生じる / 例えば、 私は温かい牛乳を飲んだりクラシック音楽を聞いたりしている。,①牛的乳汁（例：牛乳を飲む｜喝牛奶）,边缘词
難問,なんもん,名詞,难题,難問に挑む / 難問を解く / 難問が出る,2,真题,否,. 悩むような難問ではないと言ってくれること。 / らない難問に対して、 事情もよくわからない他人からそんなに簡単に答を出されてはたまらない。,①难以解决的问题（例：難問に挑戦する｜挑战难题）,边缘词
吹っ切れる,ふっきれる,動詞,释怀,吹っ切れる瞬間 / 吹っ切れることができる / 吹っ切れるように,2,真题,否,(注3) 吹っ切れる:消えてなくなる / 迷いが吹っ切れる (注3) 瞬間というのも、そのようにして訪れるのだろう。,①放下心结（例：悩みを吹っ切れる｜放下烦恼）,边缘词
交錯,こうさく,名詞,交错,交錯する意見 / 交錯が起こる / 交錯を避ける,2,真题,否,(注6) 交錯する:交差する / いを説明しているうちに、 自分の理解の枠組みと聞き手の理解の枠組みが交錯 (注6) しつつ融合し(注,①交错、交织（例：交錯する道｜交错的道路）②重叠、混合（例：交錯する感情｜交织的感情）,边缘词
融合,ゆうごう,名詞,融合,融合する文化 / 融合が進む / 融合を目指す,2,真题,否,(注7) 融合する : 一つになる / いを説明しているうちに、 自分の理解の枠組みと聞き手の理解の枠組みが交錯 (注6) しつつ融合し(注,①结合、融入（例：文化が融合する｜文化融合）②合并、统一（例：融合した技術｜技术合并）,边缘词
ビン,びん,名詞,瓶子,ビンに入れる / ビンを開ける / ビンが必要だ,2,真题,否,をご利用ください。 / 平山空港から友人の家に、 ビン入りのジ,①瓶子、容器（例：ビンに入れる｜放入瓶子）,边缘词
加山,かやま,名詞,加山,加山に行く / 加山を訪れる / 加山が美しい,2,真题,否,. 加山さんは一般会員で、この宅配サービスが利用可能である。 / . 加山さんは、 旅行に行くため四国地方の自宅から 平山空港に荷物を送ろうと思っている。,①加山（例：加山に行く｜去加山）,边缘词
四国,しこく,名詞,四国,四国を旅行する / 四国に住む / 四国が好きだ,2,真题,否,料金検索結果 【通常配送】 (四国地方から平山空港へ) / . 加山さんは、 旅行に行くため四国地方の自宅から 平山空港に荷物を送ろうと思っている。,①日本的四国地区（例：四国を旅行する｜旅行四国）,边缘词
ターミナル,たーみなる,名詞,终端,ターミナルで待つ / ターミナルが混雑する / ターミナルを利用する,2,真题,否,ターミナル1階 10時~22時 / ターミナル1階南 06時~20時,①终点站、终端（例：バスターミナル｜公交终点站）②终端设备（例：ターミナルを使う｜使用终端）,边缘词
しどう,しどう,名詞,指导,しどうを受ける / しどうが必要だ / しどうを行う,2,真题,否,のうぎょうしどうが受けられるから / . 大学でサッカーのしどう法を研究する,①指导、引导（例：しどうを受ける｜接受指导）,边缘词
語り,かたる,名詞,叙述,語りを楽しむ / 語りが上手だ / 語りをする,2,真题,否,しかし、落語家の動作と語りを / 落語とは、 落語家の動作と語りを,①叙述（物語を語る｜讲述故事）②讲述（彼は経験を語った｜他讲述了经历）,边缘词
休日,きゅうじつ,名詞,假日,休日を楽しむ / 休日が待ち遠しい / 休日に出かける,2,真题,否,ポスターを休日に提出させてほしい / 着る服装を選ぶときも、 休日の予,①休息日（今日は休日です｜今天是休息日）②假日（休日を楽しむ｜享受假日）,边缘词
書き換える,かきかえる,動詞,重写,書き換える必要がある / 書き換えることができる / 書き換える作業,2,真题,否,環境団体が各商品の情報を常に書き換えているので、 最新のモデルを選ぶことができる / メーカー側が年4回、情報を書き換える仕組みとなっており、最新のモデルを検索する際にも,①重写（文章を書き換える｜重写文章）②修改（内容を少し書き換えた｜稍微修改内容）,边缘词
気楽,きらく,形状詞,轻松,気楽に過ごす / 気楽な気持ち / 気楽に考える,2,真题,否,確かに、一人で運動するほうが自分のペースでできるので気楽だという人もいる。 / うな借り物の声で話すことは、 気楽ではあるかもしれないけれど、 心身には大きな負担であろうと思い,①轻松（気楽に考えよう｜轻松地想）②无忧（気楽な生活｜无忧的生活）,边缘词
閲覧,えつらん,名詞,浏览,閲覧することができる / 閲覧が多い / 閲覧を楽しむ,2,真题,否,中学生と高校生が図書館の閲覧室を利用すること / 閲覧室に自分の教科書や参考書を持ってきて机の上に広げ、 学校の宿題や試験勉強をする中学生や,①浏览（資料を閲覧する｜浏览资料）②查阅（ウェブサイトを閲覧する｜查阅网站）,边缘词
外部,がいぶ,名詞,外部,外部からの影響 / 外部が気になる / 外部に出る,2,真题,否,一方、オンライン状態のコンピュータは、インターネットなどの外部 / オフライン状態のコンピュータは、 外部と交信せずに、すでにインプットされている情報やソフト,①外部（外部からの情報｜外部信息）②外面（外部の環境｜外部环境）,边缘词
交信,こうしん,名詞,通信,交信が必要だ / 交信を行う / 交信が途絶える,2,真题,否,と交信しながら新しい情報やソフトウェアを取り入れながら作業します。 / オフライン状態のコンピュータは、 外部と交信せずに、すでにインプットされている情報やソフト,①通信（交信を行う｜进行通信）②联系（彼と交信する｜与他联系）,边缘词
灯台,とうだい,名詞,灯塔,灯台が見える / 灯台を訪れる / 灯台が立っている,2,真题,否,「広辞苑」 / 「灯台下暗し」,①灯塔（灯台が見える｜能看到灯塔）②指引（灯台の光｜灯塔的光）,边缘词
じゃくてん,じゃくてん,名詞,弱点,じゃくてんを克服する / じゃくてんがある / じゃくてんを理解する,2,真题,否,分の写真の弱点もよく見えてくる。 / [10]特に目立ったじゃくてんはない。,①缺点（彼のじゃくてんは多い｜他的缺点很多）②不足（この製品のじゃくてん｜这个产品的不足）,边缘词
花丸,はなまる,名詞,满分,花丸をもらう / 花丸がつく / 花丸をつける,2,真题,否,花丸市道路交通部 ご担当者様 / 花丸駅前の有料駐車場を利用している者です。,①满分（花丸をもらった｜得到了满分）②赞赏（花丸をつける｜给予赞赏）,边缘词
シール,しーる,名詞,贴纸,シールを貼る / シールが必要だ / シールを集める,2,真题,否,最近、利用許可のシールが貼られていない自転車を多く見ます。 / った際にもらう利用許可シールを貼らなければ利用できないはずなので、これらは無断で止め,①贴纸（荷物にシールを貼る｜在包裹上贴贴纸）②封条（シールを貼って閉じる｜贴上封条）,边缘词
無断,むだん,名詞,擅自,無断で行動する / 無断が許されない / 無断で使う,2,真题,否,った際にもらう利用許可シールを貼らなければ利用できないはずなので、これらは無断で止め / 管理人が見回って、これらの自転車を片付けたり、無断で止めている人に注意したりするべき,①未经允许（無断で入るな｜禁止擅自进入）②擅自（無断で使用する｜擅自使用）,边缘词
凝縮,ぎょうしゅく,名詞,浓缩,凝縮することができる / 凝縮が進む / 凝縮を行う,2,真题,否,様々な流れが凝縮されている (注1)。 / (注1) 凝縮されている : たくさんのものが一つのところにぎゅっと詰まっている。,①浓缩（エネルギーを凝縮する｜浓缩能量）②压缩（情報を凝縮する｜压缩信息）,边缘词
減量,げんりょう,名詞,减量,減量を目指す / 減量が必要だ / 減量をする,2,真题,否,cc 前後に減量しているものがあるのだ。 / . ペットボトルの飲み物で減量する女性が昨年辺りから増えていること。,①减肥（体重を減量する｜减轻体重）②减少（コストを減量する｜减少成本）,边缘词
職種,しょくしゅ,名詞,职业,職種が多様だ / 職種を選ぶ / 職種に就く,2,真题,否,. 自分が希望している職種に就くことがてきること。 / 将来性、 希望職種に就ける可能性などを抑えてトップになったのは「社員の魅力や社内の雰囲気」,①职业种类（様々な職種がある｜有各种职业）②工作类型（職種を選ぶ｜选择工作类型）,边缘词
念頭,ねんとう,名詞,心中,念頭に置く / 念頭にある / 念頭を整理する,2,真题,否,(注1) 念頭に置く:ここては、 意識する / 実際に書き進める際には、 私の場合、 その原稿を読む最初の読者、すなわち担当編集者を念頭(注1)に,①心中（念頭に置く｜放在心中）②考虑（念頭に入れる｜考虑在内）,边缘词
全身,ぜんしん,名詞,全身,全身が疲れる / 全身を鍛える / 全身を使う,2,真题,否,. 全身の運動能力を高めさせること。 / 得意な動きも苦手な動きも行うことによって、全身の運動能力をバラ,①全身（全身を使って｜全身使用）②整个身体（全身が疲れた｜全身都很累）,边缘词
反,はん,名詞,反面,反がある / 反を考える / 反を示す,2,真题,否,本当は、「自分の言うことに反対されて傷つくのがいやだから、相手の言うことにも反 / .Aはけがにつながる恐れがあるので反対だと述べ、 Bはスポーツがいやになる可能性があるので反,①反对（反対の意見｜反对意见）②反面（反の立場｜反面的立场）,边缘词
うかつ,うーかつ,名詞,粗心,うかつに行動する / うかつが多い / うかつを避ける,2,真题,否,うかつに (注2)、 歳もとれなくなっているのです。 / の三条件がそろったからといって、うかつに発芽しないのです。,①粗心（うかつに忘れる｜粗心忘记）②不小心（うかつな行動｜不小心的行为）,边缘词
地形,ちけい,名詞,地形,地形が変わる / 地形を調べる / 地形が特徴的だ,2,真题,否,これらを生み出している岩波市の多様な地形・地質について / [71] ソンミンさんは地形・地質学講座に参加したいと考えている。,①地形（この地域の地形｜这个地区的地形）②地貌（地形が複雑｜地形复杂）,边缘词
地質,ちしつ,名詞,地质,地質を調査する / 地質が重要だ / 地質を学ぶ,2,真题,否,これらを生み出している岩波市の多様な地形・地質について / [71] ソンミンさんは地形・地質学講座に参加したいと考えている。,①地球的构造（例：地質が複雑だ｜地质复杂）②土壤成分（例：地質調査を行う｜进行地质调查）,边缘词
当選,とうせん,名詞,当选,当選することができる / 当選を目指す / 当選が決まる,2,真题,否,再度の抽選で当選された方には、 講座当日の4日前までに電話で当選の連絡をい,①选举获胜（例：彼が当選した｜他当选了）②中奖（例：宝くじに当選した｜中奖）,边缘词
むち,むち,名詞,鞭子,むちを使う / むちが必要だ / むちを持つ,2,真题,否,きんむちが自宅から遠いから / きんむちがきぼうと合わないから,①鞭子（例：むちで叩く｜用鞭子打）②惩罚（例：むちを受ける｜受到惩罚）,边缘词
大雨,おおあめ,名詞,大雨,大雨が降る / 大雨に遭う / 大雨が続く,2,真题,否,大雨で川の水が茶色く濁っている / 朝から雨が降り、夕方から大雨になる,①强降雨（例：大雨が降る｜下大雨）②暴雨天气（例：大雨警報｜大雨警报）,边缘词
燃え移る,もえうつる,動詞,蔓延,燃え移る危険 / 燃え移ることがある / 燃え移る火,2,真题,否,台所のカーテンにストーブの火が燃え移ったこと / 居間のカーテンにストーブの火が燃え移ったこと,①火势蔓延（例：火が燃え移る｜火势蔓延）②引发连锁反应（例：火が燃え移った｜火蔓延了）,边缘词
ひとしい,ひとしい,形容詞,相等,ひとしい価値 / ひとしい条件 / ひとしい扱い,2,真题,否,[10]A と B は、 大きさがひとしい。 / れが原因で気に囲まれた人々が等しくおかしな見方をしてしまうことがよく起こります。,①相等的（例：彼とひとしい｜和他相等）②相同的（例：価値がひとしい｜价值相同）,边缘词
プロフィール,ぷろふぃーる,名詞,个人资料,プロフィールを更新する / プロフィールが重要だ / プロフィールを作成する,2,真题,否,(注) プロフィール: ここでは、 紹介 / ある人物のプロフィール (注) を書くのならば、ひとりが,①个人资料（例：プロフィールを更新する｜更新个人资料）②简介（例：彼のプロフィール｜他的简介）,边缘词
閉,へい,接頭辞,关闭,閉まる / 閉じる / 閉じ込める,2,真题,否,月31日に閉室することになりました。 / .2号館のパソコン自習室の閉室日が早まったこと,①关闭（例：ドアを閉める｜关上门）②结束（例：店が閉まる｜店关门）,边缘词
早まる,はやまる,動詞,提前,早まる / 早める / 早くなる,2,真题,否,.2号館のパソコン自習室の閉室日が早まったこと / .4号館のパソコン自習室の利用開始日が早まったこと,①提前（例：予定が早まる｜计划提前）②加速（例：成長が早まる｜成长加速）,边缘词
屋内,おくない,名詞,室内,屋内で / 屋内に / 屋内の,2,真题,否,. 屋内より屋外で飼ったほうが、 金魚はえさをよく食べる。 / 屋内の水槽 (注1) で飼育 (注2) している場合でも、 水温が10度以下になると金魚の動きは鈍くなり、,①室内（例：屋内で遊ぶ｜在室内玩）②建筑内部（例：屋内にいる｜在建筑内部）,边缘词
水槽,すいそう,名詞,水箱,水槽に / 水槽で / 水槽の,2,真题,否,(注1) 水槽: 生物を飼うために水を入れた容器 / 屋内の水槽 (注1) で飼育 (注2) している場合でも、 水温が10度以下になると金魚の動きは鈍くなり、,①水的容器（例：水槽に魚がいる｜水槽里有鱼）②用于养殖的水池（例：水槽で育てる｜在水槽里养）,边缘词
のめりこむ,のめりこむ,動詞,沉迷,のめりこむ / のめり込む / のめり込んで,2,真题,否,(注1)のめりこむ:熱中する / 自分がのめりこんだ (注1) ことが、 仕事として成立したなら、これほど楽しいことはないだろう。,①沉迷于某事（例：ゲームにのめりこむ｜沉迷于游戏）②全心投入（例：仕事にのめりこむ｜全心投入工作）,边缘词
早める,はやめる,動詞,加快,早める / 早まる / 早くする,2,真题,否,場で伝えるほうが上達を早めます。 / 開館時間を早めることを検討している,①提前进行（例：会議を早める｜提前会议）②加快进度（例：作業を早める｜加快作业进度）,边缘词
パフォーマンス,ぱふぉーまんす,名詞,表现,パフォーマンスが / パフォーマンスを / パフォーマンスに,2,真题,否,(注5) パフォーマンス : ここでは、動き方 / 産的なパフォーマンス (注5)に関する話し合いは不可能なので、一日おいて (注6) 話すほうがよいでしょ,①表演（例：素晴らしいパフォーマンス｜精彩的表演）②表现（例：パフォーマンスが良い｜表现很好）,边缘词
氷解,ひょうかい,名詞,冰释,氷解する / 氷解が / 氷解の,2,真题,否,(注1) 氷解する: ここでは、解決する / つい先日、その永年の疑問が氷解した (注1)。,①冰融化（例：氷解する春｜春天冰融化）②消除误解（例：誤解が氷解する｜消除误解）,边缘词
集,しゅう,接尾辞,集合,集まる / 集める / 集合する,2,真题,否,気持ちを感じられる自分のこころの力を信じて、あれこれ考えすきずに今自分にできることに集 / の時刻表、地図帳、 人名事典、 旅行案内、 百科事典、 美術写真集、 植物図鑑などの類 (注2) であって、,①集合（例：人が集まる｜人们聚集）②聚集（例：情報を集める｜收集信息）,边缘词
挫折,ざせつ,名詞,挫折,挫折を / 挫折が / 挫折に,2,真题,否,一度退屈したら、 挫折する (注3) / (注3) 挫折する: ここでは、 あきらめる,①遭遇困难（例：挫折を経験する｜经历挫折）②失败（例：挫折を乗り越える｜克服失败）,边缘词
いわゆる,いわゆる,連体詞,所谓,いわゆるもの / いわゆる人 / いわゆること,2,真题,否,(注4) いわゆる : 一般的に言われている / 親は必死になって、いわゆる (注4) 読み物の類を買い与,①所谓的（例：いわゆる名作｜所谓的名作）②通常所称（例：いわゆる問題｜通常所称的问题）,边缘词
カタログ,かたろぐ,名詞,目录,カタログに / カタログを / カタログの,2,真题,否,それでも、恐竜カタログは好きかもしれない。 / . 最初は読み物よりもカタログなどを読めばいい。,①商品目录（例：カタログを見せる｜展示商品目录）②资料册（例：カタログを配布する｜分发资料册）,边缘词
受け手,うけて,名詞,接收者,受け手が / 受け手に / 受け手の,2,真题,否,ゆえに (注3) 映像の作者は、目の前にいない受け手 / 受け手とのキャッチボールでより大きなものになっていく。,①接受者（例：受け手が重要｜接受者很重要）②听众（例：受け手の反応｜听众的反应）,边缘词
態,たい,名詞,状态,態が / 態に / 態を,2,真题,否,態でも自分の力を出せるようにしたほうがいい。 / 態は、集中力を高める効果があるので、 緊張をなくそうとする必要はない。,①状态（物事の状態｜事情的状态）②态度（態度を示す｜表现态度）,边缘词
とりわけ,とりわけ,副詞,特别,とりわけ重要な / とりわけ好きな / とりわけ大切な,2,真题,否,とりわけ今は、 新しい知識や情報というのは、ほうっておいても入ってくる時代です。 / 分の力を使って何かをやって、他者、とりわけ身近な他者が喜んでくれると、 それがまた,①特别（とりわけ大切なこと｜特别重要的事）②尤其（とりわけ好きな食べ物｜尤其喜欢的食物）,边缘词
休会,きゅうかい,名詞,休会,休会する / 休会中 / 休会の,2,真题,否,休会したい月の前月20日まで / 休会(スクールを1ヶ月以上休む場合),①暂停会议（会議を休会する｜暂停会议）,边缘词
かんい,かんい,形状詞,简易,かんいに / かんいな / かんいで,2,真题,否,. かんい説明書の内容を減らす / . かんい説明書の文字を大きくする,①简易（簡易な手続き｜简易手续）②宽松（かんいな規制｜宽松的规定）,边缘词
動画,どうが,名詞,视频,動画を / 動画で / 動画の,2,真题,否,えんそうの動画をていしゅつする / . 毎日 30分ていど動画を見ている人,①视频（動画を視聴する｜观看视频）,边缘词
地上,ちじょう,名詞,地面,地上に / 地上で / 地上の,2,真题,否,取り出すときも、暗証番号を入力すれば、 機械が地上へ運んできてくれる。 / 自転車だけを運ぶエレベーターが設置されており、地上で自転車をエレベーターに乗せてボタン,①地面（地上に立つ｜站在地面上）②地球表面（地上の生物｜地球表面的生物）,边缘词
禁ずる,きんずる,動詞,禁止,禁ずること / 禁ずるの / 禁ずるに,2,真题,否,そこらを汚す」 / といって、子供の遊びをやみくもに禁じてしまわないこと,①禁止（使用を禁ずる｜禁止使用）,边缘词
遊び心,あそびごころ,名詞,玩心,遊び心を / 遊び心が / 遊び心で,2,真题,否,楽しく、遊び心でというのは、 楽をするというのとは違う。 / を通りすぎようとばかりするが、 自分から喜んで、遊び心をもってやることはよく身につき、蓄積され,①玩乐精神（遊び心を持つ｜有玩乐的精神）②幽默感（遊び心がある｜有幽默感）,边缘词
根づく,ねづく,動詞,扎根,根づくこと / 根づくに / 根づくの,2,真题,否,こうした見方が組織内に一度根づいてしまうと、なかなか変え / 読書は、本の書き手や登場人物のワールドが自分の中に根づくことで、 人生を豊かにしていくこと,①扎根（文化が根づく｜文化扎根）②生长（植物が根づく｜植物生长）,边缘词
入り込む,はいりこむ,動詞,进入,入り込む / 入り込んで / 入り込むこと,2,真题,否,み、その人が深く入り込んできたら…。 / 一方で、他者が自分の中に入り込む怖さもあります。,①进入（部屋に入り込む｜进入房间）②渗透（市場に入り込む｜渗透市场）,边缘词
どっぷり,どっぷり,副詞,沉浸,どっぷりと / どっぷりした / どっぷり浸かる,2,真题,否,その世界にどっぷりはまることで、 思考が深 / 「どっぷり読書』も、それはそれで② いいものです。,①沉浸于（例：仕事にどっぷり｜沉浸于工作）②完全地（例：どっぷり浸かる｜完全沉浸）,边缘词
始まり,はじまり,名詞,开始,始まりが / 始まりの / 始まりに,2,真题,否,手紙で思いを伝えるには、 始まりや終わりの決まり文句など、 形式的な表現や文 / と、始まりや終わりの決まり文句など、形式的な表現や文を使わなければならないと思われがちだ。,①开始（例：新しい始まり｜新的开始）②起源（例：始まりの物語｜故事的起源）,边缘词
文句,もんく,名詞,抱怨,文句を / 文句が / 文句で,2,真题,否,手紙で思いを伝えるには、 始まりや終わりの決まり文句など、 形式的な表現や文 / と、始まりや終わりの決まり文句など、形式的な表現や文を使わなければならないと思われがちだ。,①抱怨（例：文句を言う｜抱怨）②句子（例：文句を作る｜造句）,边缘词
正す,ただす,動詞,纠正,正すこと / 正すの / 正すに,2,真题,否,もし、うまくいっていれば、 決断が正しかと / AもBも、 礼儀正しすぎる印象を与えるのであまり使わないほうがいいと述べている,①纠正（例：間違いを正す｜纠正错误）②调整（例：姿勢を正す｜调整姿势）,边缘词
退職,たいしょく,名詞,辞职,退職する / 退職が / 退職の,2,真题,否,だが、三年で退職する羽目になったする / 私の会社は60歳が定年なので、 あと半年で退職だ,①辞职（例：退職する｜辞职）②退休（例：退職金｜退休金）,边缘词
処する,しょする,動詞,处理,処すること / 処するに / 処するの,2,真题,否,思うだろうが、そうではなく、 処し方がよかったのだ。 / にあったのではなく、 その後の処し方が悪かったからだ。,①处理（例：問題を処する｜处理问题）②对待（例：丁寧に処する｜礼貌对待）,边缘词
票,ひょう,名詞,票,票を / 票が / 票の,2,真题,否,. 受験番号と名前を下の欄に、受験票と同じように書いて,①票据（例：入場票｜入场票）②选票（例：投票票｜投票票）,边缘词
善良,ぜんりょう,名詞,善良,善良な / 善良で / 善良に,2,真题,否,青木さんは善良な人です。 / せんりょう 2ぜんりゅう 3 ぜんりょう 4 せんりゅう,①善良（例：善良な心｜善良的心）②良好（例：善良な行い｜良好的行为）,边缘词
可燃,かねん,名詞,可燃,可燃性の / 可燃物 / 可燃が,2,真题,否,「資源ごみ」 / 最近、「可燃ごみ」,①可燃的（例：可燃ごみ｜可燃垃圾）②易燃（例：可燃物｜易燃物）,边缘词
シビア,しびあ,形状詞,严厉,シビアな / シビアに / シビアで,2,真题,否,(注1) シビアな : 厳しい / 三年も結果を出せなければ、それが本人の持っている実力である、 という結構シビアな言,①严厉（例：シビアな評価｜严厉的评价）②严峻（例：シビアな状況｜严峻的情况）,边缘词
断つ,たつ,動詞,断绝,断つこと / 断つの / 断つに,2,真题,否,水を断つのですから、その時期と期間を間 / (注1)断つ:ここでは、与えるのをやめる,①切断（例：糸を断つ｜切断线）②中断（例：連絡を断つ｜中断联系）,边缘词
養分,ようぶん,名詞,养分,養分を / 養分が / 養分の,2,真题,否,(注3) 養分: 栄養となる成分 / 根が水を吸収する力が強くなると、 養分もよく吸収され、,①营养（例：植物の養分｜植物的营养）②养料（例：養分を与える｜提供养料）,边缘词
合成,ごうせい,名詞,合成,合成する / 合成が / 合成の,2,真题,否,葉が大きく展開し、光合成が十分にできます。 / (注4) 光合成:ここでは、 植物が光を使って栄養となる成分をつくり出すこと,①合成（例：化学合成｜化学合成）②综合（例：合成音楽｜综合音乐）,边缘词
気後れ,きおくれ,名詞,畏缩,気後れを / 気後れが / 気後れに,2,真题,否,あるから気後れする人もいる。 / (注1) 気後れする: 消極的になる,①怯懦（例：気後れする｜感到怯懦）②畏缩（例：気後れを感じる｜感到畏缩）,边缘词
尻込み,しりごみ,名詞,退缩,尻込みする / 尻込みが / 尻込みの,2,真题,否,(注2) 尻込みする: ここでは、不安になってやろうとしない / 場合は、うまく話せないからと尻込みする者はいたが、 自分の考えを言うことを嫌がる者,①退缩（例：尻込みする｜退缩）②犹豫（例：尻込みしている｜犹豫不决）,边缘词
とやかく,とやかく,副詞,多言,とやかく言う / とやかく考える / とやかくする,2,真题,否,というものだった。 / (注4)とやかく : 良いとか悪いとか,①多嘴（例：とやかく言う｜多嘴）②干涉（例：とやかく言わない｜不干涉）,边缘词
目算,もくさん,名詞,估算,目算が / 目算を / 目算の,2,真题,否,(注1) 目算が立つ 見通しがつく / 「独立が成功する目算が立った時点で会,①估算（例：目算する｜进行估算）②预估（例：目算が外れる｜预估错误）,边缘词
わきまえる,わきまえる,動詞,明白,わきまえること / わきまえるの / わきまえるに,2,真题,否,(注3) わきまえている : わかっている / 決断ができる人はそれをわきまえていて、条件が不足していることを自覚しながらきち,①理解（例：状況をわきまえる｜理解情况）②分辨（例：わきまえるべき｜应该分辨）,边缘词
任す,まかす,動詞,委托,任すこと / 任すの / 任すに,2,真题,否,逆に、 何かを任されて、 相手を喜ばせる機会や体験を、いまの子どもたちはどれ / ②何かを任されて、 相手を喜ばせる機会や体験は、 昔の子どもたちにどのような影響,①委托（例：仕事を任す｜委托工作）②交给（例：任せてください｜请交给我）,边缘词
まかなう,まかなう,動詞,供给,まかなうこと / まかなうの / まかなうに,2,真题,否,(注6) まかなう ここでは、済ませる / しかし、今日のように経済的に豊かな社会になって、 生活のほとんどが貨幣でまかなわ,①供给（例：費用をまかなう｜供给费用）②负担（例：まかなうことができる｜能够负担）,边缘词
山林,さんりん,名詞,山林,山林で / 山林の / 山林に,2,真题,否,「はなかわ」 / では、 山林店、 古寺店、 森島店の三つの店で、,①山中的森林（例：山林が美しい｜山林美丽）②山地和森林的结合（例：山林を散策する｜散步在山林）,边缘词
広まる,ひろまる,動詞,传播,広まること / 広まるに / 広まるの,2,真题,否,"そのニュースがたちまち広まった。 / 限りがある香木は,香道が広まり需要が増えすぎればなくなるおそれもあります。",①传播开来（例：噂が広まる｜谣言传播）②普及（例：知識が広まる｜知识普及）,边缘词
香木,こうぼく,名詞,香木,香木の / 香木を / 香木で,2,真题,否,"香木の香りかを当てて楽しんだりもします。 / 限りがある香木は,香道が広まり需要が増えすぎればなくなるおそれもあります。",①散发香气的木材（例：香木を使った家具｜用香木做的家具）②用于制作香料的木材（例：香木の香り｜香木的香气）,边缘词
いらいら,いらいら,名詞,烦躁,いらいらする / いらいらが / いらいらの,2,真题,否,人に期待してイライラしながら過ごすか、 努力して期待 / はじめから相手に期待することをやめられれば、怒りもいらいらも生まれず、穏やかな,①焦躁不安（例：いらいらする｜感到焦躁）②烦躁（例：いらいらしている｜感到烦躁）,边缘词
排除,はいじょ,名詞,排除,排除する / 排除が / 排除の,2,真题,否,(注2)排除する:ここでは、取り除く / 競争は敗者を排除(注2)するプロセスではなく、 多様な環境の中にそれぞれの生物の,①排除掉（例：問題を排除する｜排除问题）②剔除（例：不要なものを排除する｜剔除不必要的东西）,边缘词
抗議,こうぎ,名詞,抗议,抗議する / 抗議が / 抗議の,2,真题,否,(注1)抗議:ここでは、反対や怒り / とをされても、まだ生まれていない生命は、抗議(注1)の声をあげることもできないの,①表示反对（例：抗議の声｜抗议的声音）②抗议活动（例：抗議を行う｜进行抗议）,边缘词
飛び込む,とびこむ,動詞,跳入,飛び込むこと / 飛び込むに / 飛び込むの,2,真题,否,本の中身に飛び込めるように、 表紙と絵の多いページを見せる。 / つまり、すぐに本の中身に飛び込んでゆくのではなく、じっくりと本を見せて、そのお,①跳入（例：水に飛び込む｜跳入水中）②突然进入（例：会議に飛び込む｜突然进入会议）,边缘词
控えめ,ひかえめ,形状詞,谦虚,控えめな / 控えめに / 控えめで,2,真题,否,(注4)控えめな:大げさでない / し方と、それに伴う控えめな(注4)身振りで、著者の思いを伝えようとします。,①谦虚低调（例：控えめな態度｜谦虚的态度）②适度（例：控えめな声｜适度的声音）,边缘词
波風,なみかぜ,名詞,波动,波風が / 波風を / 波風の,2,真题,否,(注2) 波風を立てずに:ここでは、 雰囲気を悪くしないで / その場で波風 (注2)を立てずに、聞き心地 (注3) がいいことだけを他人に言ってい,①波浪和风（例：波風が立つ｜波浪起伏）②纷争（例：波風を立てる｜引起纷争）,边缘词
案件,あんけん,名詞,案件,案件が / 案件を / 案件の,2,真题,否,たくさんの案件 (注5)を同時進行で動かしていると、自分がどの / だと正直ということを最優先していれば、 忘れてしまっている案件でも、ほぼ同じ決断,①事务或案件（例：案件を処理する｜处理事务）②问题（例：案件が多い｜问题很多）,边缘词
ぶれる,ぶれる,動詞,模糊,ぶれること / ぶれるの / ぶれるに,2,真题,否,(注6)ぶれる:ここでは、同じではなくなる / く逆のことを言ってしまったりして、 判断がぶれる (注6) のです。,①模糊不清（写真がぶれた｜照片模糊）②摇晃不定（心がぶれている｜心情摇晃）,边缘词
漠然,ばくぜん,形状詞,模糊,漠然と / 漠然な / 漠然で,2,真题,否,被写体 (注2) について漠然 / (注3)漠然とした:ぼんやりとした,①模糊不清（漠然とした印象｜模糊的印象）②不明确（漠然とした考え｜不明确的想法）,边缘词
見過ごす,みすごす,動詞,忽视,見過ごすこと / 見過ごすの / 見過ごすに,2,真题,否,撮影中には見過ごしていた(注5)ことが、後で冷静 / (注5) 見過ごしている:ここでは、気づいていない,①忽视（小さなミスを見過ごす｜忽视小错误）②放过（チャンスを見過ごす｜放过机会）,边缘词
修整,しゅうせい,名詞,修整,修整する / 修整が / 修整の,2,真题,否,(注6)修整する:ここでは、補う / 欠けていたものを修整 (注6) するこ,①修正（写真を修整する｜修正照片）②调整（計画を修整する｜调整计划）,边缘词
完結,かんけつ,名詞,结束,完結する / 完結が / 完結の,2,真题,否,自己完結した(注 7)小さな世界が、 / (注7) 自己完結した:ここでは、 自分だけで出来上がった,①结束（物語が完結した｜故事结束）②完成（プロジェクトが完結した｜项目完成）,边缘词
挑戦,ちょうせん,名詞,挑战,挑戦する / 挑戦が / 挑戦の,2,真题,否,(注1)挑戦:チャレンジ / 二度目の宇宙飛行への挑戦(注1)を決心したとき、 毛利さんはすでに四十八歳にな,①挑战（新しいことに挑戦する｜挑战新事物）②尝试（自分を挑戦する｜尝试自我挑战）,边缘词
薄々,うすうす,副詞,隐约,薄々と / 薄々した / 薄々で,2,真题,否,(注3)薄々:なんとなく / 利さんも、じつはそのことは、二度目の訓練を受けているときから薄々 (注3) 感じてい,①隐约（薄々感じる｜隐约感觉）②稍微（薄々気づいている｜稍微察觉）,边缘词
後ろ髪,うしろがみ,名詞,留恋,後ろ髪を引かれる / 後ろ髪が残る / 後ろ髪に惹かれる,2,真题,否,後ろ髪を引かれる(注6) ような寂しさはあるが、し / (注6) 後ろ髪を引かれる: ここでは、なかなか諦められない,①牵挂（後ろ髪を引かれる｜牵挂）②留恋（後ろ髪が引かれる思い｜留恋）,边缘词
生きがい,いきがい,名詞,生存意义,生きがいを見つける / 生きがいがある / 生きがいにする,2,真题,否,を見つけるのも早そうだ。 / それは、新しい「生きがい」,①生活意义（仕事が生きがい｜工作是生活的意义）②存在价值（趣味が生きがい｜爱好是存在的价值）,边缘词
ハイキング,はいきんぐ,名詞,远足,ハイキングに行く / ハイキングを楽しむ / ハイキングでリフレッシュする,2,真题,否,ハイキングのおすすめコースガイドツアーのご案内 / アニカさんは友達と3人で一緒に、ハイキングに行ったことにした。,①远足（山でハイキングする｜在山上远足）②徒步旅行（友達とハイキング｜和朋友徒步旅行）,边缘词
青,あお,名詞,蓝色,青が好き / 青に染まる / 青を選ぶ,2,真题,否,3月19日の午後に青寺店で受け取れるか / 3月20日の午前中に青寺店で受け取れるか,①蓝色（空は青いです｜天空是蓝色的）②年轻（彼はまだ青い｜他还年轻）,边缘词
原作,げんさく,名詞,原作,原作がある / 原作を読む / 原作に基づく,2,真题,否,映画というのは監督が原作を読んで / 原作の小説は読者一人一人が作家からの記号,①原著（この映画は原作があります｜这部电影有原著）,边缘词
赤字,あかじ,名,赤字，亏空,赤字が出る / 赤字を解消する / 赤字を抱える,1,两者,是,. あの会社は今年は赤字を解約することができた、,①亏损（会社は赤字です｜公司在亏损）②赤字预算（予算が赤字です｜预算是赤字）,社区推荐
委員,いいん,名,委员,委員会（委员会）,1,两者,是,朝田市文化祭実行委員会事務所(朝田市民文化会館内),①委员（委員会の委員です｜我是委员会的委员）②代表（彼は委員として参加します｜他作为代表参加）,社区推荐
息,いき,名,呼吸；气息,息が合う（步调一致；合得来）,1,两者,是,全力で走ったので、 息があらくなった。,①呼吸（息を吸ってください｜请吸气）②气息（彼の息が聞こえる｜能听到他的气息）,社区推荐
大声,おおごえ,名,高声,大声を出す（叫喊）,1,两者,是,最近、大声で話しながら作業をしているグループが増えており、 自分の調べものに集中できず困って,①大声（大声で話してください｜请大声说）②高声（彼は大声で笑った｜他大声笑了）,社区推荐
外交,がいこう,名,外交；对外事务,外交事務（外事）,1,两者,是,政治、外交、経済、社会、文化に,①外交（外交が重要です｜外交很重要）②国际关系（外交問題がある｜有外交问题）,社区推荐
快晴,かいせい,名,晴朗，万里无云,快晴の日 / 快晴が続く / 快晴の空,1,两者,是,天気予報がなかい、 今日は一日中快晴だった。,①晴天（今日は快晴です｜今天是晴天）②好天气（快晴の日が続く｜好天气持续）,社区推荐
解放,かいほう,名·他サ,解放，摆脱,解放される / 解放を求める / 解放感を味わう,1,两者,是,は、労働から解放される喜びがあるし、 達成感もあるだろう、 (注1) レースでゴールをするのと同じ,①解放（彼は解放されました｜他被解放了）②释放（心が解放される｜心灵得到释放）,社区推荐
各人,かくじん,名,各人；所有人,各人が意見を述べる / 各人に配布する / 各人の考え,1,两者,是,各人が自分の責任において、自分の生き方を選ぶこと,①每个人（各人の意見を聞く｜听取每个人的意见）②各自（各人が責任を持つ｜各自承担责任）,社区推荐
角度,かくど,名,角度；立场,角度をはかる（测量角度）,1,两者,是,科など、さまざまな(注1)ジャンル、要するに別角度からの(注2)アプローチを経て、この三つの,①角度（例：角度を測る｜测量角度）②观点（例：異なる角度｜不同的观点）,社区推荐
瓦,かわら,名,瓦,かわらをふく（铺瓦）,1,两者,是,下記営業時間内に、 041-3@瓦00 にお電話ください。,①瓦片（例：屋根に瓦｜屋顶上有瓦片）②陶瓷（例：瓦の製品｜陶瓷制品）,社区推荐
観測,かんそく,名·他サ,观测,観測を行う / 観測が必要 / 観測結果を発表する,1,两者,是,宇宙開発は、 特に気象観測や通信、 交通,①观察（例：星を観測｜观察星星）②监测（例：気象を観測｜监测天气）,社区推荐
議員,ぎいん,名,议员,議員が発言する / 議員に選ばれる / 議員の仕事,1,两者,是,[45] 世界各国の国会議員選挙における投票率を世代ごとに見ると、 若い世代の,①国会议员（例：議員が発言｜议员发言）②地方议员（例：市議員選挙｜市议员选举）,社区推荐
記号,きごう,名,记号，符号,記号をつける（标记号）,1,两者,是,原作の小説は読者一人一人が作家からの記号,①符号（例：記号を使う｜使用符号）②标记（例：特別な記号｜特殊的标记）,社区推荐
規制,きせい,名·他サ,规定，限制,法律で規制する（用法律限制）,1,两者,是,花粉が多く飛ぶ季節を快適に過ごすために、 花粉症の人は規制正しい生活をして、体調管理に努め、とにかく花粉に接し,①限制（例：規制がある｜有一些限制）②规范（例：法律の規制｜法律的规范）,社区推荐
帰省,きせい,名·自サ,回乡,帰省する時期 / 帰省を楽しむ / 帰省の準備,1,两者,是,ある調査で、この1年に国内の旅行や帰省,①回家（例：帰省する時期｜回家的时机）②探亲（例：家族に帰省｜探亲）,社区推荐
規模,きぼ,名,规模,規模が大きい（规模大）,1,两者,是,今回のマラソン大会は、過去最大の規模で行われた。,①规模（例：大規模なイベント｜大规模的活动）②范围（例：規模を拡大｜扩大范围）,社区推荐
協調,きょうちょう,名·自サ,协调，合作,協調合作 [がっさく]（共同合作）,1,两者,是,集団生活を嫌い、協調性がないこと,①协调（例：協調して進める｜协调进行）②合作（例：協調が必要｜需要合作）,社区推荐
曲線,きょくせん,名,曲线,曲線を描く / 曲線が美しい / 曲線を利用する,1,两者,是,同3時には103に上がるという曲線を描いたそうです。,①曲线（例：曲線を描く｜画曲线）②弯曲（例：曲線の道｜弯曲的道路）,社区推荐
金庫,きんこ,名,保险柜,金庫を開ける / 金庫に保管する / 金庫の中身,1,两者,是,重要な書類は必ず金庫に入れて、頑丈に管理してください。,①保险箱（お金を保管するためのもの｜用来保管钱的东西）②金库（貴重品を保管する場所｜保管贵重物品的地方）,社区推荐
苦情,くじょう,名,抱怨,苦情を言う / 苦情が寄せられる / 苦情を受け付ける,1,两者,是,っているなどといった、様々な苦情が総務課に寄せられています。,①投诉（不満を訴えること｜投诉不满）②苦恼（不快な気持ち｜感到不快）,社区推荐
苦痛,くつう,名,痛苦,苦痛を感じる / 苦痛が続く / 苦痛を和らげる,1,两者,是,ことを除けば、ほとんど苦痛 / だから、講義だけ見れば、一定時間教室に「拘束(注2)される」,①痛苦（身体や心の苦しみ｜身体或心灵的痛苦）②苦恼（精神的な苦しみ｜精神上的苦恼）,社区推荐
苦難,くなん,名,苦难,苦難を乗り越える / 苦難に直面する / 苦難を経験する,1,两者,是,この製造法の発明から実用化までは、 苦難の道であり7年の年月がかかったが、,①艰难（困難な状況｜困难的情况）②苦境（辛い境遇｜辛苦的境遇）,社区推荐
区分,くぶん,名·他サ,分开，分割,区分を設ける / 区分が必要 / 区分を明確にする,1,两者,是,*ビュッフェ料金の区分について (ベルン・みよし共通),①分类（物事を分けること｜分类事物）②区分（異なる部分に分けること｜分成不同的部分）,社区推荐
警告,けいこく,名·他サ,警告,警告を発する / 警告が出る / 警告を無視する,1,两者,是,そして(注6) もはやかなり前から警告されているとお,①警告（注意を促すこと｜提醒注意）②警告（危険を知らせること｜通知危险）,社区推荐
見解,けんかい,名,见解，看法,見解を示す / 見解が異なる / 見解を述べる,1,两者,是,同じ分野の専門家でも、立場によって見解が異なる。,①见解（意見や考え｜意见和想法）②見解（特定の視点からの考え｜特定视角的看法）,社区推荐
謙遜,けんそん,名·自サ,谦逊,謙遜する態度 / 謙遜が美徳 / 謙遜を忘れない,1,两者,是,はとても危険です。 / しかし、この「謙遜して努力を隠す対応」,①谦逊（控えめな態度｜谦虚的态度）②谦虚（自分を低く見ること｜自我贬低）,社区推荐
憲法,けんぽう,名,宪法,憲法を守る / 憲法に基づく / 憲法の改正,1,两者,是,憲法などの法の基本的なことが多く取り上げられているから,①宪法（国の基本法｜国家的基本法）②基本法（国家の根本的な法律｜根本的法律）,社区推荐
幸運,こううん,名·ナ形,幸运,幸運が訪れる / 幸運を祈る / 幸運を感じる,1,两者,是,その中に、人生を変える出会いや幸運が (注3) 潜んでいるのではないでしょうか。,①幸运（良い運｜好运）②好运（幸せな出来事｜幸福的事情）,社区推荐
光線,こうせん,名,光线,光線が差し込む / 光線を浴びる / 光線の加減,1,两者,是,こで、 太陽光線の吸収を防ぐ物質を表面に塗ることで温度上昇を抑えている。,①光的线条（例：光線が差し込む｜光线透进来）②光的照射（例：光線が強い｜光线很强）,社区推荐
公表,こうひょう,名·他サ,公布,結果を公表する（公布结果）,1,两者,是,公表していかなければならない。,①公开发表（例：結果を公表する｜公布结果）②正式宣布（例：公表された情報｜正式宣布的信息）,社区推荐
粉,こな,名,粉末,粉をふるう / 粉を混ぜる / 粉が飛ぶ,1,两者,是,粉を追い出そうとするのです。,①细小颗粒（例：小麦粉を使う｜使用小麦粉）②粉末状物质（例：洗剤の粉｜洗涤剂的粉末）,社区推荐
実習,じっしゅう,名·他サ,实习,料理の実習をする（实习做菜）,1,两者,是,岩波市立博物館実習実験室,①实践学习（例：実習を行う｜进行实践学习）②实地训练（例：実習生が来る｜实习生来）,社区推荐
実績,じっせき,名,实际成果,実績を上げる / 実績がある / 実績を評価する,1,两者,是,. 旧モデルのこれまでの販売実績が分かる資料を作成する。,①实际成果（例：実績を上げる｜取得实际成果）②工作成就（例：実績が評価される｜工作成就被认可）,社区推荐
失望,しつぼう,名·自サ,失望,わたしは君に失望した（我对你失望了）,1,两者,是,[21] あの人の冷たい態度には失望した。,①感到失落（例：失望する結果｜感到失落）②心情沮丧（例：失望の声｜失望的声音）,社区推荐
芝生,しばふ,名,草坪,芝生で遊ぶ / 芝生を手入れする / 芝生が広がる,1,两者,是,まあ、隣の芝生はよく見えると言われてしまえばそれまでだが、 自分にピッタリの洋服がなかなかな,①草坪（例：芝生の上で遊ぶ｜在草坪上玩）②绿草地（例：芝生が美しい｜草坪很美）,社区推荐
しゃっくり,しゃっくり,名·自サ,打嗝,しゃっくりが出る（打嗝儿）,1,两者,是,. 飼っている犬が最近よくしゃっくりをする。,①打嗝（例：しゃっくりが出る｜打嗝）②嗝声（例：しゃっくりを止める｜止嗝）,社区推荐
渋滞,じゅうたい,名·自サ,拥堵,渋滞が発生する / 渋滞を避ける / 渋滞に巻き込まれる,1,两者,是,駅に向かう道路の渋滞を節約するため、道の幅を広げる工事が行われている。,①交通堵塞（例：渋滞が発生する｜发生堵车）②行驶缓慢（例：渋滞に巻き込まれる｜被堵车）,社区推荐
首相,しゅしょう,名,首相,首相が演説する / 首相に就任する / 首相の政策,1,两者,是,. 首相は昨日の国会での演説で、 経済対策を最優先するとの決意を述べた。,①国家首脑（例：首相が演説する｜首相演讲）②政府领导（例：新しい首相｜新首相）,社区推荐
出世,しゅっせ,名·自サ,发迹,出世が早い（很快发迹；地位升得快）,1,两者,是,(注4) 昇進する : 出世する,①成就事业（例：彼は出世した。｜他成功了）②出生、出身（例：出世の背景。｜出生背景）,社区推荐
商業,しょうぎょう,名,商业,商業が発展する / 商業に従事する / 商業の中心地,1,两者,是,食料という、われわれが生きていくうえで欠かせないものまでも、ほかの品物と同じように商業主義,①商业活动（例：商業が発展した。｜商业发展）②商业界（例：商業の中心地。｜商业中心）,社区推荐
勝敗,しょうはい,名,胜败,勝敗を決する（决胜负）,1,两者,是,そして、ルールのもとで勝敗を競いますが、このことが楽しくないのであれば、スポーツをする価値,①胜负结果（例：勝敗が決まった。｜胜负已定）②胜负关系（例：勝敗を争う。｜争夺胜负）,社区推荐
食卓,しょくたく,名,餐桌,食卓を囲む / 食卓に並べる / 食卓が賑わう,1,两者,是,食の多様化自体は、食卓が豊かになるのだし悪いことではない。,①餐桌（例：食卓を囲む。｜围坐餐桌）②用餐场所（例：食卓が整った。｜餐桌已摆好）,社区推荐
書物,しょもつ,名,书籍,書物を読む / 書物に書かれている / 書物を探す,1,两者,是,に、相手が書物であるような場合は、飽きることは悪いこと、と最初から(注1) 相場が決まっている。,①书籍（例：書物を読む。｜读书籍）②文献资料（例：古い書物。｜旧书籍）,社区推荐
素人,しろうと,名,外行,素人が参加する / 素人の意見 / 素人でもできる,1,两者,是,(金出武雄『素人のように考え、玄人として実行する一問題解決のメタ技術』による),①业余爱好者（例：素人でもできる。｜业余也能）②普通人（例：素人の意見。｜普通人的意见）,社区推荐
侵入,しんにゅう,名·自サ,侵入,侵入を防ぐ / 侵入があった / 侵入者を捕まえる,1,两者,是,を作り出します。 / 侵入者だと思って、 花粉に対してガードマンのような働きをする 「抗体」,①侵入行为（例：侵入を許さない。｜不允许侵入）②进入（例：侵入者が現れた。｜出现侵入者）,社区推荐
深夜,しんや,名,深夜,深夜に起きる / 深夜の静けさ / 深夜のテレビ,1,两者,是,先日、サッカーの日本代表が海外で試合を行い、その試合が深夜にテレビで生中継された。,①深夜时分（例：深夜に帰る。｜深夜回家）②夜深人静（例：深夜の静けさ。｜深夜的安静）,社区推荐
信用,しんよう,名·他サ,信任,信用を得る / 信用がある / 信用を失う,1,两者,是,人に信用されなくなってしまう,①信任、信赖（例：信用を得る。｜获得信任）②信用度（例：信用が高い。｜信用高）,社区推荐
図鑑,ずかん,名,图鉴,図鑑を作る / 図鑑を参考にする / 図鑑に載っている,1,两者,是,の時刻表、地図帳、 人名事典、 旅行案内、 百科事典、 美術写真集、 植物図鑑などの類 (注2) であって、,①图鉴、图册（例：動物図鑑を見た。｜看动物图鉴）②参考书（例：図鑑を使う。｜使用图鉴）,社区推荐
頭痛,ずつう,名,头痛,頭痛がする / 頭痛を和らげる / 頭痛薬を飲む,1,两者,是,[25] 急にひどい頭痛がしてきたで、かかりつけの病院に行った。,①头痛（頭が痛い｜头痛）,社区推荐
図表,ずひょう,名,图表,図表を作成する / 図表を参照する / 図表が分かりやすい,1,两者,是,すべてページカラー印刷、写真や図表も多く掲載しています。,①图表（図表を作成する｜制作图表）,社区推荐
接客,せっきゃく,名·自サ,接待顾客,接客が上手 / 接客をする / 接客のマナー,1,两者,是,特に接客業や営業職に多く見られる職業声は、まるで声をマニュアルや制服と同じように扱ってい,①接待顾客（接客業をしています｜做接待工作）,社区推荐
接近,せっきん,名·自サ,接近,台風が接近する（台风靠近了）,1,两者,是,.今日は月が地球に接近する日なので、常の満月より大きく見えます。,①接近（敵に接近する｜接近敌人）,社区推荐
説得,せっとく,名·他サ,说服,説得される（被说服）,1,两者,是,そうではなく、 「この資料は、こういう目的で、こういう相手に対して、このように説得するために,①说服（彼を説得する｜说服他）,社区推荐
前者,ぜんしゃ,名,前者,前者が正しい / 前者に賛成する / 前者の意見,1,两者,是,紙に書かれた文字の状態をそれぞれ簡単に説明すると、前者は細かくくだかれた黒鉛が紙の表面,①前者（前者の意見｜前者的意见）,社区推荐
前進,ぜんしん,名·自サ,前进,一歩前進する（前进一步）,1,两者,是,目標は小さくても、それを見つけることで前進できる。,①前进（前進することが大切｜前进很重要）,社区推荐
先祖,せんぞ,名,祖先,先祖を敬う / 先祖の教え / 先祖に感謝する,1,两者,是,.先祖をうやまう心を大切にしたい。,①祖先（先祖を敬う｜尊敬祖先）,社区推荐
全力,ぜんりょく,名,全力,全力を尽くす（竭尽全力）,1,两者,是,全力で走ったので、 息があらくなった。,①全力以赴（全力を尽くす｜全力以赴）,社区推荐
相違,そうい,名,差异,非常な相違がある（有很大差异）,1,两者,是,.旧モデルと新モデルの相違点をまとめた資料を作成する。,①差异（相違点を確認する｜确认差异）,社区推荐
増減,ぞうげん,名·自他サ,增减,増減がある / 増減を記録する / 増減を分析する,1,两者,是,料金 研究内容、時間などによって異なりますが、受講者数による料金の増減はございません。,①增加与减少（例：人数の増減｜人数增减）②变化（例：収入の増減｜收入变化）,社区推荐
創作,そうさく,名·他サ,创作,創作を楽しむ / 創作活動 / 創作に取り組む,1,两者,是,. 作者の意図や創作過程を知ることは、 あまり重要ではないから,①创作（例：小説の創作｜创作小说）②创作活动（例：創作活動をする｜进行创作活动）,社区推荐
素質,そしつ,名,素质；天分,素質がある / 素質を伸ばす / 素質を見抜く,1,两者,是,素質の影響が強いと思われますが、 知的側面や社会的側面の能力や適性は自分自身でもなかなかわから,①素质（例：才能の素質｜才能素质）②天赋（例：素質がある｜有天赋）,社区推荐
損害,そんがい,名,损失,損害を受ける / 損害を賠償する / 損害が大きい,1,两者,是,何とか損害を最小限に抑えることができた。,①损害（例：損害を受ける｜受到损害）②损失（例：損害賠償｜损失赔偿）,社区推荐
体感,たいかん,名·自サ,身体感觉；体感,体感を重視する / 体感がある / 体感を得る,1,两者,是,ことが、運動の神経回路を改善 / 工夫をいろいろと重ねるうちに、「動作をイメージし、それに体感する」,①身体感受（例：体感温度｜体感温度）②体验（例：体感を得る｜获得体验）,社区推荐
大戦,たいせん,名,大战,大戦が起こる / 大戦を経験する / 大戦の影響,1,两者,是,第二次世界大戦後、日本では、家不足,①大战（例：第一次大戦｜第一次大战）②大规模战争（例：大戦が起こる｜发生大战）,社区推荐
知恵,ちえ,名,智慧,知恵を絞る / 知恵がある / 知恵を授ける,1,两者,是,お年寄りの知恵は素晴らしい。,①智慧（例：知恵を絞る｜绞尽脑汁）②聪明才智（例：知恵がある｜有聪明才智）,社区推荐
粒,つぶ,名,粒,米の粒（米粒）,1,两者,是,粒状のゴムなど、柔軟性のある小さな素材を道路,①颗粒（例：米の粒｜米粒）②小物体（例：粒が大きい｜颗粒大）,社区推荐
強み,つよみ,名,强项,強みを活かす / 強みを持つ / 強みを伸ばす,1,两者,是,評価の高い同僚は、 あなたとは強みも活躍する領域 (注5),①优势（例：強みを活かす｜发挥优势）②特长（例：強みを持つ｜有特长）,社区推荐
釣り,つり,名,钓鱼,釣りに行く / 釣りを楽しむ / 釣りの道具,1,两者,是,.今日は海が荒れていて、船で釣りに行くことはできない。,①钓鱼（例：釣りをする｜去钓鱼）②钓鱼活动（例：釣りが趣味｜钓鱼是爱好）,社区推荐
弟子,でし,名,弟子,弟子になる（当徒弟）,1,两者,是,道ではあまり多くの弟子を受け入れませんでした。,①弟子，学生（彼は私の弟子です｜他是我的弟子）②门徒，追随者（彼は有名な弟子です｜他是有名的弟子）,社区推荐
手帳,てちょう,名,笔记本,手帳に書く / 手帳を持つ / 手帳を整理する,1,两者,是,家に帰る途中、手帳をひろった。,①手册，记事本（手帳に書きます｜写在手册上）②便签，日程表（手帳を使います｜使用日程表）,社区推荐
道徳,どうとく,名,道德,道徳を教える / 道徳が重要 / 道徳的な判断,1,两者,是,(注)教訓:道徳的な教え,①道德，伦理（道徳が大切です｜道德很重要）②品德，行为规范（道徳を守る｜遵守道德）,社区推荐
盗難,とうなん,名,失盗,盗難にあう（被盗）,1,两者,是,しないので、盗難の心配もない。,①盗窃，失窃（盗難に遭いました｜遭遇盗窃）②抢劫，盗贼行为（盗難事件が起きた｜发生盗窃事件）,社区推荐
鍋,なべ,名,锅,鍋で煮る / 鍋を使う / 鍋の中身,1,两者,是,鍋ふたでふさぐと、 中の肉に熱が通りやすくなります。,①锅，炊具（鍋で煮ます｜用锅煮）②火锅，炖锅（鍋料理が好きです｜喜欢火锅）,社区推荐
歯車,はぐるま,名,齿轮,歯車が回る / 歯車を交換する / 歯車の仕組み,1,两者,是,自分の心の歯車と (注2) 噛み合わなくなると,①齿轮，机械部件（歯車が回る｜齿轮转动）②比喻，环节（社会の歯車｜社会的环节）,社区推荐
半数,はんすう,名,半数,半数が賛成する / 半数を超える / 半数の意見,1,两者,是,もにやや割合が下がるが、最も低い40代女性でも半数を超えていた。,①一半，50%（半数が賛成です｜一半赞成）②半数以上（半数以上の人｜半数以上的人）,社区推荐
反面,はんめん,名,反面,反面がある / 反面を考える / 反面の影響,1,两者,是,ですが、 その反面、 他人にはすぐわかるのに、 本人にはいっ,①反面，背面（反面に書いてあります｜写在反面）②对立面，另一面（反面も考える｜考虑另一面）,社区推荐
日陰,ひかげ,名,背阴处,日陰で休む / 日陰ができる / 日陰を探す,1,两者,是,打ち水の効果を十分に得るには、 朝か夕方に日陰にまくこともポイントのようです。,①阴影，阴凉处（日陰で休む｜在阴影下休息）②背阴，避光处（日陰が好きです｜喜欢阴凉处）,社区推荐
非難,ひなん,名·他サ,非难，非议,非難を招く（招致责难）,1,两者,是,か、猿真似をしたとかいわれて、 非難されても仕方がない。,①指责，批评（彼を非難します｜指责他）②谴责，指控（非難を受ける｜受到谴责）,社区推荐
皮膚,ひふ,名,皮肤,皮膚が敏感 / 皮膚を守る / 皮膚のケア,1,两者,是,私はこれまで、このしわは単に皮膚が水分を吸収し膨らんでできたもので、何の役割もな,①皮肤（彼の皮膚は柔らかい。｜他的皮肤很软）,社区推荐
標準,ひょうじゅん,名,标准,標準を守る / 標準が高い / 標準を設定する,1,两者,是,.入居可能期間 学部の標準修業年限まで(最長入居期間は、1年生なら4年、2年生なら3年、,①标准（この製品は標準に合っています。｜符合标准）,社区推荐
疲労,ひろう,名·自サ,疲劳,疲労を感じる（感觉疲劳）,1,两者,是,睡眠には、体や脳にたまった疲労をとる効果がある。,①疲劳（仕事で疲労が溜まった。｜工作累了）,社区推荐
不可,ふか,名,不可,不可を示す / 不可がある / 不可にする,1,两者,是,(他のコンテスト等に出したものは不可),①不可（それは不可です。｜那是不可以的）,社区推荐
付近,ふきん,名,附近,東京付近（东京一带）,1,两者,是,まず、スタートから60メートル付近までは上半身を前に倒すようにして一気に加速する、そして最,①附近（駅の付近に住んでいます。｜住在车站附近）,社区推荐
節,ふし,名,节,節を感じる / 節がある / 節に合わせる,1,两者,是,節ごとに変わっても、滝とか、お寺など、風景の主人公はあまり変化しない。,①节（この節は重要です。｜这一节很重要。）②节奏（音楽の節が好きです。｜我喜欢音乐的节奏。）,社区推荐
不平,ふへい,名·ナ形,不平，牢骚,不平を抱く（心怀不满）,1,两者,是,中村さんは不平ばかり言っている。,①不平（彼は不平を言った。｜他抱怨了。）②不满（不平を感じています。｜我感到不满。）,社区推荐
防犯,ぼうはん,名,防犯,防犯を強化する / 防犯が必要だ / 防犯対策を講じる,1,两者,是,今回の事件をきっかけに、市民の防犯に対する意識が高まった。,①防犯（防犯対策を強化する。｜加强防范措施。）,社区推荐
毎回,まいかい,名·副,每次,毎回行う / 毎回参加する / 毎回楽しむ,1,两者,是,そして、その後のオリンピックでもデザインを変えながら毎回53。,①每次（毎回楽しみにしています。｜我每次都期待。）,社区推荐
枕,まくら,名,枕头,枕を使う / 枕が必要だ / 枕を買う,1,两者,是,温度を調整することはもちろん、 体に負担のかからない、 自分に合った枕や布団も睡眠をサポー,①枕头（この枕は快適です。｜这个枕头很舒服。）,社区推荐
屋根,やね,名,屋顶,屋根がある / 屋根を修理する / 屋根の上,1,两者,是,屋根があって、管理人がいる駐輪場がいい。,①屋顶（家の屋根｜房子的屋顶。）②覆盖物（車の屋根｜车的覆盖物。）,社区推荐
唯一,ゆいいつ,名,唯一,唯一の存在 / 唯一が大切だ / 唯一に選ばれる,1,两者,是,私が自分の娘から唯一、 感謝されているのは、いつか彼女に対していっ,唯一的（唯一の存在｜唯一的存在。）,社区推荐
落選,らくせん,名·自サ,落选,落選する / 落選が決まる / 落選の理由,1,两者,是,落選された方には連絡いたしません。,落选（選挙に落選｜选举落选了。）,社区推荐
領収,りょうしゅう,名·他サ,收取,会費を領収する（收取会费）,1,两者,是,. 洗濯機に入れるときに気づいたからよかったが、 もう少しで大事な領収書をズボンのボゲッ,收据（領収書をもらう｜我要收据。）,社区推荐
脇,わき,名,旁边,脇に置く / 脇が空いている / 脇を通る,1,两者,是,(脇明子 『読む力が未来をひらく一小学生への読書支援』による),①侧面（脇に立つ｜站在旁边。）②腋下（脇の下｜腋下。）,社区推荐
暴れる,あばれる,自下一,乱闹；放荡,酔って暴れる（醉酒后乱闹）,1,两者,是,新人に順位がわからずウソが反発して暴れ出すから,暴动（犬が暴れる｜狗在乱吠。）,社区推荐
承る,うけたまわる,他五,恭听；接受,ご意見を承る（洗耳恭听）,1,两者,是,お申し込み 歴史教育社ホームページで承ります。,接受（ご注文を承る｜接受订单。）,社区推荐
疑う,うたがう,他五,怀疑；猜疑,自分の目を疑った（怀疑自己的眼睛）,1,两者,是,その考え方が染みついて、なかなか疑うことができない。,怀疑（彼を疑う｜我怀疑他。）,社区推荐
訴える,うったえる,他下一,诉说；诉讼,不平 [ふへい] を訴える（发牢骚）,1,两者,是,になるため不安を訴えて泣くことはなくなる。,诉说（問題を訴える｜诉说问题。）,社区推荐
裏切る,うらぎる,他五,辜负；背叛,信頼 [しんらい] を裏切る（辜负信任）,1,两者,是,「友だちを裏切らない人間になりたい」,背叛（信頼を裏切る｜背叛信任。）,社区推荐
着替える,きかえる,他下一,换衣服,着物を着替える（换衣服）,1,两者,是,ご予約の日時にご来店になり、お好きな着物にお着替えください。,①换衣服（新しい服に着替えた｜换上新衣服。）②更换（気分を着替える｜换个心情。）,社区推荐
嫌う,きらう,他五,厌恶,戦争を嫌う（憎恶战争）,1,两者,是,集団生活を嫌い、協調性がないこと,①讨厌（彼は野菜を嫌う｜他讨厌蔬菜。）②厌恶（彼女は嘘を嫌う｜她厌恶谎言。）,社区推荐
ささやく,ささやく,他五,低声私语,こっそりささやく（窃窃私语）,1,两者,是,高橋さんは、ささやくように話した。,①低声说（彼は耳元でささやいた｜他在耳边低声说。）②轻声细语（彼女がささやく｜她轻声细语。）,社区推荐
ずらす,ずらす,他五,挪动；错开,位置をずらす（挪动位置）,1,两者,是,いかない時には、 少し視点をずらしてみたり、大胆 (注4) に組み替えたりしてみることも、また,①错开（時間をずらす｜错开时间。）②移动（位置をずらす｜移动位置。）,社区推荐
釣り合う,つりあう,自五,平衡；匀称,収入 [しゅうにゅう] と支出 [ししゅつ] が釣り合う（收支平衡）,1,两者,是,(注6) 見合う: 釣り合う,①平衡（収入と支出が釣り合う｜收入和支出平衡。）②相称（彼らは釣り合うカップルだ｜他们是一对相称的情侣。）,社区推荐
照らす,てらす,他五,照耀；对照,太陽が地球を照らす（太阳照耀地球）,1,两者,是,すでに現在、環境省が定めた光害対策の方針の下、道を照らすなら上方向に光が,①照亮（明かりが部屋を照らす｜灯光照亮房间。）②照射（月が道を照らす｜月亮照射道路。）,社区推荐
長引く,ながびく,自五,拖延,病気が長引く（病未见好）,1,两者,是,田中 「あ、今日の7時に予約している田中ですが、 ちょっと仕事が長引いていて･･････,①拖延（会議が長引く｜会议拖延了。）②延续（風邪が長引く｜感冒持续很久。）,社区推荐
生える,はえる,自下一,长，生,ひげが生える（长胡须）,1,两者,是,. この公園は管理する人がいないので、あちこちに草だらしなく生えている。,①生长（草が生える｜草在生长。）②萌芽（芽が生える｜芽在萌芽。）,社区推荐
引き返す,ひきかえす,自五,折回,途中 [とちゅう] から引き返す（半路上折回）,1,两者,是,[23] 早く引き返したほうがいい。,①返回（道を引き返す｜返回路上。）②折返（途中で引き返す｜途中折返。）,社区推荐
響く,ひびく,自五,响；发出回音,天下に名が響く（名震天下）,1,两者,是,どうしたら人の心に響くような歌が歌えるようになるのだろうか。,①回响（声が響く｜声音回响。）②影响（彼の言葉が響く｜他的话影响深远。）,社区推荐
増す,ます,自五,增加，增大,水が増す（涨水）,1,两者,是,失敗したときのことを考えるのは、 緊張が増すだけだからやめたほうがいい。,①增加（人が増す｜人越来越多。）②增强（力が増す｜力量增强了。）,社区推荐
実る,みのる,自五,结果实；有成果,かきが実る（结柿子）；苦心 [くしん] が実る（努力见成果）,1,两者,是,これらの努力が実り、 ①ねらいどお,①结果（実が実る｜果实结果了。）②成熟（果実が実る｜水果成熟了。）,社区推荐
儲かる,もうかる,自五,赚钱,1万円もうかった（赚了一万日元）,1,两者,是,「独立が成功する目算が立った時点で会 / 「確実に儲かるとわかった時点で商売をしよう」,①赚钱（商売が儲かる｜生意赚钱。）②获利（利益が儲かる｜利润增加了。）,社区推荐
設ける,もうける,他下一,准备；设置,条件を設ける（创造条件）,1,两者,是,自分が納得するレベルを設けた場合,①设立（制度を設ける｜设立制度。）②准备（準備を設ける｜准备工作。）,社区推荐
もたれる,もつれる,自下一,倚靠；存食,胃にもたれる（胃里积食）,1,两者,是,(注1) ともすれば…･･もたれる: ここでは、…もたれることもある,①依赖（人にもたれる｜依赖别人。）②消化不良（食べ物がもたれる｜食物消化不良。）,社区推荐
惜しい,おしい,イ形,可惜的,時間が惜しい（时间宝贵）,1,两者,是,この建物を壊すのは惜しい。,①可惜（惜しい結果｜可惜的结果。）②珍惜（惜しい思い出｜珍惜的回忆。）,社区推荐
くどい,くどい,イ形,啰嗦的,話がくどい（说话啰嗦）,1,两者,是,. 説明がくどくてすみません。,①啰嗦（くどい説明｜啰嗦的解释。）②过于浓重（味がくどい｜味道太浓了。）,社区推荐
しょっぱい,しょっぱい,イ形,咸的；为难的,しょっぱい顔をする（作苦脸）,1,两者,是,スープがしょっぱかったので、水を加えて味を薄めた,①咸（しょっぱい味｜咸味。）②无趣（しょっぱい話｜无趣的故事。）,社区推荐
懐かしい,なつかしい,イ形,怀念的,懐かしい思い出（甜蜜的回忆）,1,两者,是,祖父はいつも若いころの思い出を懐かしそうに反省して私に話してくれる。,①怀念（懐かしい思い出｜怀念的回忆。）②亲切（懐かしい景色｜亲切的风景。）,社区推荐
めでたい,めでたい,イ形,可喜的；幸运的,めでたい日（吉庆的日子）,1,两者,是,司会 「森もりさん、第五回X文学賞受賞おめでとうございます。,①喜庆（めでたい日｜喜庆的日子。）②吉祥（めでたい知らせ｜吉祥的消息。）,社区推荐
一応,いちおう,副,姑且，首先,一応行ってみよう（姑且去看一下）,1,两者,是,アして、一応のものを書き上げることにあるのだ。,①暂时，姑且（例：一応考えてみます｜我暂时考虑一下。）②大致，基本上（例：一応理解しました｜我大致理解了。）,社区推荐
再三,さいさん,副,再三，屡次,再三試 [こころ] みる（再三尝试）,1,两者,是,. 彼には再三お願いしているです。,①屡次，反复（例：再三お願いしました｜我反复请求了。）②多次，三番五次（例：再三確認してください｜请多次确认。）,社区推荐
後ほど,のちほど,副,回头，随后,後ほど連絡します（之后再联系）,1,两者,是,きた仲間についての(注1)エピソードを紹介したのだったが、後ほどアンケートを読ませてもらって驚,①稍后，之后（例：後ほどお知らせします｜稍后通知你。）②过一会儿（例：後ほどお会いしましょう｜过一会儿见。）,社区推荐
はたして,はたして,副,果真；到底,はたして本当か / はたしてどうなる / はたして成功する,1,两者,是,の中に組み込み、 商品の一つとして (注2) 同じ土俵の上で競わせることが、はたしてほんとうにいいの,①果然，果真（例：はたして成功しました｜果然成功了。）②究竟，果真（例：はたしてどうなるのか｜究竟会怎样呢。）,社区推荐
シーズン,しーずん,名,季节；旺季,蟹のシーズン（吃蟹的季节）,1,两者,是,シーズンは、あの選手の活躍が楽しみだ,①季节，时节（例：シーズンが変わりました｜季节变了。）②赛季，季（例：サッカーのシーズン｜足球赛季。）,社区推荐
ジョギング,じょぎんぐ,名,跑步,ジョギングをする / ジョギングが好きだ / ジョギングに行く,1,两者,是,ジョギングは健康の利益になる。,①慢跑，跑步（例：毎朝ジョギングします｜我每天慢跑。）②健身跑（例：ジョギングが好きです｜我喜欢健身跑。）,社区推荐
バッグ,ばっぐ,名,包,バッグを持つ / バッグが必要だ / バッグに入れる,1,两者,是,女性がバッグに入れやすいのだ。,①包，袋（例：新しいバッグを買いました｜我买了新包。）②手提包（例：バッグを持っています｜我有一个手提包。）,社区推荐
ビニール,びにーる,名,乙烯，塑料,ビニールで包む / ビニールが破れる / ビニール袋,1,两者,是,配られたプリントに、 ビニール袋を持参,①塑料，薄膜（例：ビニール袋を使います｜我用塑料袋。）②聚乙烯（例：ビニール製品｜塑料制品。）,社区推荐
学,がく,名詞,学习,学を深める / 学がある / 学を教える,1,真题,否,学型研修」、「講師出張型研修」 / の二つのスタイルからお選びいただけます。,①学习，学问（例：学を深める｜加深学问。）②学校，学业（例：学に励む｜努力学习。）,边缘词
汗,あせ,名詞,汗水,汗が出る / 汗をかく / 汗を拭く,1,真题,否,ひどく疲れた 2 のどがかわいた 3 お腹が空いた 4 汗をかいた,①汗水，出汗（例：汗をかきました｜我出汗了。）②汗液（例：汗が止まりません｜汗止不住。）,边缘词
大,おお,名詞,大,大きな声 / 大がかりな / 大にする,1,真题,否,で、君も眺べ! / (為末大『「遊ぶ」,①大的（大きな家｜大房子。）②重要的（大事なこと｜重要的事）,边缘词
類,るい,名詞,类别,類が似ている / 類を見ない / 類に分ける,1,真题,否,親は必死になって、いわゆる (注4) 読み物の類を買い与,①种类（動物の類｜动物的种类）②类别（同類の人｜同类的人）,边缘词
全,ぜん,名詞,全部,全てを知る / 全が揃う / 全にする,1,真题,否,さらに、 いろいろなスポーツをすることで、 全,①全部（全ての人｜所有人）②完整（全体の状況｜整体情况）,边缘词
付,ふ,名詞,附加,付を加える / 付が必要だ / 付を取る,1,真题,否,付が開いている平日の開館時間には伺うことができません。,①附加（値段に付く｜附加在价格上）②附属（付属品｜附属品）,边缘词
ごと,ごと,接尾辞,每个,ごとに分ける / ごとに行う / ごとに変わる,1,真题,否,その人が何を言わんとしているのか、 丸ごと捉えて、 そこで出てきた素晴らしい言葉、豊,①每个（毎日ごと｜每天）②每次（時ごとに｜每次）,边缘词
はかる,はかる,動詞,测量,はかることができる / はかるのが難しい / はかるために,1,真题,否,僕はかってに彼らのことを友達だと思っていたのである。,①测量（長さをはかる｜测量长度）②计划（計画をはかる｜计划）,边缘词
すぎ,すぎる,接尾辞,过,すぎると困る / すぎた時間 / すぎることがある,1,真题,否,人前で話すのが苦手なのは、しゃべりすぎはよくないと言われたからだ。,①超过（時間がすぎる｜时间过去了）②过于（食べすぎ｜吃得太多）,边缘词
立,たて,名詞,立,立を保つ / 立が必要だ / 立にする,1,真题,否,立してしまうと、 夫婦二人だけの生活には合わなくなります。,①站立（立っている｜站着）②建立（立てる｜建立）,边缘词
かく,かく,名詞,这样,かくことができる / かくのが好きだ / かくために,1,真题,否,新商品のきかくしょを書く,①写（絵をかく｜画画）②隐藏（隠すこと｜隐藏）,边缘词
まく,まく,動詞,撒,まくことができる / まくのが楽しい / まくために,1,真题,否,打ち水の効果を十分に得るには、 朝か夕方に日陰にまくこともポイントのようです。,①撒（種をまく｜撒种）②卷（巻く｜卷起来）,边缘词
ラップ,らっぷ,名詞,包裹,ラップをする / ラップが必要だ / ラップで包む,1,真题,否,(注4) ラップを刻む: ここでは、一定の距離を同じスピードで走る,①饶舌（ラップ音楽が好きです｜喜欢饶舌音乐）②包裹（プレゼントをラップしました｜包裹礼物）,边缘词
行,こう,名詞,行,行が長い / 行に並ぶ / 行を作る,1,真题,否,「ほめる教育」 / におけるほめるという行,①行走（行くのが好きです｜喜欢去）②行列（行列ができています｜排队）,边缘词
ロス,ろす,名詞,损失,ロスが出る / ロスを防ぐ / ロスを減らす,1,真题,否,は、食品ロス問題の解決にも役立っているのである。,①损失（時間のロスが大きい｜时间损失大）②失落（ロス感を感じる｜感到失落）,边缘词
げんこう,げんこう,名詞,原稿,げんこうを提出する / げんこうが必要だ / げんこうを修正する,1,真题,否,げんこうの表現をやさしくする,①原稿（原稿を提出しました｜提交原稿）②草稿（草稿を見せてください｜请看草稿）,边缘词
のう,のう,名詞,能力,のうが高い / のうを活かす / のうを伸ばす,1,真题,否,けいやくのうかにじょうきょうを聞く,①能力（彼は能力が高い｜他能力很强）②脳（脳が疲れた｜脑子累了）,边缘词
大部,たいぶ,名詞,大部分,大部が集まる / 大部を占める / 大部の人,1,真题,否,(注1)大部(だいぶ): 書物の冊数やページ数が多いこと,①大部分（大部の人が参加した｜大部分人参加了）②相当多（大部の時間がかかる｜花了相当多时间）,边缘词
史,ふみ,接尾辞,历史,史を学ぶ / 史に残る / 史を研究する,1,真题,否,(石橋毅史『「本屋」 / は死なない』による),①历史（日本の史を学ぶ｜学习日本历史）②史书（古代の史が面白い｜古代史很有趣）,边缘词
利,り,名詞,利益,利を得る / 利がある / 利を考える,1,真题,否,利さんも、じつはそのことは、二度目の訓練を受けているときから薄々 (注3) 感じてい,①利益（利益を追求する｜追求利益）②便利（利がある道具｜有用的工具）,边缘词
ひる,ひる,動詞,中午,ひるに食べる / ひるが来る / ひるを過ごす,1,真题,否,うんどうようひん しきゅう,①中午（ひるごはんを食べる｜吃午饭）②白天（ひるは明るい｜白天很亮）,边缘词
出,で,名詞,出,出がある / 出を待つ / 出を決める,1,真题,否,(金出武雄『素人のように考え、玄人として実行する一問題解決のメタ技術』による),①出去（外に出る｜出去）②出现（問題が出た｜出现问题）,边缘词
雑談,ざつだん,名詞,闲聊,雑談をする / 雑談が好きだ / 雑談を楽しむ,1,真题,否,雑談をしているときにいいアイディアが浮かんだ。,①闲聊（友達と雑談する｜和朋友闲聊）②闲谈（仕事の合間に雑談｜工作间隙闲谈）,边缘词
かしこい,かしこい,形容詞,聪明,かしこい選択 / かしこい人 / かしこい考え,1,真题,否,うちの犬はとてもかしこい。,①聪明（彼はとてもかしこい｜他很聪明）②机灵（かしこい子供｜聪明的孩子）,边缘词
乗客,じょうきゃく,名詞,乘客,乗客が多い / 乗客を乗せる / 乗客に案内する,1,真题,否,満員電車から乗客が続出してきた。,①乘客（バスの乗客が多い｜公交车乘客多）②旅客（飛行機の乗客｜飞机的旅客）,边缘词
決,けつ,名詞,决定,決を下す / 決が必要だ / 決をする,1,真题,否,これは、 血液型によって性格が決,①决定（決を下す｜做决定）②决心（決を固める｜下定决心）,边缘词
何十,なんじゅう,名詞,几十,何十人 / 何十回 / 何十年,1,真题,否,しかし、この世界には何十億人もの人が 51-a、 人の性格をたった4種類に分類すること,①几十（何十人も集まった｜几十人聚集）②好几十（何十年も前｜好几十年前）,边缘词
後光,ごこう,名詞,光环,後光が差す / 後光を感じる / 後光を浴びる,1,真题,否,人間の心理にはハロー (後光) 効果といって、最初にうけた印象を強めていく傾向があります。,①光环（後光が差す｜光环出现）②荣光（後光を浴びる｜沐浴在荣光中）,边缘词
片付く,かたづく,動詞,整理,片付くまで / 片付くのが早い / 片付くことが大切,1,真题,否,れいに片付いているに違いない。,①整理好（部屋が片付く｜房间整理好了）②解决（問題が片付く｜问题解决了）,边缘词
ピカピカ,ぴかぴか,副詞,闪亮,ピカピカになる / ピカピカの状態 / ピカピカのもの,1,真题,否,反対にだらしない印象を受けると、部屋の中をピカピカにしていても 「家の中もきたないだろう」,①闪亮（ピカピカの靴｜闪亮的鞋子）②光亮（ピカピカの新車｜光亮的新车）,边缘词
付き合い,つきあい,名詞,交往,付き合いがある / 付き合いを続ける / 付き合いを大切にする,1,真题,否,最初に悪い印象を与えてしまっても、 その後の付き合いでイメージは変えられる。,①交往（友達との付き合い｜和朋友交往）②往来（仕事の付き合い｜工作往来）,边缘词
吸い取る,すいとる,動詞,吸收,吸い取る力 / 吸い取ることができる / 吸い取るために,1,真题,否,でも、乾燥地帯に木を植えれば、少ししかない木が吸い取られる。,①吸收（栄養を吸い取る｜吸收营养）②抽取（空気を吸い取る｜抽取空气）,边缘词
呼びかけ,よびかけ,名詞,呼唤,呼びかけをする / 呼びかけがある / 呼びかけに応じる,1,真题,否,つきましては、本製品をお買い上げのお客様へのアンケート用紙の配布及びご協力の呼びかけをお願,①呼喊（例：名前を呼びかけた｜呼喊名字）②呼吁（例：参加を呼びかけた｜呼吁参加）,边缘词
有人,ゆうじん,名詞,有人,有人がいる / 有人を探す / 有人に会う,1,真题,否,国際宇宙ステーションは、 地球から約400キローメートル離れたところを回る巨大な有人実験施設で,①有人（例：有人がいる｜有人在）②有人驾驶（例：有人運転｜有人驾驶）,边缘词
為,ため,名詞,为了,為に行動する / 為がある / 為を考える,1,真题,否,為は、この点において異なります。,①为了（例：成功の為に｜为了成功）②作为（例：為に行動する｜作为行动）,边缘词
向,むかい,名詞,向,向に進む / 向が変わる / 向を向く,1,真题,否,つまり、こちらが望んでいるような方法へ向,①朝向（例：前に向かって｜朝前走）②对着（例：向いて話す｜对着说话）,边缘词
ボーッと,ぼうっと,副詞,发呆,ボーッとする / ボーッとした状態 / ボーッと考える,1,真题,否,ボーッと運転をしていると、事故を起こしかねません。,①发呆（例：ボーッとしている｜发呆）②模糊（例：頭がボーッとする｜头脑模糊）,边缘词
進入,しんにゅう,名詞,进入,進入することができる / 進入を許可する / 進入の際,1,真题,否,あれは、高速道路に加速しないで進入してくる車のようなもので、 本人は気づかなくても、 入った途端,①进入（例：部屋に進入する｜进入房间）②加入（例：チームに進入する｜加入团队）,边缘词
バスケットボール,ばすけっとぼーる,名詞,篮球,バスケットボールをする / バスケットボールが好きだ / バスケットボールの試合,1,真题,否,サッカーでもバスケットボールでも、ひとりでボ,①篮球（例：バスケットボールをする｜打篮球）,边缘词
独占,どくせん,名詞,独占,独占する権利 / 独占がある / 独占を防ぐ,1,真题,否,ールを独占していたら、次からは遊んでもらえなくなります。,①独占（例：市場を独占する｜独占市场）②垄断（例：資源を独占する｜垄断资源）,边缘词
極意,ごくい,名詞,精髓,極意を学ぶ / 極意がある / 極意を伝える,1,真题,否,の極意! / (斉藤孝「できる人」,①精髓（例：武道の極意｜武道的精髓）②奥义（例：学問の極意｜学问的奥义）,边缘词
発現,はつげん,名詞,出现,発現することがある / 発現を確認する / 発現の仕方,1,真题,否,自分の発現量を意識しながら、 おとなしい人にも話してもらうようにすること,①显现（例：症状が発現する｜症状显现）②表现（例：才能が発現する｜才能表现）,边缘词
総数,そうすう,名詞,总数,総数が増える / 総数を計算する / 総数を把握する,1,真题,否,高齢者人口の増加が原因でしょうが、 新聞を読む人の総数,①总数，全部数量（総数は100です｜总数是100）,边缘词
フリー,ふりー,名詞,免费,フリーで提供する / フリーが多い / フリーのサービス,1,真题,否,(光野有次『みんなでつくるバリアフリー』による),①免费，空闲（フリーWi-Fiがあります｜有免费Wi-Fi）②自由，随意（フリーな時間｜自由的时间）,边缘词
ついつい,ついつい,副詞,不由自主,ついつい忘れる / ついつい行く / ついつい買う,1,真题,否,ら、自分はもっと充実するのかも、とついつい考えてしまうのだ。,①不知不觉，情不自禁（ついつい食べ過ぎた｜不知不觉吃多了）,边缘词
試着,しちゃく,名詞,试穿,試着をする / 試着が必要だ / 試着室,1,真题,否,洋服は試着できるが、仕事に関して,①试穿，试衣（服を試着する｜试穿衣服）,边缘词
タイル,たいる,名詞,瓷砖,タイルを貼る / タイルが美しい / タイルの種類,1,真题,否,フスタイルに関係すること、 本当に興味のあることしかメモしないのである。,①瓷砖，瓦片（タイルを貼る｜贴瓷砖）,边缘词
後輩,こうはい,名詞,后辈,後輩に教える / 後輩が成長する / 後輩を支える,1,真题,否,昔、ある大学者が、 尋ねて来た (注4) 同郷の後輩の大学生に、 一字一句教授のことばをノートに,①后辈，晚辈（後輩に教える｜教后辈）,边缘词
愚,ぐ,名詞,愚蠢,愚を犯す / 愚が生じる / 愚を笑う,1,真题,否,とるのは(注5)愚だと訓えた。,①愚蠢，愚笨（愚な行動｜愚蠢的行为）,边缘词
句,く,名詞,句子,句を作る / 句が完成する / 句に意味がある,1,真题,否,句一句、ゆっくり話したものだ。,①句子，短语（短い句を作る｜造句）,边缘词
生理,せいり,名詞,生理,生理が来る / 生理に悩む / 生理を理解する,1,真题,否,(外出滋比古『思考の生理学』 による),①生理，生理现象（生理がある｜有生理现象）,边缘词
漫然,まんぜん,形状詞,漫无目的,漫然と過ごす / 漫然と考える / 漫然と歩く,1,真题,否,(注2)漫然と:あまり注意しないで、なんとなく,①漫无目的，随意（漫然と過ごす｜漫无目的地度过）,边缘词
聞き落とす,ききおとす,動詞,漏听,聞き落とすことがある / 聞き落とす音 / 聞き落とす内容,1,真题,否,話の内容を聞き落とさないようにするため,①漏听（大事なことを聞き落とした｜漏听了重要的事）②错过（チャンスを聞き落とした｜错过了机会）,边缘词
徒,と,名詞,徒劳,徒に過ごす / 徒の努力 / 徒に終わる,1,真题,否,の(注1)ガリ勉や運動会前の徒競走の (注2) 猛練習などが、 人に知られると気恥ずかしくなってし,①徒劳（徒の努力が無駄だった｜徒劳的努力）②无用（徒に時間を使った｜白白浪费时间）,边缘词
競走,きょうそう,名詞,竞赛,競走に参加する / 競走が行われる / 競走で勝つ,1,真题,否,の(注1)ガリ勉や運動会前の徒競走の (注2) 猛練習などが、 人に知られると気恥ずかしくなってし,①竞赛（競走が始まった｜比赛开始了）②比赛（馬の競走が行われる｜进行马赛）,边缘词
気恥ずかしい,きはずかしい,形容詞,尴尬,気恥ずかしい思いをする / 気恥ずかしい瞬間 / 気恥ずかしい表情,1,真题,否,の(注1)ガリ勉や運動会前の徒競走の (注2) 猛練習などが、 人に知られると気恥ずかしくなってし,①害羞（気恥ずかしい思いをした｜感到害羞）②尴尬（気恥ずかしい場面だった｜尴尬的场面）,边缘词
よほど,よほど,副詞,相当,よほどのこと / よほど好き / よほど大切,1,真题,否,とほめられ / 得意技について「よほど努力しているのでしょうね」,①相当（よほど疲れた様子だ｜看起来相当疲惫）②非常（よほどの理由がある｜有非常的理由）,边缘词
かっこう,かっこう,副詞,样子,かっこうが良い / かっこうをつける / かっこうが悪い,1,真题,否,言い訳になる一方で、努力を 「かっこう悪い」 / とする無意識の (注4) バリアになりかねないためです。,①外形（かっこうが良い｜外形很好）②样子（かっこうが変だ｜样子奇怪）,边缘词
あくまで,あくまで,副詞,始终,あくまで続ける / あくまで主張する / あくまで信じる,1,真题,否,努力をするしないはあくまで主観ですが、その分量を時間換算する仕組みを取り入れれば、 自分が,①始终（あくまで自分の意見を貫く｜始终坚持自己的意见）②到底（あくまで無理だと言った｜到底说了不行）,边缘词
換算,かんさん,名詞,换算,換算を行う / 換算が必要 / 換算する方法,1,真题,否,努力をするしないはあくまで主観ですが、その分量を時間換算する仕組みを取り入れれば、 自分が,①换算（価格を換算する｜换算价格）②折算（換算レートを使う｜使用折算率）,边缘词
有限,ゆうげん,名詞,有限,有限の資源 / 有限の時間 / 有限の可能性,1,真题,否,努力を時間で測定すれば、 時間が有限だからこそ、何を努力するのか自分で考え、 決めなければいけ,①有限（有限の資源｜有限的资源）②有限的（有限の時間がある｜有限的时间）,边缘词
魔法,まほう,名詞,魔法,魔法を使う / 魔法がかかる / 魔法のような,1,真题,否,そうすれば、 結果は後からついてくる、 という気持ちになれる魔法の言葉なのです。,①魔法（魔法のような力｜像魔法一样的力量）②魔术（魔法を使う人｜使用魔法的人）,边缘词
河,かわ,接尾辞,河流,河で遊ぶ / 河が流れる / 河に沿って,1,真题,否,年度 河山市市民セミナーII,①河流（大きな川です｜大河）②水道（川の水を使います｜使用河水）,边缘词
秋川,あきかわ,名詞,秋天的河,秋川を渡る / 秋川が美しい / 秋川で釣りをする,1,真题,否,鈴木花子 (心理カウンセラー 『社会人のコミュニケーション』 秋川出版 著者),①秋天的河流（秋の川です｜秋天的河流）,边缘词
在勤,ざいきん,名詞,在职,在勤の社員 / 在勤が多い / 在勤を続ける,1,真题,否,河山市在住・在勤の18歳以上の社会人 (河山市職員を除きます。,①在职（会社に在勤しています｜在公司工作）②工作中（今、在勤です｜现在在工作中）,边缘词
書きだす,かきだす,動詞,写出,書きだす内容 / 書きだすことがある / 書きだす時間,1,真题,否,きぼうのじょうけんを書きだす,①开始写（手紙を書きだします｜开始写信）②写出（内容を書きだします｜写出内容）,边缘词
値上がり,ねあがり,名詞,涨价,値上がりが続く / 値上がりする商品 / 値上がりに驚く,1,真题,否,たばこが値上がりしているから,①价格上涨（値上がりしています｜价格在上涨）②物价上涨（物価の値上がり｜物价上涨）,边缘词
空き地,あきち,名詞,空地,空き地で遊ぶ / 空き地がある / 空き地を探す,1,真题,否,花屋の隣に空き地があります。,①空地（空き地があります｜有空地）②闲置土地（使われていない土地｜闲置的土地）,边缘词
たより,たより,名詞,依靠,たよりにする / たよりがない / たよりを求める,1,真题,否,小林さんはたよりになる人だ。,①依靠（友達がたよりです｜朋友是我的依靠）②消息（たよりが来ました｜收到了消息）,边缘词
汚れ,よごれ,名詞,污垢,汚れを落とす / 汚れが目立つ / 汚れを気にする,1,真题,否,家に入る前に、 靴の汚れをはずした。,①污垢（汚れがついています｜沾上了污垢）②污损（汚れを落とします｜清洗污垢）,边缘词
眺め,ながめる,名詞,景色,眺めが良い / 眺めを楽しむ / 眺めが変わる,1,真题,否,きれいな眺めに注目して、時間がたつのを忘れた。,①景色（眺めがいいです｜风景很好）②观察（眺めを楽しむ｜享受观察）,边缘词
寝,ね,名詞,睡觉,寝を取る / 寝が足りない / 寝をする,1,真题,否,寝不足で注目が足りないと、仕事でミスが多くなる。,①睡觉（寝る時間です｜该睡觉了）②躺下（ベッドで寝ます｜在床上躺下）,边缘词
体質,たいしつ,名詞,体质,体質が変わる / 体質に合う / 体質を知る,1,真题,否,花粉症は花粉に対するアレルギー反応で、アレルギー体質の人は花粉症になりやすいと言われ,①体质，身体素质（彼は健康な体質です｜他身体健康）②性格特征（彼女は明るい体質です｜她性格开朗）,边缘词
有害,ゆうがい,形状詞,有害,有害な物質 / 有害である / 有害を避ける,1,真题,否,花粉は体にとって有害なものではありません。,①有害，危害健康（この物質は有害です｜这种物质有害）②有害的，危险的（有害な影響があります｜有害的影响）,边缘词
ガード,がーど,名詞,防护,ガードを固める / ガードが必要 / ガードをする,1,真题,否,を作り出します。 / 侵入者だと思って、 花粉に対してガードマンのような働きをする 「抗体」,①防护，保护（しっかりガードしてください｜请好好防护）②守卫，防守（ガードが固いです｜防守很严密）,边缘词
マスク,ますく,名詞,口罩,マスクを着用する / マスクが必要 / マスクを外す,1,真题,否,外出時にはマスクやめがねで花粉が体に入るのを防ぎ、帰宅時には服についた花粉を落,①口罩，防护口罩（マスクを着けてください｜请戴上口罩）②面具，遮面具（仮面マスクをつける｜戴上面具）,边缘词
落,おち,名詞,掉落,落がある / 落が目立つ / 落を拾う,1,真题,否,外出時にはマスクやめがねで花粉が体に入るのを防ぎ、帰宅時には服についた花粉を落,①掉落，坠落（物が落ちました｜东西掉了）②失败，落选（試験に落ちた｜考试失败了）,边缘词
サボる,さぼる,動詞,偷懒,サボることがある / サボる理由 / サボるのは良くない,1,真题,否,休養はサボることではなく、時とし,①偷懒，旷课（今日はサボります｜今天要偷懒）②懈怠，怠工（仕事をサボる｜懈怠工作）,边缘词
勝利,しょうり,名詞,胜利,勝利を収める / 勝利が確定する / 勝利を祝う,1,真题,否,(辻秀一『スラムダンク勝利学』による),①胜利，成功（勝利を収めました｜获得了胜利）②战胜，克服（勝利を得る｜取得胜利）,边缘词
外食,がいしょく,名詞,外出就餐,外食を楽しむ / 外食が増える / 外食に行く,1,真题,否,ハンバーガー店のような外食産業では非常に珍しい試みだ。,①外出就餐，吃饭（今日は外食します｜今天外出就餐）②在外用餐（外食が多いです｜经常在外用餐）,边缘词
試み,こころみ,名詞,尝试,試みを続ける / 試みが成功する / 試みをする,1,真题,否,ハンバーガー店のような外食産業では非常に珍しい試みだ。,①尝试，试图（新しいことを試みる｜尝试新事物）②实验，试验（試みが成功した｜实验成功了）,边缘词
新作,しんさく,名詞,新作品,新作が発表される / 新作を楽しむ / 新作を待つ,1,真题,否,本日は東西インテリア新作ベッド発表会にご来場くださり、 まことにありがとうございます。,①新作品，新作（新作映画が公開される｜新电影要上映）②新产品，新品（新作の本が出た｜新书出版了）,边缘词
勤め,つとめ,名詞,工作,勤めを果たす / 勤めがある / 勤めを続ける,1,真题,否,会社勤めの生活は楽だった。,①工作，职务（会社に勤めています｜在公司工作）②服务，任职（公務に勤める｜服务于公职）,边缘词
安楽,あんらく,形状詞,安乐,安楽な生活 / 安楽を求める / 安楽に過ごす,1,真题,否,ずっと一人で生きてきた後で、集団に入ってみると、その居心地の良さ、 安楽さに驚くのである。,①安逸，舒适（安楽な生活｜舒适的生活）②安宁，平静（安楽な心｜内心安宁）,边缘词
一新,いっしん,名詞,更新,一新する必要がある / 一新が進む / 一新を図る,1,真题,否,(野田知佑『旅へ一新・放浪記1』による),①更新，改头换面（制度を一新する｜更新制度）②彻底改变（気持ちを一新する｜彻底改变心情）,边缘词
放浪,ほうろう,名詞,流浪,放浪の旅 / 放浪すること / 放浪を続ける,1,真题,否,(野田知佑『旅へ一新・放浪記1』による),①流浪，漂泊（放浪の旅｜流浪的旅程）②无所事事（放浪する生活｜无所事事的生活）,边缘词
取り返す,とりかえす,動詞,追回,取り返すチャンス / 取り返すことができる / 取り返す努力,1,真题,否,たちは、時間を取り返し、もっとゆったりした時間を生きる必要がありそうですね。,①夺回，取回（失ったものを取り返す｜夺回失去的东西）②挽回，弥补（失敗を取り返す｜弥补失误）,边缘词
しきり,しきり,副詞,频繁,しきりに話す / しきりに考える / しきりに訪れる,1,真题,否,そういう気が(注1)しきりにして、ちょっとしたプレッシャーになっている。,①频繁，屡次（しきりに電話が来る｜频繁接到电话）②不断，连续（しきりに話す｜不断地说）,边缘词
くっ,くっ,感動詞,咳嗽声,くっという音 / くっと咳をする / くっと声を出す,1,真题,否,くってことを楽しまなければならない。,①咕噜声（くっ、と音を立てる｜发出咕噜声）②突然的动作（くっと立ち上がる｜突然站起来）,边缘词
こうる,こうる,動詞,获得,こうることができる / こうるために / こうるのは難しい,1,真题,否,(注3)攻略(こうりゃく)する:うまく解決する,①获得，得到（利益をこうる｜获得利益）②接受，承受（影響をこうる｜受到影响）,边缘词
地震,じしん,名詞,地震,地震が起こる / 地震に備える / 地震が怖い,1,真题,否,異常気象で食べる物が不足して困っている人や、 地震で家を失った人のため,①地震，震动（大きな地震が来た｜来了大地震）,边缘词
小遣い,こづかい,名詞,零用钱,小遣いをもらう / 小遣いが増える / 小遣いを使う,1,真题,否,にわずかながらもお小遣いから寄付した経験を持つ人は多いだろう。,①零用钱（子供に小遣いをあげる｜给孩子零用钱）②花费，开销（小遣いを使う｜花零用钱）,边缘词
起,き,名詞,起床,起が早い / 起をする / 起が遅い,1,真题,否,その寄付に対する考え方に、 今、 新しい動きが起こ,①起床（朝早く起きる｜早上起床）②开始（仕事を起こす｜开始工作）,边缘词
活,かつ,接頭辞,生活,活を楽しむ / 活が必要 / 活をする,1,真题,否,活を支援する、 というシステムを取り入れている。,①活动（楽しい活をする｜进行有趣的活动）②生存（元気に活きる｜健康地生活）,边缘词
募金,ぼきん,名詞,募捐,募金を集める / 募金が行われる / 募金に参加する,1,真题,否,これまでの寄付はわざわざ募金の場所へ足を運んだり、 銀行からお金を振り込んだりしなければならないものが多く、,①捐款（募金を集める｜募集捐款）②慈善（募金活動を行う｜进行慈善活动）,边缘词
言い返す,いいかえす,動詞,反驳,言い返すことができる / 言い返すのは難しい / 言い返すタイミング,1,真题,否,(注1)反発(はんぱつ) する: 言い返す,①反驳（彼に言い返す｜反驳他）②回嘴（すぐに言い返す｜马上回嘴）,边缘词
特効,とっこう,名詞,特效,特効がある / 特効を期待する / 特効を試す,1,真题,否,記憶力を鍛えるいろいろな本が書かれているが、 残念ながら、 私には特効薬があるとは思えない。,①特效（特効薬がある｜有特效药）②特殊效果（特効を持つ｜具有特殊效果）,边缘词
玄人,くろうと,名詞,专家,玄人に聞く / 玄人が教える / 玄人の意見,1,真题,否,(金出武雄『素人のように考え、玄人として実行する一問題解決のメタ技術』による),①行家（彼は玄人だ｜他是行家）②专家（玄人の技術｜专家的技术）,边缘词
メタ,めた,名詞,元数据,メタデータを扱う / メタが重要 / メタを理解する,1,真题,否,(金出武雄『素人のように考え、玄人として実行する一問題解決のメタ技術』による),①元数据（メタデータを使う｜使用元数据）②超越（メタ視点で見る｜从超越的视角看）,边缘词
すいぞう,すいぞう,名詞,水族,すいぞうに行く / すいぞうが好き / すいぞうを訪れる,1,真题,否,(注1) 内臓(すいぞう) する: その中に持っている,①水族（すいぞう館に行く｜去水族馆）②水生生物（水族の生き物｜水生生物）,边缘词
もち,もち,名詞,年糕,もちを食べる / もちが好き / もちを作る,1,真题,否,(注2)宝のもち腐 (くさ)れである: せっかくいいものでも無駄になってしまう,①年糕（もちを食べる｜吃年糕）②坚持（もちを持つ｜坚持下去）,边缘词
腐,腐,名詞,腐烂,腐が進む / 腐を防ぐ / 腐を気にする,1,真题,否,(注2)宝のもち腐 (くさ)れである: せっかくいいものでも無駄になってしまう,①腐烂（食べ物が腐る｜食物腐烂）②腐败（腐った政治｜腐败的政治）,边缘词
れんけつ,れんけつ,名詞,连接,れんけつが強い / れんけつを作る / れんけつが必要,1,真题,否,(注3) 連結 (れんけつ) する 結びつける,①联系，联结（例：人とれんけつする｜与人联系）②连结，结合（例：れんけつを強める｜加强联系）,边缘词
覚,さとし,名詞,记忆,覚を取り戻す / 覚がある / 覚を忘れる,1,真题,否,どちらかがより忘れられないかと問われれば――――どちらもあまり覚,①觉醒，意识（例：目が覚めた｜醒来了）②记忆，记住（例：覚えている｜记得）,边缘词
定義,ていぎ,名詞,定义,定義を確認する / 定義が必要 / 定義を理解する,1,真题,否,新しい問題を繰り返し解いて、 自分の理解を確認しながら定義させる。,①定义，解释（例：言葉の定義｜词语的定义）,边缘词
当,とう,名詞,当,当が来る / 当を引く / 当が出る,1,真题,否,当者から具体的な業務内容について直接聞くこともできます。,①当，适合（例：当たる確率｜适合的概率）②这，那个（例：当社の製品｜我们的产品）,边缘词
ビザ,びざ,名詞,签证,ビザを取得する / ビザが必要 / ビザを申請する,1,真题,否,就職活動のマナー、 履歴書の書き方、 ビザの変更に関する諸手続きなど,①签证，入境许可（例：ビザを取得する｜获得签证）,边缘词
事項,じこう,名詞,事项,重要な事項 / 具体的な事項 / いくつかの事項,1,真题,否,注意事項:服装はスーツとし、筆記用具を持参すること。,①事项，内容（例：重要事項｜重要事项）,边缘词
全然,ぜんぜん,副詞,完全,全然違う / 全然問題ない / 全然気にしない,1,真题,否,資料が全然できていないから,①完全，彻底（例：全然違う｜完全不同）②根本，丝毫（例：全然問題ない｜根本没问题）,边缘词
語学,ごがく,名詞,语言学,語学の勉強 / 語学学校 / 語学力,1,真题,否,この仕事には高い語学力が要求される。,①语言学，语言研究（例：語学を学ぶ｜学习语言学）,边缘词
祝う,いわう,動詞,庆祝,誕生日を祝う / 成功を祝う / 結婚を祝う,1,真题,否,友達の合格をみんなで祝った。,①庆祝，祝贺（例：誕生日を祝う｜庆祝生日）,边缘词
退院,たいいん,名詞,出院,退院する / 退院の日 / 退院後,1,真题,否,退院しても、しばらくの間、はげしい運動はしないでください。,①出院，离开医院（例：退院する｜出院）,边缘词
被害,ひがい,名詞,损害,被害を受ける / 被害が出る / 被害者,1,真题,否,台風の方針がそれたので、特に被害は出なかった。,①损害（事故の被害を受けた｜遭受事故损害）②伤害（被害者が増えた｜受害者增加）,边缘词
かぜ薬,かぜぐすり,名詞,感冒药,かぜ薬を飲む / かぜ薬が効く / かぜ薬を買う,1,真题,否,かぜ薬を飲んだが、利益が感じられない。,感冒药（風邪薬を飲んだ｜吃感冒药）,边缘词
俳優,はいゆう,名詞,演员,有名な俳優 / 俳優として / 俳優の仕事,1,真题,否,苦労がかない、彼は俳優として成功をおさめた。,演员（彼は有名な俳優です｜他是有名的演员）,边缘词
タレント,たれんと,名詞,艺人,人気のタレント / タレント活動 / タレント番組,1,真题,否,A「このタレント、 最近よくテレビで見るね。,艺人（タレントがテレビに出る｜艺人上电视）,边缘词
すっぱい,すっぱい,形容詞,酸的,すっぱい味 / すっぱい果物 / すっぱい顔,1,真题,否,「これは地元ではよく知られた料理で、このすっぱさがおいしい。,①酸的（すっぱいレモンが好き｜喜欢酸柠檬）②刺鼻的（すっぱい匂いがする｜有刺鼻的气味）,边缘词
呼び名,よびな,名詞,称呼,呼び名が変わる / 呼び名を付ける / 呼び名を知る,1,真题,否,というように、 それぞれその内容に対応した呼び名がある。,称呼（彼の呼び名はジョンです｜他的称呼是约翰）,边缘词
模,かたぎ,名詞,模型,模を作る / 模を使う / 模を参考にする,1,真题,否,「模型鉄」 / である30代の男性は、模,模型（模を作るのが好き｜喜欢制作模型）,边缘词
うっとり,うっとり,副詞,陶醉,うっとりする / うっとりした表情 / うっとりと見る,1,真题,否,型の魅力について「車両の形を見ているだけでうっとり。,陶醉（音楽にうっとりする｜陶醉于音乐）,边缘词
心打つ,こころうつ,動詞,感动,心打つ話 / 心打つ映画 / 心打つ瞬間,1,真题,否,一言に心打たれることもあります。,感动（その話に心打たれた｜被那个故事感动）,边缘词
深度,しんど,名詞,深度,深度がある / 深度を測る / 深度が増す,1,真题,否,も同じように、 そのときどきに応じた深度で読んでいるのです。,深度（湖の深度を測る｜测量湖的深度）,边缘词
冊数,さっすう,名詞,册数,冊数を増やす / 冊数が多い / 冊数を確認する,1,真题,否,(注1)大部(だいぶ): 書物の冊数やページ数が多いこと,①册数（本の数を数える｜数书的册数）,边缘词
出現,しゅつげん,名詞,出现,出現する / 出現率 / 出現の仕方,1,真题,否,うすることによってはじめて (注2) 普遍的な美の世界が出現するのだと思う。,①出现（新しい現象が現れる｜新现象出现）,边缘词
補い,おぎない,名詞,补充,補いをする / 補いが必要 / 補いを求める,1,真题,否,目で見たものを想像力で補い美しく描き表したもの,①补充（不足を補うこと｜补充不足）,边缘词
肥える,こえる,動詞,肥胖,肥える原因 / 肥えること / 肥える食事,1,真题,否,という言葉には2つの意味がある。 / 「日本の消費者は世界一、 (注1)目が肥えている」,①肥胖（体が太ること｜身体变胖）②丰盈（実が豊かになること｜果实丰盈）,边缘词
嫌々,いやいや,名詞,勉强,嫌々行く / 嫌々ながら / 嫌々受け入れる,1,真题,否,に目を向け、 我慢して買って / それでは消費者は嫌々 「傷物」,①勉强（嫌々やること｜勉强做）,边缘词
衣料,いりょう,名詞,衣物,衣料を選ぶ / 衣料が必要 / 衣料の種類,1,真题,否,衣料品や家具などでは中古品市場や消費者同士の交換が盛んだ。,①衣物（衣服の材料｜衣服的材料）,边缘词
エコロジー,えころじー,名詞,生态,エコロジーに配慮する / エコロジーの観点 / エコロジー活動,1,真题,否,ごみになるはずのものを安く使い、エコロジーと節約を両立させ,①生态（環境保護の考え｜环境保护的理念）,边缘词
両立,りょうりつ,名詞,并存,両立が難しい / 両立すること / 両立を目指す,1,真题,否,ごみになるはずのものを安く使い、エコロジーと節約を両立させ,①并存（2つの事が共存する｜两者共存）,边缘词
不ぞろい,ふぞろい,形状詞,不齐,不ぞろいな状態 / 不ぞろいなもの / 不ぞろいな品物,1,真题,否,不ぞろいな野菜は、むしろ手作り品を思わせる長,①不整齐（形が揃っていない｜形状不整齐）,边缘词
肥,こえ,名詞,肥料,肥を与える / 肥が必要 / 肥を使う,1,真题,否,(注1)目が肥 (こ) えている : よい物を見慣れていて、物の価値がわかる,①肥料（植物を育てるためのもの｜植物的肥料）,边缘词
くみ取る,くみとる,動詞,抽取,情報をくみ取る / 意図をくみ取る / ニーズをくみ取る,1,真题,否,消費者の意識の変化をくみ取るようになった。,①抽取（例：水をくみ取る｜抽取水）②理解（例：意図をくみ取る｜理解意图）,边缘词
楽天,らくてん,名詞,乐观,楽天的な考え / 楽天を持つ / 楽天的な性格,1,真题,否,私はどちらかと言えば根が楽天的だが、昔は営業の (注1) 強烈なノルマに苦しんだこともある。,①乐观（例：楽天的な考え｜乐观的想法）②购物网站（例：楽天で買い物｜在乐天购物）,边缘词
結べる,むすべる,動詞,能系,結べるリボン / 結べるように / 結べる方法,1,真题,否,たとえば、あと一歩のところで契約が結べなかった日、会社に戻って (注3) しょげかえる代わりに 「あ,①能系（例：靴を結べる｜能系鞋带）②能结合（例：関係を結べる｜能结合关系）,边缘词
締めくくる,しめくくる,動詞,结束,物語を締めくくる / 締めくくる言葉 / 締めくくる瞬間,1,真题,否,締めくくれば、 明日への活力も湧くてきた。,①结束（例：話を締めくくる｜结束谈话）②总结（例：結論を締めくくる｜总结结论）,边缘词
少々,しょうしょう,名詞,稍微,少々お待ちください / 少々の時間 / 少々の違い,1,真题,否,そこを基準にすれば、少々のことは当然のこととして受け入れら,①稍微（例：少々お待ちください｜请稍等）②一点（例：少々お待ち｜稍等一下）,边缘词
費やす,ついやす,動詞,花费,時間を費やす / お金を費やす / 努力を費やす,1,真题,否,どうせ人生の一定の時間を仕事に費やすのなら、 その時間が楽しいと思えるほうがいいに決まっている。,①花费（例：時間を費やす｜花费时间）②消耗（例：エネルギーを費やす｜消耗能量）,边缘词
ならう,ならう,動詞,学习,日本語をならう / ならうことが大切 / ならう機会,1,真题,否,これにならえば、充実感を得られる仕事を手にするには、楽しめる仕事を探,①学习（例：日本語をならう｜学习日语）②模仿（例：友達をならう｜模仿朋友）,边缘词
めく,めく,接尾辞,翻,ページをめくる / 本をめくる / めくる動作,1,真题,否,(注4) 締 (L) めくくる : 終える,①翻（例：ページをめくる｜翻页）②揭（例：カバーをめくる｜揭开封面）,边缘词
ひける,ひける,動詞,拉开,カーテンをひける / ひけるように / ひける距離,1,真题,否,ピアノの先生には何も言われなかったけれども、 自分ではうまくひけなかったので次はもっと頑張,①拉开（例：カーテンがひける｜拉开窗帘）②收回（例：手をひける｜收回手）,边缘词
頑,がん,名詞,固执,頑なな態度 / 頑に主張する / 頑なに拒否する,1,真题,否,ピアノの先生には何も言われなかったけれども、 自分ではうまくひけなかったので次はもっと頑張,①顽固（例：頑なな態度｜顽固的态度）②坚韧（例：頑なに続ける｜坚持不懈）,边缘词
上体,じょうたい,名詞,上身,上体を支える / 上体を起こす / 上体を動かす,1,真题,否,コーチは、腕を振り、膝の運び方、上体の前傾の取り方など、フォームを (注2) 矯正しようと指導し、,①上半身（例：上体を起こす｜坐直上半身）,边缘词
前傾,ぜんけい,名詞,前倾,前傾姿勢 / 前傾する / 前傾の状態,1,真题,否,コーチは、腕を振り、膝の運び方、上体の前傾の取り方など、フォームを (注2) 矯正しようと指導し、,①向前倾斜（例：前傾姿勢｜向前倾斜的姿势）,边缘词
走行,そうこう,名詞,行驶,走行中の車 / 走行距離 / 走行ルート,1,真题,否,その結果、電気自動車が、 走行時に二酸化炭素を出さず、 騒,①行驶，移动（例：車が走行する｜车在行驶）,边缘词
炭素,たんそ,名詞,碳,炭素の性質 / 炭素を含む / 炭素の量,1,真题,否,その結果、電気自動車が、 走行時に二酸化炭素を出さず、 騒,①碳元素（例：炭素の性質｜碳的性质）,边缘词
騒,さわぎ,名詞,吵闹,騒がしい音 / 騒ぎを起こす / 騒がしい場所,1,真题,否,その結果、電気自動車が、 走行時に二酸化炭素を出さず、 騒,①吵闹，喧哗（例：騒がしい音｜吵闹的声音）,边缘词
リング,りんぐ,名詞,环,リングをはめる / リングのサイズ / リングを作る,1,真题,否,リングといって、一台の車を複数の人で使用するというシステムも整ってきている。,①环，圈（例：指輪のリング｜戒指的环）,边缘词
アンテナ,あんてな,名詞,天线,アンテナを立てる / アンテナが必要 / アンテナの位置,1,真题,否,科学者や技術者であるなら、 発見につながるあらゆる可能性にアンテナを伸ばすべきで、そのためには、,①天线（例：アンテナを設置する｜安装天线）,边缘词
狭める,せばめる,動詞,缩小,狭めることができる / 狭める方法 / 狭める作業,1,真题,否,研究の幅や、 発見につながる可能性を大きく (注1) 狭めてし,①缩小，变窄（例：道を狭める｜缩小道路）,边缘词
悔やむ,くやむ,動詞,悔恨,悔やむ気持ち / 悔やむこと / 悔やむ瞬間,1,真题,否,与えないと、あとで悔やむことになるからだと思う。,①感到后悔（例：失敗を悔やむ｜为失败感到后悔）,边缘词
備わる,そなわる,動詞,具备,特徴が備わる / 備わる能力 / 備わる条件,1,真题,否,感情や好き嫌いは (注4) 元來人間に備わっているものであるというのは間違いないが、 人間は、 十分,①具备，拥有（例：機能が備わる｜具备功能）,边缘词
狭,せまい,接頭辞,狭窄,狭い道 / 狭い部屋 / 狭い範囲,1,真题,否,(注1)狭(せば)める:狭くする,①狭窄（この道は狭いです｜这条路很狭窄）②狭小（部屋が狭い｜房间很小）,边缘词
引き取る,ひきとる,動詞,收回,引き取ることができる / 引き取る手続き / 引き取る際,1,真题,否,・料金には、荷物の日本でのお引き取り、輸出入税関手続き 海外でのお届け費用を含みます。,①接收（荷物を引き取る｜接收行李）②收回（返却を引き取る｜收回归还）,边缘词
輸出入,ゆしゅつにゅう,名詞,进出口,輸出入が増える / 輸出入の手続き / 輸出入業者,1,真题,否,・料金には、荷物の日本でのお引き取り、輸出入税関手続き 海外でのお届け費用を含みます。,①进出口（輸出入が増加する｜进出口增加）,边缘词
税関,ぜいかん,名詞,海关,税関を通過する / 税関での手続き / 税関の規則,1,真题,否,・料金には、荷物の日本でのお引き取り、輸出入税関手続き 海外でのお届け費用を含みます。,①海关（税関で手続きする｜在海关办理手续）,边缘词
荷造り,にづくり,名詞,打包,荷造りをする / 荷造りが必要 / 荷造りの方法,1,真题,否,になります。 / (以下はすべて、当社のスタッフが荷造りからお手伝いする 「らくらくプラン」,①打包（荷造りをする｜进行打包）②包装（荷物の荷造り｜行李的包装）,边缘词
らくらく,らくらく,副詞,轻松,らくらくできる / らくらくな生活 / らくらく進める,1,真题,否,になります。 / (以下はすべて、当社のスタッフが荷造りからお手伝いする 「らくらくプラン」,①轻松（らくらくできる｜轻松完成）②容易（らくらく終わる｜容易结束）,边缘词
主催,しゅさい,名詞,主办,主催するイベント / 主催者の役割 / 主催の目的,1,真题,否,にご招待いたします。 / プランⅢ、ⅣVをお申し込みのお客様は、当社主催 「海外生活情報セミナー」,①主办（イベントを主催する｜主办活动）,边缘词
両社,りょうしゃ,名詞,两公司,両社の協力 / 両社の関係 / 両社の合意,1,真题,否,さんはA、B両社のどのプランを検討したらいいか。,①两家公司（両社が提携する｜两家公司合作）,边缘词
話し声,はなしごえ,名詞,谈话声,話し声が聞こえる / 話し声を聞く / 話し声がする,1,真题,否,話し声がうるさかったから,①说话声（話し声が聞こえる｜听到说话声）②交谈声（話し声がする｜有交谈声）,边缘词
密接,みっせつ,形状詞,紧密,密接な関係 / 密接に結びつく / 密接に協力する,1,真题,否,両国経済的に密接な関係にある,①紧密（関係が密接だ｜关系紧密）②亲密（密接な関係｜亲密的关系）,边缘词
ビタミン,びたみん,名詞,维生素,ビタミンが豊富 / ビタミンを摂る / ビタミンの効果,1,真题,否,野菜にはビタミンが豊富に含まれている。,①维生素（体に必要な栄養素｜身体所需的营养素）,边缘词
率直,そっちょく,形状詞,坦率,率直に話す / 率直な意見 / 率直な態度,1,真题,否,みなさんの率直な考えを聞かせてください,①坦率（率直に話す｜坦率地说）②直言（率直に言う｜直言不讳）,边缘词
くたくた,くたくた,形状詞,疲惫,くたくたになる / くたくたの状態 / くたくたで寝る,1,真题,否,眞夏の屋外でずっと仕事をしたら、 くたくたになった,①疲惫（くたくたに疲れた｜累得不行）②无力（くたくたになった｜感到无力）,边缘词
政党,せいとう,名詞,政党,政党の方針 / 政党に所属する / 政党の活動,1,真题,否,あの政党は、よりよい世間の実現を目指している,①政党（政治活動を行う団体｜政治活动的团体）,边缘词
夏期,かき,名詞,夏季,夏期の休暇 / 夏期講習 / 夏期のイベント,1,真题,否,夏期の開館時間を1時間延長することにします,①夏季（夏の期間｜夏季的时间）,边缘词
戦後,せんご,名詞,战后,戦後の復興 / 戦後の影響 / 戦後の生活,1,真题,否,原因の一つに、戦後の日本の特殊な住宅事情があるようです。,①战后（戦争の後｜战争结束后）,边缘词
立ち並ぶ,たちならぶ,動詞,并排,店が立ち並ぶ / 家が立ち並ぶ / 車が立ち並ぶ,1,真题,否,その結果、 町には、今のような頑丈そうな質の高い住宅が立ち並ぶことになったのです,①并排（店が立ち並ぶ｜店铺并排）②排列（木が立ち並ぶ｜树木排列）,边缘词
正木,まさき,名詞,正木,正木に住む / 正木を訪れる / 正木が好き,1,真题,否,(正木健雄 【新・いきいき体調─トレーニング】 による),①正木（人名や地名｜人名或地名）,边缘词
拝啓,はいけい,名詞,敬启,拝啓を送る / 拝啓を読む / 拝啓を受け取る,1,真题,否,拝啓 初秋の侯、(注)貴社ますますご発展のこととお慶び申し上げます。,①敬启（拝啓、元気ですか｜敬启，您好吗）,边缘词
初秋,しょしゅう,名詞,初秋,初秋の風 / 初秋の空 / 初秋の味覚,1,真题,否,拝啓 初秋の侯、(注)貴社ますますご発展のこととお慶び申し上げます。,①初秋（秋の始まり｜秋天的开始）,边缘词
平素,へいそ,名詞,平时,平素の生活 / 平素の仕事 / 平素の習慣,1,真题,否,平素は、格別のお引き立てを賜りまして、厚く御礼申し上げます。,①平常，平时（普段の生活｜平常的生活）②通常，常规（通常の行動｜通常的行为）,边缘词
引き立て,ひきたてる,名詞,提拔,引き立てを受ける / 引き立てをする / 引き立てがある,1,真题,否,平素は、格別のお引き立てを賜りまして、厚く御礼申し上げます。,①提拔，支持（引き立てを受ける｜受到提拔）②衬托，突出（色が引き立てる｜颜色突出）,边缘词
賜る,たまわる,動詞,赐予,賜ること / 賜る機会 / 賜る恩恵,1,真题,否,平素は、格別のお引き立てを賜りまして、厚く御礼申し上げます。,①赐予，给予（お言葉を賜る｜接受您的话）②接受，得到（恩恵を賜る｜得到恩惠）,边缘词
礼,れい,名詞,礼,礼を言う / 礼を述べる / 礼を受ける,1,真题,否,平素は、格別のお引き立てを賜りまして、厚く御礼申し上げます。,①感谢，致谢（感謝の礼｜感谢的礼）②礼仪，礼节（礼を尽くす｜尽礼节）,边缘词
さっそく,さっそく,副詞,立刻,さっそく行く / さっそく始める / さっそく確認する,1,真题,否,さっそく開封しましたところ、,①立刻，马上（さっそく行く｜立刻去）②立即，迅速（さっそく始める｜迅速开始）,边缘词
手違い,てちがい,名詞,失误,手違いが起こる / 手違いをする / 手違いを解決する,1,真题,否,どこかで手違いが生じたのではないかと思いますが、,①失误，错误（手違いがあった｜出现失误）②混乱，差错（手違いが生じる｜发生混乱）,边缘词
取り,とる,名詞,取,取りに行く / 取りを決める / 取りをする,1,真题,否,「日本語の友・ 初級」 / を至急取りにきてもらいたい。,①获取，取得（取りに行く｜去获取）②处理，解决（問題を取り扱う｜处理问题）,边缘词
下位,かい,名詞,下位,下位に位置する / 下位の選手 / 下位のクラス,1,真题,否,しかし、下位だと思っている人が一人でゾウに命令したりすると、 (注2) 反発して鼻,①下级，低位（下位の者｜下级的人）②次要，劣势（下位に位置する｜处于劣势）,边缘词
鼻,はな,名詞,鼻子,鼻が詰まる / 鼻をかむ / 鼻が高い,1,真题,否,しかし、下位だと思っている人が一人でゾウに命令したりすると、 (注2) 反発して鼻,①鼻子（鼻が詰まる｜鼻子堵了）②嗅觉，气味（鼻が利く｜嗅觉灵敏）,边缘词
恐れ多い,おそれおおい,形容詞,不敢当,恐れ多いお言葉 / 恐れ多い存在 / 恐れ多いこと,1,真题,否,つまり 100パーセント僕の表現だと恐れ多くていえないのだ。,①不敢当，过奖（恐れ多いお言葉｜不敢当的夸奖）②惶恐，敬畏（恐れ多い存在｜感到敬畏）,边缘词
界線,かいせん,名詞,界线,界線を越える / 界線を引く / 界線がある,1,真题,否,だろう、という鏡界線がぼんやりとでも設定されているから、そこが 『完成』 になる、 そしてこの場合,①界限（例：この界線を越えないで｜不要越过这条界线）②分界线（例：国の界線｜国家的分界线）,边缘词
限りない,かぎりない,形容詞,无限,限りない可能性 / 限りない愛 / 限りない時間,1,真题,否,とを知ろうとする行為は、作りたいものを作ろうとする行為と限りなく似ている。,①无限的（例：限りない可能性｜无限的可能性）②无尽的（例：限りない愛｜无尽的爱）,边缘词
段落,だんらく,名詞,段落,段落を分ける / 段落を作る / 段落がある,1,真题,否,のときが、完成した時期になるかな』というくらいの 『一段落』が見えるだけである。,①段落（例：段落を分ける｜分段）②段落符号（例：段落を作る｜制作段落）,边缘词
センス,せんす,名詞,感觉,センスがある / センスを磨く / センスを感じる,1,真题,否,(森博嗣『創るセンス工作ん思考』による),①感觉（例：センスがいい｜感觉很好）②品味（例：ファッションセンス｜时尚品味）,边缘词
工作,こうさく,名詞,工作,工作をする / 工作が好き / 工作の時間,1,真题,否,(森博嗣『創るセンス工作ん思考』による),①工作（例：仕事をする｜进行工作）②创作（例：工作を発表する｜发表作品）,边缘词
生存,せいぞん,名詞,生存,生存が危ぶまれる / 生存のため / 生存を確認する,1,真题,否,(針山孝彦『生き物たちの情報戦略------生存をかけた静かなる戦い』による),①生存（例：生存のために｜为了生存）②存活（例：生存競争｜生存竞争）,边缘词
感激,かんげき,名詞,感激,感激を受ける / 感激する瞬間 / 感激の声,1,真题,否,旅先で、すばらしい風景や名所 (注1) 旧跡に出合ったとき、 わたしも人なみには感激する。,①感动（例：感激の涙｜感动的泪水）②感激不已（例：感激している｜感动不已）,边缘词
静的,せいてき,形状詞,静态,静的な状態 / 静的なデータ / 静的な環境,1,真题,否,自然の風景や名所旧跡は静的である。,①静态的（例：静的な状態｜静态的状态）②安静的（例：静的な環境｜安静的环境）,边缘词
めぐりあえる,めぐりあえる,動詞,相遇,めぐりあえる運命 / めぐりあえる場所 / めぐりあえる人,1,真题,否,いつ出かけても、おなじ景色にめぐりあえる。,①相遇（例：運命にめぐりあえる｜能与命运相遇）②重逢（例：友達にめぐりあえる｜重逢朋友）,边缘词
追,つい,接頭辞,追,追いかける / 追い求める / 追い越す,1,真题,否,ときどき、 ながめたり、 人に見せたりして、 旅の追体験をし、イメージを,①追赶（例：彼を追う｜追赶他）②追求（例：夢を追う｜追求梦想）,边缘词
売り手,うりて,名詞,卖方,売り手が多い / 売り手と買い手 / 売り手の条件,1,真题,否,売り手と買い手の (注4) 駆け引,①卖方（彼は売り手です｜他是卖方）②销售者（売り手が必要です｜需要销售者）,边缘词
買い手,かいて,名詞,买方,買い手が現れる / 買い手を探す / 買い手のニーズ,1,真题,否,売り手と買い手の (注4) 駆け引,①买方（買い手が見つかりました｜找到了买方）②消费者（買い手の意見を聞く｜听买方的意见）,边缘词
駆ける,かける,動詞,奔跑,駆ける姿 / 駆ける音 / 駆けること,1,真题,否,売り手と買い手の (注4) 駆け引,①奔跑（彼は公園を駆ける｜他在公园奔跑）②快速移动（犬が駆けてきた｜狗快速跑来）,边缘词
ふるまい,ふるまい,名詞,举止,ふるまいが良い / ふるまいをする / ふるまいに注意する,1,真题,否,きなど、人びとの (注5)ふるまいを見ていたら、 退屈することはない。,①举止（彼のふるまいは素晴らしい｜他的举止很棒）②行为（ふるまいに注意する｜注意行为）,边缘词
ショー,しょー,名詞,表演,ショーを観る / ショーが始まる / ショーに参加する,1,真题,否,市場は 『生活のショーウイン,①表演（彼はショーに出演する｜他出演表演）②展示（新しいショーが始まる｜新表演开始了）,边缘词
込み合う,こみあう,動詞,拥挤,込み合う電車 / 込み合う場所 / 込み合う時間,1,真题,否,(注2) 雑踏 (ざっとう) : 人がたくさんいて込み合っている所,①拥挤（駅が込み合っている｜车站很拥挤）②混杂（道が込み合っている｜路上很混杂）,边缘词
駆け引き,かけひき,名詞,博弈,駆け引きが必要 / 駆け引きをする / 駆け引きのテクニック,1,真题,否,(注4)駆け引き : 自分に有利になるように相手とやり取りすること,①策略（駆け引きが重要です｜策略很重要）②博弈（彼は駆け引きが上手い｜他擅长博弈）,边缘词
選,せん,名詞,选择,選をする / 選が多い / 選を決める,1,真题,否,メートルを速く走るためには最高速度を長く維持すればよいわけだが、世界トップクラスの選,①选择（選が大切です｜选择很重要）②挑选（良い選をする｜做出好的选择）,边缘词
半身,はんしん,名詞,半身,半身を使う / 半身の姿勢 / 半身が痛い,1,真题,否,まず、スタートから60メートル付近までは上半身を前に倒すようにして一気に加速する、そして最,①半身（彼は半身をひねった｜他扭动了半身）②一侧（半身が痛い｜一侧很痛）,边缘词
倒す,たおす,動詞,击倒,倒すことができる / 倒す技 / 倒すために,1,真题,否,まず、スタートから60メートル付近までは上半身を前に倒すようにして一気に加速する、そして最,①击倒（敵を倒す｜击倒敌人）②推倒（本を倒す｜推倒书本）,边缘词
速,そく,名詞,快,速が求められる / 速を出す / 速の重要性,1,真题,否,スタート時は足を前に出す気持ちで走り出し、加速している間は歩幅を広げることを意識して最高速,①快速，迅速（速い車｜快速的车）②急速，迅猛（速い進展｜迅速的进展）,边缘词
走り抜ける,はしりぬける,動詞,跑过,走り抜ける道 / 走り抜けること / 走り抜ける瞬間,1,真题,否,ゴール直前では決して余計な力は使わず、 走り抜けるイメージでゴールしよう。,①快速通过（道を走り抜ける｜快速通过道路）②冲过，穿越（ゴールを走り抜ける｜冲过终点）,边缘词
勝負,しょうぶ,名詞,胜负,勝負に出る / 勝負をする / 勝負が決まる,1,真题,否,でも減速は避けられないが、それをどれだけ最小限に抑えられるかで勝負が決まると言ってもいい。,①比赛，胜负（勝負を決める｜决定胜负）②对决，较量（勝負に挑む｜挑战对决）,边缘词
目前,もくぜん,名詞,眼前,目前の問題 / 目前の状況 / 目前の課題,1,真题,否,加速した時の走り方について 4ゴール目前の力の使い方について,①眼前，当前（目前の状況｜当前的情况）②即将，马上（目前の課題｜即将到来的课题）,边缘词
似せる,にせる,動詞,模仿,似せる技術 / 似せることができる / 似せる作品,1,真题,否,小説は言葉を使ってこの世界に似せたイメージを作る表現形式である、世界はそれ自身では主張を持たな,①模仿，仿造（人を似せる｜模仿人）②使相似，像（絵を似せる｜使画相似）,边缘词
名著,めいちょ,名詞,名著,名著を読む / 名著の紹介 / 名著がある,1,真题,否,古典的名著ともなれば評論でもさまざまな解釈が競われるこどがあえうが、 ふつうは評論の主張はは,①经典著作（名著を読む｜阅读经典著作）②著名作品（名著として知られる｜著名作品）,边缘词
誤読,ごどく,名詞,误读,誤読を避ける / 誤読すること / 誤読の例,1,真题,否,『自由』に解釈すれば 『誤読』となることが多い。,①误读，错误理解（誤読を避ける｜避免误读）②读错，误解（誤読が多い｜误读很多）,边缘词
老人,ろうじん,名詞,老人,老人が話す / 老人の知恵 / 老人を助ける,1,真题,否,それが知的な(注2) 虚栄心というもので、これがなくなったら精神的な『老人』,①老年人，长者（老人を敬う｜尊敬老人）②年长者，老者（老人の知恵｜老者的智慧）,边缘词
晩,ばん,名詞,晚,晩の食事 / 晩の散歩 / 晩のニュース,1,真题,否,くても一晩でそれを読んで、翌日には涼しい顔をして 『そう言えば、あれはたいした本じゃないね』なんて,①晚，晚上（晩ご飯｜晚餐）②晚期，晚年（晩年の生活｜晚年的生活）,边缘词
古風,こふう,名詞,古老风格,古風なスタイル / 古風な考え / 古風な文化,1,真题,否,しかし、これは少し古風な教養のとらえ方である、現代ではあまりに多くの情報があふれているからと,①古老风格，传统（古風な服装｜古老的服装）②古典，古朴（古風な雰囲気｜古朴的氛围）,边缘词
右左,みぎひだり,名詞,左右,右左を確認する / 右左に分かれる / 右左の道,1,真题,否,流行に右左されない知識を身につけていること,①左右（例：右左を確認する｜确认左右）,边缘词
ただちに,ただちに,副詞,立即,ただちに行動する / ただちに連絡する / ただちに対応する,1,真题,否,この問題は、ただちに部長に報告しなければならない。,①立刻（例：ただちに行動する｜立刻行动）,边缘词
しめる,しめる,動詞,关闭,しめることができる / しめる時間 / しめる方法,1,真题,否,このタオルとシャツはしめっているね。,①关闭（例：ドアをしめる｜关闭门）②束紧（例：ひもをしめる｜束紧绳子）,边缘词
塩味,しおあじ,名詞,咸味,塩味が強い / 塩味を加える / 塩味の料理,1,真题,否,このスープは塩味がとぼしい。,①咸味（例：塩味が強い｜咸味很强）,边缘词
天然,てんねん,名詞,天然,天然の素材 / 天然の水 / 天然の香り,1,真题,否,この国は天然資源にとぼしい。,①自然（例：天然の素材｜天然材料）②纯天然（例：天然の水｜纯天然水）,边缘词
ロック,ろっく,名詞,摇滚,ロックの音楽 / ロックを聴く / ロックのバンド,1,真题,否,穏やかな彼女がロックを聞くなんて、矛盾している。,①摇滚（例：ロック音楽｜摇滚音乐）②锁（例：ドアをロックする｜锁门）,边缘词
週末,しゅうまつ,名詞,周末,週末に出かける / 週末の予定 / 週末の楽しみ,1,真题,否,週末は映画を見に行かないかと、 妹に問い合わせた。,①周末（例：週末に遊ぶ｜周末玩）,边缘词
着々,ちゃくちゃく,副詞,稳步,着々と進む / 着々と準備する / 着々と進行中,1,真题,否,みんなの合同で、イベントの準備は着々と進んでいる。,①稳步（例：着々と進む｜稳步前进）,边缘词
手ごろ,てごろ,形状詞,合适,手ごろな価格 / 手ごろな大きさ / 手ごろな商品,1,真题,否,ニュー、たいていは夜に比べると手ごろな価格に設定されている。,①合适（例：手ごろな価格｜合适的价格）,边缘词
サラダ,さらだ,名詞,沙拉,サラダを作る / サラダが好き / サラダのレシピ,1,真题,否,らいする店でも昼はパスタにスープとサラダがついて980円といったものや、夜はコース料理が50,①沙拉（例：サラダを食べる｜吃沙拉）,边缘词
明快,めいかい,形状詞,明快,明快な説明 / 明快な答え / 明快な意見,1,真题,否,ランチメニューを安くできる理由は単純明快だ。,①清晰明了（例：明快な説明｜清晰的解释）②爽快干脆（例：明快な返事｜爽快的回答）,边缘词
準,ひとし,名詞,准备,準備をする / 準備が整う / 準備が必要,1,真题,否,メニューが少なければ、 準,①准备（例：準備が整った｜准备好了）②标准（例：準の基準｜标准的基准）,边缘词
備,そなえ,名詞,备齐,備を整える / 備がある / 備を確認する,1,真题,否,備や調理に手間がかからず、 多くの料理人を働かせる必要もない。,①准备（例：備えをする｜做好准备）②装备（例：備品を整える｜整理装备）,边缘词
両手,りょうて,名詞,双手,両手で持つ / 両手を使う / 両手が空いている,1,真题,否,「白い、 皿、置く」 / と言いながら両手で実際に白い皿を置くこと,①双手（例：両手を広げる｜双手张开）②两手（例：両手で持つ｜用两手拿）,边缘词
存ずる,ぞんずる,動詞,知道,存ずること / 存ずる限り / 存ずる人,1,真题,否,つきましては、バザー開催に当たり地域の方々の品物を (注) 提供していただきたいと存じます。,①知道（例：存じております｜我知道）②认为（例：考えて存じます｜我认为）,边缘词
日用,にちよう,名詞,日常,日用を使う / 日用にする / 日用が必要,1,真题,否,日用品、食料品、台所用品、食器、かばんなどを受けつけておりますが、いずれも未使用のものに限ら,①日常使用（例：日用の品｜日常用品）②日常生活（例：日用の生活｜日常生活）,边缘词
ドライヤー,どらいやー,名詞,吹风机,ドライヤーを使う / ドライヤーで乾かす / ドライヤーが壊れる,1,真题,否,箱に入った未使用のヘアドライヤーと説明書,①吹风机（例：髪を乾かすドライヤー｜用来干发的吹风机）,边缘词
ポット,ぽっと,名詞,壶,ポットでお湯を沸かす / ポットを使う / ポットが熱い,1,真题,否,電気ポットと一度だけ使用したコーヒーカップ,①壶（例：お茶のポット｜茶壶）②锅（例：ポットで煮る｜用锅煮）,边缘词
新品,しんぴん,名詞,新产品,新品を買う / 新品が届く / 新品にする,1,真题,否,一度しか使っていない新品同様のお皿のセット,①全新（例：新品の製品｜全新产品）②未使用（例：新品同様｜未使用的）,边缘词
バーゲン,ばーげん,名詞,特卖,バーゲンで買い物する / バーゲンに行く / バーゲンがある,1,真题,否,バーゲンセールで買ったが一度も着なかった服,①特卖（例：バーゲンセール｜特卖）②折扣（例：バーゲン価格｜折扣价格）,边缘词
秘,ひ,接尾辞,秘密,秘が明かされる / 秘を守る / 秘にする,1,真题,否,言葉というものは、それが無意識のうちに使われれば使われるほど、 何か秘された重要な意味を持っ,①秘密（彼は秘を守る｜他守秘密）②隐秘（秘の場所｜隐秘的地方）,边缘词
同居,どうきょ,名詞,同居,同居を始める / 同居が続く / 同居にする,1,真题,否,私が親と同居していた頃、既に引退した父が不機嫌になる種があった。,①同住（彼と同居しています｜和他同住）②共同生活（友達と同居｜和朋友共同生活）,边缘词
大方,おおかた,名詞,大致,大方が賛成する / 大方に聞く / 大方の意見,1,真题,否,私宛の郵便物といっても (注1)大方が (注,①大部分（大方の人が賛成｜大部分人赞成）②大致（大方の予想通り｜大致的预想）,边缘词
ゴミ箱,ごみばこ,名詞,垃圾箱,ゴミ箱を捨てる / ゴミ箱がいっぱい / ゴミ箱に入れる,1,真题,否,ダイレクトメールで、 開封もせずにゴミ箱行きになるものが多かったのだが、それでも父は不機嫌,①垃圾桶（ゴミ箱を捨てる｜扔垃圾桶）,边缘词
行き,いく,接尾辞,去,行きが遅れる / 行きにくい / 行きたい,1,真题,否,ダイレクトメールで、 開封もせずにゴミ箱行きになるものが多かったのだが、それでも父は不機嫌,①去的方向（行き先はどこですか｜目的地在哪里？）②出发（行きの電車｜去的电车）,边缘词
衰える,おとろえる,動詞,衰退,衰えることがある / 衰える原因 / 衰える傾向,1,真题,否,(注2)衰退する : 衰える、 弱くなる,①衰退（体力が衰える｜体力衰退）②减弱（影響が衰える｜影响减弱）,边缘词
偽物,にせもの,名詞,假货,偽物を見抜く / 偽物が出回る / 偽物に注意,1,真题,否,た友達は偽物のような気がしたのだ。,①假货（これは偽物です｜这是假货）②伪造品（偽物のブランド｜伪造品牌）,边缘词
達,とおる,名詞,达到,達に到達する / 達を目指す / 達が必要,1,真题,否,達だったのだな、と (注2) 思い知らされた奴もいた。,①到达（目的地に達する｜到达目的地）②达到（目標に達する｜达到目标）,边缘词
晴,はれ,名詞,晴天,晴の日に出かける / 晴が続く / 晴の空,1,真题,否,晴らしい仲間たちが大勢いたからなのだ。,①晴天（今日は晴です｜今天是晴天）②晴朗（空が晴れている｜天空晴朗）,边缘词
大いなる,おおいなる,連体詞,伟大的,大いなる影響 / 大いなる力 / 大いなる夢,1,真题,否,彼らと過ごした自然な日々は、 僕の人生において大いなる,①伟大的（大いなる夢｜伟大的梦想）②宏伟的（大いなる冒険｜宏伟的冒险）,边缘词
すくすく,すくすく,副詞,茁壮,すくすく育つ / すくすく成長する / すくすく伸びる,1,真题,否,そして僕はそこからすくすくと伸びる一本の木なのだ。,①茁壮成长（子供がすくすく育つ｜孩子茁壮成长）②迅速发展（事業がすくすく進む｜事业迅速发展）,边缘词
根っこ,ねっこ,名詞,根,根っこが深い / 根っこを掘る / 根っこが大事,1,真题,否,僕の根っこは彼らと繋がり、,①根部（木の根っこ｜树的根部）②根源（問題の根っこ｜问题的根源）,边缘词
思わす,おもわす,動詞,使人想起,思わすことがある / 思わすようにする / 思わす言葉,1,真题,否,(注2)思い知らされる: 強く思わされる,①使人想起（懐かしい思いを思わす｜让人想起怀念的事）②引发联想（彼の言葉が思わす｜他的话引发联想）,边缘词
見守る,みまもる,動詞,守护,見守ることが大切 / 見守る目 / 見守る姿勢,1,真题,否,そばにいて見守ってくれている。,①守护观察（子供を見守る｜守护孩子）②静静关注（試合を見守る｜静静关注比赛）,边缘词
支え,ささえ,名詞,支持,支えになる / 支えが必要 / 支えを求める,1,真题,否,今でも心の支えになってくれている。,①支持帮助（家族の支え｜家人的支持）②支柱（経済の支え｜经济的支柱）,边缘词
毛,け,名詞,毛发,毛が抜ける / 毛を切る / 毛が生える,1,真题,否,毛がないというのがその一つ、 そしてもう一つの特徴は、,①毛发（犬の毛｜狗的毛）②纤维（衣服の毛｜衣服的纤维）,边缘词
とび,とび,名詞,飞翔,とびが高い / とびをする / とびが好き,1,真题,否,したがって、ほとんどの (注1)哺乳類では口が前にとび,①跳跃（鳥がとび｜鸟在跳跃）②飞行（飛行機がとび｜飞机在飞行）,边缘词
噛みつく,かみつく,動詞,咬,噛みつくことがある / 噛みつく犬 / 噛みつくように,1,真题,否,相手に噛みついて攻撃する。,①咬住（犬が噛みつく｜狗咬住）②攻击（敵に噛みつく｜攻击敌人）,边缘词
乳,ちち,名詞,乳,乳を飲む / 乳が出る / 乳を与える,1,真题,否,(注1)哺乳類:子を乳で育てる動物,①乳汁（母乳｜母乳）②乳制品（乳を使った料理｜乳制品料理）,边缘词
ビール,びーる,名詞,啤酒,ビールを飲む / ビールが冷たい / ビールで乾杯,1,真题,否,を導入した。 / アサヒビールは子供の誕生日や運動会などのために休暇を取れる「子育て休暇」,①啤酒（冷たいビール｜冰啤酒）②饮品（ビールを飲む｜喝啤酒）,边缘词
後押し,あとおし,名詞,支持,後押しをする / 後押しが必要 / 後押しを受ける,1,真题,否,サヒは(注2)要件を育児全体に広げ、 社員の子育てを後押しする。,①支持，帮助（彼は私を後押ししてくれた｜他支持了我）②推动，促进（新しい政策の後押し｜新政策的推动）,边缘词
新設,しんせつ,名詞,新设,新設が決まる / 新設を行う / 新設に参加する,1,真题,否,新制度は9月1日付で新設した。,①新设立，新创建（新設の学校ができた｜新设立的学校）,边缘词
有給,ゆうきゅう,名詞,带薪,有給を取る / 有給がある / 有給を使う,1,真题,否,子供が3歳未満なら有給、3歳以上なら無給で休暇を取れる。,①带薪（有給休暇を取る｜请假带薪）,边缘词
幅広い,はばひろい,形容詞,广泛,幅広い知識 / 幅広い分野 / 幅広い視野,1,真题,否,とする。 / は子供の誕生日や入学式のほか、 (注3) PTAへの参加など 「育児全般に関する幅広い事由」,①广泛的，宽广的（幅広い知識を持つ｜拥有广泛的知识）,边缘词
事由,じゆう,名詞,理由,事由を説明する / 事由がある / 事由に基づく,1,真题,否,とする。 / は子供の誕生日や入学式のほか、 (注3) PTAへの参加など 「育児全般に関する幅広い事由」,①理由，原因（事由を説明する｜解释理由）,边缘词
軽減,けいげん,名詞,减轻,軽減することができる / 軽減が必要 / 軽減を図る,1,真题,否,新制度で育児中の女性社員の負担を軽減すると同時に、男性社員の育児参加を促す。,①减轻，缓和（負担を軽減する｜减轻负担）,边缘词
休める,やすめる,動詞,休息,休める時間 / 休める場所 / 休めるようにする,1,真题,否,同社には最大2年間を無給で休める育児休業制度もあるが、 利用できる制度の選択肢を増やす必,①可以休息（今日は休める｜今天可以休息）,边缘词
くい止める,くいとめる,動詞,阻止,くい止める努力 / くい止めることができる / くい止める手段,1,真题,否,社員の子育てを支援することで、日本の人口減少をくい止めること,①阻止，制止（流行をくい止める｜阻止流行）,边缘词
ゆるい,ゆるい,形容詞,松弛,ゆるい服 / ゆるい感じ / ゆるい規則,1,真题,否,条件をゆるくし、 社員がもっと子育てしやすいように助けること,①松的，宽松的（ゆるい服を着る｜穿宽松的衣服）②缓和的，轻松的（ゆるいルール｜规则很轻松）,边缘词
恥,はじ,名詞,羞耻,恥をかく / 恥がある / 恥を感じる,1,真题,否,「逃げることは恥だ」 / という考え方がある。,①羞耻，羞愧（恥をかく｜感到羞耻）,边缘词
つかる,つかる,動詞,浸泡,つかる時間 / つかることができる / つかるようにする,1,真题,否,つかった時、自分の選んだ生き方は正しかったのか、 もうやめた方がいいのではないかと迷い、 今自分,①浸泡（例：水に浸かる｜浸泡在水中）②沾湿（例：雨に濡れる｜被雨淋湿）,边缘词
しっ,しい,感動詞,干燥,しっとする / しっが必要 / しっとした状態,1,真题,否,逃げたいと思ったときこそ、その気持ちとしっ,①安静（例：静かにして｜请安静）②沉默（例：黙っている｜保持沉默）,边缘词
将,しょう,名詞,将要,将来を考える / 将が見える / 将に向かう,1,真题,否,Aはいつでも逃げるという選択をしたほうがよいと述べ、 Bは逃げたくなったときこそ自分の将,①将要（例：将来の計画｜将来的计划）②将军（例：将軍の指示｜将军的指示）,边缘词
誤る,あやまる,動詞,错误,誤ることがある / 誤る可能性 / 誤る前に,1,真题,否,くて単純なことがシンプルだ」 / という誤った思い込みを抱いてしまっている。,①犯错（例：間違いを犯す｜犯错误）②误解（例：誤解される｜被误解）,边缘词
平気,へいき,名詞,冷静,平気でいる / 平気な顔 / 平気に過ごす,1,真题,否,捨ててしまって平気なのだ。,①冷静（例：平気な顔｜冷静的表情）②无所谓（例：気にしない｜无所谓）,边缘词
思いつき,おもいつき,名詞,灵感,思いつきが浮かぶ / 思いつきで行動する / 思いつきが大事,1,真题,否,と僕は呼ぶ。 / そういう思いつきと勢いだけで作られた商品を「チューインガム商品」,①灵感（例：いいアイデア｜好的点子）②突发奇想（例：突然の思いつき｜突发奇想）,边缘词
チューインガム,ちゅーいんがむ,名詞,口香糖,チューインガムを噛む / チューインガムが好き / チューインガムを買う,1,真题,否,と僕は呼ぶ。 / そういう思いつきと勢いだけで作られた商品を「チューインガム商品」,①口香糖（例：ガムを噛む｜嚼口香糖）,边缘词
薄っぺら,うすっぺら,形状詞,薄薄,薄っぺらな本 / 薄っぺらな紙 / 薄っぺらな声,1,真题,否,薄っぺらで、すぐに味がなくなって捨てられるからだ。,①薄弱（例：薄っぺらな内容｜内容薄弱）②肤浅（例：薄っぺらな考え｜想法肤浅）,边缘词
切り捨て,きりすて,名詞,舍弃,切り捨てることがある / 切り捨てが必要 / 切り捨てを行う,1,真题,否,日本文化と同様に、切り捨てではなく洗練によってシンプルに見えるものは、ヨーロッパのブランド,①舍弃（例：不要な部分を切り捨てる｜舍弃不必要的部分）②剔除（例：無駄を切り捨てる｜剔除浪费）,边缘词
面白み,おもしろみ,名詞,趣味,面白みがある / 面白みを感じる / 面白みを追求する,1,真题,否,や 「ひと」 / 悩みを避けて切り捨てた 「もの」,①趣味（例：面白みのある話｜有趣的故事）②吸引力（例：面白みがある｜有吸引力）,边缘词
年中,ねんじゅう,名詞,全年,年中無休 / 年中行事 / 年中の活動,1,真题,否,東京楽遊パスオフィス (電話 : 0120-34-567 年中無休、 9:00-18:00),①全年（例：年中無休です｜全年无休）②一年中（例：年中行事があります｜一年中的活动）,边缘词
無休,むきゅう,名詞,无休,無休で働く / 無休のサービス / 無休が続く,1,真题,否,東京楽遊パスオフィス (電話 : 0120-34-567 年中無休、 9:00-18:00),①不休（例：無休営業しています｜无休营业）②无假期（例：無休で働いています｜无假期工作）,边缘词
しぼう,しぼう,名詞,死亡,しぼうの原因 / しぼうが発生する / しぼうを防ぐ,1,真题,否,しぼうりゆう書を書き直す,①死亡（例：しぼう率が上がる｜死亡率上升）②志望（例：志望校に合格する｜考上理想学校）,边缘词
せきしょう,せきしょう,名詞,咳嗽,せきしょうが出る / せきしょうを治す / せきしょうが続く,1,真题,否,せいせきしょうめい書をもらう,①咳嗽（例：せきしょうが続く｜咳嗽持续）②咳症（例：せきしょうがひどい｜咳嗽严重）,边缘词
やせる,やせる,動詞,变瘦,やせることができる / やせるために / やせる方法,1,真题,否,もうやせる必要はないから,①变瘦（例：ダイエットでやせる｜通过减肥变瘦）②消瘦（例：病気でやせた｜因病消瘦）,边缘词
酒,さけ,名詞,酒,酒を飲む / 酒が好き / 酒を作る,1,真题,否,お酒をたくさん飲みたいから,①酒类（例：日本酒が好きです｜喜欢日本酒）②饮酒（例：酒を飲むのが好き｜喜欢喝酒）,边缘词
ターゲット,たーげっと,名詞,目标,ターゲットを設定する / ターゲットにする / ターゲットが明確,1,真题,否,ターゲットを女性にしたところ,①目标（例：ターゲットを設定する｜设定目标）②对象（例：ターゲット市場｜目标市场）,边缘词
抽象,ちゅうしょう,名詞,抽象,抽象的な考え / 抽象を理解する / 抽象が難しい,1,真题,否,田中さんの話は抽象的で分かりにくかった。,①抽象（例：抽象的な考え｜抽象的想法）②概念（例：抽象的な概念｜抽象的概念）,边缘词
針,はり,名詞,针,針を使う / 針が刺さる / 針を持つ,1,真题,否,針が見つからなくて困った。,①针（例：針を使う｜使用针）②指针（例：時計の針｜钟表的指针）,边缘词
夜中,よなか,名詞,半夜,夜中に起きる / 夜中が静か / 夜中に考える,1,真题,否,夜中に電話で起こされた。,①深夜（例：夜中に起きる｜深夜醒来）②午夜（例：夜中の静けさ｜午夜的宁静）,边缘词
かさかさ,かさかさ,副詞,干燥,かさかさの肌 / かさかさになる / かさかさを防ぐ,1,真题,否,ちょっと手がかさかさしている。,①干燥的（例：肌がかさかさ｜皮肤干燥）②沙沙声（例：葉がかさかさ｜树叶沙沙作响）,边缘词
区切り,くぎり,名詞,分隔,区切りをつける / 区切りが必要 / 区切りを作る,1,真题,否,時間も遅くなったので、区切りのいいところで作業を廃止した。,①分隔（例：区切りをつける｜做分隔）②段落（例：区切りのある文章｜有段落的文章）,边缘词
わりと,わりと,副詞,比较,わりと簡単 / わりと多い / わりと面白い,1,真题,否,アメリカに10年住んでいたので、英語はわりと心強いです。,①比较（例：わりと安い｜比较便宜）②相对（例：わりと良い｜相对不错）,边缘词
セロテープ,せろてーぷ,名詞,胶带,セロテープを使う / セロテープが切れる / セロテープで貼る,1,真题,否,紙袋に穴があいていたので、セロテープでふさいだ。,①透明胶带（例：セロテープを使う｜使用透明胶带）,边缘词
アイス,あいす,名詞,冰淇淋,アイスを食べる / アイスが溶ける / アイスが好き,1,真题,否,アイスの食べ過ぎでおなかが痛くなったって連絡あったよ。,①冰淇淋（例：アイスが好き｜喜欢冰淇淋）②冰块（例：アイスを入れる｜放冰块）,边缘词
新車,しんしゃ,名詞,新车,新車を購入する / 新車が届く / 新車に乗る,1,真题,否,新車と変わらないくらいきれいですよ。,①新汽车（例：新車を買った｜买了新车）,边缘词
緩む,ゆるむ,動詞,松弛,緩むを感じる / 緩むが必要だ / 緩むで安心する,1,真题,否,冬の寒さも緩み、 春の陽気が感じられるようになってきました。,①放松（例：気が緩む｜心情放松）②松弛（例：靴が緩む｜鞋子松弛）,边缘词
陽気,ようき,名詞,阳光,陽気が良い / 陽気に誘われる / 陽気で過ごす,1,真题,否,冬の寒さも緩み、 春の陽気が感じられるようになってきました。,①天气晴朗（例：陽気な日｜晴朗的日子）②心情愉快（例：陽気な人｜心情愉快的人）,边缘词
かご,かご,名詞,篮子,かごに入れる / かごを持つ / かごで運ぶ,1,真题,否,ただ、皆さんは、春に花を咲かせる木がいつその準備をしているかご,①篮子（例：かごに入れる｜放入篮子）②鸟笼（例：かごの中｜鸟笼里）,边缘词
芽,め,名詞,芽,芽が出る / 芽を育てる / 芽に触れる,1,真题,否,開花する前の年の夏には、すでに花となる芽(花芽)が作られ、花を咲かせる準備が,①芽芽（例：芽が出る｜芽芽长出来）②新生事物（例：新しい芽｜新的芽）,边缘词
厳守,げんしゅ,名詞,严格遵守,厳守を求める / 厳守が必要だ / 厳守に従う,1,真题,否,資料室の利用時間の厳守を求める。,①严格遵守（例：ルールを厳守する｜严格遵守规则）,边缘词
恒常,こうじょう,名詞,恒常,恒常に保つ / 恒常が大切だ / 恒常である,1,真题,否,これを色の恒常性といいますが、 意識することなく行われて,①恒定不变（例：恒常の状態｜恒定的状态）,边缘词
みごと,みごと,形状詞,出色,みごとに仕上げる / みごとの演技 / みごとに成功する,1,真题,否,いる、視覚のみごとな仕組みのひとつです。,①出色的（例：みごとの演技｜出色的表演）②精彩的（例：みごとの結果｜精彩的结果）,边缘词
技法,ぎほう,名詞,技法,技法を学ぶ / 技法を使う / 技法が重要だ,1,真题,否,(吉田新一郎『会議の技法』 による),①技术手法（例：絵画の技法｜绘画技术）,边缘词
分厚い,ぶあつい,形容詞,厚重,分厚い本 / 分厚い壁 / 分厚いコート,1,真题,否,"ガラスが窓に使われ始めたのは今から2,000 年以上前のことで、初期の板ガラスは、分厚く、 泡を多",①厚重的（例：分厚い本｜厚重的书）,边缘词
泡,あわ,名詞,泡沫,泡が立つ / 泡を作る / 泡で洗う,1,真题,否,"ガラスが窓に使われ始めたのは今から2,000 年以上前のことで、初期の板ガラスは、分厚く、 泡を多",①气泡（例：泡が出る｜气泡出现）②泡沫（例：泡が立つ｜泡沫产生）,边缘词
薄,うすい,名詞,薄,薄がある / 薄を重ねる / 薄にする,1,真题,否,世紀ごろになると、表面に輝きがある薄,①薄的（例：薄い紙｜薄纸）②淡的（例：薄い味｜淡淡的味道）,边缘词
割れる,われる,動詞,破裂,割れるが心配だ / 割れる音 / 割れる前に,1,真题,否,割れやすい板ガラスになった点,①破裂（例：ガラスが割れる｜玻璃破裂）②分开（例：卵が割れる｜鸡蛋破开）,边缘词
野外,やがい,名詞,户外,野外で遊ぶ / 野外に出る / 野外活動,1,真题,否,(野外活動研究会『目からウロコの日常物観察,①户外（例：野外で遊ぶ｜在户外玩）②野生（例：野外の動物｜野生动物）,边缘词
ウロコ,うろこ,名詞,鳞片,ウロコが剥がれる / ウロコを持つ / ウロコで覆われる,1,真题,否,(野外活動研究会『目からウロコの日常物観察,①鱼鳞（例：ウロコがある｜有鱼鳞）②鳞片（例：ウロコのような｜像鳞片一样）,边缘词
転用,てんよう,名詞,转用,転用が可能だ / 転用を考える / 転用に成功する,1,真题,否,無用物から転用物まで』による),①转用，改作（別の用途に転用する｜转用到其他用途）②再利用（資源を転用する｜资源再利用）,边缘词
くす,くす,名詞,发笑,くすが起こる / くすを感じる / くすで笑う,1,真题,否,(注2)読みっくす : すべて読む,①抓，捏（子供をくすぐる｜逗孩子）②偷，窃（お金をくすねる｜偷钱）,边缘词
寄り道,よりみち,名詞,绕道,寄り道をする / 寄り道が楽しい / 寄り道で見つける,1,真题,否,少し予定を変えて寄り道をすること,①绕路，偏离（寄り道をする｜绕路）②顺路，顺便（寄り道して帰る｜顺路回家）,边缘词
短縮,たんしゅく,名詞,缩短,短縮する必要がある / 短縮が求められる / 短縮で効率化,1,真题,否,昔前とは比較できないほど短縮されている。,①缩短，减少（時間を短縮する｜缩短时间）②简化，省略（文章を短縮する｜简化文章）,边缘词
つかみどころ,つかみどころ,名詞,抓手,つかみどころがない / つかみどころを探す / つかみどころを見つける,1,真题,否,もともと能力とか適性というのは、とてもつかみどころのないものであり、 また経験によりたえず引,①抓住的地方（つかみどころがない｜没有抓住的地方）②理解的关键（つかみどころがある｜有理解的关键）,边缘词
踏み出す,ふみだす,動詞,迈出,踏み出す勇気 / 踏み出す時 / 踏み出すことが大切,1,真题,否,実は、能力や適性がないという自分観も、努力する一歩を踏み出すことのできない②自分に対する言,①迈出，开始（新しい一歩を踏み出す｜迈出新的一步）②走出，出发（外に踏み出す｜走出去）,边缘词
嘆く,なげく,動詞,叹息,嘆くことが多い / 嘆く声 / 嘆くのをやめる,1,真题,否,ないと嘆いたり、今の仕事が向いてないと言いつつ転職への覚悟ができない人が、 自分には能力がない,①叹息，感叹（彼は嘆いている｜他在叹息）②悲伤，哀叹（運命を嘆く｜哀叹命运）,边缘词
後ろ向き,うしろむき,名詞,消极,後ろ向きな考え / 後ろ向きで進む / 後ろ向きに行動する,1,真题,否,後ろ向きの姿勢から、「やるだけやってみるか」 / といった前向きの姿勢に転じることもできるはずです。,①向后，背向（後ろ向きに歩く｜向后走）②消极，退缩（後ろ向きな態度｜消极态度）,边缘词
転じる,てんじる,動詞,转变,転じることがある / 転じる方向 / 転じるタイミング,1,真题,否,後ろ向きの姿勢から、「やるだけやってみるか」 / といった前向きの姿勢に転じることもできるはずです。,①转变，变化（状況が転じる｜情况变化）②转向，改变方向（方向を転じる｜改变方向）,边缘词
取扱,とりあつかい,名詞,处理,取扱が難しい / 取扱に注意する / 取扱を学ぶ,1,真题,否,次は、ある冷蔵庫の取扱説明書の一部である。,①处理，操作（商品の取扱注意｜注意商品处理）②对待，照顾（お客様の取扱｜照顾顾客）,边缘词
空ける,あける,動詞,腾出,空けるスペース / 空ける時間 / 空けることができる,1,真题,否,食品は隙間を空けて収納してく,①腾出（例：時間を空ける｜腾出时间）②打开（例：窓を空ける｜打开窗户）,边缘词
据え付け,すえつけ,名詞,安装,据え付けが完了する / 据え付けを行う / 据え付けに時間がかかる,1,真题,否,据え付けの位置をチェックして,①安装（例：エアコンを据え付ける｜安装空调）②固定（例：机を据え付ける｜固定桌子）,边缘词
チック,ちっく,接尾辞,抽动,チックが出る / チックを感じる / チックで悩む,1,真题,否,スチックのにおいは庫内が冷え,①抽动（例：チックが出る｜出现抽动）②小动作（例：チックな動き｜小动作）,边缘词
始,はじめ,接頭辞,开始,始まる時 / 始めに考える / 始めの一歩,1,真题,否,庫内の温度が高くなって、 再び冷やし始 冷えるまでお待ちください。,①开始（例：仕事が始まる｜工作开始）,边缘词
触る,さわる,動詞,触碰,触ることができる / 触ると感じる / 触るのが好きだ,1,真题,否,冷蔵庫の側面を触ると熱く感じる。,①触碰（例：手で触る｜用手触碰）②接触（例：物に触る｜接触物品）,边缘词
勧誘,かんゆう,名詞,邀请,勧誘を受ける / 勧誘する / 勧誘が多い,1,真题,否,新入生をサークルに勧誘した。,①邀请（例：勧誘を受ける｜接受邀请）②劝说（例：勧誘する｜进行劝说）,边缘词
部門,ぶもん,名詞,部门,部門が分かれる / 部門に所属する / 部門を担当する,1,真题,否,海外市場に進出するために販売部門を拡充した。,①部门（例：営業部門｜销售部门）②领域（例：研究部門｜研究领域）,边缘词
拡充,かくじゅう,名詞,扩充,拡充を図る / 拡充が必要だ / 拡充する計画,1,真题,否,海外市場に進出するために販売部門を拡充した。,①扩展（例：サービスを拡充する｜扩展服务）②增加（例：予算を拡充する｜增加预算）,边缘词
食費,しょくひ,名詞,餐费,食費を節約する / 食費がかかる / 食費を見直す,1,真题,否,食費をこれ以上けずることはできない。,①餐费（例：食費がかかる｜餐费开支）②饮食开支（例：食費を計算する｜计算饮食开支）,边缘词
かたむく,かたむく,動詞,倾斜,かたむくことがある / かたむく方向 / かたむくのを防ぐ,1,真题,否,いつのまにか看板がかたむいていた。,①倾斜（例：木がかたむく｜树木倾斜）②偏向（例：意見がかたむく｜意见偏向）,边缘词
立ち上げる,たちあげる,動詞,启动,立ち上げるプロジェクト / 立ち上げる準備 / 立ち上げることが重要,1,真题,否,彼は大学を卒業した後、 みずから会社を立ち上げる。,①启动（新しいプロジェクトを立ち上げる｜启动新项目）②建立（会社を立ち上げる｜建立公司）,边缘词
洗剤,せんざい,名詞,洗涤剂,洗剤を使う / 洗剤が必要だ / 洗剤で洗う,1,真题,否,テレビでよく掲示されている洗剤が安くなっていたので、試しに買ってみた。,①洗涤剂（食器用洗剤｜洗碗的洗涤剂）②清洁剂（洗濯用洗剤｜洗衣用清洁剂）,边缘词
名刺,めいし,名詞,名片,名刺を交換する / 名刺を作る / 名刺が必要だ,1,真题,否,最近は名刺に自分の写真を掲示しているビジネスマンも多い。,①名片（名刺を交換する｜交换名片）,边缘词
水道,すいどう,名詞,水管,水道が止まる / 水道を修理する / 水道で水を使う,1,真题,否,マンションの入り口に、水道工事のお知らせが掲示されていた。,①自来水（水道が止まった｜自来水停了）②水管（水道工事｜水管施工）,边缘词
冷え込む,ひえこむ,動詞,变冷,冷え込む夜 / 冷え込む季節 / 冷え込むと体調を崩す,1,真题,否,明日は朝から冷え込んで、 山に近い分野では雪になるそうだ。,①变冷（夜に冷え込む｜晚上变冷）②变得寒冷（気温が冷え込む｜气温变冷）,边缘词
半額,はんがく,名詞,半价,半額で買う / 半額セール / 半額になる,1,真题,否,現在、数量限定半額セールを実施中。,①半价（半額セール｜半价促销）②一半的价格（半額で買う｜以半价购买）,边缘词
花束,はなたば,名詞,花束,花束を贈る / 花束を持つ / 花束が美しい,1,真题,否,ご予算に合わせて、花束をお作りします。,①花束（花束を贈る｜送花束）,边缘词
プライベート,ぷらいべーと,名詞,私人,プライベートな時間 / プライベートを大切にする / プライベートで過ごす,1,真题,否,山田さんと林さんだが、プライベートではとても仲がいい。,①私人（プライベートな時間｜私人时间）②私生活（プライベートな問題｜私生活问题）,边缘词
主食,しゅしょく,名詞,主食,主食を選ぶ / 主食が大切だ / 主食を食べる,1,真题,否,ら日本では様々な食物を輸入するようになり、米以外にパンなどを主食としてよく食べるようになっ,①主食（米が主食｜米饭是主食）,边缘词
小鳥,ことり,名詞,小鸟,小鳥が鳴く / 小鳥を飼う / 小鳥を見る,1,真题,否,物まねのじょうずな人が小鳥の鳴き声や (注) 汽笛や飛行機の飛ぶ音などをまねてみせると、 人は感,①小鸟（小鳥がさえずる｜小鸟在鸣叫）②鸟类（小鳥を飼う｜养小鸟）,边缘词
鳴き声,なきごえ,名詞,鸣叫,鳴き声が聞こえる / 鳴き声を真似る / 鳴き声が可愛い,1,真题,否,物まねのじょうずな人が小鳥の鳴き声や (注) 汽笛や飛行機の飛ぶ音などをまねてみせると、 人は感,①动物叫声（例：鳥の鳴き声｜鸟的叫声）②哭泣声（例：子供の鳴き声｜孩子的哭声）,边缘词
うどん,うどん,名詞,乌冬面,うどんを食べる / うどんを作る / うどんが好きだ,1,真题,否,うどんにはどんぶり、味噌汁には汁椀、ステーキには皿というように食べ物に合った器が必要,①一种日本面条（例：うどんを食べる｜吃乌冬面）,边缘词
どんぶり,どんぶり,副詞,碗,どんぶりに盛る / どんぶりを使う / どんぶりで食べる,1,真题,否,うどんにはどんぶり、味噌汁には汁椀、ステーキには皿というように食べ物に合った器が必要,①碗（例：どんぶりにご飯｜碗里有米饭）②盖饭（例：どんぶり料理｜盖饭料理）,边缘词
味噌,みそ,名詞,味噌,味噌を使う / 味噌が必要だ / 味噌を作る,1,真题,否,うどんにはどんぶり、味噌汁には汁椀、ステーキには皿というように食べ物に合った器が必要,①发酵豆酱（例：味噌を使う｜使用味噌）,边缘词
汁,しる,名詞,汤,汁が出る / 汁をかける / 汁を飲む,1,真题,否,うどんにはどんぶり、味噌汁には汁椀、ステーキには皿というように食べ物に合った器が必要,①汤汁（例：スープの汁｜汤的汁）②液体（例：汁が出る｜液体流出）,边缘词
ナイフ,ないふ,名詞,刀,ナイフで切る / ナイフを使う / ナイフが鋭い,1,真题,否,であり、汁碗に入ったステーキがナイフで切れないように器によって中身が (注2) 制約される。,①刀具（例：ナイフを使う｜使用刀具）,边缘词
枚数,まいすう,名詞,张数,枚数を数える / 枚数が多い / 枚数を確認する,1,真题,否,枚数が多いため、大学生にとってはそれなりの負担になる。,①张数（例：枚数を数える｜数张数）,边缘词
好評,こうひょう,名詞,好评,好評を得る / 好評が続く / 好評を受ける,1,真题,否,に設置する会社を始め、 好評を得ている。,①好评（例：好評を得る｜获得好评）,边缘词
主力,しゅりょく,名詞,主力,主力となる / 主力を育てる / 主力が必要だ,1,真题,否,実際に若者向けの商品を主力とする多くの企業が広告を載せているという。,①主力（例：主力選手｜主力选手）②主要力量（例：主力部隊｜主要部队）,边缘词
立正,りっしょう,名詞,立正,立正をする / 立正が求められる / 立正で待つ,1,真题,否,心理学者で立正大学特任講師の内藤誼人さんも、 (注1)就寝直前の勉強を勧める一人。,①立正姿势（例：立正して待つ｜立正等待）,边缘词
特任,とくにん,名詞,特任,特任を受ける / 特任が決まる / 特任の仕事,1,真题,否,心理学者で立正大学特任講師の内藤誼人さんも、 (注1)就寝直前の勉強を勧める一人。,①特定职位（特任教授に任命された｜被任命为特任教授）②特别任命（特任の職に就く｜担任特任职位）,边缘词
就寝,しゅうしん,名詞,就寝,就寝の時間 / 就寝する前に / 就寝が大切だ,1,真题,否,心理学者で立正大学特任講師の内藤誼人さんも、 (注1)就寝直前の勉強を勧める一人。,①上床睡觉（就寝の時間です｜是上床时间）,边缘词
キャリア,きゃりあ,名詞,职业,キャリアを積む / キャリアを考える / キャリアが重要だ,1,真题,否,(渡辺三枝子 『キャリア教育――自立していく子どもたち』による),①职业生涯（キャリアを積む｜积累职业经历）②经历（豊富なキャリア｜丰富的经历）,边缘词
自立,じりつ,名詞,自立,自立を目指す / 自立が必要だ / 自立すること,1,真题,否,(渡辺三枝子 『キャリア教育――自立していく子どもたち』による),①独立自主（自立した生活を送る｜过独立生活）,边缘词
なす,なす,動詞,茄子,なすを料理する / なすが好きだ / なすを育てる,1,真题,否,人生におけるほとんどの仕事は、この能力によってなされます。,①做，进行（仕事をなす｜完成工作）②成为（夢をなす｜实现梦想）,边缘词
一助,いちじょ,名詞,帮助,一助を求める / 一助を与える / 一助が必要だ,1,真题,否,の貴重な一助となるためにこそ、能力を高めなければならない、とそこまで言ってやると、子どもの目,①帮助，支持（彼に一助を与える｜给予他帮助）,边缘词
だらけ,だらけ,接尾辞,满是,ゴミだらけ / 汚れだらけ / 失敗だらけ,1,真题,否,社会はわからないことだらけだ。,①满是，充满（ゴミだらけの部屋｜房间里满是垃圾）②一片狼藉（汚れだらけ｜一片狼藉）,边缘词
忘れ去る,わすれさる,動詞,遗忘,忘れ去ることができる / 忘れ去るのが難しい / 忘れ去る時間,1,真题,否,習ったそのままの知識は忘れ去ってしまったが日常生活には特に困ってはいない。,①彻底忘记（過去を忘れ去る｜彻底忘记过去）,边缘词
レール,れーる,名詞,轨道,レールが敷かれる / レールに沿って / レールで移動する,1,真题,否,親が決めたレールや、 こうあるべきだという (注2) 社会通念は、 極端に少なくなり、 どんな生き方,①轨道，铁路（レールの上を走る｜在轨道上行驶）②方向，路线（人生のレール｜人生的方向）,边缘词
追い込む,おいこむ,動詞,逼迫,追い込む状況 / 追い込むことができる / 追い込む相手,1,真题,否,こうやって自分を追い込み、自分の人生に自信がもてなくなる。,①逼迫，迫使（彼を追い込む｜逼迫他）②赶入困境（窮地に追い込む｜陷入困境）,边缘词
克徳,かつのり,名詞,克德,克徳を重んじる / 克徳が求められる / 克徳を実践する,1,真题,否,(高橋克徳『潰れない生き方』 による),①克服困难（例：克徳を得る｜获得克服困难）②道德修养（例：克徳を高める｜提高道德修养）,边缘词
潰れる,つぶれる,動詞,崩溃,潰れる可能性 / 潰れる前に / 潰れる音,1,真题,否,(高橋克徳『潰れない生き方』 による),①破裂、崩溃（例：風船が潰れる｜气球破了）②倒闭、破产（例：店が潰れる｜店铺倒闭）,边缘词
迷わす,まよわす,動詞,迷惑,迷わす言葉 / 迷わす状況 / 迷わすことがある,1,真题,否,(注3)惑わされないで : ここでは、迷わされないで,①使迷惑、困惑（例：人を迷わす｜让人困惑）②诱惑、引诱（例：誘惑して迷わす｜诱惑并迷惑）,边缘词
改編,かいへん,名詞,改编,改編が行われる / 改編に関する / 改編を提案する,1,真题,否,本歴史研究改編著 「日本歴史事典」,①改编、修改（例：作品を改編する｜改编作品）②重新编排（例：曲を改編する｜重新编排曲子）,边缘词
カラー,からー,名詞,颜色,カラーが豊富 / カラーを選ぶ / カラーで表現する,1,真题,否,すべてページカラー印刷、写真や図表も多く掲載しています。,①颜色、色彩（例：カラー写真｜彩色照片）②风格、特色（例：独自のカラー｜独特风格）,边缘词
巻,まき,名詞,卷,巻を重ねる / 巻が増える / 巻を読む,1,真题,否,書名 日本歴史事典 (全2巻),①卷、册（例：本の巻｜书的卷）②卷轴、卷帙（例：巻物｜卷轴）,边缘词
上巻,じょうかん,名詞,上卷,上巻を読む / 上巻が面白い / 上巻に書かれている,1,真题,否,ページ数 上巻1500ページ、 下巻1500ページ(予定),①上册、前卷（例：上巻を読む｜读上册）②上部分、上半部（例：上巻の内容｜上册内容）,边缘词
下巻,げかん,名詞,下卷,下巻が待ち遠しい / 下巻を手に入れる / 下巻に続く,1,真题,否,ページ数 上巻1500ページ、 下巻1500ページ(予定),①下册、后卷（例：下巻を読む｜读下册）②下部分、下半部（例：下巻の内容｜下册内容）,边缘词
歴,れっき,名詞,历史,歴が長い / 歴を学ぶ / 歴に残る,1,真题,否,また、 お振り込み等の詳細については、歴,①历史、经历（例：歴史を学ぶ｜学习历史）②履历、经历（例：職歴｜工作经历）,边缘词
ホール,ほーる,名詞,大厅,ホールで開催される / ホールに集まる / ホールの広さ,1,真题,否,ホールの入口の前でならぶ,①大厅、会场（例：ホールで演奏｜在大厅演奏）②孔、洞（例：穴のホール｜洞的孔）,边缘词
シュレッダー,しゅれっだー,名詞,碎纸机,シュレッダーを使う / シュレッダーで処理する / シュレッダーが壊れる,1,真题,否,メモをシュレッダーにかける,①碎纸机（書類を細かくする機械｜碎纸机）,边缘词
逃亡,とうぼう,名詞,逃跑,逃亡を図る / 逃亡することができる / 逃亡の理由,1,真题,否,犯人は10年以上も逃亡生活を送っていた。,①逃跑（法律から逃げること｜逃避法律）,边缘词
せめる,せめる,動詞,攻击,せめる理由 / せめることができる / せめる相手,1,真题,否,そんなにせめたらかわいそうだよ。,①责备（相手を非難すること｜责备对方）②攻击（敵を攻撃すること｜攻击敌人）,边缘词
かわいそう,かわいそう,形状詞,可怜,かわいそうな状況 / かわいそうな子供 / かわいそうに思う,1,真题,否,そんなにせめたらかわいそうだよ。,①可怜（哀れな様子｜可怜的样子）②可惜（不幸な状況｜不幸的情况）,边缘词
およそ,およそ,副詞,大约,およそ100人 / およそ1時間 / およそ3ヶ月,1,真题,否,荷物の重さはおよそ5キロでした。,①大约（おおよその数量｜大约的数量）②大致（おおよその意味｜大致的意思）,边缘词
依然,いぜん,副詞,依旧,依然として続く / 依然に変わらない / 依然の状態,1,真题,否,市の経済状況は依然として厳しいらしい。,①依旧（変わらない様子｜依旧不变）,边缘词
家賃,やちん,名詞,房租,家賃が高い / 家賃を払う / 家賃が安い,1,真题,否,家賃を払うのをすっかり忘れていたら、催促の電話がかかってきた。,①房租（住居の賃料｜住处的房租）,边缘词
持ち歩ける,もちあるける,動詞,可携带,持ち歩けるサイズ / 持ち歩けるもの / 持ち歩けるバッグ,1,真题,否,ケットなどに入れて持ち歩けるポケットティッシュだ。,①可携带（持ち運びができる｜可携带）,边缘词
美容,びよう,名詞,美容,美容に気を使う / 美容が大切 / 美容を学ぶ,1,真题,否,前が印刷されていたり、美容院や居酒屋の広告の紙が入っていたりする。,①美容（美しさを追求すること｜追求美丽）,边缘词
ペーパー,ぺーぱー,名詞,纸,ペーパーを使う / ペーパーが必要 / ペーパーに書く,1,真题,否,ティッシュペーパーが日本で使われるようになったのは、1950年代。,①纸张（書類や印刷物｜文件和印刷品）②文书（書類のこと｜文书的事）,边缘词
消,しょう,接頭辞,消除,消を防ぐ / 消を求める / 消を考える,1,真题,否,けれども、 最新の意味を辞書に載せたとたん、その意味が消,①消失，消灭（火が消えた｜火熄灭了）②消除，抹去（記憶を消す｜抹去记忆）,边缘词
編者,へんしゃ,名詞,编辑,編者が決まる / 編者に依頼する / 編者の意見,1,真题,否,から、辞書の編者は、 新しい意味が、日本語の中に、きちんと定着するかどうかを (注3) 見極めて,①编辑，编纂者（本の編者｜书的编辑）,边缘词
擬音,ぎおん,名詞,拟声,擬音が面白い / 擬音を使う / 擬音に反応する,1,真题,否,(小野正弘『オノマトべがあるから日本語は楽しい一擬音語.擬態語の豊かな世界』による),①拟声，模仿声音（擬音語｜拟声词）,边缘词
擬態,ぎたい,名詞,拟态,擬態が重要 / 擬態を学ぶ / 擬態の例,1,真题,否,(小野正弘『オノマトべがあるから日本語は楽しい一擬音語.擬態語の豊かな世界』による),①拟态，模仿状态（擬態語｜拟态词）,边缘词
流れ落ちる,ながれおちる,動詞,流下,流れ落ちる水 / 流れ落ちる音 / 流れ落ちる涙,1,真题,否,庭の中心には池があり、 滝が約3メートルの高さから流れ落ちています。,①流下，倾泻而下（水が流れ落ちる｜水流下）,边缘词
ライト,らいと,名詞,灯光,ライトを点ける / ライトが明るい / ライトで照らす,1,真题,否,秋の夜にはライトアップが行われ、 紅葉と滝が光の中に浮んで見えて見,①灯光，光源（ライトをつける｜打开灯）②轻便，轻巧（ライトな服｜轻便的衣服）,边缘词
アップ,あっぷ,名詞,提升,アップすることができる / アップの方法 / アップを目指す,1,真题,否,秋の夜にはライトアップが行われ、 紅葉と滝が光の中に浮んで見えて見,①提升，增加（スピードアップ｜提升速度）②向上，升高（写真をアップする｜上传照片）,边缘词
聞かす,きかす,動詞,听到,聞かす声 / 聞かすことができる / 聞かす音楽,1,真题,否,段から「まずい、嫌い」 / と聞かされているものを美味しいと思えないのは当然です。,①让听，传达（歌を聞かす｜让听歌）,边缘词
学力,がくりょく,名詞,学力,学力を向上させる / 学力が必要 / 学力を測る,1,真题,否,学歴があっても学力がない人は教えた仕事だけは本当にきちんとやります。,①学习能力，学术水平（学力を測る｜测量学力）,边缘词
根性,こんじょう,名詞,毅力,根性を見せる / 根性がある / 根性を鍛える,1,真题,否,一方、体力があっても根性がない人はあきらめが早い。,①毅力，决心（根性を見せる｜展现毅力）,边缘词
論戦,ろんせん,名詞,辩论,論戦が繰り広げられる / 論戦に参加する / 論戦の結果,1,真题,否,一日の国会でどれだけたくさんの論戦が戦わされていることでしょう。,①辩论（例：激しい論戦が繰り広げられた｜激烈辩论）②争论（例：論戦が続いている｜争论持续）,边缘词
戦わす,たたかわす,動詞,使战斗,戦わすことができる / 戦わす相手 / 戦わす理由,1,真题,否,一日の国会でどれだけたくさんの論戦が戦わされていることでしょう。,①使役战斗（例：敵と戦わす｜让敌人战斗）②让...战斗（例：彼を戦わす｜让他战斗）,边缘词
列,れつ,名詞,队列,列ができる / 列に並ぶ / 列を作る,1,真题,否,その事実だけを(注2)列,①队列（例：列に並ぶ｜排成队列）②顺序（例：列を作る｜形成顺序）,边缘词
挙,きょ,名詞,举,挙を行う / 挙が必要 / 挙を考える,1,真题,否,挙しても新聞にはなりません。,①举（例：手を挙げる｜举手）②举例（例：挙を示す｜举例）,边缘词
数々,かずかず,名詞,许多,数々の例 / 数々の作品 / 数々の挑戦,1,真题,否,膨大な時の流れと経験の数々、 (注3) その都度、(注4)心に去来した(注5) ありとあらゆる思い、,①许多（例：数々の問題｜许多问题）②各种各样（例：数々の選択肢｜各种选择）,边缘词
法則,ほうそく,名詞,法则,法則が成り立つ / 法則を学ぶ / 法則に従う,1,真题,否,による) / (黒石祐治「メッセージを高める 黒石の法則」,①规律（例：自然の法則｜自然规律）②法则（例：物理法則｜物理法则）,边缘词
列挙,れっきょ,名詞,列举,列挙することができる / 列挙の方法 / 列挙された例,1,真题,否,(注2)列挙する : 並べる,①列举（例：例を列挙する｜列举例子）②罗列（例：項目を列挙する｜罗列项目）,边缘词
アーティスト,あーちすと,名詞,艺术家,アーティストが集まる / アーティストの作品 / アーティストを目指す,1,真题,否,もちろん、その作品を制作したアーティストの意図は存在する。,①艺术家（例：有名なアーティスト｜有名艺术家）②创作者（例：アーティストとして活動する｜作为创作者活动）,边缘词
軽々,けいけい,形状詞,轻松,軽々と持ち上げる / 軽々とできる / 軽々と進む,1,真题,否,優れた作品は作者の意図を軽々を超えて、観客の心のなかで多様な気づきを生み出していく。,①轻松（例：軽々とクリアする｜轻松通过）②毫不费力（例：軽々とできる｜毫不费力）,边缘词
衰豊,衰豊,名詞,衰退,衰豊が進む / 衰豊を防ぐ / 衰豊の原因,1,真题,否,(衰豊『超(集客力) 革命一人気美術館が知っているお客の呼び方』 による),①衰退与繁荣（例：衰豊の時代｜兴衰时代）②兴衰（例：衰豊の歴史｜兴衰历史）,边缘词
超,ちょう,接頭辞,超越,超を越える / 超が必要 / 超を目指す,1,真题,否,(衰豊『超(集客力) 革命一人気美術館が知っているお客の呼び方』 による),①超过，超越（例：超えた壁｜超过的墙）②超级，极其（例：超楽しい｜超级有趣）,边缘词
集客,しゅうきゃく,名詞,吸引客,集客が成功する / 集客の方法 / 集客を考える,1,真题,否,(衰豊『超(集客力) 革命一人気美術館が知っているお客の呼び方』 による),①吸引顾客（例：集客方法｜吸引顾客的方法）②客户聚集（例：集客イベント｜客户聚集活动）,边缘词
革命,かくめい,名詞,革命,革命が起こる / 革命を目指す / 革命の影響,1,真题,否,(衰豊『超(集客力) 革命一人気美術館が知っているお客の呼び方』 による),①革命，变革（例：社会革命｜社会革命）②重大变化（例：技術革命｜技术革命）,边缘词
小声,こごえ,名詞,小声,小声で話す / 小声が聞こえる / 小声で伝える,1,真题,否,(注2)当惑気味につぶやく : 困ったように小声で言う,①小声，低声（例：小声で話す｜小声说话）,边缘词
さらさら,さらさら,副詞,顺滑,さらさらの髪 / さらさらと流れる / さらさらの水,1,真题,否,そして多くの汗腺が活発に働いていれば、蒸発しやすいさらさらした汗が作られ、体温調節がス,①顺滑，流畅（例：さらさらの髪｜顺滑的头发）②轻快，轻盈（例：さらさらの音｜轻快的声音）,边缘词
べたべた,べたべた,副詞,粘糊,べたべたの手 / べたべたする / べたべたの状態,1,真题,否,という汗の役割を / ような汗はべたべたとしており、蒸発しにくく、「蒸発することで体温調節をする」,①粘稠，黏糊（例：べたべたの手｜粘稠的手）②亲密，依赖（例：べたべたする関係｜亲密关系）,边缘词
冷,れい,名詞,冷,冷が入る / 冷が必要 / 冷を感じる,1,真题,否,汗が出ている時に冷えたものをとると、脳が「体は冷,①冷，凉（例：冷たい水｜冷水）②冷淡，冷漠（例：冷たい態度｜冷淡态度）,边缘词
国家,こっか,名詞,国家,国家を守る / 国家に仕える / 国家のために,1,真题,否,多額の国家予算を使うにもかかわらず,①国家，国（例：国家の安全｜国家安全）②民族，国民（例：国家の文化｜国家文化）,边缘词
直結,ちょっけつ,名詞,直接连接,直結する関係 / 直結の方法 / 直結が重要,1,真题,否,政府は、我々の生活に直結するような問題にこそ、予算を使うべきである。,①直接连接（例：直結する道｜直接连接的路）②直接关系（例：直結した問題｜直接关系的问题）,边缘词
近ごろ,ちかごろ,名詞,最近,近ごろのニュース / 近ごろの出来事 / 近ごろの傾向,1,真题,否,しかし近ごろ宇宙開発に対して否定的な意見が多く聞かれるようになってきた。,①最近，近来（例：近ごろ忙しい｜最近忙）②如今，现今（例：近ごろの流行｜现今流行）,边缘词
視野,しや,名詞,视野,視野を広げる / 視野が狭い / 視野を持つ,1,真题,否,な視野に立って研究開発を進めていくべきではないだろうか?,①视野，眼界（広い視野を持つ｜拥有广阔视野）②视线，视角（視野が狭い｜视野狭窄）,边缘词
近しい,ちかしい,形容詞,亲近,近しい友人 / 近しい関係 / 近しい存在,1,真题,否,僕ににとって想像と創造はごく近しい、 混じり合ったものだと言っていいだろう。,①亲近，接近（近しい友人｜亲近的朋友）②相似，类似（近しい関係｜相似关系）,边缘词
混じり合う,まじりあう,動詞,混合,混じり合う色 / 混じり合う音 / 混じり合う感情,1,真题,否,僕ににとって想像と創造はごく近しい、 混じり合ったものだと言っていいだろう。,①混合，交融（色が混じり合う｜颜色混合）②交错，交织（人が混じり合う｜人交错）,边缘词
線上,せんじょう,名詞,线上,線上で待つ / 線上の取引 / 線上での活動,1,真题,否,予測はやがてこうなるだろうという現実の延長線上,①线上，网络（線上で会議をする｜线上开会）②线上的，虚拟的（線上授業｜线上的课程）,边缘词
変わり,かわり,名詞,变化,変わりがある / 変わりを感じる / 変わりを求める,1,真题,否,子どもの時に考えていたこととなんら変わりが,①变化，变动（変わりがある｜有变化）②替代，替换（変わりを見つける｜找到替代）,边缘词
かけ離れる,かけはなれる,動詞,相距远,かけ離れる場所 / かけ離れる距離 / かけ離れる状態,1,真题,否,しかし、空想が現実からかけ離れるばかりかといえばそうではないし、予測が必ず現実を言い当,①相距甚远（考えがかけ離れる｜想法相距甚远）②脱离，远离（現実とかけ離れる｜远离现实）,边缘词
習学,しゅうがく,名詞,学习,習学を進める / 習学に励む / 習学を重視する,1,真题,否,習学生小論文コンテストの募集案内である。,①学习，习得（習学を重ねる｜不断学习）②研究，钻研（習学に励む｜努力研究）,边缘词
夏用,なつよう,名詞,夏季用,夏用の服 / 夏用の道具 / 夏用の食材,1,真题,否,日本人の夏用ビジネススーツについて,①夏季使用（夏用の服｜夏季衣服）②适合夏天（夏用の寝具｜适合夏天的寝具）,边缘词
入賞,にゅうしょう,名詞,获奖,入賞を果たす / 入賞する機会 / 入賞の知らせ,1,真题,否,*入賞者には2014年1月中旬に郵便で通知します。,①获奖，得奖（コンテストに入賞する｜在比赛中获奖）②名次，奖项（入賞者が発表される｜公布获奖者）,边缘词
賞品,しょうひん,名詞,奖品,賞品を受け取る / 賞品が贈られる / 賞品の内容,1,真题,否,*2014年2月9日に、 小森大学において賞状および賞品の授与式を行います。,①奖品，奖励（賞品を受け取る｜领取奖品）②奖品，礼物（賞品が当たる｜中奖的奖品）,边缘词
授与,じゅよ,名詞,授予,授与される権利 / 授与の式典 / 授与を受ける,1,真题,否,*2014年2月9日に、 小森大学において賞状および賞品の授与式を行います。,①授予（賞を授与する｜授予奖项）②给予（権利を授与する｜给予权利）,边缘词
ミーティング,みーてぃんぐ,名詞,会议,ミーティングを開く / ミーティングに参加する / ミーティングの内容,1,真题,否,クラブのミーティングに出席する,①会议（ミーティングを開く｜召开会议）②讨论（意見をミーティングで出す｜在会议上发表意见）,边缘词
差し入れ,さしいれ,名詞,差入,差し入れをする / 差し入れを持参する / 差し入れの品,1,真题,否,田中君が差し入れにお菓子を持ってきたこと,①差入（差し入れをする｜进行差入）②补给（食べ物の差し入れ｜食物补给）,边缘词
ワイパー,わいぱー,名詞,刮水器,ワイパーが動く / ワイパーを使う / ワイパーの性能,1,真题,否,ワイパーを交換してもらう,①雨刷（ワイパーを動かす｜移动雨刷）②清洁器（窓のワイパー｜窗户清洁器）,边缘词
圧勝,あっしょう,名詞,压倒胜利,圧勝を収める / 圧勝する試合 / 圧勝の理由,1,真题,否,今回は田中選手の圧勝だった。,①压倒性胜利（試合で圧勝する｜比赛中压倒性胜利）②大胜（選挙で圧勝する｜在选举中大胜。）,边缘词
しめっぽい,しめっぽい,形容詞,潮湿,しめっぽい空気 / しめっぽい部屋 / しめっぽい季節,1,真题,否,洗濯物がまだしめっぽい。,①潮湿（しめっぽい天気｜天气潮湿。）②阴郁（しめっぽい気分｜心情阴郁。）,边缘词
さからう,さからう,動詞,反抗,さからう気持ち / さからうことができる / さからう行動,1,真题,否,私は親にさからって大学に進学した。,①反抗（親にさからう｜反抗父母。）②违抗（命令にさからう｜违抗命令。）,边缘词
進学,しんがく,名詞,升学,進学を希望する / 進学の準備 / 進学先の選択,1,真题,否,私は親にさからって大学に進学した。,①升学（高校に進学する｜升入高中。）②继续学业（大学に進学する｜继续上大学。）,边缘词
強引,ごういん,形状詞,强硬,強引に進める / 強引な態度 / 強引な手法,1,真题,否,田中社長の強引なやり方をひはんする人もいる。,①强硬（強引な手法｜强硬手法。）②强势（強引に進める｜强势推进。）,边缘词
ずうずうしい,ずうずうしい,形容詞,厚脸皮,ずうずうしい態度 / ずうずうしい要求 / ずうずうしい人,1,真题,否,ずうずうしくて 3 やかましくて,①厚脸皮（ずうずうしい態度｜态度厚脸皮。）②无耻（ずうずうしい要求｜无耻要求。）,边缘词
やかましい,やかましい,形容詞,吵闹,やかましい音 / やかましい声 / やかましい環境,1,真题,否,ずうずうしくて 3 やかましくて,①吵闹（例：やかましい音がする｜有吵闹的声音。）②烦人（例：やかましい人がいる｜有烦人的人。）,边缘词
取り壊す,とりこわす,動詞,拆除,取り壊す予定 / 取り壊す作業 / 取り壊す理由,1,真题,否,中野氏は、古い工場が取り壊されて空いた土地を買いしめたそうだ。,①拆除（例：古い家を取り壊す｜拆除旧房子。）,边缘词
買いしめる,かいしめる,動詞,囤积,買いしめる行為 / 買いしめることがある / 買いしめる商品,1,真题,否,中野氏は、古い工場が取り壊されて空いた土地を買いしめたそうだ。,①囤积（例：商品を買いしめる｜囤积商品。）,边缘词
間際,まぎわ,名詞,临近,間際に決まる / 間際の変更 / 間際の準備,1,真题,否,出発間際に、妹から電話がかかってきた。,①临近（例：試験の間際｜临近考试。）②即将（例：出発の間際｜即将出发。）,边缘词
治まる,おさまる,動詞,平息,治まる状況 / 治まるまで待つ / 治まることを願う,1,真题,否,薬を飲んだらたちまち痛みが治まった。,①平息（例：騒ぎが治まる｜骚动平息了。）②稳定（例：病気が治まる｜病情稳定。）,边缘词
乱暴,らんぼう,名詞,粗暴,乱暴な言動 / 乱暴な行為 / 乱暴な態度,1,真题,否,このいすはとても頑丈で、少しくらい乱暴に扱っても壊れません。,①粗暴（例：乱暴な言葉｜粗暴用词。）②不谨慎（例：乱暴な運転｜不谨慎驾驶。）,边缘词
器用,きよう,形状詞,灵巧,器用に扱う / 器用な手先 / 器用な動き,1,真题,否,青木さんは、小さな紙を器用に畳んで鶴を作った。,①灵巧（例：器用な手｜手很灵巧。）②熟练（例：器用に作る｜制作熟练。）,边缘词
ガス,がす,名詞,气体,ガスが漏れる / ガスを使う / ガスの種類,1,真题,否,ガス会社から、器具の点検を来月行うという合図があった。,①气体（例：ガスが漏れる｜气体泄漏。）②煤气（例：ガスを使う｜使用煤气。）,边缘词
舌,した,名詞,舌头,舌が回る / 舌を出す / 舌を使う,1,真题,否,料理が熱くて、舌をやけどしそうなので、こつこつと食べた。,①舌头（例：舌を出す｜伸出舌头。）②语言（例：舌が滑らか｜语言流利。）,边缘词
やけど,やけど,名詞,烧伤,やけどをする / やけどの治療 / やけどの痛み,1,真题,否,料理が熱くて、舌をやけどしそうなので、こつこつと食べた。,①烧伤（例：やけどをする｜烫伤了。）,边缘词
カメラマン,かめらまん,名詞,摄影师,カメラマンが撮影する / カメラマンの仕事 / カメラマンの技術,1,真题,否,山田「私、青木先輩のようにカメラマンの仕事をしたいと思っているんです。,①摄影师（彼はプロのカメラマンです。｜他是专业摄影师。）,边缘词
茶,ちゃ,名詞,茶,茶を淹れる / 茶を飲む / 茶の種類,1,真题,否,お茶、 ごちそうさまでした。,①茶叶（お茶を飲みましょう。｜我们喝茶吧。）②茶（お茶を淹れます。｜我来泡茶。）,边缘词
ちそう,ちそう,名詞,招待,ちそうを受ける / ちそうの準備 / ちそうの内容,1,真题,否,お茶、 ごちそうさまでした。,①招待（友達をちそうします。｜我会招待朋友。）②款待（お客様をちそうします。｜我会款待客人。）,边缘词
公害,こうがい,名詞,公害,公害が問題になる / 公害を防ぐ / 公害の影響,1,真题,否,という公害に / 都会で星が見えないのは、夜の街の照明が空気中のちりなどに当たって起こる「光害」,①环境污染（公害が問題になっています。｜环境污染成问题。）,边缘词
省,しょう,接尾辞,省,省を設ける / 省を削減する / 省を考慮する,1,真题,否,すでに現在、環境省が定めた光害対策の方針の下、道を照らすなら上方向に光が,①省份（その省は大きいです。｜这个省很大。）②节省（省エネが大切です。｜节省能源很重要。）,边缘词
つき動かす,つきうごかす,動詞,驱动,つき動かす力 / つき動かす要因 / つき動かす感情,1,真题,否,人が動物とふれ合っていて、最も重要でありながら忘れがちなのは、可愛いという気持ちにつき動かさ,①推动（彼は私をつき動かしました。｜他推动了我。）②激励（友達が私をつき動かす。｜朋友激励我。）,边缘词
甘える,あまえる,動詞,撒娇,甘える子供 / 甘える態度 / 甘えることができる,1,真题,否,猫だって犬だって甘えたい。,①撒娇（子供が甘えています。｜孩子在撒娇。）②依赖（彼女は甘えています。｜她在依赖我。）,边缘词
畑,はたけ,名詞,田地,畑で作業する / 畑を耕す / 畑の作物,1,真题,否,(畑正憲『ムツゴロウの動物交際術』による),①田地（畑で野菜を育てます。｜在田地里种菜。）,边缘词
純粋,じゅんすい,形状詞,纯粹,純粋な気持ち / 純粋な水 / 純粋な愛,1,真题,否,動物と純粋な気持ちでふれ合ったほうがいいこと,①纯粹（彼は純粋な人です。｜他是个纯粹的人。）②单纯（彼女は純粋な心を持っています。｜她心地单纯。）,边缘词
同封,どうふう,名詞,同封,同封の書類 / 同封すること / 同封の内容,1,真题,否,き、同封の返信用封筒に入れて、7月末日までにご返送くださいますようお願い申し上げます。,①同封（手紙に同封しました。｜我在信中同封了。）,边缘词
取り急ぎ,とりいそぎ,名詞,急忙,取り急ぎお知らせ / 取り急ぎの連絡 / 取り急ぎの対応,1,真题,否,以上、取り急ぎお返事申し上げます。,①急忙，匆忙（取り急ぎご連絡します｜急忙联系你。）,边缘词
望,もち,名詞,希望,望が叶う / 望を持つ / 望を抱く,1,真题,否,(林望『知性の磨きかた』による),①希望，愿望（彼の成功を望む｜我希望他成功。）②期待，期望（良い結果を望む｜我期待好结果。）,边缘词
知性,ちせい,名詞,智慧,知性を磨く / 知性が高い / 知性を持つ,1,真题,否,(林望『知性の磨きかた』による),①智慧，聪明（彼は知性が高い｜他很聪明。）②理智，理性（知性を働かせる｜要运用理智。）,边缘词
教え子,おしえご,名詞,学生,教え子が成長する / 教え子を指導する / 教え子との関係,1,真题,否,以前、高校の教え子たちと話していて①ふと気づいたことがある。,①学生，弟子（教え子が成長した｜学生们成长了。）,边缘词
持ち合わせる,もちあわせる,動詞,拥有,持ち合わせるもの / 持ち合わせる能力 / 持ち合わせる知識,1,真题,否,という問いは、人間にとって、だれもが持ち合わせる,①携带，拥有（必要なものを持ち合わせている｜我携带了必要的东西。）,边缘词
反感,はんかん,名詞,反感,反感を持つ / 反感を抱く / 反感を示す,1,真题,否,「反感」 / の (注6),①反感，不满（彼に反感を持つ｜我对他有反感。）②厌恶，嫌恶（その行動に反感を抱く｜对那行为感到厌恶。）,边缘词
著しい,いちじるしい,形容詞,显著,著しい変化 / 著しい成果 / 著しい影響,1,真题,否,著しい場合には刺激の感覚が消失することもあり、こう,①显著，明显（著しい成果を上げる｜取得显著成果。）②引人注目，突出（著しい変化があった｜发生了引人注目的变化。）,边缘词
消失,しょうしつ,名詞,消失,消失すること / 消失の原因 / 消失の瞬間,1,真题,否,著しい場合には刺激の感覚が消失することもあり、こう,①消失，消散（影が消失した｜影子消失了。）,边缘词
順応,じゅんのう,名詞,适应,順応する環境 / 順応の過程 / 順応が必要,1,真题,否,したことを感覚の順応といいます。,①适应，顺应（環境に順応する｜适应环境。）,边缘词
劇的,げきてき,形状詞,戏剧性,劇的な変化 / 劇的な展開 / 劇的な表現,1,真题,否,の中へ入る、 / より劇的な「変化」,①戏剧性的，激烈的（劇的な変化があった｜发生了戏剧性的变化。）,边缘词
町並み,まちなみ,名詞,街景,町並みが美しい / 町並みを歩く / 町並みの特徴,1,真题,否,遠くへ離れれば離れるほど、(注6)見知らぬ町並みや自然の風景、,①街道风景（例：町並みが美しい｜街道风景很美。）②市区建筑（例：町並みを散策する｜我在市区散步。）,边缘词
紀年,きねん,名詞,纪年,紀年を記す / 紀年の意味 / 紀年を考える,1,真题,否,(堀川紀年・石川雄二・前田弘編『国際観光学を学ぶ人のために』による),①年代记载（例：紀年を確認する｜确认年代记载。）②历史年号（例：紀年を調べる｜查找历史年号。）,边缘词
生まれ変わる,うまれかわる,動詞,重生,生まれ変わる可能性 / 生まれ変わることを願う / 生まれ変わる瞬間,1,真题,否,が必要だから / 新しい自分に生まれ変わるために 「変化」,①重生转世（例：生まれ変わることを信じる｜相信重生。）②重新开始（例：生まれ変わるチャンス｜重新开始的机会。）,边缘词
形成,けいせい,名詞,形成,形成される環境 / 形成の過程 / 形成を促す,1,真题,否,というものを形成していく。 / 私たちは小さい頃から② 「社会的な自己」,①构成形成（例：形成が重要だ｜形成很重要。）②发展过程（例：文化の形成｜文化的发展过程。）,边缘词
まぶた,まぶた,名詞,眼睑,まぶたが重い / まぶたを閉じる / まぶたの状態,1,真题,否,まぶたや目を動かすだけでなく、 言葉を理解し返事を,①眼睑（例：まぶたが重い｜眼睑很重。）,边缘词
愛らしい,あいらしい,形容詞,可爱,愛らしい笑顔 / 愛らしい姿 / 愛らしい動き,1,真题,否,な愛らしいしぐさで反応するものもある。,①可爱迷人（例：愛らしい子犬｜可爱的小狗。）②惹人喜爱（例：愛らしい笑顔｜惹人喜爱的笑容。）,边缘词
人形,にんぎょう,名詞,玩偶,人形を作る / 人形が動く / 人形の種類,1,真题,否,人形や動物のようなロボットの心理的効果は科学的にも証明されていて、児童施設や病院でも利,①玩偶（例：人形で遊ぶ｜玩偶在玩。）②模型（例：人形を作る｜制作模型。）,边缘词
円形,えんけい,名詞,圆形,円形のテーブル / 円形のデザイン / 円形の部屋,1,真题,否,よく目にするのは自動で床掃除をする円形のロボットだが、 機能を一つに絞っ,①圆形状（例：円形のテーブル｜圆形的桌子。）②环形（例：円形の公園｜环形公园。）,边缘词
ダッシュ,だっしゅ,名詞,冲刺,ダッシュで走る / ダッシュのタイミング / ダッシュをかける,1,真题,否,一気にダッシュするのではなく、瞬間的に最高スピードを出そうとするのでもなく、正確にラ,①快速奔跑（例：ダッシュで行く｜快速奔跑去。）②冲刺（例：ダッシュする瞬間｜冲刺的瞬间。）,边缘词
直感,ちょっかん,名詞,直觉,直感が働く / 直感を信じる / 直感を大切にする,1,真题,否,(羽生善治『直感力』による),①直觉感知（例：直感が働く｜直觉在起作用。）②本能反应（例：直感を信じる｜相信直觉。）,边缘词
通訳,つうやく,名詞,翻译,通訳を依頼する / 通訳の仕事 / 通訳の技術,1,真题,否,通訳のアルバイトをすることになったから,①翻译（例：通訳を頼みました。｜我请了翻译。）②口译（例：会議で通訳が必要です。｜会议需要口译。）,边缘词
学費,がくひ,名詞,学费,学費が高い / 学費を払う / 学費の支援,1,真题,否,兄は学費のえんじょを受けて大学に通いました。,①学费（例：学費が高いです。｜学费很高。）②教育费用（例：学費を払う。｜支付学费。）,边缘词
集まり,あつまり,名詞,聚会,集まりに参加する / 集まりを開く / 集まりの目的,1,真题,否,昨夜、高校の同級生の集まりがあり、10年振りに会見を楽しんだ。,①聚会（例：友達の集まりがあります。｜有朋友聚会。）②集合（例：集まりは何時ですか？｜集合时间是什么时候？）,边缘词
苦戦,くせん,名詞,苦战,苦戦を強いられる / 苦戦する試合 / 苦戦の理由,1,真题,否,昨日の試合は、手軽に勝てると思ったのに、 意外に苦戦した。,①苦战（例：試合で苦戦しています。｜比赛中很艰难。）②艰难斗争（例：苦戦を強いられた。｜被迫艰难斗争。）,边缘词
指輪,ゆびわ,名詞,戒指,指輪をはめる / 指輪を贈る / 指輪のデザイン,1,真题,否,夫にもらった指輪をなくしてしまった。,①戒指（例：指輪を買いました。｜买了戒指。）②手环（例：指輪をつけています。｜戴着手环。）,边缘词
コロッケ,ころっけ,名詞,炸肉饼,コロッケを食べる / コロッケが好き / コロッケを作る,1,真题,否,「村山屋」 / はコロッケが人気のお店で、いつも行列ができている。,①炸肉饼（例：コロッケが好きです。｜喜欢炸肉饼。）②土豆饼（例：コロッケを作る。｜做土豆饼。）,边缘词
ピンク,ぴんく,名詞,粉色,ピンクの花 / ピンクが似合う / ピンク色の服,1,真题,否,次第にピンクへと変化していく,①粉色（例：ピンクの花が咲いています。｜粉色的花开了。）②桃色（例：ピンクの服を着ています。｜穿着粉色的衣服。）,边缘词
アクション,あくしょん,名詞,动作,アクションがある / アクション映画 / アクションを起こす,1,真题,否,新しいアクションを起こすには、まずしっかりと自分の気,①动作（例：アクション映画が好きです。｜喜欢动作电影。）②行动（例：アクションを起こす。｜采取行动。）,边缘词
用する,ようする,動詞,使用,用することができる / 用するために / 用する方法,1,真题,否,用したい」 / または「やや利用したい」,①使用（例：これを用します。｜我会用这个。）②利用（例：道具を用する。｜使用工具。）,边缘词
離れ離れ,はなればなれ,名詞,分离,離れ離れになる / 離れ離れの生活 / 離れ離れの友達,1,真题,否,スと数頭のメスよりなる (注1)まとまった小集団を作り、集団のメンバーが離れ離れになって生活する,①分离（例：離れ離れになった。｜分开了。）②相隔（例：離れ離れで暮らす。｜相隔生活。）,边缘词
下等,したとう,名詞,低等,下等な生物 / 下等な扱い / 下等な教育,1,真题,否,事柄にもよるが、一般に、飽きる人間の方が下等で、飽きない人間の方が上等と思われている。,①低级的（彼は下等な人間だ｜他是低级的人。）②劣等的（下等な生物｜劣等的生物。）,边缘词
上等,じょうとう,名詞,上等,上等な品 / 上等なサービス / 上等な食材,1,真题,否,事柄にもよるが、一般に、飽きる人間の方が下等で、飽きない人間の方が上等と思われている。,①高级的（これは上等な品だ｜这是高级的商品。）②优秀的（上等なサービス｜优秀的服务。）,边缘词
中間,ちゅうかん,名詞,中间,中間に位置する / 中間の結果 / 中間試験,1,真题,否,これとあれの中間のサービスはないだろうか?,①中间的（中間地点に着く｜到达中间地点。）②中等的（中間の成績｜中等的成绩。）,边缘词
結びつく,むすびつく,動詞,联系,結びつくことがある / 結びつく関係 / 結びつく理由,1,真题,否,好きなことでも仕事に結びつく。,①连接（心が結びつく｜心灵相连。）②结合（運命が結びつく｜命运结合。）,边缘词
熱血,ねっけつ,名詞,热血,熱血な人 / 熱血の指導 / 熱血を注ぐ,1,真题,否,(山本寛斎『熱き心一寛斎の熱血語10ヵ条』による),①热血的（熱血な青年｜热血的青年。）②激情的（熱血な応援｜激情的支持。）,边缘词
巧,たくみ,名詞,巧妙,巧な技 / 巧な手法 / 巧な表現,1,真题,否,巧が人を楽しませる必要はない。,①巧妙的（巧な手法｜巧妙的方法。）②灵巧的（巧な技術｜灵巧的技术。）,边缘词
酔う,よう,動詞,醉,酔うことがある / 酔うと楽しい / 酔うのが好き,1,真题,否,人を利口にし、快く酔わせるよりも、 それを読んで本当によかったと,①醉酒（酒に酔う｜喝酒醉了。）②陶醉（夢に酔う｜陶醉于梦中。）,边缘词
見,みる,名詞,看,見をする / 見がある / 見を楽しむ,1,真题,否,自分を取り巻いて(注5) 果てしなく広がる世界のどこをどう切り取るか、 それをどこまでよく見,①看见（景色を見る｜看风景。）②观看（映画を見る｜看电影。）,边缘词
技巧,ぎこう,名詞,技巧,技巧を磨く / 技巧を使う / 技巧が必要,1,真题,否,(注1)技巧:すぐれた表現技術,①技巧（高度な技巧｜高级的技巧。）②技艺（技巧を磨く｜磨练技巧。）,边缘词
生まれ出る,うまれでる,動詞,出生,生まれ出る瞬間 / 生まれ出ること / 生まれ出る命,1,真题,否,(注6)湧き出る:生まれ出る,①出生（新しい命が生まれ出る｜新生命出生。）②产生（アイデアが生まれ出る｜产生想法。）,边缘词
読みごたえ,よみごたえ,名詞,值得读,読みごたえのある本 / 読みごたえがある / 読みごたえを感じる,1,真题,否,表現が凝っていて読みごたえがあるもの。,①值得阅读（この本は読みごたえがある｜这本书值得阅读。）,边缘词
ショック,しょっく,名詞,冲击,ショックを受ける / ショックな出来事 / ショックが大きい,1,真题,否,上司からしかられると、ショックに耐えられない、,①震惊（彼の言葉にショックを受けた｜他的话让我震惊。）,边缘词
務め,つとめ,名詞,职责,務めを果たす / 務めを果たすこと / 務めがある,1,真题,否,部下のミスを指摘するのは上司の務めだ。,①职责（彼は大使の務めを果たした｜他履行了大使的职责。）,边缘词
失,しつ,名詞,失去,失を経験する / 失が大きい / 失を取り戻す,1,真题,否,だが一方で、部下は上司を恐れるだけで、なぜ失,①失去（彼は大切なものを失った｜他失去了重要的东西。）,边缘词
敗,まけ,名詞,失败,敗を喫する / 敗が続く / 敗を認める,1,真题,否,敗したのか、どうすれば同じミスをせずに済むかを落ち着いて分析することができない。,①失败（試合に敗れた｜在比赛中失败了。）,边缘词
恵み,めぐみ,名詞,恩惠,恵みを受ける / 恵みがある / 恵みを感じる,1,真题,否,る製品のように、自動的・安定的に生産できるものではなく、 自然の恵みの中で、人の手がかけられて,①恩惠（自然の恵みを受ける｜接受自然的恩惠。）,边缘词
みなす,みなす,動詞,视为,みなすことが多い / みなす理由 / みなすのは難しい,1,真题,否,低いものとみなしているといえる。,①视为（彼を友人とみなす｜把他视为朋友。）,边缘词
安易,あんい,形状詞,简单,安易に考える / 安易な選択 / 安易な方法,1,真题,否,いいという安易な選択はできないはずだ。,①轻松（安易な考えは危険だ｜轻松的想法很危险。）,边缘词
公平,こうへい,名詞,公平,公平に扱う / 公平な判断 / 公平を保つ,1,真题,否,による) / (大竹文雄 「競争と公平感」,①公正（公平な判断が必要だ｜需要公正的判断。）,边缘词
さらなる,さらなる,連体詞,进一步,さらなる努力 / さらなる発展 / さらなる改善,1,真题,否,表現を与えながら、さらなる考えを進めていく。,①更进一步（さらなる努力が求められる｜需要更进一步的努力。）,边缘词
残,ざん,名詞,剩余,残が多い / 残を取る / 残が少ない,1,真题,否,のニュアンス (注4)を残 / 何となくわかっていることでも、話し言葉でなら、「何となく」,①剩余（まだ残っている｜还有剩余。）②残留（残っているもの｜剩下的东西。）,边缘词
手振り,てぶり,名詞,手势,手振りで説明する / 手振りを使う / 手振りが大切,1,真题,否,身振りも手振りも使えません。,①手势（手を振ること｜挥手的动作。）②手势表达（手の動きで表現する｜用手势表达。）,边缘词
複眼,ふくがん,名詞,复眼,複眼を持つ / 複眼の生物 / 複眼で見る,1,真题,否,による) / (苅谷町彦「知的複眼思考法一誰でも持っている創造力のスイッチ」,①复眼（昆虫の目｜昆虫的眼睛。）②多重视角（多面的視点｜多面的视角。）,边缘词
スイッチ,すいっち,名詞,开关,スイッチを入れる / スイッチが壊れる / スイッチを切る,1,真题,否,による) / (苅谷町彦「知的複眼思考法一誰でも持っている創造力のスイッチ」,①开关（電気のスイッチ｜电灯的开关。）②切换（切り替え｜切换。）,边缘词
やり直し,やりなおし,名詞,重做,やり直しをする / やり直しが必要 / やり直しの機会,1,真题,否,何度もやり直しをしながら考えを進めることができる。,①重做（やり直すこと｜重做的事情。）②重新开始（再スタート｜重新开始。）,边缘词
飲み口,のみくち,名詞,饮口,飲み口が広い / 飲み口を選ぶ / 飲み口が狭い,1,真题,否,く、コーヒーに多く使われる金属製のものとし、香りが楽しめるように飲み口を広くした。,①饮用口（飲み物を飲む部分｜饮用的部分。）②饮水口（飲むための部分｜饮水的部分。）,边缘词
材質,ざいしつ,名詞,材质,材質が重要 / 材質を確認する / 材質が良い,1,真题,否,この例のようにメーカーがボトルにもこだわるのは、 消費者にボトルの材質や形の好き嫌いがあると,①材料性质（材料の性質｜材料的性质。）②材质（素材の種類｜材料的种类。）,边缘词
好感,こうかん,名詞,好感,好感を持つ / 好感がある / 好感を与える,1,真题,否,形や色のペットボトルに好感を持っていた。,①好感度（好意を持つこと｜有好感的事。）②良好印象（良い印象｜良好的印象。）,边缘词
カリキュラム,かりきゅらむ,名詞,课程,カリキュラムを作る / カリキュラムが充実 / カリキュラムを見直す,1,真题,否,学生時代の勉強は、いやでも復習がカリキュラムの中に織り込まれている(注1),①课程安排（教育課程｜教育课程。）②教学计划（教育プラン｜教学计划。）,边缘词
溜める,ためる,動詞,积累,溜めることができる / 溜めるのが難しい / 溜める方法,1,真题,否,脳の特性(注2)として、目や耳から入った情報をいったん溜めておいて、その中から必要のないと,①积累（お金を溜める｜积累钱。）②储存（エネルギーを溜める｜储存能量。）,边缘词
しまい込む,しまいこむ,動詞,收起,しまい込むことがある / しまい込む場所 / しまい込むのが好き,1,真题,否,思われる情報を自動的に脳の奥底にしまい込んでしまう。,①收起来（例：本をしまい込む｜把书收起来。）②藏起来（例：秘密をしまい込む｜把秘密藏起来。）,边缘词
より分ける,よりわける,動詞,分开,より分けることができる / より分ける方法 / より分ける必要,1,真题,否,をより分けている (注3)のかというと、 同じ情報が繰り返し入ってくるかどうかということであ,①分类（例：ゴミをより分ける｜分类垃圾。）②挑选（例：果物をより分ける｜挑选水果。）,边缘词
衰え,おとろえ,名詞,衰退,衰えが見える / 衰えを感じる / 衰えを防ぐ,1,真题,否,復習を習慣にすれば、老化による記憶力の衰えを防ぐことができる。,①衰退（例：体力の衰え｜体力的衰退。）②减弱（例：記憶の衰え｜记忆的减弱。）,边缘词
染みつく,しみつく,動詞,沾染,染みつくことがある / 染みつく汚れ / 染みつく匂い,1,真题,否,その考え方が染みついて、なかなか疑うことができない。,①渗透（例：匂いが染みつく｜气味渗透。）②附着（例：汚れが染みつく｜污垢附着。）,边缘词
決めつける,きめつける,動詞,断定,決めつけるのは良くない / 決めつけることが多い / 決めつけるのをやめる,1,真题,否,でも、本当に一つの目標を固く決めつけて死守する (注2) 必要が、 あるのだろうか。,①断定（例：彼を悪者と決めつける｜断定他是坏人。）②下结论（例：すぐに決めつけるな｜不要马上下结论。）,边缘词
おおむね,おおむね,名詞,大致,おおむね賛成 / おおむねの意見 / おおむね良好,1,真题,否,族だったため、 おおむね4年に一度は転校生になる。,①大致（例：おおむね賛成｜大致上赞成。）②总体上（例：おおむね良好｜总体上良好。）,边缘词
権力,けんりょく,名詞,权力,権力を持つ / 権力が強い / 権力を行使する,1,真题,否,集落 (注4)へ行っては、誰が権力者 (注5)なのか、,①权力（例：権力を持つ｜拥有权力。）②势力（例：権力の座｜权力的地位）,边缘词
生後,せいご,名詞,出生后,生後すぐに / 生後の成長 / 生後のケア,1,真题,否,出生地(注6)は明確だが、 僕の場合は生後2年間,①出生后（例：生後三ヶ月｜出生三个月）,边缘词
馴,馴,名詞,驯服,馴が必要 / 馴を重視する / 馴が難しい,1,真题,否,(注2) 馴 (な) 染(じ) む: 慣れて親しくなる,①驯服（例：動物を馴らす｜驯服动物）②习惯（例：馴染む｜习惯）,边缘词
染,そめ,名詞,染色,染をする / 染が美しい / 染を選ぶ,1,真题,否,(注2) 馴 (な) 染(じ) む: 慣れて親しくなる,①染色（例：布を染める｜染布）②感染（例：病気に染まる｜感染疾病）,边缘词
じゃま,じゃま,名詞,妨碍,じゃまになる / じゃまをする / じゃまをされる,1,真题,否,(注7)足を引っ張り合う: 成功するのをじゃまし合う,①妨碍（道がじゃまです｜路上有障碍）②打扰（勉強のじゃま｜打扰学习）,边缘词
魚介,ぎょかい,名詞,海鲜,魚介を食べる / 魚介が新鮮 / 魚介料理,1,真题,否,円(1名分) : お肉と魚介類の両方が楽しめる,①海鲜（魚介類が好きです｜喜欢海鲜）②水产品（新鮮な魚介｜新鲜水产品）,边缘词
花火,はなび,名詞,烟花,花火を打ち上げる / 花火が美しい / 花火を見る,1,真题,否,花火やカラオケなど他の利用者や近隣の住民の方への迷惑となる行為は禁止です。,①烟花（花火大会がある｜有烟花大会）②焰火（夜空に花火｜夜空中的烟花）,边缘词
近隣,きんりん,名詞,邻近,近隣の人々 / 近隣に住む / 近隣の問題,1,真题,否,花火やカラオケなど他の利用者や近隣の住民の方への迷惑となる行為は禁止です。,①邻近（近隣の人と仲良く｜和邻居友好）②周围（近隣の店を探す｜找附近的店）,边缘词
強風,きょうふう,名詞,强风,強風が吹く / 強風に注意 / 強風で飛ばされる,1,真题,否,屋外施設のため、強風などの悪天候により営業を中止する場合があります。,①大风（強風が吹いている｜刮着大风）②猛烈风（強風注意報｜有强风警报）,边缘词
パーベキュー,ぱーべきゅー,名詞,烧烤,パーベキューをする / パーベキューが楽しい / パーベキューの準備,1,真题,否,南の丘公園パーベキュー予約センター,①烧烤（公園でパーベキュー｜在公园烧烤）②户外烤肉（友達とパーベキュー｜和朋友烤肉）,边缘词
ボリューム,ぼりゅーむ,名詞,音量,ボリュームを上げる / ボリュームが大きい / ボリュームを調整する,1,真题,否,◆ボリュームセット 25人分,①音量（ボリュームを上げて｜调高音量）②分量（ボリューム満点の料理｜分量十足的菜）,边缘词
みやげ,みやげ,名詞,纪念品,みやげを買う / みやげが喜ばれる / みやげを持って行く,1,真题,否,おみやげのこうほを課長に伝える,①纪念品（旅行のみにやげ｜旅行的纪念品）②土特产（お土産を買った｜买了土特产）,边缘词
受信,じゅしん,名詞,接收,受信が良好 / 受信を確認する / 受信の設定,1,真题,否,|1 迷惑なメールの受信を拒否したい。,①接收（メールを受信する｜接收邮件）②接到（受信確認しました｜确认收到）,边缘词
拒否,きょひ,名詞,拒绝,拒否する権利 / 拒否が多い / 拒否の理由,1,真题,否,|1 迷惑なメールの受信を拒否したい。,①拒绝（提案を拒否する｜拒绝提案）②否决（参加を拒否した｜拒绝参加）,边缘词
憎い,にくい,形容詞,可恨,憎い存在 / 憎い気持ち / 憎い相手,1,真题,否,私は今まで人を憎いと思ったことがない。,①可恨的（彼が憎い。｜我恨他。）②令人厌恶的（その行動が憎い。｜那行为令人厌恶。）,边缘词
権,けん,接尾辞,权利,権を持つ / 権がある / 権を行使する,1,真题,否,新製品の販売権に関し、A社とB社があらそっている。,①权利（権を持つ。｜拥有权利。）②权力（権を行使する。｜行使权力。）,边缘词
かぶる,かぶる,動詞,重叠,かぶることがある / かぶる帽子 / かぶるのが好き,1,真题,否,昼になって急に日ざしがたくましくなったので、帽子をかぶった。,①戴上（帽子をかぶる。｜戴上帽子。）②覆盖（雨がかぶる。｜被雨覆盖。）,边缘词
茶わん,ちゃわん,名詞,茶碗,茶わんを使う / 茶わんが割れる / 茶わんを洗う,1,真题,否,茶わん1杯分のご飯の量が約150グラムだとすると、 51。,①茶碗（ご飯を茶わんに盛る。｜把饭盛在碗里。）,边缘词
勘,かん,名詞,直觉,勘が働く / 勘を信じる / 勘が鋭い,1,真题,否,知っていることが重要だと勘違,①直觉（勘が働く。｜直觉灵敏。）②判断力（勘が鋭い。｜判断力强。）,边缘词
違,い,名詞,不同,違いを / 違いに / 違いが,1,真题,否,知っていることが重要だと勘違,①不同（考えが違う。｜想法不同。）②错误（間違いが違う。｜错误的错误。）,边缘词
文藝,ぶんげい,名詞,文艺,文藝に / 文藝で / 文藝が,1,真题,否,(小菅正夫『文藝春秋』 2006年11月臨時増刊号による),①文学艺术（文藝を学ぶ。｜学习文学艺术。）②文艺作品（文藝作品を読む。｜读文艺作品。）,边缘词
春秋,しゅんじゅう,名詞,春秋,春秋に / 春秋で / 春秋が,1,真题,否,(小菅正夫『文藝春秋』 2006年11月臨時増刊号による),①春秋季节（春秋の季節。｜春秋季节。）②历史记载（春秋の記録。｜春秋的记录。）,边缘词
増刊,ぞうかん,名詞,增刊,増刊を / 増刊に / 増刊が,1,真题,否,(小菅正夫『文藝春秋』 2006年11月臨時増刊号による),①增刊号（増刊が出る。｜出增刊。）②特别版（増刊号を読む。｜读特别版。）,边缘词
受け入れ,うけいれ,名詞,接受,受け入れを / 受け入れに / 受け入れが,1,真题,否,<工場見学受け入れ準備>,①接受（提案を受け入れる。｜接受提案。）②容纳（新しいメンバーを受け入れる。｜容纳新成员。）,边缘词
堅三,けんぞう,名詞,坚三,堅三が / 堅三に / 堅三で,1,真题,否,(栗原堅三『うま味って何だろう』による),①坚固的三（例：堅三の家｜坚固的房子）,边缘词
平木,ひらき,名詞,平木,平木に / 平木が / 平木で,1,真题,否,(平木典子『アサーション入門一自分も相手も大切にする自己表現法』による),①平坦的木材（例：平木の板｜平坦的木板）,边缘词
典子,のりこ,名詞,典子,典子が / 典子に / 典子で,1,真题,否,(平木典子『アサーション入門一自分も相手も大切にする自己表現法』による),①典雅的子（例：典子さん｜典雅的典子）,边缘词
アサーション,あさーしょん,名詞,断言,アサーションを / アサーションに / アサーションが,1,真题,否,(平木典子『アサーション入門一自分も相手も大切にする自己表現法』による),①断言（例：アサーションを使う｜使用断言）,边缘词
手早い,てばやい,形容詞,迅速,手早いで / 手早いに / 手早いが,1,真题,否,人間というのは、 自分でわかっていることに関しては手早くポイントだけを取り出して相手に教えて、,①动作迅速（例：手早い仕事｜工作迅速）,边缘词
大局,たいきょく,名詞,大局,大局を / 大局に / 大局が,1,真题,否,(羽生善治『大局観一自分と闘って負けない心』による),①整体局势（例：大局を見守る｜关注整体局势）,边缘词
闘う,たたかう,動詞,斗争,闘うために / 闘うことが / 闘うで,1,真题,否,(羽生善治『大局観一自分と闘って負けない心』による),①进行斗争（例：闘う姿勢｜进行斗争）,边缘词
ミニ,みに,名詞,迷你,ミニの / ミニを / ミニで,1,真题,否,組み立て式のミニギターは組み立て後に,①迷你（例：ミニサイズ｜迷你尺寸）,边缘词
ギター,ぎたー,名詞,吉他,ギターを / ギターで / ギターが,1,真题,否,組み立て式のミニギターは組み立て後に,①吉他（例：ギターを弾く｜弹吉他）,边缘词
色使い,いろづかい,名詞,配色,色使いが / 色使いに / 色使いで,1,真题,否,本格的な演奏も楽しめるし、 色使いが落ち着いたカードのゲームは気持ちをリラックスさせる。,①色彩运用（例：色使いが美しい｜色彩运用美）,边缘词
完備,かんび,名詞,完备,完備が / 完備に / 完備で,1,真题,否,今の若い人は、ある程度完備した科学社会に生まれている。,①完全具备（設備が完備している｜设备齐全）②齐全完备（資料が完備されている｜资料完备）,边缘词
電波,でんぱ,名詞,电波,電波が / 電波に / 電波で,1,真题,否,電波がどんなもので、 どのような設備によって成り立っているのかを知らない,①电波信号（電波が届く｜电波信号到达）②无线电波（電波を受信する｜接收无线电波）,边缘词
根強い,ねづよい,形容詞,根深,根強いに / 根強いが / 根強いで,1,真题,否,も、こういった姿勢は根強い。,①根深蒂固（根強い信念｜根深蒂固的信念）②顽强不屈（根強い支持｜顽强的支持）,边缘词
日付,ひづけ,名詞,日期,日付が / 日付に / 日付で,1,真题,否,負担となり続けられないので、 日付の順で構いません。,①日期（今日の日付｜今天的日期）②时间标记（書類の日付｜文件的日期）,边缘词
書き込む,かきこむ,動詞,写入,書き込むことを / 書き込むために / 書き込むで,1,真题,否,書き込んでいくのがいいでしょう。,①写入（データを書き込む｜写入数据）②填写（フォームに書き込む｜填写表格）,边缘词
おぼれる,おぼれる,動詞,溺水,おぼれることが / おぼれるに / おぼれるで,1,真题,否,そうすることで集めた情報の中におぼれず、どう考えるかを自身に問いかける姿勢,①溺水（川でおぼれる｜在河里溺水）②沉迷（夢におぼれる｜沉迷于梦）,边缘词
せっせと,せっせと,副詞,勤奋,せっせと働く / せっせと行う / せっせとする,1,真题,否,になっている話題作をせっせと追いかける、 というのは①もっとよくない。,①勤奋努力（せっせと働く｜勤奋工作）②忙忙碌碌（せっせと勉強する｜忙忙碌碌学习）,边缘词
段取り,だんどり,名詞,安排,段取りを / 段取りに / 段取りで,1,真题,否,しかし、 慌てないで順に段取りを踏んでいこうではな,①安排计划（段取りをする｜做安排）②准备工作（段取りを整える｜准备工作）,边缘词
来館,らいかん,名詞,来馆,来館する / 来館が / 来館に,1,真题,否,ご来館の記念に、世界で一つだけの作品を,①来访馆所（美術館に来館する｜来美术馆）②到达场所（図書館に来館する｜到图书馆）,边缘词
模様,もよう,名詞,图案,模様が / 模様に / 模様で,1,真题,否,専用の機械を使い、 ガラスのコップにオリジナルの絵や模様をつけます。,①图案花纹（布の模様｜布的图案）②情况状态（天気の模様｜天气情况）,边缘词
キー,きー,名詞,钥匙,キーを / キーに / キーが,1,真题,否,C キーホルダーを作ろう (30分),①钥匙（ドアのキー｜门的钥匙）②关键（成功のキー｜成功的关键）,边缘词
ホルダー,ほるだー,名詞,文件夹,ホルダーに / ホルダーで / ホルダーが,1,真题,否,C キーホルダーを作ろう (30分),①文件夹（書類ホルダー｜文件夹）②支架（スマホホルダー｜手机支架）,边缘词
カラフル,からふる,形状詞,多彩,カラフルな / カラフルで / カラフルに,1,真题,否,カラフルなガラスを並べ、 熱で接着します (接着はスタッフが行います)。,①多彩的（カラフルな服｜多彩的衣服）②鲜艳的（カラフルな絵｜鲜艳的画）,边缘词
持ち帰り,もちかえり,名詞,外带,持ち帰りを / 持ち帰りに / 持ち帰りで,1,真题,否,当日のお持ち帰りをご希望の場合は、それぞれの待ち時間の間、 館内を鑑賞しながらお待ちになる,①外带（持ち帰りの弁当｜外带便当）②带回（持ち帰りの品｜带回的东西）,边缘词
ワイシャツ,わいしゃつ,名詞,衬衫,ワイシャツを / ワイシャツが / ワイシャツに,1,真题,否,自宅にワイシャツをとどける,①衬衫（白いワイシャツ｜白衬衫）,边缘词
部員,ぶいん,名詞,成员,部員が / 部員に / 部員で,1,真题,否,役のへんこうを部員に伝える,①成员（サークルの部員｜社团成员）②队员（チームの部員｜队员）,边缘词
開場,かいじょう,名詞,开场,開場する / 開場が / 開場に,1,真题,否,部長に開場時間をかくにんする,①开场（開場時間｜开场时间）②开放（会場が開場する｜会场开放）,边缘词
タイム,たいむ,名詞,时间,タイムが / タイムに / タイムで,1,真题,否,自分のタイムが間違って記録されていたこと,①时间（タイムを計る｜计时）②时刻（タイムが来る｜时刻到了）,边缘词
批評,ひひょう,名詞,评论,批評を / 批評に / 批評が,1,真题,否,今月の雑誌に新しい映画の批評が掲載された。,①评论（映画の批評｜电影评论）②批判（作品の批評｜作品批评）,边缘词
さんしょう,さんしょう,名詞,山椒,さんしょうを / さんしょうに / さんしょうが,1,真题,否,具体的な内容については、本日お配りした資料をごさんしょうください。,①参考（参考にする｜作为参考）②参照（資料をさんしょう｜参考资料）,边缘词
じか,じか,名詞,直接,じかに / じかで / じかが,1,真题,否,このことは本人にじかに伝えてください。,①直接（例：じかに会った｜直接见面）②当面（例：じかの問題｜当面的问题）,边缘词
ひきょう,ひきょう,名詞,卑怯,ひきょうな / ひきょうで / ひきょうに,1,真题,否,高橋さんは、 そんなひきょうなやり方はしませんよ。,①卑鄙（例：ひきょうな行為｜卑鄙行为）② cowardice（例：ひきょうな態度｜卑鄙态度）,边缘词
身長,しんちょう,名詞,身高,身長が / 身長に / 身長で,1,真题,否,息子が中学生になって急に身長が発達し、 すぐに私を追い越した。,①身高（例：身長が高い｜身高很高）,边缘词
専念,せんねん,名詞,专心,専念する / 専念が / 専念に,1,真题,否,試験が近いのでアルバイトを引退し、勉強に専念することにした。,①专心（例：勉強に専念する｜专心学习）,边缘词
移住,いじゅう,名詞,移居,移住する / 移住が / 移住に,1,真题,否,鈴木選手は去年引退し、 家族で海外に移住したそうだ。,①移居（例：海外に移住する｜移居海外）,边缘词
飲み込める,のみこめる,動詞,能理解,飲み込めることが / 飲み込めるに / 飲み込めるで,1,真题,否,今日は朝からのどが痛くて、食べ物を順調に飲み込めない。,①理解（例：内容が飲み込める｜能理解内容）②吞下（例：薬を飲み込める｜能吞下药）,边缘词
悪化,あっか,名詞,恶化,悪化する / 悪化が / 悪化に,1,真题,否,状態を悪化させてしまう危険もある。,①恶化（例：病状が悪化する｜病情恶化）,边缘词
夜型,よるがた,名詞,夜型,夜型の / 夜型で / 夜型に,1,真题,否,現代の日本社会は夜型化が進み、 午前0時を過ぎても活動している人が多い。,①夜型（例：夜型の生活｜夜型生活）,边缘词
文具,ぶんぐ,名詞,文具,文具を / 文具が / 文具に,1,真题,否,PWQ 文具 インターネットショップご担当者様,①文具（例：文具を買う｜买文具）,边缘词
貴,たか,名詞,珍贵,貴な / 貴で / 貴に,1,真题,否,そのため、 前の19日の午後に鍵を受け取りたいと思いホームページを確認したところ、貴,①珍贵（例：貴重な品｜珍贵的东西）②高贵（例：貴族の家｜贵族之家）,边缘词
購,購,名詞,购买,購入する / 購入が / 購入に,1,真题,否,貴店で蛍光ペン3色セット (TR-3)を、 100個購(こう)入(にゅう)したいと思っております。,①购买（本を購う｜购买书籍）②购入（商品を購う｜购入商品）,边缘词
本社,ほんしゃ,名詞,总部,本社に / 本社が / 本社で,1,真题,否,月20日までに東京の本社に届けていただきたいのですが、 今から注文しても間に合うでしょ,①总部（会社の本社｜公司的总部）②主办单位（本社の役割｜总部的角色）,边缘词
争い,あらそい,名詞,争斗,争いが / 争いに / 争いで,1,真题,否,と、犬は順位争いをしたり、 家族に攻撃をしたりするようになって、 家族と犬との関係がうまくいかな,①争斗（争いが起きる｜发生争斗）②竞争（争いに勝つ｜赢得竞争）,边缘词
ルーツ,るーつ,名詞,根源,ルーツが / ルーツに / ルーツで,1,真题,否,( 田名部雄一 『人と犬のきずな一遺伝子からそのルーツを探る』による),①根源（文化のルーツ｜文化的根源）②起源（ルーツを探る｜探寻起源）,边缘词
しつける,しつける,動詞,教养,しつけることが / しつけるに / しつけるで,1,真题,否,家族の中で最も上位の人に犬が従うようにしつける。,①教育（子供をしつける｜教育孩子）②训练（犬をしつける｜训练狗）,边缘词
文面,ぶんめん,名詞,文面,文面が / 文面に / 文面で,1,真题,否,書いている人間の気持ちは必ずといっていいほど文面に出る。,①信件内容（文面を考える｜考虑信件内容）②书信格式（文面が整っている｜信件格式整齐）,边缘词
真っ先,まっさき,名詞,最先,真っ先に / 真っ先が / 真っ先で,1,真题,否,そのような気持ちは封(注2)を開いた瞬間に、真っ先に相手に届いてしまう。,①最前面（真っ先に行く｜最前面去）②第一时间（真っ先に知らせる｜第一时间通知）,边缘词
代筆,だいひつ,名詞,代笔,代筆する / 代筆が / 代筆に,1,真题,否,(辻仁成 『代筆屋』による),①代为书写（代筆を頼む｜请求代写）②代写（代筆をする｜代为书写）,边缘词
体裁,ていさい,名詞,体面,体裁が / 体裁に / 体裁で,1,真题,否,いくと、体裁 (注4)は絵本でも、 ①絵本とは呼べないものが少なくないことがわかってきます。,①格式（体裁を整える｜整理格式）②外观（体裁が良い｜外观很好）,边缘词
ムード,むーど,名詞,气氛,ムードが / ムードに / ムードで,1,真题,否,絵で違っていることがいけないのはもちろんですが、 絵全体の調子やムードが、 物語のそれと合わない,①气氛（ムードがいい｜气氛很好）②情绪（ムードを感じる｜感受到情绪）,边缘词
飾り,かざり,名詞,装饰,飾りを / 飾りに / 飾りが,1,真题,否,(注3)装飾的な : 飾りのような,①装饰品（部屋の飾り｜房间的装饰）②装饰（髪の飾り｜头发的装饰）,边缘词
水中,すいちゅう,名詞,水中,水中で / 水中に / 水中が,1,真题,否,以上の結果から、実験者は、しわは水中などぬれた環境で物をつかみやすくするためにできるようにな,①水里（水中で泳ぐ｜水里游泳）②水下（魚は水中にいる｜鱼在水下）,边缘词
愛社,あいしゃ,名詞,爱社,愛社の / 愛社で / 愛社に,1,真题,否,本人の幸せと会社の業績 (注6)が一致すれば、愛社精神なんてものは自然に育つ。,①热爱公司（愛社精神が強い｜热爱公司精神强）,边缘词
繁盛,はんじょう,名詞,繁荣,繁盛する / 繁盛が / 繁盛に,1,真题,否,(高田神助 『ご飯を大盛りにするオバチャンの店は必ず繁盛する,①兴旺（店が繁盛している｜店铺兴旺）②繁荣（繁盛な時期｜繁荣的时期）,边缘词
体型,たいけい,名詞,体型,体型が / 体型に / 体型で,1,真题,否,自分の性格や年齢、体型、 つまり自分自身の個性に合った服、 それが 「似合う服」,①体型（彼の体型は良い｜他的体型很好）②身材（体型が変わった｜身材变了）,边缘词
うきうき,うきうき,副詞,兴奋,うきうきする / うきうきした気分 / うきうきで待つ,1,真题,否,スーツを着ると気持ちが引き締まったり (注)、明るい色の服を着ると心がうきうきしたりという経験,①兴奋（うきうきした気分｜兴奋的心情）②愉快（うきうきしている｜感到愉快）,边缘词
追求,ついきゅう,名詞,追求,追求する / 追求の対象 / 追求に努める,1,真题,否,なのか知るのは、それを追求する / それだけに一体どういうものが「幸福」,①追求（夢を追求する｜追求梦想）②追寻（真実を追求する｜追寻真相）,边缘词
様式,ようしき,名詞,样式,様式を選ぶ / 様式が異なる / 様式を採用する,1,真题,否,さらには生活様式さえ異なる人間のことだ。,①样式（伝統的な様式｜传统样式）②风格（様式が異なる｜风格不同）,边缘词
非凡,ひぼん,形状詞,非凡,非凡な才能 / 非凡な人 / 非凡な業績,1,真题,否,言葉はすこぶる (注6)平凡だが、この内容は非凡だと自負している (注7)。,①非凡（非凡な才能｜非凡的才能）②卓越（非凡な業績｜卓越的业绩）,边缘词
がめつい,がめつい,形容詞,贪婪,がめつい性格 / がめつい人 / がめつい態度,1,真题,否,(注5)「がめつい奴」 : けちで欲張りな人,①贪婪（がめつい性格｜贪婪的性格）②吝啬（がめつい人｜吝啬的人）,边缘词
けち,けち,名詞,吝啬,けちをする / けちだと思う / けちをつける,1,真题,否,(注5)「がめつい奴」 : けちで欲張りな人,①小气，吝啬（彼はけちだ。｜他很小气。）②节俭，省钱（けちに暮らす。｜节俭生活。）,边缘词
欲張り,よくばり,形状詞,贪心,欲張りな性格 / 欲張りである / 欲張りな人,1,真题,否,(注5)「がめつい奴」 : けちで欲張りな人,①贪心，贪婪（彼は欲張りだ。｜他很贪心。）②追求过多（欲張りな人。｜贪心的人。）,边缘词
在籍,ざいせき,名詞,在籍,在籍している / 在籍証明 / 在籍期間,1,真题,否,. 募集対象者 2017年4月に東京都及びその周辺の大学の学部に在籍する留学生。,①在校，注册（彼は大学に在籍している。｜他在大学注册。）,边缘词
修業,しゅぎょう,名詞,修业,修業を重ねる / 修業中 / 修業の成果,1,真题,否,.入居可能期間 学部の標準修業年限まで(最長入居期間は、1年生なら4年、2年生なら3年、,①学习，修行（彼は修業中です。｜他在学习中。）②专业训练（修業を続ける。｜继续专业训练。）,边缘词
年限,ねんげん,名詞,年限,年限がある / 年限を守る / 年限を延ばす,1,真题,否,.入居可能期間 学部の標準修業年限まで(最長入居期間は、1年生なら4年、2年生なら3年、,①期限，年限（契約の年限。｜合同的年限。）②时间限制（年限がある。｜有时间限制。）,边缘词
最長,さいちょう,名詞,最长,最長の期間 / 最長の記録 / 最長の距離,1,真题,否,.入居可能期間 学部の標準修業年限まで(最長入居期間は、1年生なら4年、2年生なら3年、,①最长，最久（最長の旅行。｜最长的旅行。）②最长时间（最長の記録。｜最长的记录。）,边缘词
画像,がぞう,名詞,图像,画像を加工する / 画像が鮮明 / 画像を表示する,1,真题,否,Eメールで提出の場合、②、③は画像データを添付してください。,①图像，图片（画像を見せてください。｜请给我看图片。）②影像，影像资料（画像を保存する。｜保存影像资料。）,边缘词
選考,せんこう,名詞,选拔,選考に参加する / 選考基準 / 選考結果,1,真题,否,本協会の基準に基づき選考を行い、2017年2月28日にEメールで通知します。,①选拔，筛选（選考が始まる。｜选拔开始了。）②评选，考核（選考基準。｜评选标准。）,边缘词
あっさり,あっさり,副詞,简单,あっさりした味 / あっさりとした説明 / あっさりとした返事,1,真题,否,味があっさりしすぎているところ,①简单，轻松（あっさり終わった。｜轻松结束了。）②清淡，爽口（あっさりした味。｜味道清淡。）,边缘词
容姿,ようし,名詞,容貌,容姿が美しい / 容姿を整える / 容姿に自信がある,1,真题,否,佐藤さんは容姿も性格もいい。,①外貌，容貌（彼女の容姿は美しい。｜她的外貌很美。）②形象，姿态（容姿が整っている。｜形象很整齐。）,边缘词
息抜き,いきぬき,名詞,放松,息抜きが必要 / 息抜きをする / 息抜きの時間,1,真题,否,少し息抜きしたほうがいいよ。,①放松（仕事の合間に息抜きする｜工作间隙放松一下。）②休息（少し息抜きが必要だ｜需要稍微休息一下。）,边缘词
結論,けつろん,名詞,结论,結論を出す / 結論に至る / 結論をまとめる,1,真题,否,予定の時間内に結論が出ず、 会議が1時間延長されることになった。,①结论（この問題の結論は難しい｜这个问题的结论很难。）②总结（結論を出すのが大事｜得出结论很重要。）,边缘词
金賞,きんしょう,名詞,金奖,金賞を受賞する / 金賞を狙う / 金賞の作品,1,真题,否,あの若さで金賞を受賞した伊藤さんは、本当に目上の人だと思う。,①金奖（彼は金賞を受賞した｜他获得了金奖。）②第一名（金賞を獲得した｜获得了第一名。）,边缘词
思いやり,おもいやり,名詞,体贴,思いやりを持つ / 思いやりのある行動 / 思いやりを示す,1,真题,否,相手への思いやりの気持ちを持つことだと思う。,①关心（彼女は思いやりがある｜她很关心别人。）②体贴（思いやりを持って接する｜要体贴地对待他人。）,边缘词
手洗い,てあらい,名詞,洗手,手洗いをする / 手洗いの重要性 / 手洗いを徹底する,1,真题,否,当時、日本国内の案内板は「お手洗い」 / などと日本語で書かれているものがほとんどだった。,①洗手（手洗いを忘れずに｜别忘了洗手。）②手工（手洗いの服が好き｜我喜欢手洗的衣服。）,边缘词
退社,たいしゃ,名詞,离职,退社する / 退社の理由 / 退社後の計画,1,真题,否,節電のため、室内温度は22度以下に設定するとともに、 使用していない場所の暖房を切ること、退社,①离职（彼は退社することにした｜他决定离职。）②下班（定時退社する｜按时下班。）,边缘词
忘れ,わすれる,名詞,忘记,忘れがち / 忘れないように / 忘れ物をする,1,真题,否,時の切り忘れをなくすことなどを徹底してください。,①遗忘（大事なことを忘れた｜我忘记了重要的事。）②忘记（忘れ物をした｜我忘了东西。）,边缘词
間近,まぢか,形状詞,临近,間近に迫る / 間近で見る / 間近の状況,1,真题,否,実は「やりたいことをやる」 / ためには、シンプルに間近の目標を達成していくだけで十分だと思い,①临近（試験が間近だ｜考试临近了。）②即将（春が間近に迫っている｜春天即将来临。）,边缘词
愛飲,あいいん,名詞,爱饮,愛飲する / 愛飲している / 愛飲の習慣,1,真题,否,いつも「野田コーヒー」 / をご愛飲くださいまして、ありがとうございます。,①喜爱饮用（彼はコーヒーを愛飲している｜他喜欢喝咖啡。）②常喝（愛飲する飲み物｜常喝的饮料。）,边缘词
探究,たんきゅう,名詞,研究,探究心を持つ / 探究する / 探究の結果,1,真题,否,による) / (大久保孝治 『日常生活の探究―ライフスタイルの社会学」,①探究（科学を探究する｜探究科学。）②研究（真実を探究する｜探究真相。）,边缘词
外観,がいかん,名詞,外表,外観が美しい / 外観を整える / 外観にこだわる,1,真题,否,また、日本では「個性」 / という言葉が主に人の外観に関して使われることにも、 私は違和感(注1),①外表，外观（彼の外観はとても印象的だ。｜他的外观很有印象。）②外形，外貌（建物の外観が美しい。｜建筑外观很美。）,边缘词
奇,き,名詞,奇特,奇な出来事 / 奇をてらう / 奇な形状,1,真题,否,であることが多いでしょう。 / うな奇(き)抜(ばつ)(注2)なスタイル」,①奇怪，奇异（彼の行動は奇だ。｜他的行为很奇怪。）②奇特，特别（この作品は奇な魅力がある。｜这个作品有特别的魅力。）,边缘词
生まれ持つ,うまれもつ,動詞,与生俱来,生まれ持つ才能 / 生まれ持つ性格 / 生まれ持つ特性,1,真题,否,あなたが生まれ持った個性は、明らかにあなただけのものです。,①与生俱来，天生（彼は生まれ持つ才能がある。｜他有天生的才能。）,边缘词
キョロキョロ,きょろきょろ,副詞,四处张望,キョロキョロ見る / キョロキョロしている / キョロキョロと探す,1,真题,否,とキョロキョロすることは不必要だし、,①四处张望，东张西望（彼はキョロキョロしている。｜他在东张西望。）,边缘词
ドキドキ,どきどき,副詞,心跳,ドキドキする / ドキドキした瞬間 / ドキドキが止まらない,1,真题,否,と感じ、心から求めてい / あなた自身が「楽しい、面白い、不思議だ、ワクワクする、ドキドキする」,①心跳，紧张（ドキドキしている。｜我很紧张。）,边缘词
奇抜,きばつ,名詞,独特,奇抜なアイデア / 奇抜なデザイン / 奇抜な発想,1,真题,否,(注2) 奇抜な : 珍しくて目立っている,①独特，奇特（彼の服装は奇抜だ。｜他的穿着很独特。）②新颖，别致（そのアイデアは奇抜だ。｜这个主意很新颖。）,边缘词
両者,りょうしゃ,名詞,两者,両者の意見 / 両者が対立する / 両者の関係,1,真题,否,の人の場合もありますが、 少なくとも両者は、そこがどんな場所で、どんな状況であるかについて、,①两者，双方（両者の意見を聞く。｜听取双方的意见。）,边缘词
覚え書き,おぼえがき,名詞,备忘录,覚え書きをする / 覚え書きを残す / 覚え書きがある,1,真题,否,自分しか読まないはずの覚え書きでも、時間がたつと書かれた状況がわからなくなりますから、「あと,①备忘录，笔记（覚え書きを取る。｜做备忘录。）,边缘词
読み返す,よみかえす,動詞,重读,読み返すこと / 読み返す時間 / 読み返す必要,1,真题,否,で読み返すかもしれない自分」 / への最低限の配慮 (注3)はしておかなくてはなりません。,①重读，复读（本を読み返す。｜重读书籍。）,边缘词
使い分ける,つかいわける,動詞,区分使用,使い分けること / 使い分ける技術 / 使い分ける場面,1,真题,否,話し手が聞き手との親しさによって表現を使い分けるところ,①区分使用，灵活运用（言葉を使い分ける。｜灵活运用语言。）,边缘词
送客,そうきゃく,名詞,接待客人,送客する / 送客の準備 / 送客の方法,1,真题,否,を大量に効率良く (注4)送客すればよかった。,①送客（お客様をお見送りする｜送客人。）,边缘词
リゾート,りぞーと,名詞,度假,リゾート地 / リゾートで過ごす / リゾートを楽しむ,1,真题,否,北海道や沖縄、 グアムやハワイ、アジアのリゾート地 ･･････,①度假胜地（リゾート地で楽しむ｜在度假胜地玩。）,边缘词
税金,ぜいきん,名詞,税务,税金を払う / 税金が高い / 税金の申告,1,真题,否,税金で運営されている公立図書館の存在意義は、学問的に価値のある本やに手に入りにくい本など、,①税收（税金を払う｜缴纳税金。）,边缘词
学問,がくもん,名詞,学问,学問を深める / 学問に励む / 学問の世界,1,真题,否,税金で運営されている公立図書館の存在意義は、学問的に価値のある本やに手に入りにくい本など、,①学问（学問を深める｜深入学问。）,边缘词
デザイナー,でざいなー,名詞,设计师,デザイナーとして働く / デザイナーの仕事 / デザイナーを目指す,1,真题,否,以下は、あるデザイナーの書いた文章である。,①设计师（ファッションデザイナー｜时尚设计师。）,边缘词
刻み込む,きざみこむ,動詞,铭刻,刻み込むこと / 刻み込む技術 / 刻み込む意味,1,真题,否,そのときその場に誰がいたかも、何を食べたかも、思い出の中に鮮明に刻み込まれています。,①铭刻（心に刻み込む｜铭刻在心。）,边缘词
遡る,さかのぼる,動詞,追溯,遡ることができる / 遡る歴史 / 遡る時間,1,真题,否,ろなシーンが思い出されて、それを遡って切り取りにいくわけです。,①追溯（歴史を遡る｜追溯历史。）,边缘词
切り取り,きりとり,名詞,剪切,切り取り線 / 切り取りを行う / 切り取りが簡単,1,真题,否,ろなシーンが思い出されて、それを遡って切り取りにいくわけです。,①剪切（写真を切り取る｜剪切照片。）,边缘词
見渡せる,みわたせる,動詞,可俯瞰,見渡せる景色 / 見渡せる場所 / 見渡せる範囲,1,真题,否,レストラン「ベルン」 / では、海が見渡せる窓際の特別席をご用意しております。,①可以俯瞰（景色が見渡せる｜可以俯瞰风景。）,边缘词
デザート,でざーと,名詞,甜点,デザートを食べる / デザートが美味しい / デザートの種類,1,真题,否,「ベルン」 / のデザートビュッフェ,①甜点（デザートを食べる｜吃甜点。）,边缘词
アウトドア,あうとどあ,名詞,户外,アウトドア活動 / アウトドアを楽しむ / アウトドア用品,1,真题,否,アウトドア用品の店で道具を買う,①户外活动（アウトドアが好きです｜我喜欢户外活动。）②户外的（アウトドア用品｜户外用品。）,边缘词
落ち着き,おちつき,名詞,冷静,落ち着きがある / 落ち着きのある態度 / 落ち着きが必要,1,真题,否,きんちょうして落ち着きがなかったこと,①冷静沉着（彼は落ち着きがある｜他很冷静。）②安定宁静（落ち着きが必要｜需要保持安定。）,边缘词
密閉,みっぺい,名詞,密封,密閉状態 / 密閉する / 密閉容器,1,真题,否,空気が入らないようにきちんと密閉してください。,①密封（密閉された容器｜密封的容器。）②封闭（密閉空間｜封闭空间。）,边缘词
すくう,すくう,動詞,舀取,すくうことができる / すくう道具 / すくう動作,1,真题,否,私たちの団体は、傷ついた動物をすくう活動をしています,①舀取（スプーンですくう｜用勺子舀取。）②捞起（網ですくう｜用网捞起。）,边缘词
湿度,しつど,名詞,湿度,湿度が高い / 湿度を測る / 湿度管理,1,真题,否,美術館の中は、かびが発生して絵が傷まないように、温度や湿度を節約しています。,①湿气（湿度が高い｜湿度很高。）②空气湿度（湿度計｜湿度计。）,边缘词
急ぎ,いそぎ,名詞,急忙,急ぎの用事 / 急ぎで行く / 急ぎの仕事,1,真题,否,急ぎの仕事が入ったので、三人で分解して進めることにした。,①急迫（急ぎの用事｜急迫的事情。）②匆忙（急ぎ足で行く｜匆忙地走。）,边缘词
ジャム,じゃむ,名詞,果酱,ジャムを作る / ジャムが好き / ジャムの種類,1,真题,否,健康のために、砂糖を略したジャムを使っています。,①果酱（イチゴジャム｜草莓果酱。）②果酱类食品（パンにジャム｜面包上涂果酱。）,边缘词
日当たり,ひあたり,名詞,日照,日当たりが良い / 日当たりの悪い / 日当たりを考える,1,真题,否,私のうちは、周りを高層マンションに覆われていて、日当たりが悪い。,①阳光照射（この部屋は日当たりが良い｜这个房间阳光很好。）②日照条件（日当たりが悪い｜日照条件不好。）,边缘词
並木,なみき,名詞,林荫道,並木道を歩く / 並木が美しい / 並木の下で休む,1,真题,否,公園に続く並木道はすっかり落ち葉で覆われていた。,①树木成行（並木道を歩く｜走在林荫道上。）②林荫道（並木が続く｜林荫道延续。）,边缘词
ベランダ,べらんだ,名詞,阳台,ベランダで過ごす / ベランダの花 / ベランダを掃除する,1,真题,否,妹「ねえ、 ベランダに干しておいた私のTシャツがないんだけど、知らない?,①阳台（ベランダでくつろぐ｜在阳台上放松。）②露台（ベランダに出る｜走到露台上。）,边缘词
干す,ほす,動詞,晾干,干すことが大切 / 干す時間 / 干す場所,1,真题,否,妹「ねえ、 ベランダに干しておいた私のTシャツがないんだけど、知らない?,①晾干（洗濯物を干す｜晾干衣物。）②使尽（資源を干す｜耗尽资源。）,边缘词
対等,たいとう,形状詞,平等,対等な関係 / 対等に扱う / 対等の立場,1,真题,否,ように走れなくても対等に競うことができる。,①平等（対等な立場｜平等的立场。）②相等（対等の関係｜平等的关系。）,边缘词
活気,かっき,名詞,活力,活気がある / 活気を取り戻す / 活気に満ちた,1,真题,否,心に活気を生み、記録という目標は生活の中で感じる不安やストレスを少なくするそうだ。,①生气（街に活気がある｜街上很有生气。）②活跃（活気に満ちた｜充满活力。）,边缘词
昔話,むかしばなし,名詞,民间故事,昔話を聞く / 昔話が好き / 昔話の内容,1,真题,否,昔話というのは、最初はほんの少数の人が聞き、そのなかの一人か二人がおぼえて、次の世代の人,①民间故事（昔話を聞く｜听民间故事。）②童年回忆（昔話を語る｜讲童年回忆。）,边缘词
説教,せっきょう,名詞,说教,説教を受ける / 説教する / 説教の内容,1,真题,否,でも、教訓(注)やお説教をつけ加え、つまらなくしてしまう場合,①讲道（説教をする｜进行讲道。）②训诫（説教を受ける｜接受训诫。）,边缘词
教え,おしえ,名詞,教导,教えを受ける / 教えを与える / 教えを守る,1,真题,否,(注)教訓:道徳的な教え,①教导（教えを受ける｜接受教导。）②信仰（教えを信じる｜相信教义）,边缘词
陥る,おちいる,動詞,陷入,陥る危険 / 陥る状況 / 陥る罠,1,真题,否,三村株式会社より、「はさみ SB-A」 / に欠 (けっ)陥(かん)が発見されたため全製品を回収し、交換を行,①陷入（危険に陥る｜陷入危险）②堕落（悪に陥る｜堕入恶行）,边缘词
方面,ほうめん,名詞,方向,方面に向かう / 方面を考える / 方面が異なる,1,真题,否,つまり笑顔になると、入ってくる情報がプラスの方面に偏(かたよ)るのだ。,①方向（北方面に行く｜往北走）②领域（研究の方面｜研究领域）,边缘词
偏,へん,名詞,偏向,偏に進む / 偏が強い / 偏を持つ,1,真题,否,つまり笑顔になると、入ってくる情報がプラスの方面に偏(かたよ)るのだ。,①偏向（偏った意見｜偏见意见）②偏见（偏見を持つ｜有偏见）,边缘词
担う,になう,動詞,承担,担う責任 / 担う役割 / 担う役目,1,真题,否,私たちは働くとき、何らかの社会的役割を担って(注1)いて、その役割に応じた結果が求められます。,①承担（責任を担う｜承担责任）②负担（役割を担う｜负担角色）,边缘词
法的,ほうてき,形状詞,法律的,法的な問題 / 法的な手続き / 法的な措置,1,真题,否,すべての法律を小さいころから学習していくことは不可能なことですが、法的な考え方(リーガルマ,①法律上的（例：法的手続き｜法律程序）②法定的（例：法的責任｜法定责任）,边缘词
洗い出す,あらいだす,動詞,清洗,洗い出す作業 / 洗い出す必要 / 洗い出す方法,1,真题,否,クラスのみんなで、クラスの問題点を洗い出し、 どうすれば解決できる,①清洗出来（例：問題を洗い出す｜找出问题）②筛选出（例：データを洗い出す｜筛选数据）,边缘词
再発,さいはつ,名詞,再发生,再発の可能性 / 再発を防ぐ / 再発を確認する,1,真题,否,そして、それを解決するため、 また、 再発させないためにはどのようなルールが必要か、という,①再次发生（例：再発防止｜防止再发）②复发（例：病気の再発｜疾病复发）,边缘词
時事,じじ,名詞,时事,時事問題 / 時事ニュース / 時事に関する,1,真题,否,また、新聞を多用し、 時事的なニュースを使った法教育も効果があります。,①时事新闻（例：時事問題｜时事问题）②时事话题（例：時事に関心｜关注时事）,边缘词
事例,じれい,名詞,案例,事例を挙げる / 事例を分析する / 事例が多い,1,真题,否,問題となっている事例は、 その点、すぐれた / 理解のスピードに大きな差を生みますが、具体的な 「今」,①实例（例：具体的な事例｜具体实例）②案例（例：事例研究｜案例研究）,边缘词
易しい,やさしい,形容詞,简单,易しい問題 / 易しい言葉 / 易しい説明,1,真题,否,身近な法律を取り上げて、易しい言葉で教えること,①简单的（例：易しい問題｜简单问题）②容易的（例：易しい言葉｜简单词汇）,边缘词
脱出,だっしゅつ,名詞,逃脱,脱出する方法 / 脱出のチャンス / 脱出を試みる,1,真题,否,外の世界に触れずにいると、人はそれまで与えられてきたひとつの価値観を持ち、そこから脱出しよ,①逃脱（例：脱出する｜逃脱）②逃离（例：脱出劇｜逃离剧）,边缘词
ぐらつく,ぐらつく,動詞,摇晃,ぐらつく足 / ぐらつく心 / ぐらつく状態,1,真题,否,確かに、初めのうち、 新たに本を読むたびに新しい価値観に触れ、自分の価値観がぐらついてくるこ,①摇晃（例：椅子がぐらつく｜椅子摇晃）②不稳定（例：心がぐらつく｜心情不稳）,边缘词
最強,さいきょう,名詞,最强,最強の武器 / 最強のチーム / 最強の選手,1,真题,否,(樋口裕一 『「教養」 / を最強の武器にする読書術』 による),①最强的（例：最強の武器｜最强武器）②无敌的（例：最強のチーム｜无敌团队）,边缘词
疑い,うたがい,名詞,怀疑,疑いを持つ / 疑いが晴れる / 疑いをかける,1,真题,否,(注1)絶対視する: ここでは、疑いのないものとして考える,①怀疑（例：疑いを持つ｜有怀疑）②疑虑（例：疑いが晴れる｜疑虑消除）,边缘词
無口,むくち,名詞,沉默,無口な人 / 無口である / 無口を貫く,1,真题,否,自分は無口だと思っているの,①沉默寡言（彼は無口な人です｜他很沉默）②不善言辞（無口な性格｜不善言辞）,边缘词
暗,あん,名詞,黑暗,暗がりにいる / 暗を感じる / 暗に包まれる,1,真题,否,暗(くら) 闇 (やみ) の中を歩くのが不安で仕 (L) 様(よう)がないのだ。,①黑暗（部屋が暗い｜房间很暗）②阴暗（暗い気持ち｜心情阴暗）,边缘词
くら,くら,名詞,暗,くらに隠れる / くらが好き / くらを探す,1,真题,否,暗(くら) 闇 (やみ) の中を歩くのが不安で仕 (L) 様(よう)がないのだ。,①黑暗（くらい場所｜黑暗地方）②阴沉（くらい表情｜阴沉表情）,边缘词
記す,しるす,動詞,记录,記すことが大切 / 記すために / 記す方法,1,真题,否,そして自分の地図には、人生の設計図としてわがままな道(どう)程(てい) (注3)が記されている。,①记录（名前を記す｜记录名字）②写下（メモを記す｜写下备忘）,边缘词
昇,のぼる,名詞,上升,昇が早い / 昇を目指す / 昇が続く,1,真题,否,とか部長に昇(しょう)進 (しん) (注4)する。,①上升（地位が昇る｜地位上升）②升高（気温が昇る｜气温升高）,边缘词
描,描,名詞,描绘,描を描く / 描が美しい / 描を楽しむ,1,真题,否,人生の地図に描(えが)かれた道を、 その通りに歩むことができるなら、 そんなに楽なことはない。,①描绘（絵を描く｜画画）②描写（情景を描く｜描写情景）,边缘词
辿,辿,名詞,追寻,辿る道 / 辿る過程 / 辿る歴史,1,真题,否,しかし、その目標へ辿 (たどり着く道は決して一本ではない。,①追溯（道を辿る｜追溯道路）②沿着（川を辿る｜沿着河流）,边缘词
道程,どうてい,名詞,路程,道程を進む / 道程が長い / 道程を確認する,1,真题,否,(注3)道程: ここでは、 道,①旅程（長い道程｜漫长旅程）②过程（道程を進む｜继续过程）,边缘词
昇進,しょうしん,名詞,晋升,昇進するチャンス / 昇進を目指す / 昇進が決まる,1,真题,否,(注4) 昇進する : 出世する,①晋升（昇進する｜晋升）②提升（昇進のチャンス｜提升机会）,边缘词
縛,いましめ,名詞,绑,縛を解く / 縛が強い / 縛を受ける,1,真题,否,(注6) とらわれる: 縛 (しば)られる,①绑住（手を縛る｜绑住手）②束缚（自由を縛る｜束缚自由）,边缘词
行き先,いきさき,名詞,目的地,行き先を決める / 行き先が不明 / 行き先を確認する,1,真题,否,人生は行き先を決めれば、道に迷わずに自身の力で歩んでいける。,①目的地（どこに行くの？｜你要去哪里？）②行き先（行き先はどこですか？｜目的地在哪里？）,边缘词
商学,しょうがく,名詞,商学,商学を学ぶ / 商学の知識 / 商学に興味がある,1,真题,否,影山大学 経済学部・商学部,①商业学科（商学を学んでいます｜学习商业）,边缘词
一覧,いちらん,名詞,列表,一覧を作成する / 一覧に載せる / 一覧が便利,1,真题,否,公開講座一覧(講座の詳しい内容は、裏側をご覧下さい),①清单（一覧を作成しました｜制作清单）②一览表（一覧で確認できます｜可以一览）,边缘词
統計,とうけい,名詞,统计,統計を取る / 統計が示す / 統計に基づく,1,真题,否,経済統計データの分析 「全2回」,①统计数据（統計を取る必要があります｜需要统计）②统计学（統計を学んでいます｜学习统计）,边缘词
切手,きって,名詞,邮票,切手を貼る / 切手を集める / 切手が必要,1,真题,否,封筒には82円分の切手をはり、住所と,①邮票（切手を貼ってください｜请贴邮票）②邮资（切手が必要です｜需要邮资）,边缘词
パスワード,ぱすわーど,名詞,密码,パスワードを設定する / パスワードを忘れる / パスワードが必要,1,真题,否,パスワードをさいせっていする,①密码（パスワードを入力してください｜请输入密码）,边缘词
ていする,ていする,動詞,保持,ていすることが重要 / ていする姿勢 / ていする方法,1,真题,否,パスワードをさいせっていする,①表示（彼は学生であるとていする｜他自称学生）②假装（彼女は医者とていしている｜她假装医生）,边缘词
売り出す,うりだす,動詞,出售,売り出す商品 / 売り出す予定 / 売り出す価格,1,真题,否,新しいきせつのケーキを売り出す,①出售（新商品を売り出します｜出售新商品）②发售（映画を売り出す予定です｜计划发售电影）,边缘词
計,けい,接頭辞,计划,計画を立てる / 計画が進む / 計画を実行する,1,真题,否,アンケートの回答時間を計(はか) る,①计划（計画を立てる｜制定计划）②计算（計算が必要です｜需要计算）,边缘词
やす,やす,名詞,便宜,やすな価格 / やすで買う / やすを求める,1,真题,否,アンケートの回答者の数 (かず) を増 (ふ)やす,①便宜（この店はやすいです｜这家店便宜）②容易（やすくできる｜可以很容易）,边缘词
ついで,ついで,名詞,顺便,ついでに行く / ついでに買う / ついでに話す,1,真题,否,子どものおべんとうを作るついでだから,①顺便（ついでに買い物をする｜顺便购物）②机会（ついでがあれば教えて｜有机会告诉我）,边缘词
やくする,やくする,動詞,翻译,やくすることが多い / やくする必要 / やくする時間,1,真题,否,食(しょく)費(ひ)をせつやくしたいから,①翻译（文章をやくする｜翻译文章）②担任（役をやく｜担任角色）,边缘词
ごする,ごする,動詞,混合,ごすることが大切 / ごする方法 / ごする場面,1,真题,否,高齢者をかいごする人が不足している問題,①做（仕事をする｜做工作）②进行（勉強ごする｜进行学习）,边缘词
小児,しょうに,名詞,儿童,小児科に行く / 小児が好き / 小児の健康,1,真题,否,小児科の医師が不足している問題,①儿童（小児科に行く｜去小儿科）,边缘词
医師,いし,名詞,医生,医師に相談する / 医師が必要 / 医師の指示,1,真题,否,小児科の医師が不足している問題,①医生（医師に診てもらう｜看医生）,边缘词
強火,つよび,名詞,大火,強火で煮る / 強火が必要 / 強火で調理する,1,真题,否,表面を強火で焼いてください。,①大火（強火で煮る｜用大火煮）②猛烈（強火で焼く｜用大火烤）,边缘词
求人,きゅうじん,名詞,招聘,求人を出す / 求人が多い / 求人に応募する,1,真题,否,アルバイトの求人があったので、 応募した。,①招聘（求人情報を探す｜找招聘信息）②求职（求人を出す｜发布求职）,边缘词
あらい,あらい,形容詞,粗糙,あらい手触り / あらい表面 / あらい仕上げ,1,真题,否,全力で走ったので、 息があらくなった。,①粗糙（あらい手触り｜手感粗糙）②粗暴（あらい言葉｜粗暴的语言）,边缘词
むかつく,むかつく,動詞,恶心,むかつく気持ち / むかつくことがある / むかつく瞬間,1,真题,否,あんなことを言われたら、誰だってむかつくよ。,①生气（彼の態度にむかつく｜对他的态度生气）②恶心（匂いがむかつく｜气味让人恶心）,边缘词
枝,えだ,名詞,树枝,枝を切る / 枝が折れる / 枝を集める,1,真题,否,強い風が吹いたせいで、庭の木の枝が何本も破れてしまった。,①树枝（木の枝が折れる｜树枝折了）②分支（枝が分かれる｜分支开了）,边缘词
座席,ざせき,名詞,座位,座席を確保する / 座席が空いている / 座席に座る,1,真题,否,乗車したら、 切符にある座席番号を確認して、限定された席に座ってください。,①座位（例：ここに座席があります｜这里有座位）②座席安排（例：座席を決めましょう｜我们来决定座位吧）,边缘词
高め,たかめ,形状詞,提高,高めの価格 / 高めの評価 / 高めの目標,1,真题,否,今日は少し寒くなったので、 エアコンの温度を高めに限定した。,①偏高（例：この服は高めです｜这件衣服偏贵）②提高（例：声を高めて｜提高声音）,边缘词
かわいらしい,かわいらしい,形容詞,可爱,かわいらしい姿 / かわいらしい声 / かわいらしい動き,1,真题,否,公園で小さな子どもたちがいっせいに遊んでいる様子は、とてもかわいらしい。,①可爱（例：彼女はかわいらしいです｜她很可爱）②讨人喜欢（例：その犬はかわいらしい｜那只狗很讨人喜欢）,边缘词
別室,べっしつ,名詞,单独房间,別室に移動する / 別室で待つ / 別室がある,1,真题,否,全員の面接が終わったので、試験官は論争のため別室に移った。,①另一个房间（例：別室で待ってください｜请在另一个房间等）②分开的房间（例：別室に移動します｜我们要移到分开的房间）,边缘词
決着,けっちゃく,名詞,解决,決着をつける / 決着がつく / 決着を確認する,1,真题,否,二人はその問題について論争を繰返しているが、いまだに決着がつかない。,①解决（例：問題が決着しました｜问题解决了）②结果（例：試合の決着がついた｜比赛的结果出来了）,边缘词
法学,ほうがく,名詞,法学,法学を学ぶ / 法学の知識 / 法学に興味がある,1,真题,否,(大学のホームページで) ABC 大学の法学部には、六つのゼミがあります。,①法律学（例：彼は法学を学んでいます｜他在学法律）,边缘词
セミ,せみ,名詞,蝉,セミが鳴く / セミの声 / セミの季節,1,真题,否,(大学のホームページで) ABC 大学の法学部には、六つのゼミがあります。,①蝉（例：セミが鳴いています｜蝉在鸣叫）②夏季昆虫（例：セミの声が聞こえる｜能听到蝉的声音）,边缘词
囲碁,いご,名詞,围棋,囲碁を打つ / 囲碁が好き / 囲碁のルール,1,真题,否,囲碁・将棋クラブに入って半年。,①围棋（例：囲碁を楽しんでいます｜我在享受围棋）,边缘词
親戚,しんせき,名詞,亲戚,親戚が集まる / 親戚に会う / 親戚の関係,1,真题,否,春子「親戚がたくさん送ってきてくれたんだけど、 一人じゃ食べ切れなくて。,①亲戚（例：親戚が集まります｜亲戚们聚在一起）②家族关系（例：親戚と会う｜和亲戚见面）,边缘词
レシピ,れしぴ,名詞,食谱,レシピを参考にする / レシピを作る / レシピが必要,1,真题,否,妻「ねえ、このスープ、レシピ通りに作ったんだけど、 どう?,①食谱（例：このレシピは簡単です｜这个食谱很简单）②烹饪方法（例：レシピを見て作ります｜我会看食谱做）,边缘词
空洞,くうどう,名詞,空洞,空洞がある / 空洞を探す / 空洞を埋める,1,真题,否,ンネルのような空洞の状態になっているため、軽いのです。,①空心，空的（例：空洞の音｜空心的声音）②空缺，缺乏（例：空洞の部分｜缺少的部分）,边缘词
ゆとり,ゆとり,名詞,余裕,ゆとりを持つ / ゆとりがある / ゆとりを感じる,1,真题,否,これらを計画的に組み立てれば、無駄も省け、時間的にも気持ちのうえでも 「ゆとり」 (注6)が生ま,①宽裕，余裕（例：時間にゆとり｜时间很宽裕）②富裕，富足（例：ゆとりのある生活｜生活富裕）,边缘词
好悪,こうお,名詞,好恶,好悪が分かれる / 好悪を問う / 好悪を持つ,1,真题,否,いい人だ」 / と判断を変えてしまうのだから、人間の好悪の感情なんて実にいい加減なものだ。,①喜好与厌恶（例：好悪が分かれる｜喜好各异）②善恶，优劣（例：好悪の判断｜善恶的判断）,边缘词
写生,しゃせい,名詞,写生,写生をする / 写生が得意 / 写生の技術,1,真题,否,小学校の写生大会で、画用紙に鉛筆で下書きをし、水性絵の具で色をぬった後、下書きを消しゴムで,①写生，素描（例：写生をする｜进行写生）,边缘词
画用,がよう,名詞,画用,画用紙を使う / 画用を準備する / 画用が必要,1,真题,否,小学校の写生大会で、画用紙に鉛筆で下書きをし、水性絵の具で色をぬった後、下書きを消しゴムで,①绘画用，画材（例：画用の紙｜绘画用的纸）,边缘词
仕上,しあげ,名詞,完成,仕上がりを確認する / 仕上げに入る / 仕上げを行う,1,真题,否,不思議だと思うと同時に、 絵が思ったように仕上,①完成，结束（例：仕上がった作品｜完成的作品）②整理，收尾（例：仕上げ作業｜整理收尾工作）,边缘词
こする,こする,動詞,擦,手をこする / 体をこする / 目をこする,1,真题,否,って、表面にくっついているだけの黒鉛は、 消しゴムでこすることで、紙から引き離すことができる。,①擦，摩擦（例：手をこする｜擦手）②擦拭，清洁（例：窓をこする｜擦窗户）,边缘词
取り除ける,とりのぞける,動詞,去除,不純物を取り除ける / 障害を取り除ける / 余分を取り除ける,1,真题,否,黒鉛が細かくくだかれていて取り除けないから,①去除，移除（例：障害を取り除ける｜去除障碍）②清除，消除（例：汚れを取り除ける｜清除污垢）,边缘词
プレー,ぷれー,名詞,游戏,プレーを楽しむ / プレーに参加する / プレーをする,1,真题,否,とか 「今日の試合は負けてしまったけど、 いいプレーをしていたね。,①游戏，比赛（例：サッカーのプレー｜足球比赛）②表演，演出（例：素晴らしいプレー｜精彩的表演）,边缘词
苦,く,名詞,痛苦,苦しみを感じる / 苦しみを乗り越える / 苦を味わう,1,真题,否,すべての欲求が何の苦もなく満たされる。,①痛苦，苦恼（例：苦しみを感じる｜感到痛苦）②艰难，困难（例：苦しい状況｜艰难的情况）,边缘词
皆無,かいむ,名詞,完全没有,希望が皆無だ / 可能性が皆無だ / 影響が皆無だ,1,真题,否,と思うことなど、 皆無。,①没有，毫无（例：希望が皆無だ。｜毫无希望）,边缘词
屈し,くっし,名詞,屈服,屈しない心 / 屈しない意志 / 屈しない姿勢,1,真题,否,屈し、耐えられなくなるでしょう。,①屈服，屈从（例：彼は屈しなかった。｜他没有屈服）,边缘词
とく,とく,名詞,特别,特に重要な / 特に好きな / 特に面白い,1,真题,否,は、何かからただ受動的に(注4)得られる面白さ・よろこびとは異なり、自分の力で獲(かく)得(とく),①解开，解除（例：結び目をとく。｜解开结）②特别，特别地（例：とくに好きです。｜特别喜欢）,边缘词
効力,こうりょく,名詞,效力,効力がある / 効力を発揮する / 効力を持つ,1,真题,否,きる力があるんだ」 / という感覚—— 「自己効力感」,①效力，效果（例：薬の効力。｜药的效果）,边缘词
飽,飽,名詞,满足,満足を得る / 満足する / 満足感を感じる,1,真题,否,短期間であっても、生活に飽(あ) きてしまうだろう。,①满足，饱和（例：飽きるほど食べた。｜吃得很饱）,边缘词
耐,たい,接頭辞,耐受,耐えられる / 耐え難い / 耐え抜く,1,真题,否,長く続くと、退屈 (たいくつ)な生活に耐(た)えられなくなるだろう。,①耐受，忍耐（例：耐えられない。｜无法忍受）,边缘词
月曜,げつよう,名詞,星期一,月曜日に会う / 月曜日に始まる / 月曜日の予定,1,真题,否,研修の実施日を月曜から土曜の間で決めなければならない。,①星期一（例：月曜に会いましょう。｜星期一见）,边缘词
少,すくない,接頭辞,少量,少ない人数 / 少ない時間 / 少ない資源,1,真题,否,受講対象人数 少人数から100名まで対応しています。,①少，少量（例：少しだけ食べる。｜只吃一点）,边缘词
サンプル,さんぷる,名詞,样本,サンプルを取る / サンプルを分析する / サンプルを提供する,1,真题,否,新商品のサンプルを用意する,①样本，样品（例：サンプルを見せてください。｜请给我看样本）,边缘词
交番,こうばん,名詞,警察站,交番で相談する / 交番に行く / 交番を訪れる,1,真题,否,ひろった人が交番にとどけてくれた,①警察亭，交警所（例：交番で聞いてみて。｜在交警所问问）,边缘词
貸出,かしだし,名詞,借出,貸出を受ける / 貸出を申し込む / 貸出を返す,1,真题,否,貸出期間内でのえんちょうが2回目だから,①借出（本を貸出します｜借出书籍）②出租（車を貸出します｜出租汽车）,边缘词
あわれ,あーわれ,名詞,可怜,あわれな姿 / あわれを感じる / あわれを思う,1,真题,否,[24] その作家はあわれな人生を送った。,①可怜（あわれな姿｜可怜的样子）②悲哀（あわれな物語｜悲哀的故事）,边缘词
面会,めんかい,名詞,会面,面会を申し込む / 面会をする / 面会の時間,1,真题,否,. やむをえない理由により、 A 社との面会を解約した。,①会面（面会の約束｜面会的约定）②会见（面会をする｜进行会见）,边缘词
決意,けつい,名詞,决心,決意を固める / 決意を表明する / 決意を持つ,1,真题,否,. 首相は昨日の国会での演説で、 経済対策を最優先するとの決意を述べた。,①决心（決意を固める｜下定决心）,边缘词
デート,でーと,名詞,约会,デートを楽しむ / デートに行く / デートの約束,1,真题,否,.鈴木さんは石川さんからのデートの誘いをきっぱり断った。,①约会（デートを楽しむ｜享受约会）,边缘词
創立,そうりつ,名詞,创立,創立を祝う / 創立を記念する / 創立の式典,1,真题,否,「本日は弊社創立 50 周年記念パーティーにお越しくださりありがとうございます。,①创立（会社を創立する｜创立公司）,边缘词
慌,慌,名詞,慌张,慌てて行動する / 慌てることがない / 慌てた様子,1,真题,否,朝、慌あわてて準備すると絶対忘れ物するから。,①慌张（慌てて行く｜慌忙去）②惊慌（慌てるな｜别慌张）,边缘词
雨水,あまみず,名詞,雨水,雨水を集める / 雨水が降る / 雨水を利用する,1,真题,否,例えば、 高速道路や大きな道路の多くで雨水が道路上にたまりにくい設計になって,①雨水（雨水が降る｜下雨了）,边缘词
多発,たはつ,名詞,频发,事故が多発する / 事件が多発する / 問題が多発する,1,真题,否,、寒い地域では雪や氷が原因でスリップ事故が多発する。,①频发（事故が多発する｜事故频发）,边缘词
埋め込む,うめこむ,動詞,嵌入,データを埋め込む / 情報を埋め込む / プログラムを埋め込む,1,真题,否,に埋め込み、 車の重さで道路をわずかに変形させて雪や氷を砕く。,①嵌入（データを埋め込む｜嵌入数据）②埋藏（秘密を埋め込む｜埋藏秘密）,边缘词
密着,みっちゃく,名詞,紧密,密着している / 密着した関係 / 密着すること,1,真题,否,そういう舗装にすれば、道路に雪や氷が密着するのを防ぐことができ、 スリップの危険,①紧密接触（例：体が密着している｜身体紧密接触）②紧密结合（例：心が密着している｜心灵紧密结合）,边缘词
隅々,すみずみ,名詞,每个角落,隅々まで掃除する / 隅々まで確認する / 隅々まで見る,1,真题,否,するとビックリするほど場の隅々まで見通せるのだが、聞き手からの反応は鈍くなる。,①每个角落（例：隅々まで掃除する｜每个角落都打扫）②细致周到（例：隅々まで気を配る｜细致周到）,边缘词
見通せる,みとおせる,動詞,可见,未来が見通せる / 状況が見通せる / 先が見通せる,1,真题,否,するとビックリするほど場の隅々まで見通せるのだが、聞き手からの反応は鈍くなる。,①能看清（例：先が見通せる｜能看清未来）②能预见（例：未来が見通せる｜能预见未来）,边缘词
目線,めせん,名詞,视线,目線を合わせる / 目線を外す / 目線を送る,1,真题,否,目線で話しかけると、活発な意見交換が期待できる。,①视线（例：目線を合わせる｜调整视线）②观察角度（例：子供の目線｜孩子的观察角度）,边缘词
最速,さいそく,名詞,最快,最速で到着する / 最速の記録 / 最速の方法,1,真题,否,しかし、そうすることで、最速の思考が生み出され,①最快（例：最速の電車｜最快的火车）②最快速（例：最速の方法｜最快的方法）,边缘词
猿真似,さるまね,名詞,模仿,猿真似をする / 猿真似が上手い / 猿真似を見せる,1,真题,否,か、猿真似をしたとかいわれて、 非難されても仕方がない。,①模仿（例：猿真似をする｜模仿）②机械模仿（例：猿真似のように｜像机械一样模仿）,边缘词
先達,せんだつ,名詞,前辈,先達に教わる / 先達を尊敬する / 先達の知恵,1,真题,否,という姿 / そこには、単に真似るのではなく、 先達 (注4) から 「学ぶ」,①前辈（例：先達に学ぶ｜向前辈学习）②引导者（例：先達の教え｜引导者的教导）,边缘词
白衣,はくい,名詞,白衣,白衣を着る / 白衣を着た医者 / 白衣の下,1,真题,否,理系だと白衣を着て難しい話ばか,①白色衣服（例：白衣を着る｜穿白衣）②医生的制服（例：白衣の医者｜穿白大褂的医生）,边缘词
医,い,名詞,医生,医に従事する / 医を目指す / 医の道,1,真题,否,これは政治家、警察官、医,①医学（例：医を学ぶ｜学习医学）②医生（例：医にかかる｜看医生）,边缘词
片,かた,名詞,片段,片を持つ / 片を分ける / 片を作る,1,真题,否,会うのは時間をとられて面倒だと感じるかもしれないが、その方が結局、問題が早く片,①片段（例：片を切る｜切片）②单面（例：片側だけ｜单面）,边缘词
悪者,わるもの,名詞,坏人,悪者を捕まえる / 悪者に立ち向かう / 悪者の正体,1,真题,否,解は一般的には悪者扱いであるが、 多様性をつくる仕掛け (注5) だと思えば少し見方も変わってくるの,①坏人（彼は悪者です｜他是坏人）②罪犯（悪者を捕まえた｜抓住罪犯）,边缘词
仕掛け,しかけ,名詞,装置,仕掛けを作る / 仕掛けを施す / 仕掛けを使う,1,真题,否,解は一般的には悪者扱いであるが、 多様性をつくる仕掛け (注5) だと思えば少し見方も変わってくるの,①装置（新しい仕掛けを作った｜制作新装置）②计划（仕掛けがある｜有计划）,边缘词
実態,じったい,名詞,实态,実態を把握する / 実態を調査する / 実態が明らかになる,1,真题,否,.職業の一般的なイメージは実態と合っている。,①实际情况（実態はどうなっている？｜实际情况如何？）②真实状态（実態を調査する｜调查真实状态）,边缘词
修学,しゅうがく,名詞,学习,修学を続ける / 修学の期間 / 修学を終える,1,真题,否,昔の小中学生は、 遠足や修学旅行のとき、 車窓の風景を真剣に眺めていたものだ。,①学习（修学を続ける｜继续学习）,边缘词
中小学,ちゅうしょうがく,名詞,中小学,中小学の教育 / 中小学の生徒 / 中小学の授業,1,真题,否,ところが、最近の中小学生は、 乗り物の窓の外を眺めようとはせず、バスの中ではマイクをにぎって,①中小学（中小学の教育｜中小学教育）,边缘词
マイク,まいく,名詞,麦克风,マイクを持つ / マイクを使う / マイクで話す,1,真题,否,ところが、最近の中小学生は、 乗り物の窓の外を眺めようとはせず、バスの中ではマイクをにぎって,①麦克风（マイクを使う｜使用麦克风）,边缘词
クイズ,くいず,名詞,问答,クイズに答える / クイズを出す / クイズを楽しむ,1,真题,否,あるいはクイズやゲームを楽しんでいるという。,①问答游戏（クイズを楽しむ｜享受问答游戏）,边缘词
うかがう,うかがう,動詞,询问,うかがうことがある / うかがう機会 / うかがう姿勢,1,真题,否,に講演に行ったとき、 小学校の校長先生からうかがった。,①询问（お伺いします｜我来询问）②拜访（お伺いする｜我来拜访）,边缘词
名付ける,なづける,動詞,命名,名前を名付ける / 新しい名前を名付ける / 名付けること,1,真题,否,と名付けようと思う。 / わたしは、それを「目的地主義」,①命名（名前を名付ける｜给名字）,边缘词
車内,しゃない,名詞,车内,車内で待つ / 車内が混雑する / 車内の様子,1,真题,否,とか工夫して楽しくしようというのが、 車内におけるカラオケやゲームである。,①车内（車内で待つ｜在车内等）,边缘词
恐ろしい,おそろしい,形容詞,可怕,恐ろしい事件 / 恐ろしい夢 / 恐ろしい思い出,1,真题,否,恐ろしいのは、 私たちの人生に対する態度が、 目的地主義にな,①可怕的（例：恐ろしい夢を見た｜做了可怕的梦）②令人惊讶的（例：恐ろしい事実｜令人惊讶的事实）,边缘词
いかい,いかい,形容詞,意外,いかいな結果 / いかいな出来事 / いかいな発見,1,真题,否,ってはいかいか・・・という心配である。,①意外的（例：いかいな結果｜意外的结果）②惊人的（例：いかいな発見｜惊人的发现）,边缘词
題材,だいざい,名詞,题材,題材を選ぶ / 題材を考える / 題材にする,1,真题,否,(注4)弥次喜多の東海道中も、 水戸黄門の漫遊も: 旅行を題材にした昔の二つの物語のどちらも,①题材（例：この映画の題材｜这部电影的题材）②素材（例：絵画の題材｜绘画的素材）,边缘词
舵,かじ,名詞,舵,舵を取る / 舵を切る / 舵を握る,1,真题,否,は設計者の予想を超える場合があり、 人工物が人間社会の舵かじとりを行う現象が起きている。,①舵（例：舵を取る｜掌舵）②方向（例：舵を切る｜转向）,边缘词
当初,とうしょ,名詞,最初,当初の計画 / 当初の目的 / 当初の考え,1,真题,否,えばコンピュータは「計算機」 / という日本語が示すように、当初は計算を行う機器として製作されてき,①最初（例：当初の計画｜最初的计划）②起初（例：当初の考え｜起初的想法）,边缘词
もつ,もつ,名詞,持有,もつ力 / もつ価値 / もつ意味,1,真题,否,このように現代における人工物の大きな影響力を考慮する時、 設計者はこれまで以上に人工物のもつ,①持有（例：本をもつ｜持有书籍）②维持（例：関係をもつ｜维持关系）,边缘词
情勢,じょうせい,名詞,形势,情勢が変わる / 情勢を分析する / 情勢に応じる,1,真题,否,そのために、 設計者は社会の情勢 (注5)をよく理解し、将来の社会に,①形势（例：国際情勢｜国际形势）②局势（例：経済情勢｜经济局势）,边缘词
補助,ほじょ,名詞,辅助,補助を受ける / 補助を行う / 補助金を申請する,1,真题,否,.人工物が人間を補助することで社会が成り立っている。,①辅助（例：補助を受ける｜接受辅助）②补贴（例：経済補助｜经济补贴）,边缘词
読み込む,よみこむ,動詞,读取,データを読み込む / 情報を読み込む / ファイルを読み込む,1,真题,否,ん、描かれている状況や感情を丁寧に読み込んでいけば、 どこが大切か、 どこを強調して歌えばいいか,①读取（例：データを読み込む｜读取数据）②加载（例：ページを読み込む｜加载页面）,边缘词
受け答え,うけこたえ,名詞,回答,受け答えが上手い / 受け答えをする / 受け答えの仕方,1,真题,否,彼らの多くは、筆記試験の成績も優秀で、面接での受け答えのしっかりした学生。,①回答（例：受け答えが早い｜回答很快）②应答（例：受け答えをする｜进行应答）,边缘词
果,か,名詞,果实,果を実らせる / 果を収穫する / 果を食べる,1,真题,否,と悩んでしまう。 / 果を上げているのに評価されない」,①果实（果物の実｜果实）②结果（結果が出る｜结果出来）,边缘词
及ぶ,およぶ,動詞,达到,影響が及ぶ / 範囲が及ぶ / 効果が及ぶ,1,真题,否,(注2) 想像が及ばない: 想像できない,①达到（影響が及ぶ｜影响达到）②涉及（関係が及ぶ｜关系涉及）,边缘词
めった,めった,形状詞,很少,めったにない / めったに行かない / めったに見ない,1,真题,否,.会社の評価は厳しいので、高い評価はめったに得られないこと。,①很少（めったにない｜很少见）②不常（めったに行かない｜不常去）,边缘词
追い抜く,おいぬく,動詞,超越,追い抜くことができる / 追い抜くチャンス / 追い抜く速度,1,真题,否,. 自分の出した成果に満足していると、すぐに他者に追い抜かれること。,①超越（前を追い抜く｜超越前面）②赶超（他を追い抜く｜赶超他人）,边缘词
確定,かくてい,名詞,确定,確定すること / 確定を待つ / 確定の通知,1,真题,否,折り返し、 確定した日時をメールで返信,①确定（確定した事実｜确定的事实）②决定（決定が下される｜做出决定）,边缘词
考察,こうさつ,名詞,考察,考察を行う / 考察に基づく / 考察が必要,1,真题,否,考察をもっとくわしく書く,①研究（問題を考察する｜研究问题）②分析（詳細に考察する｜详细分析）,边缘词
着,き,名詞,到达,着に間に合う / 着を果たす / 着が遅れる,1,真题,否,作業着の中に着るものを用意する,①到达（目的地に着く｜到达目的地）②穿着（服を着る｜穿衣服）,边缘词
イン,いん,名詞,内部,インに入る / インで働く / インが必要,1,真题,否,チェックインカウンターが込んでいるから,①进入（インする｜进入）②内部（内部にイン｜在内部）,边缘词
こしょう,こしょう,名詞,胡椒,こしょうを振る / こしょうが効く / こしょうを使う,1,真题,否,飛行機のこしょうが見つかったから,①胡椒（こしょうをかける｜撒胡椒）②故障（機械がこしょうする｜机器故障）,边缘词
和やか,なごやか,形状詞,和睦,和やかに話す / 和やかである / 和やかに過ごす,1,真题,否,. とても和やかなパーティーだった。,①温和（和やかな雰囲気｜温和的氛围）②平静（和やかな表情｜平静的表情）,边缘词
けいとう,けいとう,名詞,系统,けいとうが進む / けいとうに従う / けいとうを持つ,1,真题,否,. カップや皿を同じけいとうの色でそろえた。,①系統（例：電気系統｜电气系统）②系谱（例：家系図｜家系图）,边缘词
山登り,やまのぼり,名詞,登山,山登りをする / 山登りが好き / 山登りに行く,1,真题,否,山登りは長時間の運動なので、体力を保存しないと後半が大変だ,登山活动（例：山に登る｜爬山）,边缘词
停留,ていりゅう,名詞,停留,停留で待つ / 停留に着く / 停留を利用する,1,真题,否,停留所でバスの日課を見ると、 次の発車時刻は0分後だった,停靠（例：バス停留所｜公交停靠）,边缘词
発車,はっしゃ,名詞,发车,発車が遅れる / 発車の時間 / 発車を待つ,1,真题,否,停留所でバスの日課を見ると、 次の発車時刻は0分後だった,发车（例：電車が発車する｜电车发车）,边缘词
出社,しゅっしゃ,名詞,上班,出社する / 出社が早い / 出社の準備,1,真题,否,朝9時までに出社することが会社の日課で決まっている,上班（例：会社に出社する｜去公司上班）,边缘词
今夜,こんや,名詞,今晚,今夜の予定 / 今夜に会う / 今夜は特別,1,真题,否,今夜は空に星が多彩に輝いていて、とてもきれいです,今晚（例：今夜は寒い｜今晚很冷）,边缘词
共働き,ともばたらき,名詞,双职,共働きで生活する / 共働きが増える / 共働きの家庭,1,真题,否,. X 社の調査によると、共働き夫婦における夫の家事負担の割合は、 夫の年齢が( にしたがって増,双职家庭（例：共働きの夫婦｜双职家庭的夫妻）,边缘词
別れる,わかれる,動詞,分开,別れることになる / 別れるのが辛い / 別れる理由,1,真题,否,B「別れた彼のことがなかなか忘れられなくて…,分开（例：友達と別れる｜和朋友分开）,边缘词
祝い,いわい,名詞,庆祝,祝いをする / 祝いの席 / 祝いを贈る,1,真题,否,と言います。 / . 日本では、99歳のお祝いを 「白寿」,庆祝（例：誕生日祝い｜庆祝生日）,边缘词
白寿,はくじゅ,名詞,百岁,白寿を祝う / 白寿の祝い / 白寿を迎える,1,真题,否,と言います。 / . 日本では、99歳のお祝いを 「白寿」,白寿（例：白寿のお祝い｜庆祝白寿）,边缘词
両端,りょうたん,名詞,两端,両端を持つ / 両端が揃う / 両端に置く,1,真题,否,後でも、折りんだ状態から両端を引っ張るだけで、 元の平面に戻すことができる方法にたどり着いたの,①两端（例：両端を持つ｜两端持有）②两边（例：両端に置く｜放在两边）,边缘词
平面,へいめん,名詞,平面,平面で描く / 平面が広がる / 平面を作る,1,真题,否,後でも、折りんだ状態から両端を引っ張るだけで、 元の平面に戻すことができる方法にたどり着いたの,①平面（例：平面図｜平面图）②平坦表面（例：平面が広がる｜平坦的表面）,边缘词
パネル,ぱねる,名詞,面板,パネルを設置する / パネルが必要 / パネルで説明する,1,真题,否,などの装置が作られている。 / この折り方を【50】、人工衛星に用いる「太陽電池パネル」,①面板（例：パネルを取り付ける｜安装面板）②面板显示（例：パネルが点灯する｜面板亮起）,边缘词
宙,ちゅう,名詞,太空,宙に浮く / 宙を飛ぶ / 宙に存在する,1,真题,否,宙へ運ぶロケットの容量には限界がありく、 装置は小さくしなければならない。,①空中（例：宙に浮く｜在空中漂浮）②宇宙（例：宙を旅する｜在宇宙旅行）,边缘词
ロケット,ろけっと,名詞,火箭,ロケットが発射する / ロケットを打ち上げる / ロケットの技術,1,真题,否,宙へ運ぶロケットの容量には限界がありく、 装置は小さくしなければならない。,①火箭（例：ロケットを打ち上げる｜发射火箭）②火箭模型（例：ロケットを作る｜制作火箭模型）,边缘词
探索,たんさく,名詞,探索,探索を続ける / 探索が進む / 探索に出る,1,真题,否,情報が容易に (注1) 入手できると、必要な情報を (注2) 探索する努力が必要なくなるかのように思,①探索（例：未知を探索する｜探索未知）②调查（例：情報を探索する｜调查信息）,边缘词
選び出す,えらびだす,動詞,挑选,選び出すことができる / 選び出すのが難しい / 選び出す基準,1,真题,否,自分にとって必要な情報を選び出す力が大切だ,①挑选（例：選び出すのが難しい｜挑选很难）②筛选（例：候補を選び出す｜筛选候选人）,边缘词
ほい,それ,代名詞,嘿,ほいを言う / ほいが聞こえる / ほいを返す,1,真题,否,保証期間内なので、無料で修理できるかどううか教えてほい,①嘿（例：ほい、行こう｜嘿，走吧）②喂（例：ほい、これを見て｜喂，看看这个）,边缘词
妙,みょう,名詞,奇妙,妙なこと / 妙に思う / 妙な現象,1,真题,否,ものでも、他の国のある地域に行ったならば、それは妙な事物であったり、社会としては認め難い事物,①奇妙（例：妙な話｜奇妙的故事）②巧妙（例：妙なアイデア｜巧妙的主意）,边缘词
最悪,さいあく,名詞,最坏,最悪の事態 / 最悪を避ける / 最悪になる,1,真题,否,なぜならば、人生で起きた最悪の出来事も、その後の生き方によって,①最坏（例：最悪の結果｜最坏的结果）②糟糕（例：最悪な状況｜糟糕的情况）,边缘词
人格,じんかく,名詞,人格,人格が形成される / 人格を磨く / 人格に影響を与える,1,真题,否,つまり、 (注3) 人格を含め,①个性特征（彼は素晴らしい人格を持っている｜他有很好的个性）②人类的本质（人格とは何かを考える｜思考人类的本质）,边缘词
慣れ,なれ,名詞,习惯,慣れが必要 / 慣れを感じる / 慣れに時間がかかる,1,真题,否,ここで、「叱る」 / うえでの注意点を一、叱ることが何度も続くと、叱られることに対する慣れが生,①习惯（この仕事に慣れました｜我习惯这个工作了）②熟练（運転に慣れる必要がある｜需要熟练驾驶）,边缘词
滅する,めっする,動詞,灭绝,滅する危機 / 滅することがある / 滅する可能性,1,真题,否,叱ることによって、 得られる効果が半滅しないためにも、 指導者は日頃から注意深く、また意,①消灭（敵を滅する｜消灭敌人）②灭绝（恐竜が滅した｜恐龙灭绝了）,边缘词
思,おもう,名詞,思考,思を巡らす / 思が深い / 思を整理する,1,真题,否,思を持って、みずからと向き合う必要があるのです。,①思考（思いを巡らせる｜思考问题）②感情（思い出がある｜有回忆）,边缘词
とある,とある,連体詞,某个,とある場所 / とある人 / とある理由,1,真题,否,先日、とある大学の学部生を相手に請演をする機会があった。,①某个（とある町に住んでいる｜住在某个城镇）②某种（とある理由で行けなかった｜因为某种原因没去）,边缘词
請,うけ,名詞,请求,請を出す / 請が通る / 請に応じる,1,真题,否,先日、とある大学の学部生を相手に請演をする機会があった。,①请求（助けを請う｜请求帮助）②邀请（参加を請う｜邀请参加）,边缘词
演,演,名詞,演出,演を観る / 演が成功する / 演に参加する,1,真题,否,先日、とある大学の学部生を相手に請演をする機会があった。,①表演（演技をする｜进行表演）②演讲（演説を行う｜进行演讲）,边缘词
大まか,おおまか,形状詞,大致,大まかに説明する / 大まかに理解する / 大まかに決める,1,真题,否,その仲間についての話を大まかに言えば、 性格に欠点を持つ人間だったが、そのために面白い,①粗略（大まかな計画｜粗略的计划）②大致（大まかに言うと｜大致来说）,边缘词
一因,いちいん,名詞,原因,一因となる / 一因を探る / 一因が明らかになる,1,真题,否,彼の個性であって、 成功の一因になったということだ。,①一个原因（事故の一因｜事故的一个原因）②部分因素（成功の一因｜成功的部分因素）,边缘词
民族,みんぞく,名詞,民族,民族が多様 / 民族を尊重する / 民族の文化,1,真题,否,以下は、文字を持たない民族について研究している人が書いた文章である。,①民族（日本民族｜日本民族）②种族（多様な民族がいる｜有多样的民族）,边缘词
ならす,ならす,動詞,使平,ならすことができる / ならすのが難しい / ならすために,1,真题,否,とならすぐに検索できる。,①使平整（例：土をならす｜把土弄平）②使均匀（例：砂をならす｜把沙子弄均匀）,边缘词
不意,ふい,名詞,意外,不意に訪れる / 不意の出来事 / 不意を突く,1,真题,否,(注2) バッハとヘンデルはどっちが先に生まれたかなどと (注3)不意に聞か,①意外（例：不意の訪問｜意外的拜访）②突然（例：不意に現れる｜突然出现）,边缘词
アクセス,あくせす,名詞,访问,アクセスが良い / アクセスを得る / アクセスが必要,1,真题,否,ているものは、すべて自分のタト側にあるものであり、 それにアクセスできなくなったとたん一一早い,①接入（例：インターネットアクセス｜互联网接入）②访问（例：サイトへのアクセス｜访问网站）,边缘词
焼ける,やける,動詞,烧,焼ける匂い / 焼けるまで待つ / 焼けることがある,1,真题,否,話が本が全部焼けてしまうとか、 停電になるとかしたとたん―そのほとんどが自分とは無縁のものにな,①被烧（例：肉が焼ける｜肉被烤了）②变热（例：太陽で焼ける｜被太阳烤热）,边缘词
停電,ていでん,名詞,停电,停電が起こる / 停電の影響 / 停電を解消する,1,真题,否,話が本が全部焼けてしまうとか、 停電になるとかしたとたん―そのほとんどが自分とは無縁のものにな,①停电（例：突然の停電｜突然停电）,边缘词
作曲,さっきょく,名詞,作曲,作曲をする / 作曲が得意 / 作曲の技術,1,真题,否,(注2) バッハとヘンデル: どちらも18世紀に活躍した作曲家,①作曲（例：曲を作曲する｜创作歌曲）,边缘词
聞き直す,ききなおす,動詞,重听,聞き直す必要がある / 聞き直すのが大事 / 聞き直すことができる,1,真题,否,話を記憶できなければ、 もう一度聞き直す,①重新听（例：もう一度聞き直す｜再听一遍）,边缘词
歩み寄る,あゆみよる,動詞,妥协,歩み寄る姿勢 / 歩み寄ることが大切 / 歩み寄る努力,1,真题,否,するには、自分から歩み寄ることが必要だ。,①妥协（例：意見を歩み寄る｜妥协意见）②接近（例：距離を歩み寄る｜接近距离）,边缘词
じれる,じれる,動詞,焦急,じれる気持ち / じれる時間 / じれる状況,1,真题,否,から、というのが当たり前だったかもじれない。,①焦急（例：じれて待つ｜焦急地等待）②不耐烦（例：じれてしまう｜变得不耐烦）,边缘词
溝,みぞ,名詞,沟,溝を埋める / 溝ができる / 溝を作る,1,真题,否,自分との違いを認め、 その溝を埋める努力をしてみよう。,①沟槽（例：溝を掘る｜挖沟）②隔阂（例：心の溝｜心灵的隔阂）,边缘词
埋める,うめる,動詞,埋,埋めることができる / 埋める場所 / 埋めるために,1,真题,否,自分との違いを認め、 その溝を埋める努力をしてみよう。,①埋藏（例：土に埋める｜埋在土里）②填补（例：穴を埋める｜填补洞）,边缘词
学名,がくめい,名詞,学名,学名が付けられる / 学名を調べる / 学名の由来,1,真题,否,人類進化学の研究によると、 現在生きて地球環境問題をおこしている人類は、 現代人すなわち学名,①科学名称（例：植物の学名｜植物的科学名称）,边缘词
アフリカ,あふりか,名詞,非洲,アフリカに行く / アフリカの文化 / アフリカの動物,1,真题,否,ホモサピエンスは今から約0万年から0万年前、アフリカに現れ、それから広く世界に(注1)拡散,①非洲（例：アフリカ大陸｜非洲大陆）,边缘词
栽,栽,名詞,种植,栽を行う / 栽が必要 / 栽の技術,1,真题,否,というものが存在しているはずであるが、 自然を支配して生きようとした動物である人間は、食物の栽,①种植（例：花を栽培する｜种植花）,边缘词
培,培,名詞,培养,培を行う / 培が重要 / 培の方法,1,真题,否,培や物資の生産を始めた。,①培养（例：土を培う｜培养土壤）,边缘词
大集,だいじゅ,名詞,大集会,大集に参加する / 大集が開かれる / 大集の準備,1,真题,否,しかし、体に武器というものを持たない動物であった人間は、 どうやら100人00人を超える大集,①大型聚会（例：大集会がある｜有大型聚会）,边缘词
有史,ゆうし,名詞,有历史,有史の時代 / 有史に残る / 有史の記録,1,真题,否,の人口は、有史以来ひたすら増えつづけてきた。,①有历史（例：有史以来｜有历史以来）,边缘词
今さら,いまさら,副詞,现在才,今さら言う / 今さら気づく / 今さらの話,1,真题,否,生きかたを、今さら変えることは無理だろう。,①事到如今（例：今さら言うな｜事到如今别说）,边缘词
ネズミ,ねずみ,名詞,老鼠,ネズミが出る / ネズミを捕まえる / ネズミの巣,1,真题,否,それはライオンに草を食え、ウマやウシにネズミを食え,①老鼠（例：ネズミがいる｜有老鼠）,边缘词
学び合う,まなびあう,動詞,互学,学び合うことが大切 / 学び合う姿勢 / 学び合う環境,1,真题,否,大集団同士が学び合って、関係を維持していった点,①互相学习（例：学び合うことが大切｜互相学习很重要）,边缘词
専,せん,名詞,专,専を持つ / 専が必要 / 専に従事する,1,真题,否,スーツケースレンタル専朽 エイト,①专门（専攻しています｜专攻某个领域）②专属（専用の道具｜专用工具）,边缘词
朽,きゅう,名詞,腐烂,朽が進む / 朽を防ぐ / 朽の影響,1,真题,否,スーツケースレンタル専朽 エイト,①腐烂（木が朽ちる｜木头腐烂）②衰退（名声が朽ちる｜名声衰退）,边缘词
ファスナー,ふぁすなー,名詞,拉链,ファスナーが壊れる / ファスナーを閉める / ファスナーの種類,1,真题,否,フレームタイプより軽く、 使いやすいファスナータイプ,①拉链（ファスナーを閉める｜拉链合上）②扣件（ファスナーを使う｜使用扣件）,边缘词
呈,呈,名詞,呈现,呈をする / 呈が必要 / 呈を受ける,1,真题,否,※1 容呈 S.. 50リットル,①呈现（結果を呈する｜呈现结果）②展示（作品を呈する｜展示作品）,边缘词
リットル,りっとる,名詞,升,リットルを測る / リットルの容量 / リットルを使う,1,真题,否,※1 容呈 S.. 50リットル,①升（1リットルの水｜一升水）,边缘词
刺,さし,接尾辞,刺,刺を刺す / 刺が痛い / 刺を受ける,1,真题,否,ただし、日刺ご出発日 (f) 4日前 3日前) のお申し込みの場合、 お届けはご出発日,①刺痛（刺が痛い｜刺痛很痛）②刺杀（刺客が来る｜刺客来了）,边缘词
仕立,したて,名詞,制作,仕立てをする / 仕立てに出す / 仕立てが良い,1,真题,否,営業時間 午前10時午後6時 仕立遜日),①制作（服を仕立てる｜制作衣服）②安排（計画を仕立てる｜安排计划）,边缘词
タンヤ,たんや,名詞,田野,タンヤで遊ぶ / タンヤを歩く / タンヤに行く,1,真题,否,.タンヤさんは出張用にスーツケースを借りることにした。,①短裤（タンヤを履く｜穿短裤）,边缘词
しあさって,しあさって,名詞,后天,しあさってに行く / しあさっての予定 / しあさっての天気,1,真题,否,電話で、しあさって(出発日の日前)の午後6時までに申し込む,①后天（しあさっては休み｜后天放假）,边缘词
代理,だいり,名詞,代理,代理を務める / 代理に行く / 代理を立てる,1,真题,否,代理の人に申し込みをたのむ,①代理（代理人を立てる｜立代理人）②代替（代理を務める｜担任代理）,边缘词
変換,へんかん,名詞,转换,変換をする / 変換が必要 / 変換する方法,1,真题,否,ほかのクラスと教室を変換するから,①转换（例：文字を変換する｜转换文字）②变换（例：色を変換する｜变换颜色）,边缘词
面する,めんする,動詞,面对,面する場所 / 面する方向 / 面する問題,1,真题,否,どうろに面していてうるさいから,①面对（例：海に面する｜面对大海）②接触（例：問題に面する｜面对问题）,边缘词
夜勤,やきん,名詞,夜班,夜勤がある / 夜勤をする / 夜勤の仕事,1,真题,否,夜勤をしたくなかったから,①夜班（例：夜勤の仕事｜夜班工作）,边缘词
せっ,せっ,名詞,急,せっをする / せっが必要 / せっを感じる,1,真题,否,教室のせっびびに問題があったから,①突然（例：せっ、雨が降り出した｜突然下雨）②急忙（例：せっ、行こう｜快点走）,边缘词
びび,びび,副詞,害怕,びびがる / びびする / びびっている,1,真题,否,教室のせっびびに問題があったから,①害怕（例：びびっている｜感到害怕）②紧张（例：びびるな｜别紧张）,边缘词
ちょうする,ちょうする,動詞,调,ちょうする音 / ちょうする時間 / ちょうする方法,1,真题,否,[10]来月から、 道路をかくちょうするための工事が始まる。,①调节（例：音をちょうする｜调节音量）②调整（例：時間をちょうする｜调整时间）,边缘词
ハード,はーど,名詞,硬,ハードな仕事 / ハードである / ハードに取り組む,1,真题,否,[21] この仕事はとてもハードだ。,①艰难（例：ハードな仕事｜艰难的工作）②硬（例：ハードな素材｜硬的材料）,边缘词
動揺,どうよう,名詞,动摇,動揺がある / 動揺を感じる / 動揺する理由,1,真题,否,[22] その話を聞いて動揺した。,①动摇（例：心が動揺する｜心情动摇）②不安（例：動揺している｜感到不安）,边缘词
豪華,ごうか,名詞,豪华,豪華なホテル / 豪華な食事 / 豪華に見える,1,真题,否,.母は誕生日など、 特殊な日にはとても豪華な料理を作ってくれる。,①豪华（例：豪華なホテル｜豪华酒店）②奢华（例：豪華な食事｜奢华的餐食）,边缘词
免許,めんきょ,名詞,许可证,免許を取得する / 免許が必要 / 免許を持っている,1,真题,否,.バスを運転するためには特殊な免許が必要だ。,①许可证（例：運転免許｜驾驶许可证）②执照（例：営業免許｜营业执照）,边缘词
煙,けむり,名詞,烟,煙が出る / 煙を吸う / 煙が立ち上る,1,真题,否,.煙が目にしみて、 涙が止まらなくなった。,①烟雾（煙が出ている｜有烟雾）②香烟（煙草を吸う｜抽香烟）,边缘词
ベルト,べると,名詞,带,ベルトを締める / ベルトが外れる / ベルトをつける,1,真题,否,. 食べすぎで、 ベルトがおなかにしみて苦しい。,①皮带（ベルトを締める｜系上皮带）②腰带（ベルトをつける｜戴上腰带）,边缘词
包丁,ほうちょう,名詞,刀,包丁を使う / 包丁が切れる / 包丁を研ぐ,1,真题,否,.料理をしているときに包丁の先が指にしみて、 少し血が出た。,①刀具（包丁で切る｜用刀切）②厨刀（包丁を使う｜使用厨刀）,边缘词
ぬらす,ぬらす,動詞,弄湿,ぬらす水 / ぬらすこと / ぬらす布,1,真题,否,.汗をかいたので、タオルを水でぬらし、きつくめくって体をふいた。,①弄湿（手をぬらす｜弄湿手）②沾湿（布をぬらす｜沾湿布）,边缘词
のり,のり,名詞,胶,のりを使う / のりが必要 / のりを塗る,1,真题,否,.封筒に書類を入れ、開かないように丁寧にのりでめくっておいた。,①胶水（のりを使う｜使用胶水）②海苔（のりを食べる｜吃海苔）,边缘词
手前,てまえ,名詞,前面,手前に置く / 手前の景色 / 手前にある,1,真题,否,.そのドアは押すのではなくて手前にめくらないと開きませんよ。,①前面（手前に置く｜放在前面）②自己（手前の意見｜自己的意见）,边缘词
カレー,かれー,名詞,咖喱,カレーを作る / カレーが好き / カレーを食べる,1,真题,否,[47] 話題のカレー屋さんを初訪問。,①咖喱（カレーを食べる｜吃咖喱）②咖喱饭（カレーライス｜咖喱饭）,边缘词
訪問,ほうもん,名詞,访问,訪問を受ける / 訪問する予定 / 訪問先,1,真题,否,[47] 話題のカレー屋さんを初訪問。,①拜访（友達を訪問する｜拜访朋友）②访问（訪問する予定｜计划访问）,边缘词
隣町,となりまち,名詞,邻镇,隣町に行く / 隣町の人 / 隣町で遊ぶ,1,真题,否,. 隣町の ABC 書店に行けば,①邻镇（隣町に行く｜去邻镇）②附近城镇（隣町に住む｜住在附近城镇）,边缘词
暦,こよみ,名詞,历,暦を確認する / 暦が変わる / 暦を使う,1,真题,否,優れた経営者だった忠敬だが、50歳を前に仕事をやめ、興味があった星や暦について高橋,①日历（暦を確認する｜确认日历）②历法（旧暦と新暦｜旧历和新历）,边缘词
数値,すうち,名詞,数值,数値が上がる / 数値を測る / 数値を記録する,1,真题,否,昼間は測って歩き、 夜は星を観察して昼間測った数値を修正する日々が続いた。,①数值（例：数値を確認する｜确认数值）②数值（例：数値が変わる｜数值变化）,边缘词
亡くなる,なくなる,動詞,去世,亡くなる人 / 亡くなること / 亡くなる理由,1,真题,否,前、忠敬を支え続けた至時が病気で亡くなってしまう。,①去世（例：彼は亡くなった｜他去世了）②消失（例：夢が亡くなった｜梦消失了）,边缘词
悲しみ,かなしみ,名詞,悲伤,悲しみを感じる / 悲しみがある / 悲しみを乗り越える,1,真题,否,だが、 悲しみに耐え、 さらに命じられた西日本の地図作成にも取り組む。,①悲伤（例：悲しみを感じる｜感到悲伤）②哀痛（例：悲しみが深い｜悲伤很深）,边缘词
幕,まく,名詞,幕,幕が上がる / 幕を閉じる / 幕の前,1,真题,否,に向けて作業の最終段階に入っていた 1818年、 忠敬は73歳で人生の幕を閉じた。,①幕布（例：幕が上がる｜幕布升起）②结束（例：幕を閉じる｜结束幕布）,边缘词
閉じる,とじる,動詞,关闭,閉じるドア / 閉じる時間 / 閉じること,1,真题,否,に向けて作業の最終段階に入っていた 1818年、 忠敬は73歳で人生の幕を閉じた。,①关闭（例：ドアを閉じる｜关闭门）②合上（例：本を閉じる｜合上书）,边缘词
書き残す,かきのこす,動詞,留下,書き残すメッセージ / 書き残すこと / 書き残す時間,1,真题,否,忠敬は自分に大きな仕事ができたのはすべて至時先生のおかげだと書き残している。,①留下（例：メッセージを書き残す｜留下信息）②记录（例：日記を書き残す｜记录日记）,边缘词
再来,さいらい,接頭辞,再来,再来する予定 / 再来の機会 / 再来の時期,1,真题,否,[54] 会員は、来年1月から再来年3月までの会費をどのように払えばいいか。,①再次来（例：再来を期待する｜期待再次来）②重返（例：再来の機会｜重返机会）,边缘词
量的,りょうてき,形状詞,量的,量的に分析する / 量的なデータ / 量的な変化,1,真题,否,同じものが二つあっても量的な能力が倍増する (注2) だけであって、,①量的（例：量的分析｜量的分析）②数量的（例：量的変化｜数量变化）,边缘词
質的,しつてき,形状詞,质的,質的に評価する / 質的な違い / 質的な研究,1,真题,否,質的な変化は起こりえない。,①质的（例：質的研究｜质的研究）②性质的（例：質的向上｜性质向上）,边缘词
一面,いちめん,名詞,一面,一面が見える / 一面の景色 / 一面に広がる,1,真题,否,こうにわからないような一面が人間にはあります。,①一面（例：一面を見せる｜展示一面）②一方面（例：一面だけではない｜不仅仅一面）,边缘词
作意,さくい,名詞,故意,作意がある / 作意を持つ / 作意を示す,1,真题,否,(注) 作意: 作成した意図,①故意的行为（彼は作意を持って行動した｜他故意行动）②有意图的（作意を持って話す｜有意图地说）,边缘词
数千,すうせん,名詞,数千,数千の人 / 数千の円 / 数千の種類,1,真题,否,必要な部品は、 数千あるいは数万個あるだろう。,①几千（数千の人が集まった｜几千人聚集）,边缘词
理,り,名詞,道理,理がある / 理を説明する / 理を理解する,1,真题,否,理の世界」 / に入ったのだということを自覚して (注2) ほしい。,①道理（理をわきまえる｜懂得道理）②理由（その理は明白だ｜理由很明显）,边缘词
落ちこぼれ,おちこぼれ,名詞,落后者,落ちこぼれがいる / 落ちこぼれを助ける / 落ちこぼれの理由,1,真题,否,できればそうした “落ちこぼれ、 は、 早く,①被淘汰者（彼は学校で落ちこぼれた｜他在学校被淘汰）②不被重视的人（落ちこぼれ扱いされる｜被当作不被重视的人）,边缘词
外れ者,はずれもの,名詞,异类,外れ者がいる / 外れ者と話す / 外れ者の意見,1,真题,否,上司が重点的に気をかけなければいけないのは、 少し遅れ気味の部下、外れ者の部下、 苦労している,①异类（彼は外れ者だと思われている｜被认为是异类）②不合群的人（外れ者として扱われる｜被当作不合群的人）,边缘词
差し伸べる,さしのべる,動詞,伸出,差し伸べる手 / 差し伸べること / 差し伸べる助け,1,真题,否,そういう部下は、手間はかかるかもしれないが、 少し手を差し伸べれば、 2~3割は容易,①伸出（手を差し伸べる｜伸出手）②提供帮助（助けを差し伸べる｜提供帮助）,边缘词
本懐,ほんかい,名詞,本愿,本懐を遂げる / 本懐を持つ / 本懐を語る,1,真题,否,(注7) 本懐 : 一番の願い,①本来的愿望（彼の本懐は達成された｜他的愿望实现了）②真正的心愿（本懐を遂げる｜实现真正的心愿）,边缘词
ちっとも,ちっとも,副詞,一点也,ちっとも分からない / ちっとも気にしない / ちっとも嬉しくない,1,真题,否,個性などということはちっとも考えず、 自分の好,①一点也不（ちっとも気にしない｜一点也不在意）②完全不（ちっとも分からない｜完全不懂）,边缘词
父親,ちちおや,名詞,父亲,父親がいる / 父親と話す / 父親のこと,1,真题,否,「夢をもちなさい」 / といわれて、 「夢をもたなきゃ」,①父亲（彼の父親は優しい｜他的父亲很温柔）,边缘词
道草,みちくさ,名詞,耽搁,道草を食う / 道草をする / 道草を取る,1,真题,否,回り道や道草が栄養になるのは、自分自身の経験からもいえます。,①耽搁（道草を食う｜耽搁时间）②闲逛（道草をする｜闲逛）,边缘词
表れ出る,あらわれでる,動詞,显现,表れ出る感情 / 表れ出る影響 / 表れ出る結果,1,真题,否,(注6) おのずとにじみ出てくる : 自然に表れ出る,①显现，表现（感情が表れ出る｜感情显现）②出现，浮现（影が表れ出る｜影子浮现）,边缘词
月日,つきひ,名詞,时间,月日が経つ / 月日を数える / 月日を感じる,1,真题,否,月日 : 作品展示 [10] 月 4 日(金)、 ダンス [10] 月 5 日 (土)、 音楽 [10] 月 6 日(日) 時間 : いずれも,①年月日，时间（月日が経つ｜时间流逝）②日子，时光（月日が流れる｜时光流逝）,边缘词
リン,りん,名詞,铃,リンが鳴る / リンをつける / リンの音,1,真题,否,大学生のリンさんは、2週間後の日曜日に山林店で着物をレンタルしたいと思ってい,①铃，铃声（リンが鳴る｜铃声响起）②铃铛，响器（リンを鳴らす｜响铃）,边缘词
ぎりぎり,ぎりぎり,副詞,勉强,ぎりぎり間に合う / ぎりぎりの状態 / ぎりぎりの時間,1,真题,否,ぎりぎりかもしれませんね。,①勉强，极限（ぎりぎり間に合う｜勉强赶上）②紧紧，恰好（ぎりぎりの状態｜恰好状态）,边缘词
物騒,ぶっそう,形状詞,危险,物騒な世の中 / 物騒な事件 / 物騒な場所,1,真题,否,[21]この辺りも物騒になってきた気がする。,①不安，危险（物騒な世の中｜危险的世界）②动荡，骚乱（物騒な事件｜动荡事件）,边缘词
同情,どうじょう,名詞,同情,同情を示す / 同情する気持ち / 同情を受ける,1,真题,否,[24] その話を聞いて、みんな同情した。,①同情，怜悯（彼に同情する｜我同情他）②共鸣，感同身受（同情の念を抱く｜感同身受）,边缘词
ぬいぐるみ,ぬいぐるみ,名詞,毛绒玩具,ぬいぐるみを抱く / ぬいぐるみが好き / ぬいぐるみを買う,1,真题,否,[40] 押し入れを片付けていたら、 子供のころに大切にしていたぬいぐるみが出てきた。,①毛绒玩具（ぬいぐるみが好き｜喜欢毛绒玩具）②玩偶，玩具（ぬいぐるみを抱く｜抱着玩偶）,边缘词
伝う,つたう,動詞,传递,伝う声 / 伝う情報 / 伝う思い,1,真题,否,打ち水は、暑さ対策として道路や庭、玄関先などに水をまくという、 日本に昔から伝わ,①传递，传达（声が伝う｜声音传递）②沿着，顺着（道を伝う｜沿着道路）,边缘词
能,のう,名詞,能力,能が高い / 能を発揮する / 能を持つ,1,真题,否,そうして表のデータを読む力を磨くことで、やがてグラフでの錯覚を避ける能,①能力，才能（彼の能は素晴らしい｜他的能力很棒）②能乐，传统艺术（能を観る｜看能乐）,边缘词
操れる,あやつれる,動詞,操控,操れる機械 / 操れるようになる / 操れる技術,1,真题,否,れはかならずしも、なにか特別なもっともらしい (注2) 言葉をうまく操れなければいけないということ,①操控，控制（機械を操れる｜能操控机器）②驾驭，掌握（言葉を操れる｜掌握语言）,边缘词
ラク,らく,名詞,轻松,ラクに過ごす / ラクな方法 / ラクを求める,1,真题,否,とも書く / (注4) ラク:「楽」,①轻松（仕事がラクだ｜工作很轻松）②简单（ラクな問題｜简单的问题）,边缘词
見込み,みこみ,名詞,预期,見込みがある / 見込みを立てる / 見込みを持つ,1,真题,否,と思われてしまう / と受け取られてしまうと、会社でも学校でも「この人は見込み (注3)がない」,①预期（見込みがある｜有希望）②希望（成功の見込み｜成功的希望）,边缘词
賢者,けんじゃ,名詞,智者,賢者の言葉 / 賢者が教える / 賢者の知恵,1,真题,否,本を読まないということは、いわば膨大な数の賢者 (注4)たちから、 あらかじめ見放されてしまって,①智者（賢者の言葉｜智者的话）②聪明人（賢者のような人｜像智者的人）,边缘词
古く,ふるい,名詞,古老,古くなる / 古く見える / 古くからの,1,真题,否,のほかに、古くか / 紙は私たちの身の回りにあふれているが、日本には一般的に使われている 「洋紙」,①古老（古くからの伝統｜古老的传统）②久远（古くからの歴史｜久远的历史）,边缘词
針葉,しんよう,名詞,针叶,針葉が落ちる / 針葉の木 / 針葉を持つ,1,真题,否,洋紙は、安い価格で多量に手に入る針葉樹や広葉樹の、皮を取り除いた幹 (注1) の部分を原料とす,①针叶（針葉樹の葉｜针叶树的叶子）②细长叶（針葉の形｜细长的叶子）,边缘词
広葉,こうよう,名詞,阔叶,広葉が生える / 広葉を持つ / 広葉に分類される,1,真题,否,洋紙は、安い価格で多量に手に入る針葉樹や広葉樹の、皮を取り除いた幹 (注1) の部分を原料とす,①阔叶（広葉樹の葉｜阔叶树的叶子）②宽大叶（広葉の特徴｜宽大的叶子特征）,边缘词
楮,ちょ,名詞,白皮,楮を使う / 楮が育つ / 楮で作る,1,真题,否,一方和紙は、主に楮、三椏、 雁皮という木の、 皮の部分を使用する。,①白皮纸（楮の木から作る｜用白皮纸制作）②纸料（楮の利用｜白皮纸的利用）,边缘词
三椏,みつまた,名詞,三椏,三椏が生える / 三椏を使う / 三椏で作る,1,真题,否,一方和紙は、主に楮、三椏、 雁皮という木の、 皮の部分を使用する。,①三椏树（古くからの植物｜古老的植物）②纤维来源（三椏の用途｜三椏的用途）,边缘词
雁皮,がんぴ,名詞,雁皮,雁皮が取れる / 雁皮を使う / 雁皮で作る,1,真题,否,一方和紙は、主に楮、三椏、 雁皮という木の、 皮の部分を使用する。,①雁皮纸（雁皮から作る｜用雁皮纸制作）②特殊纸（雁皮の特徴｜雁皮的特点）,边缘词
凹凸,おうとつ,名詞,凹凸,凹凸がある / 凹凸を持つ / 凹凸で表現する,1,真题,否,また、洋紙は表面に凹凸が少,①凹凸不平（表面が凹凸｜表面不平）②高低差（凹凸のある地形｜有高低差的地形）,边缘词
書道,しょどう,名詞,书法,書道を学ぶ / 書道が上手い / 書道に興味がある,1,真题,否,書道や絵画だけでなく、 その美しさが評価されて壁紙や便箋 封筒などにも利用されており、海,①书法（日本の伝統的な書き方｜日本传统书法）②书写艺术（美しい文字を書く技術｜美丽的书写技巧）,边缘词
壁紙,かべがみ,名詞,壁纸,壁紙を貼る / 壁紙が剥がれる / 壁紙で飾る,1,真题,否,書道や絵画だけでなく、 その美しさが評価されて壁紙や便箋 封筒などにも利用されており、海,①墙纸（部屋の壁に貼る装飾｜贴在墙上的装饰）②壁面装饰（インテリアの一部｜室内装饰的一部分）,边缘词
便箋,びんせん,名詞,便签,便箋に書く / 便箋を使う / 便箋が必要だ,1,真题,否,書道や絵画だけでなく、 その美しさが評価されて壁紙や便箋 封筒などにも利用されており、海,①便条纸（手紙を書くための紙｜写信用的纸）②信纸（メッセージを書くための用紙｜写信息的纸）,边缘词
枝葉,えだは,名詞,枝叶,枝葉が茂る / 枝葉を整理する / 枝葉に注意する,1,真题,否,(注1) 幹: 木の、根から上のほうに伸びて、 枝葉を出す部分,①枝叶（木の枝と葉｜树的枝叶）②细枝末节（重要でない部分｜不重要的部分）,边缘词
名産,めいさん,名詞,特产,名産を味わう / 名産が有名だ / 名産を贈る,1,真题,否,旅の楽しみは、その土地の名所を訪ねたり名産品を食べたりして、 普段の生活とは違う経験をす,①特产（その地域の有名な産物｜地方特产）②名优产品（地域の代表的な商品｜代表性商品）,边缘词
招く,まねく,動詞,招待,招く人 / 招く機会 / 招くイベント,1,真题,否,とができ、ときには小さな失敗を招くであろうレベルの仕事を任せることだ。,①招待（人を呼ぶこと｜邀请人）②引起（良いことを引き起こす｜引起好事）,边缘词
操作,そうさ,名詞,操作,操作が簡単だ / 操作を行う / 操作に慣れる,1,真题,否,操作法だけ、ということになる。,①操作（機械やシステムを使うこと｜使用机器或系统）②操控（物事を扱うこと｜处理事情）,边缘词
助け,たすける,名詞,帮助,助けが必要だ / 助けを求める / 助けを与える,1,真题,否,. 上司の助けがあれば、大きな失敗をしないような仕事,①帮助（困っている人を支援すること｜帮助有困难的人）②援助（必要なサポートを提供する｜提供必要的支持）,边缘词
更新,こうしん,名詞,更新,更新が必要だ / 更新を行う / 更新に時間がかかる,1,真题,否,現在、定期利用中で来年度も継続して申請をされる方は、登録証を更新しますので現在利,①更新（新しい情報に変えること｜更新信息）②刷新（古いものを新しくする｜把旧的变新）,边缘词
粗大,そだい,名詞,粗大,粗大を処分する / 粗大が多い / 粗大を扱う,1,真题,否,冷蔵庫を粗大ごみとして出す,①粗大（大きくて重いこと｜大而重）②粗糙（質が粗いこと｜质地粗糙）,边缘词
内側,うちがわ,名詞,内侧,内側が見える / 内側に入る / 内側を確認する,1,真题,否,内側に折り、 ボタンで留める,①内部（例：内側に入ってください｜请进内部）②内侧（例：内側が汚れている｜内部脏了）,边缘词
置き場,おきば,名詞,放置处,置き場を決める / 置き場が必要だ / 置き場を整理する,1,真题,否,自転車置き場の掃除をする,①放置地点（例：置き場を決める｜决定放置地点）②存放处（例：置き場が必要｜需要存放处）,边缘词
位,くらい,接尾辞,位置,位が高い / 位を持つ / 位に就く,1,真题,否,企画した商品の売り上げが1位になったこと,①位置（例：ここが私の位です｜这里是我的位置）②等级（例：位が高い｜等级很高）,边缘词
くう,くう,副詞,吃,くうが好きだ / くうを楽しむ / くうが必要だ,1,真题,否,. かくう 3. げこう 4. げくう,①空（例：空が青い｜天空是蓝色的）②吃（例：くうものがない｜没有东西可吃）,边缘词
終日,しゅうじつ,名詞,整天,終日働く / 終日遊ぶ / 終日待つ,1,真题,否,[24] この道は終日通行止めです。,①整天（例：終日働く｜整天工作）②一整天（例：終日遊ぶ｜整天玩）,边缘词
止め,とめる,名詞,停止,止めをかける / 止めが必要だ / 止めをする,1,真题,否,[24] この道は終日通行止めです。,①停止（例：止めてください｜请停止）②制止（例：止める必要がある｜需要制止）,边缘词
いじる,いじる,動詞,摆弄,いじるのが好きだ / いじる時間 / いじることができる,1,真题,否,[25] 青木さんは髪をいじっていた。,①摆弄（例：いじって遊ぶ｜摆弄玩耍）②触碰（例：いじるのが好き｜喜欢触碰）,边缘词
題名,だいめい,名詞,题目,題名が決まる / 題名を考える / 題名を付ける,1,真题,否,.曲の初期の部分を聞いただけで、 題名が何かわかりました。,①标题（例：題名を考える｜考虑标题）②名称（例：題名が決まった｜标题已决定）,边缘词
伝言,でんごん,名詞,留言,伝言を残す / 伝言が届く / 伝言を受け取る,1,真题,否,. 谷口さんが戻ってきたら、 伝言を打ち明けておいてもらえますか。,①留言（例：伝言を残す｜留下留言）②口信（例：伝言を頼む｜请传达口信）,边缘词
レンズ,れんず,名詞,镜头,レンズを交換する / レンズが汚れる / レンズで撮影する,1,真题,否,. 眼鏡のレンズを硬い布でふいたら、 欠陥がついてしまった。,①镜头（例：カメラのレンズ｜相机的镜头）②透镜（例：眼鏡のレンズ｜眼镜的透镜）,边缘词
名作,めいさく,名詞,名作,名作が多い / 名作を読む / 名作を観る,1,真题,否,. これまで多くの名作を残した映画監督が、今回限り引退することを発表した。,①经典作品（例：これは名作です。｜这是经典作品）②杰出作品（例：名作が多い。｜有很多杰出作品）,边缘词
商店,しょうてん,名詞,商店,商店が開く / 商店で買い物する / 商店が多い,1,真题,否,.この書店はもうすぐ商店街から引退し、駅前のビルの中で店を始めるらしい。,①商店（例：商店に行く。｜去商店）②店铺（例：小さな商店。｜小商店）,边缘词
太る,ふとる,動詞,变胖,太る原因 / 太ることがある / 太るのを気にする,1,真题,否,. 少し太ったせいで、 ズボンがぎっしりしている。,①变胖（例：最近太った。｜最近变胖了）②增重（例：太りやすい体質。｜容易增重的体质）,边缘词
贈り物,おくりもの,名詞,礼物,贈り物をする / 贈り物が届く / 贈り物を選ぶ,1,真题,否,[47]贈り物するときは、 自分の勝手な,①礼物（例：誕生日の贈り物。｜生日礼物。）②赠品（例：贈り物を渡す。｜递赠品。）,边缘词
だっこ,だっこ,名詞,抱,だっこをする / だっこが好きだ / だっこを求める,1,真题,否,例えば、だっこされたり、なでられたりすると、可愛い声を出して喜んだり、 気持ち良さ,①抱（例：赤ちゃんをだっこする。｜抱着婴儿。）②搂抱（例：犬をだっこした。｜抱着狗。）,边缘词
なでる,なでる,動詞,抚摸,なでるのが好きだ / なでる時間 / なでることができる,1,真题,否,例えば、だっこされたり、なでられたりすると、可愛い声を出して喜んだり、 気持ち良さ,①抚摸（例：猫をなでる。｜抚摸猫。）②轻轻摸（例：頭をなでる。｜轻轻摸头。）,边缘词
ミュニケーション,みゅにけーしょん,名詞,交流,ミュニケーションを取る / ミュニケーションが大切だ / ミュニケーションを楽しむ,1,真题,否,ミュニケーション能力の改善などの効果が 【50】。,①交流（例：良いミュニケーション。｜良好的交流。）②沟通（例：ミュニケーションが大事。｜沟通很重要。）,边缘词
密度,みつど,名詞,密度,密度が高い / 密度を測る / 密度が変わる,1,真题,否,離ができますから、密度高く住むこともできて、移動する距離は少なくてすむ。,①密度（例：水の密度。｜水的密度。）②浓度（例：密度が高い。｜密度很高。）,边缘词
マイナス,まいなす,名詞,负数,マイナスが出る / マイナスを計算する / マイナスが多い,1,真题,否,(注2) ネガティブな : ここでは、マイナスの,①负数（例：マイナスの数。｜负数。）②减去（例：マイナスの影響。｜负面影响。）,边缘词
取引,とりひき,名詞,交易,取引を行う / 取引が成立する / 取引をする,1,真题,否,取引先にお送りする年始の挨拶状につきまして、 総務課から一括発送する相手先のリストを作成し,①交易（例：取引が成立した。｜交易达成。）②买卖（例：取引先と会う。｜与客户见面。）,边缘词
初旬,しょじゅん,名詞,初旬,初旬に行く / 初旬が楽しみだ / 初旬に始まる,1,真题,否,月初旬に各課に配る予定です。,①每月的前十天（例：今月の初旬｜这个月的前十天。）②开始的时期（例：初旬の頃｜开始的时期。）,边缘词
比例,ひれい,名詞,比例,比例がある / 比例を考える / 比例に基づく,1,真题,否,かどうかは、研究の作業量に比例するものではない。,①相对关系（例：比例が大事｜比例很重要。）②成比例（例：比例が合う｜比例合适。）,边缘词
幸,みゆき,名詞,幸福,幸を感じる / 幸が訪れる / 幸を求める,1,真题,否,人生でそういう経験をもっている人はやっぱり幸,①幸福（例：幸せな日々｜幸福的日子。）②幸运（例：幸運が訪れる｜幸运降临。）,边缘词
味つけ,あじつけ,名詞,调味,味つけをする / 味つけが大切だ / 味つけを考える,1,真题,否,そこて、切り方や味つけを工夫し、 「ひと,①调味（例：味つけをする｜调味。）②增添风味（例：味つけが大切｜增添风味很重要。）,边缘词
築,ちく,名詞,建造,築を始める / 築が進む / 築を行う,1,真题,否,ても「こんな考え方があってもいい」 / とその人の個性を受け入れることで、 円滑な (注6) 人間関係を築,①建造（例：家を築く｜建造房子。）②形成（例：信頼を築く｜建立信任。）,边缘词
経,きょう,接頭辞,经,経が長い / 経を持つ / 経に基づく,1,真题,否,[59]筆者は、嫌いなものを食べて褒められた経談がどのようなことにつながると考えているか。,①经过（例：時間が経つ｜时间流逝。）②管理（例：経営が難しい｜管理很难。）,边缘词
談,だん,名詞,谈话,談をする / 談が盛り上がる / 談を交わす,1,真题,否,[59]筆者は、嫌いなものを食べて褒められた経談がどのようなことにつながると考えているか。,①谈话（例：談をする｜进行谈话。）②讨论（例：意見を談する｜讨论意见。）,边缘词
気力,きりょく,名詞,精力,気力が湧く / 気力を保つ / 気力が必要だ,1,真题,否,集中力や緊張感がなくなるし、 何かをしようという気力さえなくなってくる。,①精神力量（例：気力が必要｜需要精神力量。）②意志力（例：気力を振り絞る｜鼓起意志力。）,边缘词
スパイス,すぱいす,名詞,香料,スパイスを加える / スパイスが効く / スパイスを選ぶ,1,真题,否,ストレスは人生のスパイスだといわれるのは、そのためである。,①香料（例：スパイスを使う｜使用香料。）②调味品（例：料理にスパイス｜菜肴加调味品。）,边缘词
髪形,かみがた,名詞,发型,髪形を変える / 髪形が決まる / 髪形を整える,1,真题,否,自然に、 当たり前のようにいま撮った写真にはその人に「人となり」 (注2)が、 顔や髪形、肩や,①发型（例：髪形を変える｜改变发型。）②发式（例：髪形が素敵｜发型很漂亮。）,边缘词
肩,かた,名詞,肩膀,肩が凝る / 肩を揉む / 肩が痛い,1,真题,否,自然に、 当たり前のようにいま撮った写真にはその人に「人となり」 (注2)が、 顔や髪形、肩や,①肩膀（肩が痛い｜肩膀疼。）②肩部（肩をすくめる｜耸肩。）,边缘词
にこ,にこ,副詞,微笑,にこが素敵だ / にこを浮かべる / にこで迎える,1,真题,否,(注4) 被写体 : にこでは、写真に撮られる人,①微笑（にこにこする｜微笑。）②笑容（にこっと笑う｜微微一笑。）,边缘词
ぐっすり,ぐっすり,副詞,熟睡,ぐっすり眠る / ぐっすり休む / ぐっすり寝る,1,真题,否,しれないが、実はぐっすり眠れていないことが原因のほうが多い。,①熟睡（ぐっすり眠る｜熟睡。）②深度（ぐっすり寝ている｜睡得很深。）,边缘词
つな,つな,名詞,连接,つなを作る / つなを使う / つなが必要だ,1,真题,否,寝る前の時間の過ごし方について、 少し意識を変えてみることで睡眠の悩みの改善につな,①连接（つなを引く｜拉绳子。）②绳索（つなを結ぶ｜系绳子。）,边缘词
布団,ふとん,名詞,被褥,布団を敷く / 布団で寝る / 布団が温かい,1,真题,否,温度を調整することはもちろん、 体に負担のかからない、 自分に合った枕や布団も睡眠をサポー,①被褥（布団を敷く｜铺床。）②床上用品（布団で寝る｜在被褥上睡觉。）,边缘词
サポ,さぽ,名詞,支持,サポを受ける / サポが必要だ / サポを提供する,1,真题,否,温度を調整することはもちろん、 体に負担のかからない、 自分に合った枕や布団も睡眠をサポー,①支持（サポートする｜提供支持。）②助手（サポート役｜担任助手。）,边缘词
乱す,みだす,動詞,打乱,乱すことがある / 乱すのをやめる / 乱すのが嫌だ,1,真题,否,.AもBも、できるだけ生活のリズムを乱さないようにしたほうがいいと述べている。,①打乱（秩序を乱す｜打乱秩序。）②扰乱（心を乱す｜扰乱心情。）,边缘词
親切,しんせつ,名詞,亲切,親切にする / 親切が大切だ / 親切を感じる,1,真题,否,相談に行って、 親切にもこちらに代わって即座に答を出してくれる人がいたとして、 それは助かった,①友好（親切にする｜表现友好。）②热心（親切な人｜热心的人。）,边缘词
素朴,そぼく,名詞,质朴,素朴な味 / 素朴が好きだ / 素朴に見える,1,真题,否,と素直にその回答を採用するほど、僕たちは単純素朴ではない。,①简单（素朴なデザイン｜简单的设计。）②纯真（素朴な心｜纯真的心。）,边缘词
だいいち,だいいち,副詞,第一,だいいちに考える / だいいちの理由 / だいいちに行う,1,真题,否,だいいち、 本人がいくら考えてもわか,①第一（だいいちの理由｜第一的理由。）②最重要（だいいちの問題｜最重要的问题。）,边缘词
大いに,おおいに,副詞,非常,大いに楽しむ / 大いに話す / 大いに期待する,1,真题,否,いや、むしろ大いに役立つのであ,①非常地（大いに楽しんだ｜非常享受。）②大大地（大いに助かる｜大大地帮助。）,边缘词
案外,あんがい,副詞,意外,案外うまくいく / 案外簡単だ / 案外多い,1,真题,否,案外簡単に建設的な (注1) 解決策が見つかった。,①意外地（案外簡単だった｜意外地简单。）②出乎意料（案外うまくいった｜出乎意料地顺利。）,边缘词
うに,うーに,名詞,海胆,うにが好きだ / うにを食べる / うにが新鮮だ,1,真题,否,うにはどう説明するのがよいかを工夫しながら話すことになる。,①海胆（うには美味しい｜海胆很好吃。）,边缘词
片道,かたみち,名詞,单程,片道切符 / 片道を選ぶ / 片道が多い,1,真题,否,片道だけの利用の場合、 料金はいくらになるか。,①单程（片道切符を買った｜买了单程票。）,边缘词
かし,かし,名詞,借,かしを借りる / かしが必要だ / かしを返す,1,真题,否,おいしいおかしが食べられるから,①借款（お金をかしに出す｜借出钱。）②礼物（お礼のかしを渡す｜递上感谢的礼物。）,边缘词
ドレッシング,どれっしんぐ,名詞,调料,ドレッシングをかける / ドレッシングを選ぶ / ドレッシングが必要,1,真题,否,ドレッシングの味を変えたほうがいい,①调味汁（サラダにドレッシング｜沙拉加调味汁。）,边缘词
賛否,さんぴ,名詞,赞否,賛否が分かれる / 賛否を問う / 賛否を表明する,1,真题,否,. 高速道路の建設については、賛否が分かれた。,①赞成与否（賛否が分かれる｜赞成与否各有不同。）,边缘词
ゆうする,ゆうする,動詞,说,ゆうすることがある / ゆうする内容 / ゆうする機会,1,真题,否,. 新入生をテニスサークルにかんゆうした。,①提到（彼はそれをゆうした｜他提到了这个。）②表示（意見をゆうする｜表达意见。）,边缘词
つもる,つもる,動詞,积累,つもる雪 / つもる思い / つもる情報,1,真题,否,. 落ち葉がつもった道を歩いた。,①积累（雪がつもる｜雪在积累。）②堆积（ゴミがつもる｜垃圾在堆积。）,边缘词
バナナ,ばなな,名詞,香蕉,バナナを食べる / バナナが好き / バナナを買う,1,真题,否,. このバナナは甘い香りがするので、そろそろ食べ ( ですよ。,①香蕉（バナナを食べる｜吃香蕉。）,边缘词
甘い,あまい,形容詞,甜,甘い味 / 甘い香り / 甘い言葉,1,真题,否,. このバナナは甘い香りがするので、そろそろ食べ ( ですよ。,①甜的（このケーキは甘いです｜这个蛋糕很甜。）②轻松的（甘い考えは捨てて｜放弃轻松的想法。）,边缘词
ドレス,どれす,名詞,裙子,ドレスを着る / ドレスが似合う / ドレスを選ぶ,1,真题,否,. 演奏会で着るドレスは、 いつも近所の店でレンタルしています。,①连衣裙（彼女はドレスを着ている｜她穿着连衣裙。）,边缘词
指図,さしず,名詞,指示,指図を受ける / 指図をする / 指図がある,1,真题,否,. 村上さんはほかの人に指図されるのが嫌いだそうだ。,①指示（彼は私に指図した｜他给我下达指示。）②命令（指図に従う｜遵循指示。）,边缘词
農場,のうじょう,名詞,农场,農場で働く / 農場を経営する / 農場の動物,1,真题,否,この農場では、農薬を使わずに野菜を栽培しています,①农场（彼は農場で働いている｜他在农场工作。）,边缘词
取り囲む,とりかこむ,動詞,包围,取り囲む人々 / 取り囲む風景 / 取り囲む状況,1,真题,否,人気歌手が現れると、ファンの人たちが急激に取り囲んだ,①包围（敵を取り囲む｜包围敌人。）②围住（家を取り囲む｜围住房子。）,边缘词
悲しい,かなしい,形容詞,悲伤,悲しい気持ち / 悲しい歌 / 悲しい出来事,1,真题,否,悲しい映画を見たせいか、 涙が漏れてきた,①悲伤的（悲しい映画を見た｜看了悲伤的电影。）②可怜的（悲しい状況だ｜情况很可怜。）,边缘词
黄色,きいろ,名詞,黄色,黄色の花 / 黄色の服 / 黄色の色,1,真题,否,ファッション誌によると、今年は黄色が傾向するそうだ,①黄色（黄色の花が咲いている｜黄色的花在盛开。）,边缘词
坂,さか,名詞,坡,坂を上る / 坂を下る / 坂が急,1,真题,否,この坂は傾向がきつくて、自転車だとつらい,①坡（この坂は急だ｜这条坡很陡。）②斜坡（坂を上る｜爬坡。）,边缘词
大雪,おおゆき,名詞,大雪,大雪が降る / 大雪の影響 / 大雪の中,1,真题,否,.今日の試合は大雪で延期になった。,①大雪（大雪が降った｜下了大雪。）②暴雪（大雪警報が出た｜发布了暴雪警报。）,边缘词
芸能,げいのう,名詞,表演艺术,芸能の世界 / 芸能を楽しむ / 芸能人が多い,1,真题,否,落語は日本の伝統的な芸能,①表演艺术（彼は芸能人だ｜他是艺人。）②娱乐（芸能に興味がある｜对娱乐感兴趣。）,边缘词
正座,せいざ,名詞,端坐,正座をする / 正座が苦手 / 正座の仕方,1,真题,否,着物を着た落語家が舞台に正座したまま、一人で何役も演じ、語って聞かせる。,①坐姿端正（例：正座で待つ｜正坐着等。）,边缘词
揺らす,ゆらす,動詞,摇动,揺らす風 / 揺らす手 / 揺らす音,1,真题,否,座ったまま体を揺らして歩いている様子を見せ、家から店に移動したことを表す。,①摇动（例：揺らして遊ぶ｜摇着玩。）②动摇（例：心を揺らす｜动摇心情。）,边缘词
細部,さいぶ,名詞,细节,細部に注意 / 細部を確認する / 細部が重要,1,真题,否,私は、話の細部は理解できていなかったかもしれない。,①细节部分（例：細部を確認する｜确认细节。）,边缘词
踊り,おどり,名詞,舞蹈,踊りを踊る / 踊りが上手 / 踊りの練習,1,真题,否,それに、映像や音楽や踊りがなくても、生き生きと話,①舞蹈（例：踊りを楽しむ｜享受舞蹈。）②跳舞（例：踊り始める｜开始跳舞。）,边缘词
下達,かたつ,名詞,下达,下達があった / 下達を受ける / 下達を行う,1,真题,否,市民絵画サークルぽぷら代表 山下達次,①下达指令（例：命令を下達する｜下达命令。）,边缘词
電,でん,接頭辞,电,電気がつく / 電話をかける / 電車が来る,1,真题,否,電製品からホテルまで10分類、 1万もの商品サービスの情報がある。,①电力（例：電が通る｜电流通过。）②电气（例：電の使用｜使用电。）,边缘词
デスクトップ,ですくとっぷ,名詞,桌面,デスクトップを整理する / デスクトップが散らかる / デスクトップのアイコン,1,真题,否,か 「デスクトップ」 / かなどを指定して検索する,①桌面界面（例：デスクトップを整理する｜整理桌面。）,边缘词
家電,かでん,名詞,家用电器,家電を買う / 家電が壊れる / 家電の種類,1,真题,否,このサイトには高齢者が使いやすいさまざまな家電製品やホテルの情報が載っている,①家用电器（例：家電を買う｜买家电。）,边缘词
育,いく,接尾辞,教育,育を重視する / 育が大切 / 育に関する問題,1,真题,否,だからこそ、 いつの時代でも、どの組織でも、優秀な人材の獲得に躍起になり、人材の育,①培养（例：育てること｜培养植物。）②教育（例：育成に力を入れる｜注重教育。）,边缘词
取り込む,とりこむ,動詞,吸收,取り込む情報 / 取り込むデータ / 取り込む時間,1,真题,否,成に多大の努力を注ぐとともに、いかに公正な評価のシステムを取り込むのかという点に強い関心を払,①吸收（例：情報を取り込む｜吸收信息。）②采纳（例：意見を取り込む｜采纳意见。）,边缘词
受け持つ,うけもつ,動詞,负责,受け持つクラス / 受け持つ仕事 / 受け持つ役割,1,真题,否,年生を受け持った時の5月、T男がつぶやいた。,①负责（彼はクラスを受け持っています｜他负责班级。）②担任（彼女が受け持つ科目は数学です｜她担任数学课。）,边缘词
替え,かえ,名詞,替换,替えを用意する / 替えが必要 / 替えをする,1,真题,否,クラス替えをしたばかりで、 まだ子ども同士の関係が深まっていない時期である。,①替换（古い部品を替えました｜更换旧部件。）②替代（新しい替えが必要です｜需要新的替代品。）,边缘词
プリン,ぷでぃんぐ,名詞,布丁,プリンを作る / プリンが好き / プリンを食べる,1,真题,否,と全員の名前を書いたプリン / 「その人のいいところや、良さを見つけた場面などを書きましょう」,①布丁（デザートにプリンを食べました｜甜点吃了布丁。）,边缘词
ちらちら,ちらちら,副詞,闪烁,ちらちらと光る / ちらちらと舞う / ちらちらと見える,1,真题,否,プリントを前に、ニコニコしながら書く子、友達の顔をちらちら見て書く子、難しい顔,①飘落（雪がちらちら降っています｜雪在飘落。）②闪烁（星がちらちら見えます｜星星在闪烁。）,边缘词
習字,しゅうじ,名詞,书法,習字を習う / 習字の練習 / 習字が上手,1,真题,否,習字がうまいとか、係の仕事をちゃんとやってい,①书法（習字の授業があります｜有书法课。）,边缘词
続き,つづく,名詞,续篇,続きが気になる / 続きを読む / 続きがある,1,真题,否,続きを翌週までに仕上げておくことにした。,①继续（物語の続きが気になります｜想知道故事的继续。）②后续（続きは来週発表します｜下周会公布后续。）,边缘词
翌週,よくしゅう,名詞,下周,翌週に予定がある / 翌週の会議 / 翌週の旅行,1,真题,否,続きを翌週までに仕上げておくことにした。,①下周（翌週の予定を確認します｜确认下周的计划。）,边缘词
冊子,さっし,名詞,小册子,冊子を配る / 冊子を読む / 冊子の内容,1,真题,否,提出されたものをまとめ、冊子にして配布した。,①小册子（観光地の冊子をもらいました｜拿到了旅游小册子。）,边缘词
照れる,てれる,動詞,害羞,照れる気持ち / 照れる瞬間 / 照れることがある,1,真题,否,どもたちは、T男を含め誰もが、照れくさいけどうれしい、といった表情だった。,①害羞（彼は照れて笑いました｜他害羞地笑了。）,边缘词
認め合う,みとめあう,動詞,相互认可,認め合う関係 / 認め合うことが大切 / 認め合う友人,1,真题,否,クラスのみんなが互いにほかの友達のことを知り、いいところを認め合うようにすること,①相互认可（お互いに認め合っています｜彼此认可。）,边缘词
作り声,つくりごえ,名詞,假声,作り声で話す / 作り声が気になる / 作り声を使う,1,真题,否,という思いの表れでもあります。 / 作り声は「本当の自分の姿を出したくない」,①假装的声音（例：作り声で話す｜用假装的声音说话。）②做作的语气（例：作り声で笑う｜用做作的语气笑。）,边缘词
職,しょく,名詞,职业,職を探す / 職が決まる / 職に就く,1,真题,否,特に接客業や営業職に多く見られる職業声は、まるで声をマニュアルや制服と同じように扱ってい,①职业（例：職を持つ｜有职业。）②工作（例：職に就く｜找到工作。）,边缘词
暗に,あんに,副詞,暗示,暗に示す / 暗に伝える / 暗に理解する,1,真题,否,いますよ」 / と暗に示しているのです。,①隐晦地（例：暗に示す｜隐晦地表示。）②间接地（例：暗に伝える｜间接地传达。）,边缘词
うわべ,うわべ,名詞,表面,うわべだけの関係 / うわべを気にする / うわべが大事,1,真题,否,消してうわべの職業声で話すことは、 厳しい見方をすれば、 人間対人間の場面で、個人を放棄している,①表面（例：うわべだけの関係｜表面的关系。）②外表（例：うわべを飾る｜装饰外表。）,边缘词
たやすい,たやすい,形容詞,简单,たやすい仕事 / たやすい問題 / たやすい選択,1,真题,否,個人の放棄は責任の放棄ともたやすく繋がります。,①简单的（例：たやすい仕事｜简单的工作。）②容易的（例：たやすい問題｜容易的问题。）,边缘词
借り物,かりもの,名詞,借物,借り物を返す / 借り物がある / 借り物を使う,1,真题,否,うな借り物の声で話すことは、 気楽ではあるかもしれないけれど、 心身には大きな負担であろうと思い,①借来的东西（例：借り物の本｜借来的书。）②借用物品（例：借り物を返す｜归还借用物品。）,边缘词
遠,とおい,接尾辞,远,遠くに行く / 遠くの景色 / 遠い未来,1,真题,否,そのような行為は図書館の本を利用される方にとって迷惑になりますので、ご遠,①远的（例：遠い場所｜远的地方。）②遥远的（例：遠い未来｜遥远的未来。）,边缘词
慮,慮,名詞,考虑,慮を重ねる / 慮が必要 / 慮を持つ,1,真题,否,慮くださるようお願いします。,①考虑（例：慮を巡らす｜考虑问题。）②顾虑（例：慮がある｜有顾虑。）,边缘词
書館,しょかん,名詞,图书馆,書館で勉強する / 書館に行く / 書館の本,1,真题,否,書館の本を利用しない勉強を禁止するというのも分かります。,①图书馆（例：書館に行く｜去图书馆。）②书籍馆（例：書館で借りる｜在书馆借书。）,边缘词
ネットワーク,ねっとわーく,名詞,网络,ネットワークを構築する / ネットワークが広がる / ネットワークの問題,1,真题,否,がありま / と「オンライン状態」,①网络（例：ネットワークを構築する｜建立网络。）②联系网（例：ネットワークを広げる｜扩大联系网。）,边缘词
インプット,いんぷっと,名詞,输入,インプットを増やす / インプットが必要 / インプットを行う,1,真题,否,オフライン状態のコンピュータは、 外部と交信せずに、すでにインプットされている情報やソフト,①输入（例：データのインプット｜输入数据。）②投入（例：知識のインプット｜投入知识。）,边缘词
ウェア,うえあ,名詞,软件,ウェアをインストールする / ウェアが必要 / ウェアの更新,1,真题,否,ウェアを用いて作業しています。,①衣物（例：スポーツウェア｜运动衣。）②软件（例：アプリウェア｜应用软件。）,边缘词
態と,わざと,副詞,态度,態と無視する / 態と話す / 態と行動する,1,真题,否,態とオンライン状態があるようです。,①状态（例：静かな態と｜安静的状态。）②情形（例：特別な態と｜特别的情形。）,边缘词
放り出す,ほうりだす,動詞,抛弃,放り出すことがある / 放り出す気持ち / 放り出す行動,1,真题,否,非日常的な環境に放り出されます。,①抛弃（例：物を放り出す｜抛弃物品。）②放任（例：仕事を放り出す｜放任工作。）,边缘词
一理,いちり,名詞,道理,一理がある / 一理を認める / 一理を考える,1,真题,否,と考えることができ、ひいては / は皆こういうようにやっているようだから、 一理あるんじゃないか」,①道理（例：一理ある意見｜有道理的意见。）②理由（例：一理のある説明｜有理由的解释。）,边缘词
広,ひろし,接頭辞,广,広がる世界 / 広い場所 / 広がる可能性,1,真题,否,「広辞苑」 / によると 「灯台 (燭台)の直下はあかりがが暗いよ,①宽广（例：広い道｜宽广的道路。）②广泛（例：広い知識｜广泛的知识。）,边缘词
辞苑,じえん,名詞,辞典,辞苑を引く / 辞苑が役立つ / 辞苑の内容,1,真题,否,「広辞苑」 / によると 「灯台 (燭台)の直下はあかりがが暗いよ,①词典（例：日本語辞苑｜日语词典。）②辞书（例：英和辞苑｜英和辞书。）,边缘词
燭台,しょくだい,名詞,烛台,燭台に火を灯す / 燭台が美しい / 燭台を飾る,1,真题,否,「広辞苑」 / によると 「灯台 (燭台)の直下はあかりがが暗いよ,①烛台（例：燭台に火を灯す｜点燃烛台。）②蜡烛架（例：古い燭台｜古老的烛台。）,边缘词
直下,ちょっか,名詞,直接下方,直下にある / 直下の状況 / 直下の影響,1,真题,否,「広辞苑」 / によると 「灯台 (燭台)の直下はあかりがが暗いよ,①正下方（例：直下の部屋｜正下方的房间。）②直接（例：直下の指示｜直接的指示。）,边缘词
あかり,あかり,名詞,光,あかりを灯す / あかりが必要 / あかりを楽しむ,1,真题,否,「広辞苑」 / によると 「灯台 (燭台)の直下はあかりがが暗いよ,①光亮（例：部屋のあかり｜房间的光亮。）②灯光（例：あかりが点く｜灯光亮起。）,边缘词
手近,てぢか,名詞,近便,手近な場所 / 手近にある / 手近なもの,1,真题,否,とあります。 / うに、手近のの事情はかえってわかりにくいものである」,①近处，身边（手近な場所｜近处的地方。）②容易，简单（手近な方法｜简单的方法。）,边缘词
さらい,さらい,名詞,掠夺,さらいを受ける / さらいがある / さらいを防ぐ,1,真题,否,を考え直したり、おさらいしたりしようと思っても、それは難しいのです。,①清扫，打扫（部屋をさらいする｜打扫房间。）②洗净，清洗（皿をさらいする｜清洗盘子。）,边缘词
越,こし,名詞,越过,越を越える / 越が必要 / 越を楽しむ,1,真题,否,ご利用を希望されるお客様は、一階サービスカウンターまでお越,①越过，超越（山を越える｜越过山。）②超过，胜过（記録を越える｜超过记录）,边缘词
緑町,みどりちょう,名詞,绿町,緑町に住む / 緑町の風景 / 緑町の人々,1,真题,否,岩町長全域、 緑町全域、 花守町1丁目5丁目,①绿町，绿化的街道（緑町に住んでいる｜住在绿町）,边缘词
花守,はなもり,名詞,花守,花守をする / 花守が好き / 花守の仕事,1,真题,否,岩町長全域、 緑町全域、 花守町1丁目5丁目,①花的守护者（花守がいる｜有花守）,边缘词
朝春,ちょうしゅん,名詞,春天,朝春を迎える / 朝春が来る / 朝春に花が咲く,1,真题,否,朝春町全域、 千京町3丁目~6丁目,①春天的早晨（朝春の光｜春天的光）,边缘词
レジ,れじ,名詞,收银台,レジで支払う / レジに並ぶ / レジを通す,1,真题,否,レジでご精算のあと、 配達をご希望の商品を1階サービスカウンターにお持ちください。,①收银台，结账处（レジで支払う｜在收银台付款）,边缘词
精算,せいさん,名詞,结算,精算を行う / 精算が必要だ / 精算を済ませる,1,真题,否,レジでご精算のあと、 配達をご希望の商品を1階サービスカウンターにお持ちください。,①结算，清算（精算を行う｜进行结算）②计算，核算（料金を精算する｜计算费用）,边缘词
文体,ぶんたい,名詞,文体,文体が特徴的だ / 文体にこだわる / 文体を選ぶ,1,真题,否,文体をとういつして書くこと,①文体，文风（文体を学ぶ｜学习文体）②文学风格（文体が独特｜文体很独特）,边缘词
値札,ねふだ,名詞,价格标签,値札を付ける / 値札が見える / 値札を確認する,1,真题,否,値札のきんがくを高く書き変える,①价格标签（値札が付いている｜有价格标签）②标价（値札を確認する｜确认标价）,边缘词
襲う,おそう,動詞,袭击,襲うが成功する / 襲うを試みる / 襲うに備える,1,真题,否,[11]この動物は、 敵に襲われると、体をボール ( に丸めて身を守る。,①袭击（敵を襲う｜袭击敌人）②侵袭（台風が襲う｜台风来袭）,边缘词
丸める,まるめる,動詞,卷起,丸めるを試みる / 丸めるが得意だ / 丸めるに時間がかかる,1,真题,否,[11]この動物は、 敵に襲われると、体をボール ( に丸めて身を守る。,①卷起（紙を丸める｜卷起纸）②使成球形（ボールを丸める｜做成球形）,边缘词
シンポジウム,しんぽじうむ,名詞,研讨会,シンポジウムに参加する / シンポジウムで発表する / シンポジウムを開催する,1,真题,否,[12] 明日のシンポジウムは ( 会場で行われるので、ご注意ください。,①研讨会（シンポジウムを開催する｜举办研讨会）,边缘词
手書き,てがき,名詞,手写,手書きで書く / 手書きが好きだ / 手書きのメモ,1,真题,否,[23] 手書きの文字には書いた人の人柄が出る。,①手写（手書きのメモ｜手写的备忘录）,边缘词
人柄,ひとがら,名詞,人品,人柄が良い / 人柄を知る / 人柄に惹かれる,1,真题,否,[23] 手書きの文字には書いた人の人柄が出る。,①人品（彼は人柄が良い｜他人品很好）②性格（彼女の人柄が好き｜喜欢她的性格）,边缘词
案の定,あんのじょう,副詞,果然,案の定、失敗する / 案の定、遅れる / 案の定、成功する,1,真题,否,[24] スピーチは案の定うまくできなかった。,①果然（案の定、雨が降った｜果然下雨了）,边缘词
捕まえる,つかまえる,動詞,抓住,捕まえるが難しい / 捕まえるを試みる / 捕まえるに成功する,1,真题,否,.この島は法律でかばわれていて、捕まえたり飼ったりすることが禁止されている。,①抓住（魚を捕まえる｜抓住鱼）②逮捕（犯人を捕まえる｜逮捕犯人）,边缘词
厳重,げんじゅう,形状詞,严格,厳重に管理する / 厳重なチェック / 厳重な警備,1,真题,否,.開発した新技術をかばうため、関連する情報を厳重に管理している。,①严格（厳重な管理｜严格管理）②严密（厳重な警備｜严密警备）,边缘词
予,よ,代名詞,预,予が必要だ / 予を立てる / 予が外れる,1,真题,否,着る服装を選ぶときも、 休日の予,①预先（予想する｜预先预测）②预测（予測が外れる｜预测失误）,边缘词
販,はん,名詞,销售,販を行う / 販が好調だ / 販に力を入れる,1,真题,否,[ 49 ]政府は、 気象データとPOSデータ (何が、いつ、いくつ、いくらで売れたのかを示す販,①销售（販売する｜进行销售）②贩卖（商品を販促する｜促销商品）,边缘词
取り込み,とりこみ,名詞,吸收,取り込みが多い / 取り込みを行う / 取り込みに時間がかかる,1,真题,否,売情報)から高度な需要予測を行い、製造や販売の各社に提供する取り込みを始めた。,①处理（例：データの取り込み｜处理数据）②忙碌（例：取り込み中です｜正在忙碌）,边缘词
豆腐,とうふ,名詞,豆腐,豆腐を食べる / 豆腐が好きだ / 豆腐を作る,1,真题,否,と、 特定の / [ 50 ]、まず、 長期保存が出来ず気象状況が売り上げに大きく影響する 「豆腐」,豆制品（例：豆腐を食べる｜吃豆腐）,边缘词
麺つゆ,めんつゆ,名詞,面条汤,麺つゆをかける / 麺つゆが美味しい / 麺つゆを作る,1,真题,否,に絞って実験が行われた。 / 季節に需要が集中する 「麺つゆ」,面条汤汁（例：麺つゆをかける｜浇面条汤汁）,边缘词
有料,ゆうりょう,名詞,收费,有料で提供する / 有料が必要だ / 有料のサービス,1,真题,否,花丸駅前の有料駐車場を利用している者です。,收费（例：有料サービス｜收费服务）,边缘词
見回る,みまわる,動詞,巡视,見回るをする / 見回るが大切だ / 見回るに行く,1,真题,否,管理人が見回って、これらの自転車を片付けたり、無断で止めている人に注意したりするべき,环顾四周（例：周りを見回る｜环顾四周）,边缘词
立ち寄る,たちよる,動詞,顺便去,立ち寄るをする / 立ち寄るが便利だ / 立ち寄る場所,1,真题,否,運動、 気分転換など色々な理由はあるが、 コンビニに立ち寄るこ,顺便拜访（例：友達の家に立ち寄る｜顺便拜访朋友）,边缘词
売り物,うりもの,名詞,商品,売り物が多い / 売り物を見せる / 売り物を選ぶ,1,真题,否,そこでいろいろな売り物を見て、 雑誌を眺めて、 飲み物を買う。,出售物品（例：売り物はこれです｜这是出售物品）,边缘词
良好,りょうこう,形状詞,良好,良好な関係 / 良好である / 良好な結果,1,真题,否,良好な人間関係や居心地の良さを求める学生が増,良好状态（例：良好な結果｜良好结果）,边缘词
書き進める,かきすすめる,動詞,继续写,書き進めるを続ける / 書き進めるが難しい / 書き進めるに時間がかかる,1,真题,否,実際に書き進める際には、 私の場合、 その原稿を読む最初の読者、すなわち担当編集者を念頭(注1)に,继续写作（例：レポートを書き進める｜继续写报告）,边缘词
期末,きまつ,名詞,期末,期末が近い / 期末に試験がある / 期末を迎える,1,真题,否,が期末にどんなレポートを書いてくるか楽しみにしていたら、レポートがすごくつまらなかったのであ,学期末（例：期末試験がある｜有期末考试）,边缘词
論点,ろんてん,名詞,论点,論点を整理する / 論点が明確だ / 論点を議論する,1,真题,否,そのときの方が思考が刺激されておもしろい論点に自分で気がつくのだが、いざ,①讨论的焦点（この論点は重要です｜这个论点很重要）②争论的主题（論点が明確です｜论点很明确）,边缘词
興,きょう,名詞,兴,興を持つ / 興が湧く / 興を示す,1,真题,否,個性の重視ということが注目されるようになって以来、「子供の興味を尊重し、一人一人の子供が興,①兴趣（興がある｜有兴趣）②兴致（興が湧く｜兴致高涨）,边缘词
待ち伏せ,まちぶせ,名詞,埋伏,待ち伏せをする / 待ち伏せに成功する / 待ち伏せを試みる,1,真题,否,私達を待ち伏せ (注1) してい,①埋伏（敵を待ち伏せする｜埋伏敌人）②伏击（待ち伏せ攻撃｜进行伏击）,边缘词
日帰り,ひがえり,名詞,日归,日帰りで行く / 日帰りの旅行 / 日帰りが可能だ,1,真题,否,昔から一泊か二泊を要したところへ、 今は日帰りで行って帰ってくるということをしている。,①当天往返（日帰り旅行｜当天往返旅行）,边缘词
惜しむ,おしむ,動詞,惜惜,惜しむ気持ち / 惜しむをする / 惜しむことができない,1,真题,否,に時間を惜しんで、 物事を急いでして、 しかも昔の人の生きたのよりもその二倍に近いような、長い長,①珍惜（時間を惜しむ｜珍惜时间）②怜惜（彼を惜しむ｜怜惜他）,边缘词
もてあます,もてあます,動詞,无所事事,もてあます時間 / もてあますをする / もてあます状況,1,真题,否,使わない時間、 もてあます時間、 何もしない時間、 極端に言うと、 何,①无所适从（時間をもてあます｜无所适从）②难以处理（お金をもてあます｜难以处理钱）,边缘词
割り込む,わりこむ,動詞,插入,割り込むをする / 割り込むが許されない / 割り込むことがある,1,真题,否,私たちの人生に否応なく割り込んできてしまう。,①插队（列に割り込む｜插队）②打断（会話に割り込む｜打断对话）,边缘词
産物,さんぶつ,名詞,产物,産物が豊富だ / 産物を生み出す / 産物を評価する,1,真题,否,何しろ本というソフトウェアは10年や30年の産物ではないのです。,①产品（地域の産物｜地区的产品）②成果（努力の産物｜努力的成果）,边缘词
漬物,つけもの,名詞,腌菜,漬物を作る / 漬物が好きだ / 漬物を食べる,1,真题,否,. 漬物を漬ける季節はその準備がとても忙しかったので、退屈するような暇はなかったということ。,①腌菜（日本の漬物｜日本的腌菜）,边缘词
曇る,くもる,動詞,阴天,曇るが続く / 曇ると雨が降る / 曇る日が多い,1,真题,否,午前中は晴れるが、午後から曇る,①变阴（空が曇る｜天空变阴）②心情阴郁（気持ちが曇る｜心情阴郁）,边缘词
曇り,くもり,名詞,阴,曇りがちだ / 曇りの日 / 曇りを気にする,1,真题,否,午前中は曇りで、午後から雨が降る,①阴天（今日は曇りです｜今天是阴天）②模糊不清（心が曇りがち｜心情模糊）,边缘词
居間,いま,名詞,客厅,居間でくつろぐ / 居間が広い / 居間に家具を置く,1,真题,否,居間のカーテンにストーブの火が燃え移ったこと,①客厅（居間でくつろぐ｜在客厅放松）,边缘词
年金,ねんきん,名詞,养老金,年金を受け取る / 年金が支給される / 年金を考える,1,真题,否,年金だけで生活することの難しさ,①养老金（年金を受け取る｜领取养老金）,边缘词
存分,ぞんぶん,形状詞,尽情,存分に楽しむ / 存分に食べる / 存分に遊ぶ,1,真题,否,思う存分趣味を楽しめる喜び,①尽情（存分に楽しむ｜尽情享受）②充分（存分に食べる｜充分吃）,边缘词
罰金,ばっきん,名詞,罚款,罰金を払う / 罰金が科せられる / 罰金を受ける,1,真题,否,[14]規則に( した場合は、 罰金を払わなければならない。,①罚款（罰金を払う｜支付罚款）,边缘词
書籍,しょせき,名詞,书籍,書籍を読む / 書籍が豊富だ / 書籍を購入する,1,真题,否,[22]ここには大量の書籍が収められている。,①书籍（書籍を読む｜阅读书籍）,边缘词
とがる,とがる,動詞,尖锐,とがるが特徴だ / とがるを持つ / とがることがある,1,真题,否,[24] この道具は先がとがっている。,①尖锐（ナイフがとがる｜刀尖锐）②突出（意見がとがる｜意见突出）,边缘词
瓶,びん,名詞,瓶子,瓶に入れる / 瓶が割れる / 瓶を持つ,1,真题,否,.瓶のふたが頑固で、いくら力を入れても開かない。,①瓶子（瓶に水を入れる｜瓶里装水）,边缘词
守り,まもり,名詞,守护,守りを固める / 守りが大切だ / 守りを強化する,1,真题,否,.相手チームの守りがとても頑固で、点が取れない。,①守护（家を守り｜守护家）②防守（守りを固める｜加强防守）,边缘词
履く,はく,動詞,穿,履くを選ぶ / 履くが楽だ / 履くことができる,1,真题,否,. この靴は10年間も履き続けているから、かなり荒れている。,①穿（靴を履く｜穿鞋）,边缘词
入院,にゅういん,名詞,住院,入院が必要だ / 入院をする / 入院中に休む,1,真题,否,.入院で仕事を休んでいたので、 営業成績は荒れてしまった。,①住院（病院に入院する｜住院治疗）②入院治疗（入院して治療を受ける｜住院接受治疗）,边缘词
アナウンス,あなうんす,名詞,公告,アナウンスが流れる / アナウンスを聞く / アナウンスをする,1,真题,否,[40] (劇場内のアナウンスで),①广播（駅でアナウンスが流れる｜车站广播）②通知（重要なアナウンスがあります｜有重要通知）,边缘词
都心,としん,名詞,市中心,都心で働く / 都心に住む / 都心が便利だ,1,真题,否,[45] この町では、 都心で家を借りる,①市中心（都心に住んでいる｜住在市中心）②城市核心（都心は賑やかだ｜市中心很热闹）,边缘词
細胞,さいぼう,名詞,细胞,細胞が分裂する / 細胞を観察する / 細胞が重要だ,1,真题,否,酸素や栄養が十分に細胞に届かなくなってしまう。,①细胞（細胞が分裂する｜细胞分裂）②生物基本单位（細胞は生命の基本単位｜细胞是生命基本单位）,边缘词
物体,ぶったい,名詞,物体,物体が動く / 物体を観察する / 物体が存在する,1,真题,否,情景や物体を眺める時、 人の判断はあまり変わらない。,①物体（物体が落ちる｜物体掉落）②实体（物体の運動を考える｜考虑物体的运动）,边缘词
くず,くず,名詞,废物,くずが出る / くずを捨てる / くずを整理する,1,真题,否,水温が下がると消化機能も低下するので、えさをあまり多く与えると消化不良を起こして体調をくず,①废物（くずを捨てる｜扔掉废物）②残渣（食べ物のくずが出る｜产生食物残渣）,边缘词
ヒーター,ひーたー,名詞,加热器,ヒーターを使う / ヒーターが必要だ / ヒーターを点ける,1,真题,否,ヒーターを入れて、飼育水の温度を18~20度に保てば、 金魚は活発に泳いでえさもよく食べるように,①加热器（ヒーターをつける｜打开加热器）②暖气设备（部屋にヒーターがある｜房间里有暖气）,边缘词
高原,たかはら,名詞,高原,高原に行く / 高原が美しい / 高原で過ごす,1,真题,否,[55] 高原さんは、初回の会議までに何をしなければならないか。,①高原（高原でキャンプする｜在高原露营）②高地（高原の風景が美しい｜高原的风景很美）,边缘词
熱中,ねっちゅう,名詞,热衷,熱中することが多い / 熱中を続ける / 熱中している,1,真题,否,(注1)のめりこむ:熱中する,①热衷（ゲームに熱中する｜沉迷于游戏）②专注（勉強に熱中している｜专注于学习）,边缘词
計面,けいめん,名詞,计算面,計面を考える / 計面が重要だ / 計面を見直す,1,真题,否,がわかっているときには、最初に何を話すのかをよく考えて計面することはとても効果的です。,①计算面（計面を考慮する｜考虑计算面）②计划表（計面を作成する｜制作计划表）,边缘词
落胆,らくたん,名詞,失望,落胆することがある / 落胆を感じる / 落胆を乗り越える,1,真题,否,大事な試合を落とした直後は選手も興奮、落胆 (注4) などさまざまな感情が入り交じっていて、生,①失落，沮丧（彼は落胆している。｜他感到失落）,边缘词
入り交じる,いりまじる,動詞,交错,入り交じるが面白い / 入り交じるを楽しむ / 入り交じる状況,1,真题,否,大事な試合を落とした直後は選手も興奮、落胆 (注4) などさまざまな感情が入り交じっていて、生,①交错，混杂（人が入り交じっている。｜人们混杂在一起）,边缘词
さあ,さあ,感動詞,来吧,さあ、行こう / さあ、始めよう / さあ、楽しもう,1,真题,否,しかし、 さあ読書感想文を書けと言われても、いっこうに書けないのだ。,①来吧，快（さあ、行こう！｜来吧，走吧！）,边缘词
いっこう,いっこう,副詞,完全,いっこうに進まない / いっこうに変わらない / いっこうに気にしない,1,真题,否,しかし、 さあ読書感想文を書けと言われても、いっこうに書けないのだ。,①完全，毫无（いっこう気にしない。｜完全不在意）,边缘词
永年,えいねん,名詞,多年,永年の経験 / 永年にわたる / 永年を過ごす,1,真题,否,つい先日、その永年の疑問が氷解した (注1)。,①多年，长年（永年の友人。｜多年的朋友）,边缘词
汽車,きしゃ,名詞,火车,汽車を利用する / 汽車が走る / 汽車に乗る,1,真题,否,私が主に読んでいたのは、汽車,①火车，列车（汽車が来た。｜火车来了）,边缘词
帳,とばり,接尾辞,帐篷,帳を張る / 帳がある / 帳を作る,1,真题,否,の時刻表、地図帳、 人名事典、 旅行案内、 百科事典、 美術写真集、 植物図鑑などの類 (注2) であって、,①帐篷，帷幕（帳を張る。｜搭帐篷）,边缘词
百科,ひゃっか,名詞,百科全书,百科を読む / 百科に載る / 百科を引く,1,真题,否,の時刻表、地図帳、 人名事典、 旅行案内、 百科事典、 美術写真集、 植物図鑑などの類 (注2) であって、,①百科全书（百科事典を読む。｜阅读百科全书）,边缘词
与,あたえ,名詞,与,与がある / 与を与える / 与に関する,1,真题,否,親は必死になって、いわゆる (注4) 読み物の類を買い与,①与，和（彼と与える。｜和他一起）,边缘词
恐竜,きょうりゅう,名詞,恐龙,恐竜が生きる / 恐竜を研究する / 恐竜の化石,1,真题,否,それでも、恐竜カタログは好きかもしれない。,①恐龙（恐竜が好きです。｜我喜欢恐龙）,边缘词
双,そう,接頭辞,双,双がある / 双にする / 双を持つ,1,真题,否,会話のように双方向的なやりとりであるなら、 自分が言おうとするこ,①双重的（双子の兄弟｜双胞胎兄弟）②成对的（双の靴｜一双鞋子）,边缘词
作用,さよう,名詞,作用,作用がある / 作用を持つ / 作用に関する,1,真题,否,プラスに作用する (注5)ことは少ない。,①作用（薬の作用｜药的作用）②影响（影響を与える｜产生影响）,边缘词
面像,めんぞう,名詞,面孔,面像が変わる / 面像を描く / 面像に見る,1,真题,否,自分の映像作品に含まれいる情報、たとえばひとつのショット (注6) の面像がどのような意,①面貌（彼の面像｜他的面貌）②形象（彼女の面像｜她的形象）,边缘词
掘り下げる,ほりさげる,動詞,深入,掘り下げることができる / 掘り下げるために / 掘り下げる必要がある,1,真题,否,という問いへの子どもの答えにもっと耳を傾け、 深く掘り下げて語り合いましょう。,①深入探讨（問題を掘り下げる｜深入探讨问题）②挖掘（地面を掘り下げる｜挖掘地面）,边缘词
思い描く,おもいえがく,動詞,想象,思い描くことができる / 思い描くために / 思い描くのが好き,1,真题,否,緊張しているときに大事なのは、うまくできた状況を思い描くことだ。,①想象（未来を思い描く｜想象未来）②描绘（夢を思い描く｜描绘梦想）,边缘词
格好,かっこう,名詞,样子,格好がいい / 格好をする / 格好に合わせる,1,真题,否,.AもBも、必要以上に格好をつけようと思うのをやめたほうがいいと述べている。,①样子（格好がいい｜样子很好）②姿态（格好をつける｜摆出姿态）,边缘词
発信,はっしん,名詞,发送,発信をする / 発信がある / 発信を受ける,1,真题,否,直接的に何かを発信しなくても、 自分の選択や判断、行動というのは、自分の中に取り入れた情報や知,①发送（情報を発信する｜发送信息）②发出（信号を発信する｜发出信号）,边缘词
識,しき,名詞,识别,識がある / 識を持つ / 識に関する,1,真题,否,識や理論を加工した結果、 出てきているのです。,①识别（識を持つ｜具备识别能力）②知识（識を深める｜加深知识）,边缘词
吟味,ぎんみ,名詞,品味,吟味をする / 吟味が必要 / 吟味を重ねる,1,真题,否,というのは、自分の中でしっかりその情報を吟味して、その意味を考え、 自分のものにする作業です。,①仔细考虑（材料を吟味する｜仔细考虑材料）②品味（味を吟味する｜品味味道）,边缘词
押し寄せる,おしよせる,動詞,涌来,押し寄せる波 / 押し寄せる人々 / 押し寄せる風,1,真题,否,いろな情報や知識が押し寄せてくるので、つい情報や知識を収集することに力を入れすぎて、「熟成」,①涌来（人が押し寄せる｜人群涌来）②逼近（波が押し寄せる｜波浪逼近）,边缘词
おろそか,おろそか,形状詞,疏忽,おろそかにする / おろそかになる / おろそかにしない,1,真题,否,せることが(私自身も含めて)、 おろそかになりがちです。,①马虎，草率（仕事をおろそかにする｜马虎对待工作）②忽视，怠慢（勉強をおろそかにする｜忽视学习）,边缘词
即席,そくせき,名詞,即席,即席の料理 / 即席で作る / 即席を楽しむ,1,真题,否,社会全般が即席生産、 促成栽培のようになっている気がするのです。,①即兴，临时（即席のスピーチ｜即兴演讲）②速成，快速（即席ラーメン｜速成拉面）,边缘词
促成,そくせい,名詞,促成,促成を行う / 促成が必要 / 促成をする,1,真题,否,社会全般が即席生産、 促成栽培のようになっている気がするのです。,①促进，推动（促成する｜促进发展）②加速，促使（促成効果｜加速效果）,边缘词
加,か,名詞,增加,加がある / 加をする / 加に関する,1,真题,否,こういう時代だからこそ、相対的に大事になってくるのは、得られた情報や知識を自分の中でどう加,①增加，添加（人数を加える｜增加人数）②加法，合并（加算する｜进行加法）,边缘词
工,こう,名詞,工,工が必要 / 工を使う / 工に関する,1,真题,否,工するかをじっくり考え熟成させることです。,①工艺，技术（工が必要｜需要工艺）②工作，劳动（工をする｜进行工作）,边缘词
週,しゅう,名詞,周,週に一度 / 週が始まる / 週を過ごす,1,真题,否,受講料(週一回、 1ヶ月分),①周，星期（週に一度｜每周一次）②周期，时段（週末に会う｜周末见面）,边缘词
年会,ねんかい,名詞,年会,年会を開く / 年会に参加する / 年会がある,1,真题,否,"ご入会の際に、 入会金 (6,600円)、 年会金 (2,200円)、 受講料1ヶ月分を現金でお支払いください。",①年会，年度会议（年会を開く｜召开年会）②年终聚会（年会に参加する｜参加年终聚会）,边缘词
引き落とし,ひきおとし,名詞,扣款,引き落としがある / 引き落としをする / 引き落としの手続き,1,真题,否,講料は、2ヶ月目から口座引き落としになります。,①自动扣款（口座から引き落とし｜从账户中扣款）②扣除，提取（引き落とし手続き｜进行扣除手续）,边缘词
振り替える,ふりかえる,動詞,转账,振り替えることができる / 振り替えるために / 振り替える必要がある,1,真题,否,同じコースの他の曜日に振り替えて受講する場合、フロントで事前にご予約ください。,①调换，替换（日程を振り替える｜调整日程）②转账，调拨（振り替え手続き｜进行转账手续）,边缘词
退会,たいかい,名詞,退会,退会をする / 退会がある / 退会の手続き,1,真题,否,退会 (スクールをやめる場合),①退会，退出（会員を退会する｜退出会员）②解除会员（退会手続きをする｜办理退会手续）,边缘词
しかく,しかく,副詞,资格,しかくを持つ / しかくが必要 / しかくに関する,1,真题,否,. しかく試験の合格りつが高いから,①四边形（例：四角の形｜四角的形状）②资格（例：資格を得る｜获得资格）,边缘词
りつ,りつ,名詞,率,りつが高い / りつを計算する / りつに関する,1,真题,否,. しかく試験の合格りつが高いから,①比率（例：割合の計算｜计算比例）②率（例：成長率｜增长率）,边缘词
そうざい,そうざい,名詞,素材,そうざいを選ぶ / そうざいが必要 / そうざいに使う,1,真题,否,. そうざいの種類を増やす,①素材（例：料理の素材｜料理的素材）②創作（例：創作活動｜创作活动）,边缘词
栓,せん,名詞,塞子,栓を抜く / 栓がある / 栓をする,1,真题,否,. すいちょくに栓を引く。,①瓶塞（例：瓶の栓｜瓶子的塞子）②栓抜き（例：栓抜きを使う｜使用开瓶器）,边缘词
そなえる,そなえる,動詞,准备,そなえることができる / そなえるために / そなえる必要がある,1,真题,否,. 災害にそなえることはとても大切だ。,①准备（例：備えをする｜做好准备）②装备（例：設備を備える｜装备设施）,边缘词
さわがしい,さわがしい,形容詞,喧闹,さわがしい音 / さわがしい場所 / さわがしい人々,1,真题,否,. 今日は、犬がいつもよりさわがしい。,①吵闹（例：騒がしい場所｜吵闹的地方）②喧闹（例：騒がしい音｜喧闹的声音）,边缘词
コート,こーと,名詞,外套,コートを着る / コートが必要 / コートを脱ぐ,1,真题,否,今日は気温が下がるようなので、温厚なコートが必要だ,①外套（例：コートを着る｜穿上外套）②球场（例：テニスコート｜网球场）,边缘词
乾杯,かんぱい,名詞,干杯,乾杯をする / 乾杯がある / 乾杯の音頭,1,真题,否,全員に飲み物が普及したようなので、 森さんから乾杯のあいさつをお願いします,①祝酒（例：乾杯しましょう｜让我们干杯）,边缘词
インフルエンザ,いんふるえんざ,名詞,流感,インフルエンザにかかる / インフルエンザが流行する / インフルエンザの予防,1,真题,否,先週からインフルエンザが普及していて、 小学校が休みになっている,①流感（例：インフルエンザにかかる｜得了流感）,边缘词
バター,ばたー,名詞,黄油,バターを塗る / バターが必要 / バターを使う,1,真题,否,バターやチーズは牛乳から生じる,①黄油（例：バターを塗る｜涂黄油）,边缘词
早め,はやめ,形状詞,提前,早めに行く / 早めに準備する / 早めに出発する,1,真题,否,ったら、早めに受診するようにしましょう。,①提前（早めに行動する｜提前行动）②早一点（早めに寝る｜早一点睡）,边缘词
和食,わしょく,名詞,日本料理,和食を食べる / 和食が好き / 和食を作る,1,真题,否,客「これから西森町に行くんですが、どこかおいしい和食のお店はありませんか。,①日本料理（和食を楽しむ｜享受日本料理）,边缘词
気づかす,きづかす,動詞,提醒,気づかすことができる / 気づかすために / 気づかす必要がある,1,真题,否,から気づかされることも多いからだ。,①使注意到（気づかせる｜使人注意到）②提醒（気づかせてくれる｜提醒）,边缘词
遅刻,ちこく,名詞,迟到,遅刻をする / 遅刻がある / 遅刻の理由,1,真题,否,. 昨日、アルバイトに遅刻しそうだったので,①迟到（遅刻しないように｜不要迟到）②耽搁（遅刻すること｜迟到的事）,边缘词
暗証,あんしょう,名詞,密码,暗証を設定する / 暗証が必要 / 暗証を忘れる,1,真题,否,取り出すときも、暗証番号を入力すれば、 機械が地上へ運んできてくれる。,①密码（暗証番号｜密码）②暗号（暗証を設定する｜设置密码）,边缘词
出し入れ,だしいれ,名詞,进出,出し入れがある / 出し入れをする / 出し入れの手続き,1,真题,否,たとえば、出し入れの手軽さだ。,①进出（出し入れが簡単｜进出方便）②取出与放入（出し入れが便利｜取出和放入方便）,边缘词
悪む,にくむ,動詞,厌恶,悪むことができる / 悪むのが嫌い / 悪む理由,1,真题,否,どんなに悪まれた人生でも、恐いことは,①厌恶（悪んでいる｜厌恶）②责怪（悪んでいる気持ち｜责怪的心情）,边缘词
運命,うんめい,名詞,命运,運命が決まる / 運命を信じる / 運命に従う,1,真题,否,し、光の当たらない場所でタネが発芽すれば、発芽した芽生えがどんな運命をたどるかは、容易に想像,①命运（運命を感じる｜感受到命运）②宿命（運命に従う｜遵从宿命）,边缘词
たどる,たどる,動詞,追溯,たどる道 / たどることができる / たどるために,1,真题,否,し、光の当たらない場所でタネが発芽すれば、発芽した芽生えがどんな運命をたどるかは、容易に想像,①追溯（道をたどる｜追溯道路）②沿着走（道をたどって行く｜沿着道路走）,边缘词
返答,へんとう,名詞,回答,返答がある / 返答を待つ / 返答をする,1,真题,否,今週中に返答しなければならないのですが、 今から30本増やすことは可能でしょうか。,①回答（返答を待つ｜等待回复）②回复（返答する｜进行回复）,边缘词
降り掛かる,ふりかかる,動詞,降临,降り掛かる雨 / 降り掛かる問題 / 降り掛かる影響,1,真题,否,仕事でも、人生でも、ようは降り掛かる問題をいかに解決していくか、という作業の繰り返した。,①降落到（例：雨が降り掛かる｜雨降下来）②降临（例：災難が降り掛かる｜灾难降临）,边缘词
雑,ざつ,接頭辞,杂乱,雑な仕事 / 雑に扱う / 雑が多い,1,真题,否,人生で得をするために、 雑しい問題に積極的に取り組むべきだ,①杂乱的（例：雑な仕事｜杂乱的工作）②杂的（例：雑な内容｜杂的内容）,边缘词
クレヨン,くれよん,名詞,蜡笔,クレヨンで描く / クレヨンが必要 / クレヨンを使う,1,真题,否,身近に鉛筆やクレヨンなどがあれば、そこらに何かを描きなぐるのも,①蜡笔（例：クレヨンで描く｜用蜡笔画）,边缘词
なぐる,なぐる,動詞,打击,なぐることができる / なぐるのが嫌い / なぐる理由,1,真题,否,身近に鉛筆やクレヨンなどがあれば、そこらに何かを描きなぐるのも,①打击（例：彼をなぐる｜打他）②殴打（例：なぐられた｜被打）,边缘词
汚す,よごす,動詞,弄脏,汚すことがある / 汚すのが嫌い / 汚す原因,1,真题,否,そこらを汚す」 / といって、子供の遊びをやみくもに禁じてしまわないこと,①弄脏（例：服を汚す｜弄脏衣服）②玷污（例：名誉を汚す｜玷污名誉）,边缘词
なぞる,なぞる,動詞,描摹,なぞることができる / なぞるために / なぞる必要がある,1,真题,否,言葉を使っているというのもポイントで、著者の思考をなぞることができてしまう。,①描摹（例：線をなぞる｜描摹线条）②沿着（例：地図をなぞる｜沿着地图）,边缘词
ナナメ,ななめ,名詞,斜,ナナメに見る / ナナメが好き / ナナメに置く,1,真题,否,ただ注意したいのは、何でも批判的に、 ナナメに読めば思考力が深まるわけではないということで,①斜的（例：ナナメに傾く｜倾斜）②倾斜（例：ナナメの角度｜斜的角度）,边缘词
入れ込む,いれこむ,動詞,投入,入れ込むことができる / 入れ込むために / 入れ込む必要がある,1,真题,否,一人の作家に入れ込んで、その作家のものばかり読んでいると、どうしても視点が偏りがちになり,①投入（例：お金を入れ込む｜投入钱）②放入（例：箱に入れ込む｜放入箱子）,边缘词
偏り,かたより,名詞,偏差,偏りがある / 偏りをなくす / 偏りに関する,1,真题,否,思考を深めるには、 偏りのない視点で書かれた本を読むことが必要だ,①偏差（例：偏りがある｜有偏差）②不均衡（例：偏りを正す｜纠正不均衡）,边缘词
測,そく,接尾辞,测量,測を行う / 測が必要 / 測に関する,1,真题,否,作家から影響を受けすぎないように、 常に批測的に読まなければいけない,①测量（例：距離を測る｜测量距离）②估算（例：時間を測る｜估算时间）,边缘词
やっかい,やっかい,名詞,麻烦,やっかいな問題 / やっかいを避ける / やっかいにする,1,真题,否,の欠点はなかなかやっかいなものです。,①麻烦，困扰（やっかいな問題だ｜麻烦的问题）②麻烦的事（やっかいなことが起きた｜发生麻烦的事）,边缘词
おかしな,おかしな,連体詞,奇怪,おかしなことがある / おかしな話 / おかしな行動,1,真题,否,れが原因で気に囲まれた人々が等しくおかしな見方をしてしまうことがよく起こります。,①奇怪，搞笑（おかしな話だ｜奇怪的故事）②不寻常（おかしな行動｜不寻常的行为）,边缘词
慣れ親しむ,なれしたしむ,動詞,熟悉,慣れ親しむことができる / 慣れ親しむために / 慣れ親しむ必要がある,1,真题,否,だんから慣れ親しんでいる価値観が、いつの間にかその人たちの価値観になってしまうのです。,①熟悉，亲近（この場所に慣れ親しんでいる｜熟悉这个地方）,边缘词
危ない,あぶない,形容詞,危险,危ない場所 / 危ないことをする / 危ない状況,1,真题,否,組織全体が同じ見方をしていて、危ない状況であることに誰も気づかないこと,①危险（危ない場所だ｜危险的地方）②不安全（危ない運転｜不安全的驾驶）,边缘词
現,げん,名詞,现,現にある / 現を示す / 現に関する,1,真题,否,現や文を正しく使い、 礼儀正しい印象を持ってもらうことで、自分が伝えたいこともしっかり伝わるも,①现在，现实（現実の問題｜现实问题）②出现（現れる｜出现）,边缘词
迷,めい,名詞,迷惑,迷惑をかける / 迷惑がかかる / 迷惑を受ける,1,真题,否,AもBも、自分の思いをきちんと伝えるためにできるだけ使ったほうがいいと迷べている,①迷惑，困惑（迷ってしまった｜迷路了）②迷失（迷子になった｜迷失了）,边缘词
断,だん,名詞,断绝,断絶を告げる / 断絶する / 断絶が起こる,1,真题,否,「行かない」 / たとえば、 「行く」,①断绝，拒绝（断ることができない｜无法拒绝）②切断（電話を断つ｜切断电话）,边缘词
遅らせる,おくらせる,動詞,延迟,時間を遅らせる / 進行を遅らせる / 予定を遅らせる,1,真题,否,だが、 この気持ちこそが決断を遅らせる最大,①延迟，推迟（会議を遅らせる｜推迟会议）,边缘词
エイヤッ,えいや,感動詞,加油,エイヤッと叫ぶ / エイヤッと頑張る / エイヤッと行く,1,真题,否,エイヤッと決めてしまえばそれですむ。,①加油，努力（エイヤッと頑張る｜加油努力）,边缘词
羽目,はめ,名詞,境地,羽目に陥る / 羽目を外す / 羽目を取る,1,真题,否,だが、三年で退職する羽目になったする,①境地，处境（羽目に陥る｜陷入境地）②困境（羽目にハマる｜陷入困境）,边缘词
正体,しょうたい,名詞,真相,正体が明らかになる / 正体を暴く / 正体を隠す,1,真题,否,こう考えてくると、決断の正体がだんだん見えてくるだろう。,①真实身份（彼の正体は誰だ？｜他的真实身份是谁？）②本来面目（正体を現す｜显露本来面目）,边缘词
アート,あーと,名詞,艺术,アートを楽しむ / アートを創作する / アートに触れる,1,真题,否,かんきょう問題のアートを制作する,①艺术（アートが好きです｜喜欢艺术）②美术（アート展に行く｜去美术展）,边缘词
録音,ろくおん,名詞,录音,録音をする / 録音が残る / 録音を聞く,1,真题,否,音楽のじむしょに歌の録音を送った,①录音（音声を録音する｜录音声音）②录制（録音したものを聞く｜听录制的内容）,边缘词
買いそろえる,かいそろえる,動詞,购齐,本を買いそろえる / 食材を買いそろえる / 服を買いそろえる,1,真题,否,ぼうさいグッズを買いそろえること,①一次购齐（本を買いそろえる｜一次购齐书）②全都购买（必要なものを買いそろえる｜全都购买必要的东西）,边缘词
ぜん,ぜん,名詞,全,ぜんを出す / ぜんを保つ / ぜんを求める,1,真题,否,せんりょう 2ぜんりゅう 3 ぜんりょう 4 せんりゅう,①全（全ての人｜所有人）②善（善を行う｜行善）,边缘词
りゅう,りゅう,名詞,流,流が変わる / 流に乗る / 流を作る,1,真题,否,せんりょう 2ぜんりゅう 3 ぜんりょう 4 せんりゅう,①流（流れに沿う｜沿着流动）②留（留学する｜留学）,边缘词
せんりゅう,せんりゅう,名詞,俳句,せんりゅうを詠む / せんりゅうを書く / せんりゅうを楽しむ,1,真题,否,せんりょう 2ぜんりゅう 3 ぜんりょう 4 せんりゅう,①俳句的一种（せんりゅうを作る｜创作俳句）②短诗（せんりゅうが面白い｜有趣的短诗）,边缘词
平等,びょうどう,名詞,平等,平等を求める / 平等が大切だ / 平等を実現する,1,真题,否,私たちは働く機会の平等を求めています。,①平等（全ての人が平等｜所有人平等）②公平（平等な権利｜平等的权利）,边缘词
ひょう,ひょう,副詞,表,ひょうに出る / ひょうをつける / ひょうを取る,1,真题,否,選挙で誰にとうひょうするかまだ決めていない。,①表（表に書く｜写在表上）②票（投票のひょう｜投票的票）,边缘词
飛び出す,とびだす,動詞,跳出,外に飛び出す / 突然飛び出す / 夢に飛び出す,1,真题,否,飛び出した 2 行き過ぎた 3 盛り上がった 4 駆け抜けた,①跳出来（犬が飛び出す｜狗跳出来）②突然出现（彼が飛び出した｜他突然出现）,边缘词
オーブン,おーぶん,名詞,烤箱,オーブンで焼く / オーブンを使う / オーブンが熱い,1,真题,否,オーブンでクッキーを焼いたら、 だんだん腫れてきた。,①烤箱（料理に使う｜用于烹饪）②烘焙（パンを焼く｜烘焙面包）,边缘词
下回る,したまわる,動詞,低于,基準を下回る / 期待を下回る / 数値が下回る,1,真题,否,この町の残高は、ついに1万人を下回りました。,①低于（基準を下回る｜低于标准）②不及（期待を下回る｜不及预期）,边缘词
オープン,おーぷん,名詞,开放,オープンする / オープンな関係 / オープンな心,1,真题,否,駅前に新しいラーメン屋がオープンしていた。,①开放（店がオープンする｜店铺开放）②公开（情報をオープンにする｜公开信息）,边缘词
信号,しんごう,名詞,信号,信号が変わる / 信号を守る / 信号を待つ,1,真题,否,東鉄道竹山線内にある二つの信号機が故障しており、大事故が,①信号灯（交通信号｜交通信号）②信号（通信の信号｜通信信号）,边缘词
心臓,しんぞう,名詞,心脏,心臓がドキドキする / 心臓を大切にする / 心臓が強い,1,真题,否,心臓から遠い足先などから温泉のお湯をゆっくり、 たっぷりかけていきま,①心脏（体の中心｜身体的中心）②核心（問題の心臓｜问题核心）,边缘词
足先,あしさき,名詞,脚尖,足先が冷える / 足先を温める / 足先を動かす,1,真题,否,心臓から遠い足先などから温泉のお湯をゆっくり、 たっぷりかけていきま,①脚尖（足先が冷たい｜脚尖冷）②脚趾（足先を動かす｜动脚趾）,边缘词
いきむ,いきむ,動詞,用力,力をいきむ / いきむことが大切だ / いきむのをやめる,1,真题,否,心臓から遠い足先などから温泉のお湯をゆっくり、 たっぷりかけていきま,①用力（いきんで出産する｜用力生产）②努力（いきんで頑張る｜努力加油）,边缘词
ぬるい,ぬるい,形容詞,温暖,ぬるいお湯 / ぬるい風 / ぬるい飲み物,1,真题,否,お湯に入っている時間は、ぬるく,①温暖（ぬるいお湯｜温暖的水）②不热（ぬるいコーヒー｜不热的咖啡）,边缘词
酸性,さんせい,名詞,酸性,酸性が強い / 酸性を測る / 酸性の物質,1,真题,否,温泉の成分が肌に負担を 50 ですから、刺激の強い酸性の温泉に入ったときや、,①酸性（酸性の水｜酸性水）②酸度（酸性が強い｜酸度强）,边缘词
けた,けた,名詞,位数,けたが多い / けたを数える / けたを超える,1,真题,否,けたときに初めて行えるものなのだ。,①位数（けたが多い｜位数多）②数字（けたを数える｜数位数）,边缘词
渡し,わたし,名詞,渡口,渡しを渡る / 渡しに行く / 渡しを利用する,1,真题,否,通常、 社内販売の支払いと商品のお渡しは経理課で行っ,①渡口（例：渡し舟がある｜有渡船）②过渡（例：渡しの時期｜过渡时期）,边缘词
戦法,せんぽう,名詞,战术,戦法を考える / 戦法を変える / 戦法が成功する,1,真题,否,しい戦法を勉強するなど懸命に努力をして、基本的な力を身につけるしかありません。,①作战方法（例：新しい戦法｜新战法）②策略（例：戦法を練る｜制定策略）,边缘词
下がり,さがり,名詞,下降,下がりが見える / 下がりを防ぐ / 下がりが続く,1,真题,否,どうしてもモチベーションが下がりや,①下降（例：値段が下がり｜价格下降）②退却（例：下がりなさい｜退后）,边缘词
すくな,すくない,名詞,少,すくなな人数 / すくない時間 / すくない資源,1,真题,否,すくなっているので、気分転換を図る。,①少量（例：すくなな食事｜少量饮食）②稀少（例：すくなな機会｜稀少机会）,边缘词
良,りょう,名詞,良好,良い結果 / 良い関係 / 良い選択,1,真题,否,ただし、調子は悪いので、いきなり大きなことではなく、 小さなことから始めるのが良,①优秀（例：良い成績｜好成绩）②适合（例：良い選択｜好选择）,边缘词
早起き,はやおき,名詞,早起,早起きをする / 早起きが得意だ / 早起きの習慣,1,真题,否,早起きをしてみる、 新しい趣味を始めてみ,①早起（例：早起きする｜早起）②早起者（例：早起きの習慣｜早起习惯）,边缘词
切り替える,きりかえる,動詞,切换,状態を切り替える / 切り替えるタイミング / 切り替えが必要だ,1,真题,否,あるいは服装を変えて、気持ちを切り替える。,①转换（例：気持ちを切り替える｜转换心情）②切换（例：モードを切り替える｜切换模式）,边缘词
メリ,めり,名詞,优点,メリがある / メリを感じる / メリを説明する,1,真题,否,何でも良いのですが、 生活の中にメリ,①优点（例：メリがある｜有优点）②好处（例：メリを享受する｜享受好处）,边缘词
ハリ,はり,名詞,张力,ハリがある / ハリを保つ / ハリを感じる,1,真题,否,ハリをつけて、気持ちが行き詰まらないように、 落ちないようにするのです。,①紧张（例：ハリがある｜有紧张感）②弹性（例：ハリのある肌｜有弹性皮肤）,边缘词
行き詰まる,いきづまる,動詞,陷入困境,行き詰まる状況 / 行き詰まることがある / 行き詰まる原因,1,真题,否,ハリをつけて、気持ちが行き詰まらないように、 落ちないようにするのです。,①陷入困境（例：行き詰まった状況｜陷入困境）②无路可走（例：行き詰まることが多い｜常常无路可走）,边缘词
メリハリ,めりはり,名詞,メリハリ,メリハリをつける / メリハリが大切だ / メリハリを意識する,1,真题,否,(注5) メリハリ: ここでは、変化,①有张有弛（例：生活にメリハリが必要｜生活需要有张有弛）②分明的对比（例：メリハリのあるデザイン｜设计有对比）,边缘词
ナス,なす,名詞,茄子,ナスを料理する / ナスが好きだ / ナスを育てる,1,真题,否,ナスやトマトは人間が栽培するときも、何日間か水を与えず、そのあと、たっぷりの水,①茄子（例：ナスを料理する｜做茄子菜）,边缘词
張り水,はりみず,名詞,浇水,張り水をする / 張り水が必要だ / 張り水をやる,1,真题,否,水を毎日適度に与え続けていると、強く長く張り水を吸収しやすくなる。,①浇水（例：張り水をする｜浇水）②灌溉（例：田んぼに張り水｜田里灌水）,边缘词
中高生,ちゅうこうせい,名詞,中学生和高中生,中高生が集まる / 中高生の活動 / 中高生を対象にする,1,真题,否,ところが、今は中高生に限らず若い人全体の中に、まったくと言っていいほど議論がな,①中学生和高中生（例：中高生の活動｜中高生活动）,边缘词
傷つける,きずつける,動詞,伤害,誰かを傷つける / 傷つけることがある / 傷つけられる,1,真题,否,自分が何か言うことで相手を傷つけたくないから,①伤害（例：心を傷つける｜伤害心灵）②损害（例：物を傷つける｜损坏物品）,边缘词
商売,しょうばい,名詞,生意,商売をする / 商売が繁盛する / 商売を始める,1,真题,否,「独立が成功する目算が立った時点で会 / 「確実に儲かるとわかった時点で商売をしよう」,①生意（例：商売を始める｜开始生意）②交易（例：商売が繁盛｜生意兴隆）,边缘词
きち,きち,名詞,整齐,きちんと整える / きちんとする / きちんと並べる,1,真题,否,決断ができる人はそれをわきまえていて、条件が不足していることを自覚しながらきち,①整齐（例：きちんとした服｜整齐的衣服）②准确（例：きちとした計算｜准确计算）,边缘词
並べ立てる,ならべたてる,動詞,列举,事例を並べ立てる / 理由を並べ立てる / 意見を並べ立てる,1,真题,否,分な条件が揃っていても、 まだあれこれと不足の条件を並べ立てようとします。,①列举（例：理由を並べ立てる｜列举理由）②陈列（例：商品を並べ立てる｜陈列商品）,边缘词
レベーター,れべーたー,名詞,电梯,レベーターが動く / レベーターを使う / レベーターに乗る,1,真题,否,レベーターではなく階段を利用したりするようにしている。,①电梯（例：レベーターに乗る｜乘电梯）,边缘词
階段,かいだん,名詞,楼梯,階段を上る / 階段を下る / 階段を使う,1,真题,否,レベーターではなく階段を利用したりするようにしている。,①楼梯（例：階段を上る｜上楼梯）,边缘词
速足,はやあし,名詞,快步,速足で歩く / 速足で進む / 速足が必要だ,1,真题,否,より速足で歩くようにしている。,①快速行走（彼は速足で走った。｜他快速行走。）,边缘词
圧倒,あっとう,名詞,压倒,圧倒される / 圧倒する力 / 圧倒的な存在,1,真题,否,子どもたちが周囲から守られて、喜びをあたえられる機会は、昔に比べて圧倒的に増え,①压倒性胜利（彼は圧倒的な勝利を収めた。｜他获得压倒性胜利。）②使人感到震撼（その映画は圧倒された。｜那部电影让人震撼。）,边缘词
貨幣,かへい,名詞,货币,貨幣が流通する / 貨幣を使う / 貨幣の価値,1,真题,否,しかし、今日のように経済的に豊かな社会になって、 生活のほとんどが貨幣でまかなわ,①货币（貨幣の流通が重要です。｜货币流通很重要。）,边缘词
善意,ぜんい,名詞,善意,善意を持つ / 善意で行動する / 善意が伝わる,1,真题,否,しかしおとなたちが善意で子どもたち,①善意的行为（彼は善意で手伝った。｜他出于善意帮忙。）②好意（彼女の善意を感じた。｜感受到她的好意。）,边缘词
古寺,こじ,名詞,古寺,古寺を訪れる / 古寺がある / 古寺を守る,1,真题,否,「はなかわ」 / では、 山林店、 古寺店、 森島店の三つの店で、,①古老的寺庙（この古寺は有名です。｜这座古寺很有名。）,边缘词
翌,よく,接頭辞,次,翌日 / 翌年 / 翌週,1,真题,否,各店の最終返却時間までに借りた店に戻り、当日中に着物をご返却ください (翌,①次日（翌日、彼は出発した。｜第二天他出发了。）,边缘词
はき物,はきもの,名詞,鞋子,はき物を脱ぐ / はき物を履く / はき物を選ぶ,1,真题,否,はき物などもセットでお貸しします。,①鞋子（新しいはき物を買った。｜买了新鞋子。）②穿的东西（はき物を脱いでください。｜请脱掉鞋子。）,边缘词
聞き出す,ききだす,動詞,探听,情報を聞き出す / 聞き出すことができる / 聞き出す方法,1,真题,否,インタビューで相手の話をうまく聞き出す点,①探听消息（彼は真実を聞き出した。｜他探听到了真相。）,边缘词
あみもの,あみもの,名詞,编织,あみものをする / あみものが得意だ / あみものを楽しむ,1,真题,否,あみものの材料として使う,①编织物（彼女はあみものが得意です。｜她擅长编织。）,边缘词
がん,がん,名詞,癌症,がんが見つかる / がんを克服する / がんにかかる,1,真题,否,かいがんのごみの問題を知らせるため,①癌症（がんの治療が進んでいる。｜癌症治疗在进步。）②肿瘤（彼はがんと闘っている。｜他在与肿瘤斗争。）,边缘词
けわしい,けわしい,形容詞,陡峭,けわしい山 / けわしい道 / けわしい崖,1,真题,否,|けわしかった 2 まぶしかった3,①陡峭的（山がけわしい｜山很陡峭。）②艰难的（けわしい道｜路很艰难。）,边缘词
まぶしい,まぶしい,形容詞,刺眼,まぶしい光 / まぶしい笑顔 / まぶしい日差し,1,真题,否,|けわしかった 2 まぶしかった3,①刺眼的（まぶしい光｜刺眼的光。）②耀眼的（まぶしい太陽｜耀眼的太阳。）,边缘词
握手,あくしゅ,名詞,握手,握手を交わす / 握手をする / 握手が大切だ,1,真题,否,さっき握手していた人は誰ですか。,①握手（握手をする｜握手。）,边缘词
医学,いがく,名詞,医学,医学を学ぶ / 医学が進歩する / 医学の知識,1,真题,否,医学の進歩によって、 病気を早期の段階で見つけられるようになった。,①医学（医学を学ぶ｜学习医学。）,边缘词
赤,あか,名詞,红色,赤が好きだ / 赤い花 / 赤い色,1,真题,否,| 復習する時のために、大切な単語に赤のペンで印をつけた。,①红色（赤い花｜红色花。）②赤字（赤字になる｜出现赤字。）,边缘词
テープ,てーぷ,名詞,胶带,テープを貼る / テープで固定する / テープを使う,1,真题,否,| 掲示板のポスターが取れそうになっていたので、テープでさまたげた。,①胶带（テープを貼る｜贴胶带。）②录音带（テープを再生する｜播放录音带。）,边缘词
値上げ,ねあげ,名詞,涨价,値上げが発表される / 値上げに反対する / 値上げをする,1,真题,否,原材料が高くなったが、 製造方法を変えて、製品の値上げをさまたげた。,①涨价（値上げする｜涨价。）,边缘词
まさか,まさか,副詞,难道,まさかの展開 / まさかの出来事 / まさかの結果,1,真题,否,|二度と2必ずしも3まさか 4 あまりに,①难道（まさかそんなこと｜难道是那样？）,边缘词
あげく,あげく,名詞,结果,あげくの果てに / あげくに失敗する / あげくの結論,1,真题,否,|からといって 2どころか 3 あげくに 4ものの,①最后（あげくの果てに｜最后的结果。）②结果（あげくに失敗｜结果失败。）,边缘词
カフェ,かふぇ,名詞,咖啡馆,カフェで休む / カフェに行く / カフェを開く,1,真题,否,駅前に新しくできたカフェに友達を誘って行ってみたら、定休日だった。,①咖啡馆（カフェで休む｜在咖啡馆休息。）,边缘词
廊下,ろうか,名詞,走廊,廊下を歩く / 廊下で待つ / 廊下が狭い,1,真题,否,隣のクラスの友達とけんかをしてしまい、学校の廊下で,①走廊（家の中の通路｜家里的走廊。）②走道（学校の廊下｜学校的走道。）,边缘词
ソファー,そふぁー,名詞,沙发,ソファーに座る / ソファーでくつろぐ / ソファーを買う,1,真题,否,このソファーは、それなりの大きさはあるが、 見た目,①沙发（リビングのソファー｜客厅的沙发）,边缘词
スキー,すきー,名詞,滑雪,スキーをする / スキーに行く / スキーが上手,1,真题,否,友達にスキー旅行に誘われている。,①滑雪（冬にスキーをする｜冬天滑雪）,边缘词
音声,おんせい,名詞,声音,音声が聞こえる / 音声を録音する / 音声が大きい,1,真题,否,私は、美術館では音声ガイドの機械を借りて、 説明を聞きながら作品を鑑賞する。,①声音（音声を録音する｜录音声音）②语音（音声認識技術｜语音识别技术）,边缘词
経過,けいか,名詞,经过,経過を観察する / 経過が重要 / 経過を記録する,1,真题,否,々な自然条件のもとで、年月の経過によって香りを発生させるようになった気をそう呼び,①经过（時間の経過｜时间的经过）②进展（経過を報告する｜报告进展）,边缘词
かぐ,かぐ,動詞,嗅,かぐ匂い / かぐ香り / かぐことができる,1,真题,否,「と言います。 / 香道では、香りをかいで、じっくりと味わうことを「香りを聞く」,①家具（部屋に家具を置く｜放家具在房间）②嗅ぐ（香りをかぐ｜闻香味）,边缘词
繊細,せんさい,名詞,细腻,繊細な感覚 / 繊細なデザイン / 繊細な表現,1,真题,否,という意味が / 繊細な香りを心の中でゆっくり味わうことを通して、私は「香りを聞く」,①细腻（繊細な感情｜细腻的情感）②敏感（繊細な肌｜敏感的肌肤）,边缘词
ちなみ,ちなみ,名詞,顺便,ちなみの話 / ちなみの情報 / ちなみのこと,1,真题,否,ちなみに3ところが 4そのため,①顺便（ちなみですが、｜顺便说一下，）②相关（ちなみの話｜相关的话题）,边缘词
手放す,てばなす,動詞,放手,手放すことができる / 手放すのが難しい / 手放すタイミング,1,真题,否,を手放し穏やかに生きるか、これはあなた自身のことなので、コントロールが可能です。,①放弃（手放すことにした｜决定放弃）②释放（自由に手放す｜自由释放）,边缘词
生態,せいたい,名詞,生态,生態が変化する / 生態を研究する / 生態系が重要,1,真题,否,(注1)生態学: 生物の生き方と環境に関する科学,①生态（生態系の研究｜生态系统研究）②生活（生態の変化｜生态的变化）,边缘词
返し,かえし,名詞,返回,返しが早い / 返しをする / 返しの方法,1,真题,否,その場合、追加料金が2万円かかり、お返しは6月10日以降になります。,①返回（例：本を返しに行く｜去还书）②回报（例：返しが大きい｜回报很大）,边缘词
読み上げる,よみあげる,動詞,朗读,読み上げる声 / 読み上げる内容 / 読み上げる速度,1,真题,否,者や画家の名前を読み上げます。,①朗读（例：文章を読み上げる｜朗读文章）②读出（例：名前を読み上げる｜读出名字）,边缘词
見返す,みかえす,動詞,回顾,見返すことがある / 見返す写真 / 見返す時間,1,真题,否,表紙をめくると、見返し紙が出てきて、それは無地の色,①回头看（例：後ろを見返す｜回头看后面）②复习（例：資料を見返す｜复习资料）,边缘词
無地,むじ,名詞,素色,無地の服 / 無地のデザイン / 無地が好き,1,真题,否,表紙をめくると、見返し紙が出てきて、それは無地の色,①单色（例：無地のシャツ｜单色衬衫）②无花纹（例：無地の布｜无花纹的布）,边缘词
声色,こわいろ,名詞,声色,声色が変わる / 声色を使う / 声色が豊か,1,真题,否,って使える仕事ですから、大げさな身振りや声色(注2)よりも、ごく(注3)自然な話,①声音（例：声色を変える｜改变声音）②色彩（例：声色が豊か｜声音丰富）,边缘词
読み聞かせる,よみきかせる,動詞,讲读,読み聞かせる時間 / 読み聞かせる本 / 読み聞かせること,1,真题,否,筆者によると、 本を読み聞かせるために語り手はどんな準備をしているか,①讲述（例：子供に読み聞かせる｜给孩子讲故事）②朗读给听（例：絵本を読み聞かせる｜朗读绘本）,边缘词
工科,こうか,名詞,工科,工科の学生 / 工科を学ぶ / 工科の授業,1,真题,否,いま、ハーバードやMIT (マサチューセッツ工科大学)、あるいは日本の京都大学でも、,①工学科（例：工科大学｜工科大学）②技术领域（例：工科の研究｜工科研究）,边缘词
はや,はや,副詞,早,はやく起きる / はやく行く / はやく終わる,1,真题,否,はや、学校の、少なくとも大学院以上の高等教育機関の存在価値は、新しい知識や情報を,①早（例：はやく起きる｜早起）②流行（例：はやりの服｜流行的衣服）,边缘词
高等,こうとう,形状詞,高等,高等教育 / 高等学校 / 高等な技術,1,真题,否,はや、学校の、少なくとも大学院以上の高等教育機関の存在価値は、新しい知識や情報を,①高级（例：高等教育｜高级教育）②高层次（例：高等な技術｜高层次技术）,边缘词
教職,きょうしょく,名詞,教师职业,教職に就く / 教職を目指す / 教職の資格,1,真题,否,どんな学生が来て欲しいのかを示すと共に、どんな教職,①教师职业（例：教職に就く｜从事教师职业）②教育工作（例：教職を目指す｜目标教育工作）,边缘词
くっきり,くっきり,副詞,清晰,くっきりと見える / くっきりした色 / くっきりした印象,1,真题,否,に見直すとくっきりと浮かび上がってくるのだ。,①清晰明显（景色がくっきり見える｜景色清晰可见）②鲜明突出（色がくっきりしている｜颜色鲜明）,边缘词
欠ける,かける,動詞,缺少,欠ける部分 / 欠けることがある / 欠ける心,1,真题,否,欠けていたものを修整 (注6) するこ,①缺少（皿が欠けている｜盘子缺了）②缺陷（自信が欠ける｜缺乏自信）,边缘词
インパクト,いんぱくと,名詞,影响,インパクトがある / インパクトを与える / インパクトの強さ,1,真题,否,インパクトを持っているのか客観的に判断するきっかけになるからだ。,①冲击力（インパクトがある言葉｜有冲击力的话）②影响力（インパクトのある作品｜有影响力的作品）,边缘词
キャッチ,きゃっち,名詞,捕捉,キャッチが上手 / キャッチをする / キャッチの技術,1,真题,否,受け手とのキャッチボールでより大きなものになっていく。,①捕捉（ボールをキャッチする｜接住球）②吸引（キャッチコピー｜吸引人的广告语）,边缘词
教え込む,おしえこむ,動詞,教导,教え込むことが大切 / 教え込む方法 / 教え込む内容,1,真题,否,部下に仕事を教えるとき、 多くの仕事を一気に教え込もうとする人がいる。,①灌输（知識を教え込む｜灌输知识）②训练（技術を教え込む｜训练技术）,边缘词
近道,ちかみち,名詞,捷径,近道を探す / 近道を通る / 近道がある,1,真题,否,を覚えてもらうための近道だ。,①捷径（近道を使う｜走捷径）②省时路线（近道を探す｜寻找省时路线）,边缘词
士,し,接尾辞,士人,武士 / 学士 / 医士,1,真题,否,が、その場所だった。 / 宇宙飛行士の毛利衛さんにとっては、「宇宙」,①武士（武士の時代｜武士时代）②士人（士としての誇り｜作为士人的骄傲）,边缘词
衛,えい,名詞,卫士,衛が必要 / 衛を守る / 衛の役割,1,真题,否,が、その場所だった。 / 宇宙飛行士の毛利衛さんにとっては、「宇宙」,①保护（衛を守る｜保护自己）②防卫（衛の役割｜防卫的角色）,边缘词
帰還,きかん,名詞,归还,返還の手続き / 返還を求める / 返還が完了する,1,真题,否,スペース・シャトルでの初めての宇宙飛行から帰還してからは、しばらくは講演活動や,①返回（無事に帰還する｜安全返回）②归国（帰還の時期｜归国的时间）,边缘词
張り詰める,はりつめる,動詞,紧绷,張り詰める緊張 / 張り詰める空気 / 張り詰める心,1,真题,否,張り詰めた緊張感のある生活を、もう一度送りたい。,①紧绷（緊張が張り詰める｜紧张感增强）②专注（集中力が張り詰める｜集中力提升）,边缘词
旅立つ,たびだつ,動詞,出发,旅立つ準備 / 旅立つ日 / 旅立つ気持ち,1,真题,否,乗り越えて、ふたたび宇宙へ旅立った。,①出发，启程（新しい旅に旅立つ｜出发新旅程）②离开，出走（家を旅立つ｜离开家）,边缘词
やり残す,やりのこす,動詞,未完成,やり残すこと / やり残す仕事 / やり残す時間,1,真题,否,宇宙でやり残したもうひとつの夢を果たしたい。,①未完成，留下（仕事をやり残す｜工作未完成）②未尽，遗留（宿題をやり残す｜作业未做完）,边缘词
し込む,しこむ,動詞,灌输,し込む知識 / し込むことが大事 / し込む方法,1,真题,否,し込みにあたり気をつけなければならないこととして、合っているのはどれか。,①塞入，放入（袋にし込む｜放入袋子）②潜入，藏匿（秘密をし込む｜藏匿秘密）,边缘词
園内,えんない,名詞,园内,園内を散歩する / 園内の花 / 園内が美しい,1,真题,否,登山鉄道やボートの詳細については、本ホームページ内の「園内の移動手段」,①园区，园内（園内を散歩する｜在园区散步）②场地，场内（園内のイベント｜场内活动）,边缘词
開園,かいえん,名詞,开园,開園の時間 / 開園を祝う / 開園する日,1,真题,否,■出発時間は開園 (4月~9月: 午前8時30分、10月~3月: 午前9時) から午前,①开园，开放（公園が開園する｜公园开放）②开始营业（動物園が開園する｜动物园开始营业）,边缘词
ふりこむ,ふりこむ,動詞,汇入,ふりこむお金 / ふりこむことができる / ふりこむ手続き,1,真题,否,ふりこみ先をかくにんする,①汇入，存入（お金を振り込む｜存入钱）②转账，支付（料金を振り込む｜支付费用）,边缘词
箸,はし,名詞,筷子,箸を使う / 箸で食べる / 箸が必要,1,真题,否,ほかのほご箸と知り合うことができる,①筷子（箸を使う｜使用筷子）②夹具，夹子（料理用の箸｜料理用夹子）,边缘词
小物,こもの,名詞,小物件,小物を整理する / 小物が好き / 小物を買う,1,真题,否,帯や小物との組み合わせが楽しめるから,①小物件，小物品（小物を集める｜收集小物件）②配件，饰品（ファッション小物｜时尚配件）,边缘词
ウォーキング,うぉーきんぐ,名詞,步行,ウォーキングをする / ウォーキングが健康に良い / ウォーキングのコース,1,真题,否,ウォーキングコンテストのじっし,①步行，走路（ウォーキングをする｜进行步行）②健身，锻炼（ウォーキングで健康｜步行健身）,边缘词
じっ,じゅう,名詞,静静,じっくり考える / じっくり見る / じっくり話す,1,真题,否,ウォーキングコンテストのじっし,①确实，真的（じっくり考える｜认真思考）②认真，仔细（じっくり見る｜仔细观看）,边缘词
いそ,いそ,名詞,急忙,いそいで行く / いそいで準備する / いそいで帰る,1,真题,否,ひょうめん おんど はか けいそくき かいはつ,①急忙，匆忙（急いで行く｜急忙去）②急切，迫切（いそがしい仕事｜忙碌的工作）,边缘词
くき,くき,名詞,茎,くきが伸びる / くきが太い / くきを切る,1,真题,否,ひょうめん おんど はか けいそくき かいはつ,①茎，干（植物の茎｜植物的茎）②根茎，根部（根の部分｜根的部分）,边缘词
聴解,ちょうかい,名詞,听解,聴解のテスト / 聴解が得意 / 聴解を練習する,1,真题,否,言語知識(文字、語彙・文法)・読解・聴解,①听力理解（聴解テスト｜听力测试）,边缘词
背骨,せぼね,名詞,脊柱,背骨が痛い / 背骨を支える / 背骨の健康,1,真题,否,. 今から行うのは背骨を伸ばす体操です。,①脊柱，脊椎（背骨が痛い｜背部疼）,边缘词
満月,まんげつ,名詞,满月,満月が美しい / 満月の夜 / 満月を観る,1,真题,否,.今日は月が地球に接近する日なので、常の満月より大きく見えます。,①圆月，满月（今夜は満月です｜今晚是满月）,边缘词
青い,あおい,形容詞,蓝色,青い空 / 青い海 / 青い色,1,真题,否,.青いペンキがはげている。,①蓝色，青色（青い空｜蓝天）②年轻，稚嫩（青い心｜年轻的心）,边缘词
さしあげる,さしあげる,動詞,赠送,さしあげるプレゼント / さしあげることができる / さしあげる機会,1,真题,否,さしあげるよう 3 いただくたび 4 さしあけるたび,①赠送，给予（プレゼントをさしあげる｜送礼物）,边缘词
忘れかける,わすれかける,動詞,快忘,忘れかける記憶 / 忘れかけること / 忘れかける瞬間,1,真题,否,忘れかけている 3 忘れないといい 4 忘れるおそれがある,①快要忘记（名前を忘れかけた｜快要忘记名字）,边缘词
毎晩,まいばん,名詞,每晚,毎晩の習慣 / 毎晩の楽しみ / 毎晩の出来事,1,真题,否,. 毎晩私は、5歳の娘が寝る前にベッドで本を読んでやるのだが、 読んでいるうちに自分のほ,①每晚，晚上（毎晩テレビを見る｜每晚看电视）,边缘词
アクセサリ,あくせさりー,名詞,配饰,アクセサリをつける / アクセサリが好き / アクセサリを買う,1,真题,否,がっていたアクセサリをプレゼントした。,①饰品，配件（アクセサリをつける｜戴饰品）,边缘词
キャベツ,きゃべつ,名詞,卷心菜,キャベツを切る / キャベツが新鮮 / キャベツを使った料理,1,真题,否,代の夫婦がトマトやキャベツなど、い,①卷心菜（例：キャベツを買った。｜买了卷心菜）,边缘词
帰り,かえり,名詞,回程,帰りの時間 / 帰りが遅い / 帰り道,1,真题,否,てありましたので、 仕事の帰りに中央駅前に寄りたいと思いますが、 鍵を受け取ることは可能で,①回家（例：帰り道は混んでいる。｜回家的路很堵）,边缘词
寄る,よる,動詞,靠近,寄る場所 / 寄ることができる / 寄るタイミング,1,真题,否,てありましたので、 仕事の帰りに中央駅前に寄りたいと思いますが、 鍵を受け取ることは可能で,①顺路拜访（例：友達の家に寄った。｜顺路去朋友家）②靠近（例：壁に寄って立つ。｜靠着墙站）,边缘词
新居,しんきょ,名詞,新家,新居に引っ越す / 新居が完成する / 新居を探す,1,真题,否,. 新居の鍵について、 木村さんが問い合わせていることは何か。,①新家（例：新居に引っ越した。｜搬进新家）,边缘词
倉庫,そうこ,名詞,仓库,倉庫に保管する / 倉庫が広い / 倉庫を整理する,1,真题,否,最終確認では、倉庫から商品を取り出した人とは別の人が、 注文書と商品の内容・個数に間,①仓库（例：倉庫に物を保管する。｜在仓库存东西）,边缘词
個数,こすう,名詞,数量,個数を数える / 個数が必要だ / 個数に応じて,1,真题,否,最終確認では、倉庫から商品を取り出した人とは別の人が、 注文書と商品の内容・個数に間,①数量（例：個数を数える。｜数数量）,边缘词
調べ直す,しらべなおす,動詞,重新调查,調べ直すことが大切だ / 調べ直す時間 / 調べ直す必要がある,1,真题,否,ミスが起きた原因を調べ直すこと,①重新调查（例：データを調べ直す。｜重新查数据）,边缘词
事態,じたい,名詞,事态,事態が悪化する / 事態に対処する / 事態を把握する,1,真题,否,私たちは不安を感じるからこそ、良くない事態に備えて準備しようと考える。,①事态（例：事態が悪化した。｜事态恶化）,边缘词
好き勝手,すきかって,形状詞,随心所欲,好き勝手に行動する / 好き勝手に使う / 好き勝手に言う,1,真题,否,読者それぞれが頭の中で好き勝手に映像化していいのです。,①随心所欲（例：好き勝手に行動する。｜随心所欲行动）,边缘词
相槌,あいづち,名,随声附和，帮腔,相槌を打つ（打帮腔）,0,词表,是,彼は話を聞いているとき、よく相槌を打ってくれます。 / 会議中に相槌を打つことで、相手に興味を示すことができます。,①应答（例：相槌を打つ。｜打应答）,社区推荐
明かり,あかり,名,光亮；灯火,明かりを消す（灭灯）,0,词表,是,明かりがついている部屋に入ると、安心感がありました。 / 夜になると、街の明かりがとてもきれいです。,①光亮（部屋に明かりをつける｜开灯）②灯光（明かりがともる｜灯亮了）,社区推荐
悪天候,あくてんこう,名,坏天气,悪天候が続く / 悪天候で中止する / 悪天候に注意する,0,词表,是,悪天候のため、予定していた旅行が中止になりました。 / 明日の運動会は悪天候が予想されているので、心配です。,①恶劣天气（悪天候が続く｜恶劣天气持续）②坏天气（今日は悪天候だ｜今天天气不好）,社区推荐
悪魔,あくま,名,恶魔，魔鬼,悪魔が現れる / 悪魔に取り憑かれる / 悪魔のような行為,0,词表,是,昔の話では、悪魔が人々を誘惑することがよくありました。 / 彼は悪魔のような性格を持っていると言われています。,①恶魔（悪魔に取り憑かれる｜被恶魔附身）②邪恶的存在（彼は悪魔のようだ｜他像恶魔一样）,社区推荐
明け方,あけがた,名,黎明，拂晓,明け方に起きる / 明け方の空 / 明け方の静けさ,0,词表,是,明け方に散歩をすると、静かな空気が心地よいです。 / 明け方の空はとても美しい色に染まります。,①黎明时分（明け方に起きる｜黎明时起床）②清晨（明け方の空が美しい｜清晨的天空很美）,社区推荐
圧縮,あっしゅく,名·他サ,压缩,圧縮を行う / 圧縮が必要だ / 圧縮するデータ,0,词表,是,データを圧縮することで、保存容量を節約できます。 / このソフトウェアはファイルを圧縮する機能があります。,①压缩（データを圧縮する｜压缩数据）②缩小（圧縮して保存する｜缩小保存）,社区推荐
宛名,あてな,名,收信人姓名（地址）,宛名を書く / 宛名が必要だ / 宛名を確認する,0,词表,是,宛名を書いた封筒を郵便ポストに入れました。 / 彼女は宛名を間違えてしまったので、再度書き直しました。,①收件人（宛名を書いてください｜请写收件人）②地址（宛名を確認する｜确认地址）,社区推荐
跡,あと,名,痕迹；行踪,跡を追う（追赶；效仿）,0,词表,是,その場所には、昔の人々の跡が残っています。 / 彼の足跡が雪の上に鮮明に残っていました。,①痕迹（足跡の跡が残る｜留下足迹）②遗迹（古い跡が見つかる｜发现古老遗迹）,社区推荐
過ち,あやまち,名,错误；过失,過ちを犯す（犯错）,0,词表,是,過ちを犯したときは、素直に謝ることが大切です。 / 彼は過ちを認める勇気がある人です。,①错误（過ちを犯す｜犯错误）②失误（過ちを認める｜承认失误）,社区推荐
嵐,あらし,名,暴风雨,嵐が起こる（起风暴）,0,词表,是,嵐が近づいているので、早めに帰った方がいいです。 / 昨日の嵐で、木が倒れてしまいました。,①暴风雨（嵐が来る｜暴风雨来了）②风暴（嵐が吹き荒れる｜风暴肆虐）,社区推荐
粗筋,あらすじ,名,概要，梗概,粗筋を説明する / 粗筋をまとめる / 粗筋を読む,0,词表,是,この本の粗筋を教えてもらえますか？ / 映画の粗筋を聞いて、興味が湧きました。,①大纲（物語の粗筋を説明する｜讲故事大纲）②梗概（映画の粗筋を知る｜知道电影梗概）,社区推荐
胃,い,名,胃,胃が痛い（胃疼）,0,词表,是,胃が痛くなったので、病院に行くことにしました。 / ストレスが多いと、胃に影響が出ることがあります。,①胃部（例：胃が痛い｜胃痛）,社区推荐
居酒屋,いざかや,名,日式小酒馆,居酒屋で飲む / 居酒屋に行く / 居酒屋のメニュー,0,词表,是,友達と居酒屋で楽しい時間を過ごしました。 / 居酒屋では、いろいろな料理を楽しむことができます。,①酒馆（例：居酒屋に行く｜去酒馆）,社区推荐
衣食住,いしょくじゅう,名,衣食住,衣食住に困らない（吃穿住都不愁）,0,词表,是,衣食住は人間にとって基本的なニーズです。 / 彼は衣食住に困ることはありません。,①生活必需（例：衣食住が大事｜生活必需品重要）,社区推荐
泉,いずみ,名,泉水；泉源,泉が湧く / 泉の水 / 泉の近く,0,词表,是,この泉の水はとてもきれいで、飲むことができます。 / 泉の近くでピクニックをするのが好きです。,①泉水（例：泉が湧いている｜泉水涌出）,社区推荐
一家,いっか,名,一家；全家,一家団らん（一家团圆）,0,词表,是,一家で旅行に行くのは、毎年の楽しみです。 / 彼の一家はとても仲が良いです。,①一家人（例：一家で旅行｜一家人旅行）,社区推荐
一種,いっしゅ,名·副,一种；稍许，一点儿,一種異様な味（有点怪味）,0,词表,是,一種の特別な体験をすることができました。 / これは一種のアート作品です。,①一种（例：一種の花｜一种花）,社区推荐
一睡,いっすい,名·自サ,稍睡一会儿；睡一觉,一睡する / 一睡の間に / 一睡もできない,0,词表,是,昨日、少し一睡したら、すっきりしました。 / 仕事の合間に一睡することができました。,①一觉（例：一睡した｜睡了一觉）,社区推荐
一石二鳥,いちこくにちょう,名,一举两得,一石二鳥の方法 / 一石二鳥を狙う / 一石二鳥の結果,0,词表,是,この方法で一石二鳥の結果を得ることができました。 / 彼の提案は、一石二鳥のアイデアです。,①一举两得（例：一石二鳥の方法｜一举两得的方法）,社区推荐
井戸,いど,名,井,井戸をほる（挖井）,0,词表,是,井戸の水はとても冷たくて美味しいです。 / 昔の家には井戸がありました。,①水井（例：井戸を掘る｜挖水井）,社区推荐
稲,いね,名,稻子,稲を刈 [か] る（割稻子）,0,词表,是,稲が成長する季節がやってきました。 / 田んぼの稲は、もうすぐ収穫の時期です。,①稻米（例：稲が育つ｜稻子成长）,社区推荐
衣服,いふく,名,衣服，服装,衣服を着る / 衣服が汚れる / 衣服を選ぶ,0,词表,是,新しい衣服を買うと、気分が良くなります。 / 彼女は衣服のデザインにこだわりがあります。,①衣物（例：新しい衣服を買った｜买了新衣服）,社区推荐
遺物,いぶつ,名,遗物；遗失物,遺物が発見される / 遺物を調査する / 遺物の価値,0,词表,是,遺物を展示している博物館に行きました。 / その遺物は、古代の文化を知る手がかりです。,①遗物（例：遺物を調査する｜调查遗物）,社区推荐
今頃,いまごろ,名·副,现在，此时；如今,今頃の天気 / 今頃の状況 / 今頃の気持ち,0,词表,是,今頃、彼はもう家に着いているでしょう。 / 今頃の季節は、花がたくさん咲いています。,①这个时候（例：今頃は忙しい｜这个时候忙）②最近（例：今頃は寒い｜最近很冷）,社区推荐
引力,いんりょく,名,引力，万有引力,引力が働く / 引力を感じる / 引力の法則,0,词表,是,地球の引力は、私たちを地面に引き寄せています。 / 引力の法則について学ぶのは面白いです。,①引力（例：引力が強い｜引力很强）,社区推荐
植木,うえき,名,栽种的树，盆栽的花木,植木を育てる / 植木の手入れ / 植木が成長する,0,词表,是,彼は庭で植木を育てるのが趣味です。 / 植木の手入れをするのは、リラックスできます。,①盆栽（例：植木を育てる｜养盆栽）②树木（例：植木が多い｜树木很多）,社区推荐
海沿い,うみぞい,名,沿海边,海沿いを散歩する / 海沿いの風景 / 海沿いのレストラン,0,词表,是,海沿いを散歩するのが好きです。 / 海沿いの道は、景色がとてもきれいです。,①海边（例：海沿いを散歩する｜在海边散步）,社区推荐
海辺,うみべ,名,海边，海滨,海辺で遊ぶ / 海辺の景色 / 海辺のホテル,0,词表,是,海辺でのバーベキューは楽しい思い出です。 / 夏になると、海辺に多くの人が集まります。,①海边（例：海辺で遊ぶ｜在海边玩）,社区推荐
裏口,うらぐち,名,走后门，幕后交易,裏口から入る / 裏口を使う / 裏口の存在,0,词表,是,裏口から入ると、誰にも見られずに済みます。 / その店は裏口での取引が多いと聞きました。,①后门（例：裏口から入る｜从后门进）,社区推荐
恨み,うらみ,名,恨，仇恨,恨みを持つ / 恨みを晴らす / 恨みを忘れる,0,词表,是,彼女の恨みは、長い間続いています。 / 恨みを持つことは、心に良くない影響を与えます。,①怨恨（例：恨みを持つ｜心怀怨恨）,社区推荐
浮気（する）,うわき（する）,名·自サ·ナ形,见异思迁；花心,浮気がバレる / 浮気をする / 浮気を反省する,0,词表,是,彼は浮気をしていると噂されています。 / 浮気は信頼を壊す大きな原因です。,①出轨（例：浮気をする｜出轨）②心不在焉（例：浮気な気持ち｜心不在焉）,社区推荐
永久,えいきゅう,名·ナ形,永久,永久の策（长久之计）,0,词表,是,永久に続く友情を築きたいです。 / 彼らの約束は、永久に守られるべきです。,①永恒不变（例：永久に残る｜永恒不变）②长久的时间（例：永久的な契約｜长久的合同）,社区推荐
液体,えきたい,名,液体,液体が流れる / 液体の性質 / 液体を測る,0,词表,是,この液体は、特別な用途があります。 / 液体の状態で保存することが重要です。,①流动的物质（例：液体の状態｜液体状态）②液态物质（例：液体の水｜液态水）,社区推荐
園芸,えんげい,名,园艺,園芸を楽しむ / 園芸の技術 / 園芸の本,0,词表,是,園芸が趣味の彼女は、毎日庭を手入れしています。 / 園芸教室に参加して、新しい技術を学びました。,①植物栽培（例：園芸が趣味です｜爱好园艺）②花卉种植（例：園芸の技術｜园艺技术）,社区推荐
演習,えんしゅう,名,（大学里的）专题研究讨论,演習を行う / 演習に参加する / 演習の内容,0,词表,是,大学の演習では、グループでのディスカッションが行われます。 / 演習の内容は、実践的なものが多いです。,①实战训练（例：演習を行う｜进行实战训练）②模拟练习（例：演習の内容｜模拟练习内容）,社区推荐
円高,えんだか,名,日元升值,円高が進む / 円高の影響 / 円高に注意する,0,词表,是,円高の影響で、輸出が減少しています。 / 円高が続くと、海外旅行が安くなります。,①日元升值（例：円高が進む｜日元升值）②外汇市场现象（例：円高の影響｜外汇市场现象）,社区推荐
煙突,えんとつ,名,烟筒，烟囱,煙突が立つ / 煙突の煙 / 煙突を掃除する,0,词表,是,煙突から煙が出ているのを見ました。 / 古い家には大きな煙突があります。,①排烟管道（例：煙突が高い｜烟囱很高）②建筑物的烟道（例：煙突から煙が出る｜烟囱冒烟）,社区推荐
円安,えんやす,名,日元贬值,円安が続く / 円安の影響 / 円安に対処する,0,词表,是,円安の影響で、輸入品の価格が上がっています。 / 円安が続くと、海外旅行が高くなります。,①日元贬值（例：円安が続く｜日元贬值）②外汇市场现象（例：円安の影響｜外汇市场现象）,社区推荐
応接,おうせつ,名·自他サ,接待,応接を行う / 応接室で待つ / 応接の準備,0,词表,是,応接室でお客様をお待ちしています。 / 彼は応接のマナーをよく知っています。,①接待客人（例：応接室で待つ｜在接待室等）②会见交流（例：応接の準備｜准备会见）,社区推荐
応対,おうたい,名·自サ,接待，应酬,応対が丁寧だ / 応対をする / 応対の仕方,0,词表,是,お客様の応対は、ビジネスにおいて非常に重要です。 / 彼女は丁寧な応対で評判です。,①应对处理（例：電話に応対する｜接电话）②接待服务（例：丁寧に応対する｜礼貌接待）,社区推荐
横断,おうだん,名·他サ,横渡，横穿,道路を横断する（横穿马路）,0,词表,是,交通量が多いので、横断歩道を使って横断してください。 / 子供たちは安全のために、横断する前に左右を確認しました。,①横穿过（例：道路を横断する｜过马路）②跨越范围（例：横断歩道を渡る｜走人行道）,社区推荐
欧米,おうべい,名,欧美,欧米の文化 / 欧米に行く / 欧米の企業,0,词表,是,欧米の文化に興味があるので、英語を勉強しています。 / 彼は欧米の映画が好きで、よく観ています。,①欧美国家（例：欧米の文化｜欧美文化）,社区推荐
往来,おうらい,名,往来；交际,手紙の往来（通信）,0,词表,是,彼とは仕事を通じて往来があるので、よく連絡を取ります。 / この地域では、往来が多くて賑やかです。,①来往交流（例：往来がある｜有往来）②交通往来（例：往来が激しい｜交通繁忙）,社区推荐
大型,おおがた,名·ナ形,形状大，大型,大型の車 / 大型のイベント / 大型の施設,0,词表,是,この大型のテレビは、家族全員で見るのにぴったりです。 / 大型のトラックが通る道は、いつも混雑しています。,①大型的（例：大型のバス｜大巴）②规模大的（例：大型イベント｜大型活动）,社区推荐
多め,おおめ,名,多一些，略多,多めに用意する / 多めの量 / 多めの時間,0,词表,是,今日は多めにお菓子を買ってきました。 / 彼女は多めにご飯を作るので、いつも余ります。,①稍多一些（例：多めに入れて｜多放一些）②数量较多（例：多めの注文｜多的订单）,社区推荐
おかず,おかず,名,菜肴,おかずを作る / おかずが美味しい / おかずを選ぶ,0,词表,是,昨日の夕食はおかずがたくさんあって、満足しました。 / おかずに何を作るか、まだ決めていません。,①配菜（例：おかずを作る｜做配菜）②佐餐菜肴（例：おかずが美味しい｜配菜好吃）,社区推荐
悪寒,おかん,名,发冷，恶寒,悪寒がひどい（浑身发冷）,0,词表,是,寒い日には、悪寒がすることがあります。 / 風邪をひいたとき、悪寒が止まらなかった。,①寒战（例：悪寒がする｜感到寒战）②发冷（例：悪寒を感じる｜感觉发冷）,社区推荐
沖,おき,名,海上，洋面；湖心,沖に出る / 沖の風景 / 沖の魚,0,词表,是,沖で釣りをするのが好きです。 / 沖の方に大きな船が見えました。,①海面（例：沖に出る｜出海）②远海（例：沖の方へ｜往远海去）,社区推荐
お気に入り,おきにはいる,名,喜欢，中意,お気に入りの服（喜爱的衣服）,0,词表,是,このカバンは私のお気に入りです。 / お気に入りの本を持って、カフェに行きました。,①喜欢的东西（例：お気に入りの服｜喜欢的衣服）②心爱的物品（例：お気に入りの本｜心爱的书）,社区推荐
お辞儀,おじぎ,名·自サ,行礼，鞠躬,お客さんにお辞儀をする（向客人鞠躬）,0,词表,是,彼に会ったとき、お辞儀をして挨拶しました。 / 日本では、お辞儀が礼儀正しいとされています。,①鞠躬（例：お辞儀をする｜鞠躬）②敬礼（例：お辞儀をして挨拶｜鞠躬问好）,社区推荐
お喋り,おしゃべり,名·自他サ·ナ形,喋喋不休（的人）；聊天,おしゃべりする（闲聊）,0,词表,是,彼女はおしゃべりが好きで、いつも友達と話しています。 / おしゃべりをしていると、時間があっという間に過ぎます。,①聊天（例：お喋りを楽しむ｜享受聊天）②闲聊（例：お喋りが好き｜喜欢闲聊）,社区推荐
汚染,おせん,名·自他サ,污染,汚染が進む / 汚染を防ぐ / 汚染の影響,0,词表,是,環境汚染は深刻な問題です。 / この川は汚染されているので、泳がない方がいいです。,①污染（環境が汚染されている｜环境污染）②染污（水が汚染された｜水被污染）,社区推荐
鬼,おに,名,鬼，魔鬼,鬼が出る / 鬼のような存在 / 鬼の伝説,0,词表,是,子供たちは鬼の話を聞いて、怖がっていました。 / 鬼のような強さを持つ選手がいます。,①鬼怪（鬼が出る｜鬼出现）②恶人（鬼のような人｜像鬼的人）,社区推荐
お昼,おひる,名,白天；午饭,お昼の支度 [したく] をする（准备午饭）,0,词表,是,お昼に何を食べるか、まだ決めていません。 / お昼の時間が近づいてきたので、そろそろ行きましょう。,①中午（お昼ごはんを食べる｜吃午饭）②午餐（お昼に食べる｜中午吃）,社区推荐
お負け,おまける,名·自他サ,作为赠品另外奉送,おまけに（又加上，而且）,0,词表,是,このお店では、お負けでお菓子をくれることがあります。 / お負けでついてきたおもちゃが子供に喜ばれました。,①赠品（お負けをつける｜赠品）②优惠（お負けをもらった｜得到了优惠）,社区推荐
泳ぎ,およぐ,名,游泳，游水,泳ぎが得意だ / 泳ぎを楽しむ / 泳ぎの技術,0,词表,是,夏には泳ぎに行くのが楽しみです。 / 泳ぎが得意なので、海に行くのが好きです。,①游泳（泳ぎが得意です｜擅长游泳）②游动（魚が泳いでいる｜鱼在游）,社区推荐
温帯,おんたい,名,温带,温帯の気候 / 温帯に住む / 温帯の植物,0,词表,是,温帯地域では、四季がはっきりしています。 / 温帯の気候は、農業に適しています。,①温带气候（温帯に住んでいる｜住在温带）②温带地区（温帯の植物｜温带植物）,社区推荐
御中,おんちゅう,名,公启,御中に送る / 御中の宛名 / 御中の表記,0,词表,是,この手紙は、御中に送ります。 / 御中の宛名を書いて、郵便局に持って行きました。,①敬称（御中にお送りする｜寄送到公司）②公司名（株式会社御中｜株式会社）,社区推荐
音程,おんてい,名,音程,音程がくるう（音程不准）,0,词表,是,音楽の授業で音程について学びました。 / この曲の音程がとても美しいです。,①音高（音程が合っている｜音调合适）②音阶（音程を測る｜测音阶）,社区推荐
蚊,か,名,蚊子,蚊が多い / 蚊に刺される / 蚊を退治する,0,词表,是,蚊が多い季節になりましたね。 / 蚊に刺されないように、虫除けスプレーを使います。,①蚊虫（蚊が多い｜蚊子多）②叮咬（蚊に刺された｜被蚊子咬）,社区推荐
害,がい,名,危害，损害,害がある / 害を及ぼす / 害を防ぐ,0,词表,是,環境に害を与えないように、リサイクルを心がけています。 / その化学物質は人体に害を及ぼす可能性があります。,①危害（害を及ぼす｜造成危害）②损害（害がある｜有损害）,社区推荐
開会,かいかい,名·自他サ,开会,開会のあいさつ（开幕词）,0,词表,是,明日、会議の開会があります。 / 開会の挨拶は社長が行います。,①召开会议（会議を開く｜召开会议）,社区推荐
改札,かいさつ,名·自サ,检票,改札を通る / 改札で待つ / 改札の場所,0,词表,是,改札を通るときは、切符を忘れないでください。 / 改札で切符を見せるのがルールです。,①检票口（改札口で待つ｜在检票口等）,社区推荐
改装,かいそう,名·他サ,改装,室内を改装する（室内改装）,0,词表,是,この部屋は改装されて、とてもきれいになりました。 / 改装工事が終わったら、友達を招待します。,①改建装修（部屋を改装する｜改建房间）,社区推荐
改造,かいぞう,名·他サ,改造，改组，改建,改造する計画 / 改造が必要だ / 改造の方法,0,词表,是,古い建物を改造して、新しいカフェを作りました。 / 改造した車は、走りがとても良くなりました。,①改造重建（家を改造する｜改造房子）,社区推荐
開通,かいつう,名·自他サ,开通；通行,鉄道を開通する（开通铁路）,0,词表,是,新しい道路が開通したので、便利になりました。 / このトンネルが開通すれば、時間が短縮されます。,①通车通航（新しい路が開通する｜新路通车）,社区推荐
海面,かいめん,名,海面,海面が静かだ / 海面の波 / 海面を眺める,0,词表,是,海面が穏やかで、釣りに最適です。 / 海面に映る夕日がとても美しいです。,①海面水面（海面が穏やかだ｜海面平静）,社区推荐
海洋,かいよう,名,海洋,海洋の生物 / 海洋を探検する / 海洋の研究,0,词表,是,海洋生物の研究が進んでいます。 / 海洋の環境保護が重要だと考えています。,①海洋大海（海洋の生物｜海洋生物）,社区推荐
概論,がいろん,名,概论,概論を学ぶ / 概論の内容 / 概論を読む,0,词表,是,この本は、経済の概論について書かれています。 / 概論を学ぶことで、専門的な知識が身につきます。,①概述大纲（概論を読む｜读概论）,社区推荐
家屋,かおく,名,房屋，住房,家屋が古い / 家屋を建てる / 家屋の修理,0,词表,是,家屋が古くなったので、修理が必要です。 / この地域には、伝統的な家屋がたくさんあります。,①房屋住宅（古い家屋が残る｜保留旧房）,社区推荐
顔つき,かおつき,名,相貌；表情,うれしそうな顔つき（喜形于色的样子）,0,词表,是,彼の顔つきは、優しそうで親しみやすいです。 / その顔つきから、彼がどんな人か分かります。,①面容表情（彼の顔つきが変わった｜他的表情变了）,社区推荐
垣根,かきね,名,篱笆；墙根,垣根をつくる（围篱笆）,0,词表,是,垣根の向こうに、きれいな花が咲いています。 / 垣根を越えて、隣の庭を見てみました。,①围墙（庭に垣根がある｜院子有围墙）②障碍物（心の垣根を越える｜跨越心墙）,社区推荐
架空,かくう,名,虚构，空想,架空の人物（虚构的人物）,0,词表,是,その物語は架空の世界を舞台にしています。 / 架空のキャラクターが登場する映画が好きです。,①虚构（架空の物語｜虚构故事）②悬空（架空の橋｜悬空的桥）,社区推荐
各地,かくち,名,各地,各地で開催される / 各地の特産品 / 各地の文化,0,词表,是,各地でイベントが開催されているので、楽しみです。 / 各地の特産品を集めるのが趣味です。,①各个地方（各地で祭りがある｜各地有节日）,社区推荐
拡張,かくちょう,名·他サ,扩张，扩大,事業を拡張する（扩大事业）,0,词表,是,会社の拡張計画が発表されました。 / 拡張工事が始まると、周囲が騒がしくなります。,①扩展（サービスの拡張｜扩展服务）②扩大（領土の拡張｜扩大领土）,社区推荐
確保,かくほ,名·他サ,确保,権利を確保する（确保权利）,0,词表,是,安全を確保するために、注意が必要です。 / 彼はデータの確保に力を入れています。,①确保（安全を確保する｜确保安全）②获得（資金を確保する｜获得资金）,社区推荐
欠片,けっぺん,名,碎片,欠片が落ちる / 欠片を集める / 欠片の意味,0,词表,是,その壊れたおもちゃの欠片が見つかりました。 / 欠片を集めて、何か作ることにしました。,①碎片（ガラスの欠片｜玻璃碎片）②一部分（記憶の欠片｜记忆的一部分）,社区推荐
籠,かご,名,筐，笼,籠に入れる / 籠を持つ / 籠の中身,0,词表,是,このかごには、果物がたくさん入っています。 / かごを持って、買い物に行きました。,①笼子（鳥かご｜鸟笼）②篮子（買い物かご｜购物篮）,社区推荐
下降,かこう,名·自サ,下降,下降する気温 / 下降の原因 / 下降を防ぐ,0,词表,是,気温が下降して、寒くなってきました。 / 彼の気分が下降しているように見えます。,①下降（気温が下降する｜气温下降）②下落（株価が下降する｜股价下落）,社区推荐
火山,かざん,名,火山,火山が噴火する / 火山の周辺 / 火山の研究,0,词表,是,火山の噴火がニュースになっています。 / その地域には活火山がいくつかあります。,①火山（活火山｜活火山）②火山口（火山の噴火｜火山喷发）,社区推荐
過失,かしつ,名,过失，过错,過失を犯す（犯错误）,0,词表,是,彼の過失でプロジェクトが遅れました。 / 過失を犯したことを反省しています。,①过失（過失による事故｜过失事故）②失误（過失を犯す｜犯了失误）,社区推荐
貸家,かしや,名,出租屋,貸家を探す / 貸家に住む / 貸家の条件,0,词表,是,貸家を探しているので、いくつかの物件を見に行きます。 / 友達が貸家を経営しているので、手伝うことにしました。,①出租房屋（例：貸家を探しています｜在找出租房）,社区推荐
下線,かせん,名,下画线,下線を引く（划下画线）,0,词表,是,この文の下線を引いてください。 / 下線を引くことで、重要な部分がわかりやすくなります。,①下划线（例：下線を引いてください｜请划下划线）,社区推荐
片方,かたほう,名,（两个中的）一个，一只,片方を選ぶ / 片方が欠ける / 片方の意見,0,词表,是,片方の靴が見つからないので、困っています。 / 片方だけの耳飾りを買うことはできませんか？,①一方（例：片方の手を上げて｜举起一只手）②一侧（例：片方の道を選ぶ｜选择一侧的路）,社区推荐
学会,がっかい,名,学会,学会に参加する / 学会の発表 / 学会の研究,0,词表,是,学会に参加するために、準備を進めています。 / 彼は学会で発表することになりました。,①学术会议（例：学会に参加する｜参加学术会议）②学术团体（例：学会のメンバー｜学术团体成员）,社区推荐
学級,がっきゅう,名,学级，班级，,学級が決まる / 学級の活動 / 学級の代表,0,词表,是,学級の代表を決めるために、投票を行います。 / 学級の活動を活発にするために、みんなで話し合いました。,①班级（例：学級の代表を決める｜决定班级代表）,社区推荐
括弧,かっこ,名,括号，括弧,括弧を使う / 括弧の中 / 括弧を付ける,0,词表,是,この文の括弧を外してください。 / 括弧の中の言葉を強調するために使います。,①括号（例：括弧を使ってください｜请使用括号）,社区推荐
稼動,かどう,名·自サ,开动,機械が稼働する（机器起动）,0,词表,是,機械が稼動するまで、もう少し時間がかかります。 / 新しいシステムが稼動したら、効率が上がるでしょう。,①运转（例：機械が稼動する｜机器运转）②工作（例：稼動時間が長い｜工作时间长）,社区推荐
仮名,かな,名,假名,仮名を使う / 仮名が必要だ / 仮名に慣れる,0,词表,是,仮名を使って、簡単な文章を書いてみましょう。 / 日本語の仮名を覚えるのは、最初のステップです。,①假名（例：仮名を使って書く｜用假名写）,社区推荐
鐘,かね,名,钟,鐘が鳴る（钟响）,0,词表,是,鐘の音が遠くから聞こえてきました。 / 教会の鐘が鳴ると、時間を感じます。,①钟（例：鐘が鳴る｜钟响了）②铃（例：鐘の音が響く｜铃声响起）,社区推荐
加熱,かねつ,名·他サ,加热,加熱を続ける / 加熱が不十分だ / 加熱で調理する,0,词表,是,食べ物を加熱する前に、冷蔵庫から出してください。 / 加熱しすぎると、味が変わることがあります。,①加热（例：加熱してから食べる｜加热后吃）,社区推荐
過半数,かはんすう,名,过半,過半数を超える / 過半数が賛成する / 過半数に達する,0,词表,是,選挙では過半数を獲得することが重要です。 / 彼は過半数の支持を得て、当選しました。,①超过一半（例：過半数が賛成した｜超过一半的人赞成）,社区推荐
かび,かび,名,霉,かびがはえる（发霉）,0,词表,是,かびが生えないように、湿気を取り除きましょう。 / 食品にかびがつくと、すぐに捨てるべきです。,①霉菌（例：かびが生えた｜长霉了）,社区推荐
釡,釡,名,锅,釡で煮る / 釡を使う / 釡が熱い,0,词表,是,この釡で料理を作るのが好きです。 / 釡の中に水を入れて、火にかけます。,①锅（例：釡で煮る｜用锅煮）,社区推荐
髪型,かみがた,名,发型,髪型を変える / 髪型が決まる / 髪型にこだわる,0,词表,是,彼女は新しい髪型に挑戦しました。 / 髪型を変えると、印象が大きく変わります。,①发型（例：新しい髪型｜新发型）,社区推荐
紙くず,かみくず,名,纸屑,紙くずが散らかる / 紙くずを捨てる / 紙くずが溜まる,0,词表,是,机の上に紙くずが散らかっています。 / 紙くずを捨てるのを忘れないでください。,①废纸（例：紙くずを捨てる｜扔废纸）,社区推荐
神様,かみさま,名,神,神様に祈る / 神様がいる / 神様を信じる,0,词表,是,神様にお願い事をしました。 / 彼は神様を信じて、毎日お祈りしています。,①神明（例：神様に祈る｜向神明祈祷）,社区推荐
剃刀,かみそり,名,剃刀,剃刀を使う / 剃刀が鋭い / 剃刀で剃る,0,词表,是,剃刀を使うときは、注意が必要です。 / 新しい剃刀を買ったので、試してみます。,①剃须刀（例：剃刀を使う｜用剃须刀）,社区推荐
髪の毛,かみのけ,名,头发,髪の毛をきる（剪发）,0,词表,是,髪の毛が長くなったので、切ることにしました。 / 髪の毛を染めるのが好きです。,①头发（例：髪の毛が長い｜头发长）,社区推荐
貨物,かもつ,名,货物,貨物が届く / 貨物を運ぶ / 貨物が多い,0,词表,是,貨物が無事に届いて、安心しました。 / この港は多くの貨物を扱っています。,①货物（例：貨物を運ぶ｜运货物）,社区推荐
殻,から,名,外壳，外皮,殻を剥く / 殻が硬い / 殻に包まれる,0,词表,是,殻を剥いて、中身を食べます。 / 卵の殻は、料理に使うこともできます。,①壳（例：卵の殻｜蛋壳）,社区推荐
柄,がら,名,身材，体格,柄が小さい（小个子）,0,词表,是,彼はがらが大きくて、スポーツに向いています。 / その柄の服は、彼に似合っています。,①柄，图案（この柄は素敵です｜这个图案很漂亮）②柄，手柄（この柄を持ってください｜请拿着这个手柄）,社区推荐
空梅雨,からつゆ,名,梅雨期不下雨,空梅雨が続く / 空梅雨に悩む / 空梅雨の影響,0,词表,是,今年の空梅雨は、農作物に影響を与えそうです。 / 空梅雨の影響で、水不足が心配されています。,①空梅雨，干旱的梅雨（今年は空梅雨です｜今年是干旱的梅雨）,社区推荐
川岸,かわぎし,名,河岸,川岸で遊ぶ / 川岸が美しい / 川岸に立つ,0,词表,是,川岸で散歩するのが好きです。 / 川岸にはたくさんの花が咲いています。,①河岸，河边（川岸で釣りをします｜在河边钓鱼）,社区推荐
革靴,かわぐつ,名,皮鞋,革靴を履く / 革靴が高い / 革靴を磨く,0,词表,是,革靴を履くと、ビジネスシーンにぴったりです。 / 新しい革靴を買ったので、楽しみです。,①皮鞋，皮革制成的鞋（革靴を履いています｜穿皮鞋）,社区推荐
為替,かわせ,名,汇兑,為替が変動する / 為替を確認する / 為替に影響を与える,0,词表,是,為替の変動が経済に影響を与えます。 / 為替レートをチェックすることが大切です。,①汇率，货币兑换（為替が変動しています｜汇率在变）②汇款，资金转移（為替を送ります｜我会寄汇款）,社区推荐
元日,がんじつ,名,元旦,元日を祝う / 元日が明ける / 元日には特別な料理,0,词表,是,元日は家族と一緒に過ごします。 / 元日には特別な料理を作ります。,①元旦，新年第一天（元日には初詣に行きます｜元旦去初詣）,社区推荐
乾電池,かんでんち,名,干电池,乾電池が切れる / 乾電池を交換する / 乾電池を使う,0,词表,是,乾電池が切れたので、新しいものを買いました。 / 乾電池を使う機器が増えています。,①干电池，电池的一种（乾電池が切れました｜干电池没电了）,社区推荐
看病,かんびょう,名·他サ,看护,病人を看病する（看护病人）,0,词表,是,彼は病気の母を看病しています。 / 看病することは、愛情の表れです。,①看病，医疗（医者に看病してもらう｜请医生看病）,社区推荐
気圧,きあつ,名,气压,気圧が下がる / 気圧を測る / 気圧が変化する,0,词表,是,気圧が下がると、天気が悪くなることがあります。 / 気圧の変化に敏感な人もいます。,①气压，空气压力（気圧が下がっています｜气压在下降）,社区推荐
議会,ぎかい,名,议会,議会が開かれる / 議会に参加する / 議会で討論する,0,词表,是,議会で新しい法律が議論されています。 / 議会の決定は、国民に大きな影響を与えます。,①议会，立法机构（議会が開かれます｜议会要开会）,社区推荐
着替え,きかえる,名·自サ,换衣服,着替えをする / 着替えが必要だ / 着替えの時間,0,词表,是,着替えをする時間がないので、急いでいます。 / 仕事の後に着替えをするつもりです。,①换衣服（例：着替えをします｜要换衣服）②换装（例：着替えが必要です｜需要换装）,社区推荐
岸,きし,名,岸,海の岸（海岸）,0,词表,是,岸に座って、のんびりと過ごしました。 / 川の岸でピクニックを楽しみました。,①岸边（例：岸に立つ｜站在岸边）②海岸（例：海岸を歩く｜在海岸散步）,社区推荐
生地,きじ,名,布料,生地が細かい（质地细腻）,0,词表,是,この生地はとても柔らかいです。 / 新しい服はこの生地で作られています。,①布料（例：生地を選ぶ｜选择布料）②材料（例：生地を使う｜使用材料）,社区推荐
技師,ぎし,名,工程师,技師が設計する / 技師に相談する / 技師の仕事,0,词表,是,彼は優秀な技師として知られています。 / 技師の仕事は、技術的な知識が必要です。,①工程师（例：技師が設計する｜工程师设计）②技术人员（例：技師が修理する｜技术人员修理）,社区推荐
貴社,きしゃ,名,贵公司,貴社にお伺いする / 貴社の製品 / 貴社との取引,0,词表,是,貴社の製品に興味があります。 / 貴社との取引を希望しています。,①贵公司（例：貴社のご発展を祈ります｜祝贵公司发展）,社区推荐
起床,きしょう,名·自サ,起床,起床が早い / 起床する時間 / 起床後の習慣,0,词表,是,毎朝、6時に起床しています。 / 起床後にストレッチをすることが習慣です。,①起床（例：起床時間は七時です｜起床时间是七点）,社区推荐
奇数,きすう,名,奇数,奇数が好きだ / 奇数を数える / 奇数の数字,0,词表,是,奇数の数字は、特別な意味を持つことがあります。 / 彼は奇数の年に生まれました。,①奇数（例：奇数の数字｜奇数的数字）②不成对（例：奇数の列｜不成对的列）,社区推荐
基盤,きばん,名,基础,基盤を築く / 基盤が重要だ / 基盤に依存する,0,词表,是,基盤がしっかりしている会社は、成長しやすいです。 / 教育は子供たちの基盤を作ります。,①基础（例：基盤を築く｜建立基础）②基石（例：基盤が重要です｜基础很重要）,社区推荐
休講,きゅうこう,名·自サ,停课,休講が決まる / 休講のお知らせ / 休講の理由,0,词表,是,休講の知らせを受けて、嬉しかったです。 / 休講の日は、勉強の計画を変更します。,①停课（例：明日は休講です｜明天停课）②取消课程（例：休講のお知らせ｜取消课程通知）,社区推荐
求婚,きゅうこん,名·自サ,求婚,求婚をする / 求婚が成功する / 求婚の言葉,0,词表,是,彼は彼女に求婚するつもりだ。 / 友達の結婚式で、彼が求婚する瞬間を見た。,①求婚（例：彼が求婚した｜他求婚了）②求爱（例：求婚の言葉｜求婚的话）,社区推荐
救助,きゅうじょ,名·他サ,救助,救助を求める / 救助が必要だ / 救助活動を行う,0,词表,是,救助隊が山で遭難した人を救助した。 / 事故の後、彼は救助を求めた。,①救援、帮助（例：困っている人を救助する｜救助困的人）,社区推荐
休診,きゅうしん,名·自サ,停诊,休診のお知らせ / 休診が続く / 休診の理由,0,词表,是,この病院は日曜日は休診です。 / 休診のため、次の予約を取る必要があります。,①暂停诊疗（例：今日は休診です｜今天暂停诊疗）,社区推荐
窮余,きゅうよ,名,穷极,窮余の一策 [いっさく]（最后一招）,0,词表,是,窮余の策として、彼は友人に助けを求めた。 / 窮余の状況で、彼は冷静さを失った。,①困境中的选择（例：窮余の策を講じる｜困境中的选择）,社区推荐
行儀,ぎょうぎ,名,举止，礼貌,行儀がよい（有礼貌）,0,词表,是,行儀が良い子供は、周りの人に好かれる。 / 彼女は行儀を教えるために、子供たちに厳しく接した。,①举止、礼仪（例：行儀が良い子供｜举止好的孩子）,社区推荐
恐縮,きょうしゅく,名·自サ,惶恐,恐縮する気持ち / 恐縮の念 / 恐縮で申し訳ない,0,词表,是,申し訳ありませんが、あなたに恐縮しています。 / 彼の親切に恐縮して、何かお返しをしたいと思った。,①感到惶恐（例：恐縮ですが、お願いします｜感到惶恐，请帮忙）,社区推荐
霧,きり,名,雾,霧が出る / 霧が濃い / 霧の中を歩く,0,词表,是,霧が深くて、前が見えない。 / 霧の中を歩くのは少し怖い。,①雾气、雾霭（例：霧が出てきた｜雾出来了）,社区推荐
規律,きりつ,名,纪律，秩序,規律を守る（遵守纪律）,0,词表,是,学校では規律を守ることが大切です。 / 規律がないと、クラスが混乱してしまう。,①规则、秩序（例：規律を守る｜遵守规则）,社区推荐
金銭,きんせん,名,金钱,金銭を管理する / 金銭が必要だ / 金銭のトラブル,0,词表,是,金銭の管理はとても重要です。 / 彼は金銭のトラブルで悩んでいる。,①金钱、货币（例：金銭の管理｜管理金钱）,社区推荐
近代,きんだい,名,近代,近代の技術 / 近代に生きる / 近代的な考え,0,词表,是,近代の技術は私たちの生活を便利にしている。 / 近代文学に興味があります。,①现代、近代（例：近代文学｜现代文学）,社区推荐
偶数,ぐうすう,名,偶数,偶数が好きだ / 偶数を数える / 偶数の数字,0,词表,是,偶数の数字は、2で割り切れる。 / 彼は偶数の数字を使って計算した。,①偶数、双数（例：偶数の数字｜偶数的数字）,社区推荐
空中,くうちゅう,名,空中,空中を飛ぶ / 空中に浮かぶ / 空中での活動,0,词表,是,空中に浮かぶ雲が美しい。 / 飛行機が空中を飛んでいるのを見た。,①空中，天空（空中を飛ぶ｜在空中飞）,社区推荐
苦心,くしん,名·自サ,费心,苦心の作（费尽心血的作品，力作）,0,词表,是,彼は苦心してプロジェクトを完成させた。 / 苦心の末、彼女は試験に合格した。,①苦心，费心（苦心して考えた｜费心思考）,社区推荐
組合,くみあい,名,行会；公会,組合を結成する / 組合に参加する / 組合の活動,0,词表,是,組合に参加することで、労働者の権利が守られる。 / 彼は組合の活動に熱心に取り組んでいる。,①组合，联合（労働組合｜劳动组合）②配合，搭配（組合を作る｜制作组合）,社区推荐
黒字,くろじ,名,黑字，盈余,黒字が出る / 黒字を維持する / 黒字の報告,0,词表,是,今年は黒字で終わることができた。 / 会社が黒字になるのは久しぶりだ。,①黑字，盈利（黒字決算｜盈利决算）②黑字，正收入（黒字になる｜变成盈利）,社区推荐
軍隊,ぐんたい,名,军队,軍隊が出動する / 軍隊に所属する / 軍隊の訓練,0,词表,是,軍隊は国を守るために存在する。 / 彼は軍隊での経験を誇りに思っている。,①军队，武装力量（軍隊が出動する｜军队出动）,社区推荐
契機,けいき,名,契机,契機を逃す / 契機が訪れる / 契機に恵まれる,0,词表,是,この出来事が彼の人生の契機になった。 / 契機を逃さず、チャンスをつかむことが大切だ。,①契机，机会（良い契機｜好的机会）②转折点，时机（契機をつかむ｜抓住时机）,社区推荐
蛍光灯,けいこうとう,名,荧光灯,蛍光灯が点く / 蛍光灯を交換する / 蛍光灯の明るさ,0,词表,是,蛍光灯が切れたので、交換しなければならない。 / 蛍光灯の明かりが部屋を明るくしている。,①荧光灯，照明设备（蛍光灯をつける｜打开荧光灯）,社区推荐
掲示,けいじ,名·他サ,揭示，布告,掲示を出す / 掲示が貼られる / 掲示を確認する,0,词表,是,掲示板に新しいお知らせが貼ってあった。 / 彼は掲示を見て、イベントに参加することにした。,①公告，通知（掲示を出す｜发布公告）②张贴，展示（掲示板に掲示する｜在公告板上张贴）,社区推荐
経度,けいど,名,经度,経度を測る / 経度が重要だ / 経度の計算,0,词表,是,経度と緯度を使って、地図を読み取る。 / 彼は経度を測定するための機器を持っている。,①经度，地理坐标（経度を測る｜测量经度）,社区推荐
芸能人,げいのうにん,名,艺人,芸能人が出演する / 芸能人の活動 / 芸能人に会う,0,词表,是,彼は有名な芸能人として活躍している。 / 芸能人になるために、彼女は努力を続けている。,①艺人，表演者（芸能人として活躍する｜作为艺人活跃）,社区推荐
競馬,けいば,名,赛马,競馬を楽しむ / 競馬に参加する / 競馬の結果,0,词表,是,競馬は多くの人に人気のあるスポーツだ。 / 彼は競馬の結果を毎週チェックしている。,①赛马（例：競馬が好きです。｜我喜欢赛马）②马赛（例：競馬場に行く。｜去赛马场）,社区推荐
経由,けいゆ,名·自サ,经由,経由で行く / 経由のルート / 経由の交通手段,0,词表,是,彼は東京経由で大阪に行く予定だ。 / 経由地で友達に会うつもりです。,①经过（例：東京経由で行きます。｜经过东京）②通过（例：バスは駅を経由します。｜公交车经过车站）,社区推荐
外科,げか,名,外科,外科の手術 / 外科医がいる / 外科の専門,0,词表,是,外科の手術は非常に難しい。 / 彼は外科医としてのキャリアを築いている。,①外科（例：外科医に診てもらった。｜看外科医生）,社区推荐
下車,げしゃ,名·自サ,下车,下車する駅 / 下車の際 / 下車の準備,0,词表,是,次の駅で下車します。 / バスが来たら、そこで下車してください。,①下车（例：ここで下車します。｜在这里下车）,社区推荐
桁,けた,名,位数,桁が増える / 桁を数える / 桁の計算,0,词表,是,この数字は桁が多いので、計算が難しい。 / 彼は桁を間違えてしまった。,①桁（例：桁が多いです。｜位数很多）②横梁（例：桁が壊れた。｜横梁坏了）,社区推荐
下駄,げた,名,木屐,下駄を履く / 下駄が似合う / 下駄を買う,0,词表,是,下駄を履いて、夏祭りに行くつもりだ。 / 彼女は下駄を履いて、友達と出かけた。,①木屐（例：下駄を履いています。｜穿木屐）②草鞋（例：下駄が好きです。｜我喜欢木屐）,社区推荐
血圧,けつあつ,名,血压,血圧を測る / 血圧が高い / 血圧の管理,0,词表,是,血圧を測るために、病院に行った。 / 彼は高血圧のため、食事に気をつけている。,①血压（例：血圧を測ります。｜测量血压）②血压值（例：血圧が高い。｜血压高。）,社区推荐
月給,げっきゅう,名,月薪,月給が上がる / 月給をもらう / 月給の支払い,0,词表,是,彼の月給は思ったよりも高かった。 / 月給が上がると、生活が楽になる。,①月薪（例：月給が増えた。｜月薪增加了。）,社区推荐
結婚式,けっこんしき,名,婚礼,結婚式を挙げる / 結婚式に出席する / 結婚式の準備,0,词表,是,結婚式は来月の土曜日に行われる。 / 彼女は結婚式の準備で忙しい。,①婚礼（例：結婚式に招待された。｜我被邀请参加婚礼。）,社区推荐
傑作,けっさく,名,杰作,傑作が生まれる / 傑作を作る / 傑作の評価,0,词表,是,その映画は傑作だと評判になっている。 / 彼の絵は美術館で傑作として展示された。,①杰作（例：これは彼の傑作です。｜这是他的杰作。）②优秀作品（例：傑作だと思う。｜我认为这是优秀作品。）,社区推荐
結末,けつまつ,名,结尾,結末が気になる / 結末を知る / 結末に驚く,0,词表,是,物語の結末は予想外だった。 / 彼は結末を知って驚いた。,①结局（物語の結末は感動的だった｜故事的结局很感人。）②终局（試合の結末が気になる｜我想知道比赛的结局。）,社区推荐
月末,げつまつ,名,月末,月末の支払い / 月末が近い / 月末の予定,0,词表,是,月末には、請求書を支払わなければならない。 / 月末の忙しさに備えて、計画を立てた。,①月末（月末に支払いがある｜月底有付款。）②月底（月末の予定を確認する｜确认月底的计划。）,社区推荐
気配,けはい,名,情形，样子,気配を感じる / 気配がする / 気配を探る,0,词表,是,彼の気配を感じて、振り向いた。 / 何かの気配がして、ドキッとした。,①气息（彼の気配を感じた｜我感受到他的气息。）②迹象（雨の気配がする｜有下雨的迹象。）,社区推荐
研究所,けんきゅうしょ,名,研究所,研究所で働く / 研究所の成果 / 研究所に所属する,0,词表,是,研究所で新しいプロジェクトに取り組んでいる。 / 彼は研究所での仕事が好きだ。,①研究机构（大学の研究所で働いている｜我在大学的研究所工作。）,社区推荐
原稿,げんこう,名,原稿,原稿を提出する / 原稿を書く / 原稿の修正,0,词表,是,原稿を提出する期限が迫っている。 / 彼女は原稿を何度も見直した。,①稿件（原稿を提出する期限｜提交稿件的截止日期。）②手稿（彼の原稿は面白い｜他的手稿很有趣。）,社区推荐
原子力,げんしりょく,名,核能,原子力が利用される / 原子力の発電 / 原子力の問題,0,词表,是,原子力の利用について議論が続いている。 / 彼は原子力に関する研究を行っている。,①原子能（原子力発電所が稼働している｜核电站在运行。）,社区推荐
見当,けんとう,名,推测,見当がつく（可以推断）,0,词表,是,彼の行動には見当がつかない。 / 見当をつけるのが難しい状況だ。,①估计（見当がつかない｜我无法估计。）②方向（見当をつける｜给出方向。）,社区推荐
原油,げんゆ,名,原油,原油が高騰する / 原油の価格 / 原油を輸入する,0,词表,是,原油の価格が上昇している。 / 彼は原油市場に投資している。,①原油（原油の価格が上がった｜原油价格上涨了。）②石油（原油を輸入する｜进口原油。）,社区推荐
後期,こうき,名,后期,後期の授業 / 後期に入る / 後期の試験,0,词表,是,後期の授業は難しくなってきた。 / 後期の試験に向けて、勉強を始めた。,①后期（後期の授業が始まる｜后期的课程开始了。）②晚期（後期の症状が出た｜出现晚期症状。）,社区推荐
工芸,こうげい,名,工艺,工芸品を / 工芸に / 工芸家が,0,词表,是,工芸品は日本の文化を代表するものです。 / 彼は工芸の技術を学ぶために専門学校に通っています。,①工艺（日本の工芸品は美しい｜日本的工艺品很美。）②手工艺（工芸を学ぶ｜学习手工艺。）,社区推荐
後継者,こうけいしゃ,名,继承人,後継者に / 後継者が / 後継者を,0,词表,是,彼は会社の後継者として期待されています。 / 後継者がいないと、事業が続けられないかもしれません。,①继承者（彼は後継者です｜他是继承者。）②接班人（彼女が後継者になる｜她将成为接班人。）,社区推荐
交差,こうさ,名·自サ,交叉,交差点で / 交差する / 交差が,0,词表,是,この道は交差点で交通が混雑します。 / 交差する線路の近くに住んでいます。,①交叉（道が交差する｜道路交叉。）②交错（線が交差する｜线交错。）,社区推荐
耕作,こうさく,名·他サ,耕作,耕作を / 耕作する / 耕作地が,0,词表,是,彼は農業を始めて、耕作を楽しんでいます。 / 耕作の技術を学ぶために、農業学校に通っています。,①耕种（農業で耕作する｜在农业中耕种。）,社区推荐
公式,こうしき,名,正式,公式に / 公式が / 公式を,0,词表,是,公式な発表は明日行われる予定です。 / 公式な文書には署名が必要です。,①公式（公式な発表｜正式的公告。）②方程式（数学の公式｜数学公式。）,社区推荐
口実,こうじつ,名,借口,うまい口実（冠冕堂皇）,0,词表,是,彼は遅刻の口実を考えていました。 / 口実を使うのはあまり良くないと思います。,①借口（口実を作る｜找借口。）②托辞（口実にする｜作为托辞。）,社区推荐
厚生,こうせい,名,保健；提高生活,厚生を / 厚生に / 厚生が,0,词表,是,厚生労働省は新しい政策を発表しました。 / 厚生のために、地域の活動に参加しています。,①福利（厚生を考える｜考虑福利。）②生活改善（厚生が大事｜生活改善很重要。）,社区推荐
功績,こうせき,名,功绩,功績が / 功績を / 功績に,0,词表,是,彼の功績は多くの人に認められています。 / このプロジェクトの成功は、彼の功績です。,①功劳（彼の功績は大きい｜他的功劳很大。）②成就（多くの功績がある｜有很多成就。）,社区推荐
交替,こうたい,名·自他サ,交替,交替で食事をする（轮班吃饭）,0,词表,是,交替で仕事をすることで、効率が上がります。 / 彼らは交替で休憩を取ることにしました。,①交替（交替で働く｜交替工作。）②轮换（役割を交替する｜角色轮换。）,社区推荐
耕地,こうち,名,耕地,耕地で / 耕地が / 耕地を,0,词表,是,この地域は耕地が広がっています。 / 耕地の管理が重要だと考えています。,①耕种土地（耕地を開発する｜开发耕地。）,社区推荐
強盗,ごうとう,名,强盗,強盗が / 強盗に / 強盗を,0,词表,是,昨夜、強盗事件が発生しました。 / 強盗に遭った人は警察に通報しました。,①抢劫（強盗が入った｜发生了抢劫。）②盗贼（強盗に遭った｜遭遇了盗贼。）,社区推荐
鉱物,こうぶつ,名,矿物,鉱物が / 鉱物を / 鉱物に,0,词表,是,この鉱物は非常に珍しいです。 / 鉱物の研究をしている大学があります。,①矿物（例：鉱物が見つかった｜发现了矿物。）②矿石（例：鉱物を採掘する｜开采矿石。）,社区推荐
候補,こうほ,名,候补,候補に / 候補が / 候補を,0,词表,是,彼は次の市長候補として注目されています。 / 候補者の中で一番人気があります。,①候选人（例：候補が決まった｜候选人已确定。）②备选项（例：候補を考える｜考虑备选项。）,社区推荐
公務,こうむ,名,公务,公務を / 公務に / 公務が,0,词表,是,公務員として働くことに誇りを持っています。 / 公務のために、毎日忙しいです。,①公务（例：公務に出かける｜出门公务。）②公共事务（例：公務を行う｜进行公共事务。）,社区推荐
考慮（する）,こうりょ（する）,名·他サ,考虑,考慮に入れる（考虑在内）,0,词表,是,彼の意見を考慮する必要があります。 / すべての要素を考慮して決定しました。,①考虑（例：考慮する時間が必要｜需要考虑时间。）②斟酌（例：考慮して決める｜考虑后决定。）,社区推荐
高齢化,こうれいか,名,老龄化,高齢化が / 高齢化に / 高齢化を,0,词表,是,高齢化が進むと、社会に影響が出ます。 / 高齢化対策が急務です。,①老龄化（例：高齢化が進んでいる｜老龄化在加速。）②人口老龄化（例：高齢化社会｜老龄化社会。）,社区推荐
氷枕,こおりまくら,名,冰枕,氷枕を / 氷枕で / 氷枕が,0,词表,是,熱があるときは氷枕が役立ちます。 / 氷枕を使って、少しでも楽になりたいです。,①冰枕（例：氷枕を使う｜使用冰枕。）②降温枕（例：氷枕で冷やす｜用冰枕降温。）,社区推荐
小型,こがた,名·ナ形,小型,小型の / 小型で / 小型が,0,词表,是,この小型の車は運転しやすいです。 / 小型の家電製品が人気です。,①小型（例：小型の車｜小型汽车。）②迷你型（例：小型の機械｜迷你型机器。）,社区推荐
国王,こくおう,名,国王,国王が / 国王に / 国王を,0,词表,是,国王は国民に愛されています。 / 国王の誕生日を祝うイベントがあります。,①国王（例：国王が即位した｜国王即位了。）②君主（例：国王の権限｜国王的权力。）,社区推荐
国籍,こくせき,名,国籍,国籍を / 国籍が / 国籍に,0,词表,是,彼は日本国籍を持っています。 / 国籍を取得するための手続きが必要です。,①国籍（例：国籍を取得する｜获得国籍。）②国民身份（例：国籍を確認する｜确认国籍。）,社区推荐
穀物,こくもつ,名,谷物,穀物が / 穀物を / 穀物に,0,词表,是,穀物の価格が上昇しています。 / この地域は穀物の生産が盛んです。,①谷物（例：穀物を収穫する｜收获谷物。）②粮食（例：穀物の種類｜谷物的种类。）,社区推荐
小言,こごと,名,牢骚,小言を言う（发牢骚）,0,词表,是,彼女は小言を言うのが好きではありません。 / 小言を言うと、相手を傷つけることがあります。,①小声抱怨（例：小言を言う｜小声抱怨。）②小道消息（例：小言を耳にする｜听到小道消息。）,社区推荐
心当たり,こころあたり,名,猜想，估计，线索,心当たりがある（猜得到；有线索）,0,词表,是,彼には心当たりがあるようです。 / 心当たりのある人に連絡してみます。,①心中有数（例：心当たりがあります｜我心中有数。）②线索（例：心当たりを探す｜寻找线索。）,社区推荐
骨折,こっせつ,名·自サ,骨折,骨折が / 骨折を / 骨折する,0,词表,是,彼はスポーツで骨折してしまいました。 / 骨折の治療には時間がかかります。,①骨头折断（例：骨折した｜骨折了。）,社区推荐
混合,こんごう,名·自他サ,混合,混合する / 混合が / 混合に,0,词表,是,この飲み物は果物と野菜の混合です。 / 混合することで、味が良くなります。,①混合在一起（例：混合する｜混合在一起。）②杂交（例：混合種｜杂交品种。）,社区推荐
献立,こんだて,名,菜单,献立を / 献立に / 献立が,0,词表,是,今日の献立は和食です。 / 献立を考えるのは楽しいです。,①菜单（例：献立を考える｜考虑菜单。）②饮食安排（例：献立を作る｜制作饮食安排。）,社区推荐
婚約,こんやく,名·自サ,婚约,婚約する / 婚約が / 婚約に,0,词表,是,彼らは婚約を発表しました。 / 婚約指輪を買うのが楽しみです。,①订婚（例：婚約する｜订婚了。）,社区推荐
差異,さい,名,差异,差異が / 差異を / 差異に,0,词表,是,文化の差異を理解することが大切です。 / 彼らの間には言語の差異があります。,①差别（例：差異がある｜有差别。）②不同（例：差異を認める｜承认不同。）,社区推荐
財産,ざいさん,名,财产,財産を / 財産が / 財産に,0,词表,是,彼は財産を相続しました。 / 財産管理は難しい仕事です。,①财富（例：財産を築く｜积累财富。）②资产（例：財産を管理する｜管理资产。）,社区推荐
材木,ざいもく,名,木材,材木を / 材木が / 材木に,0,词表,是,この材木は高品質です。 / 材木を使って家を建てる予定です。,①木材（例：材木を使う｜使用木材。）②建筑材料（例：材木を運ぶ｜运输建筑材料。）,社区推荐
逆さ,さかさ,名·ナ形,颠倒,逆さになる（颠倒）,0,词表,是,逆さに置くと、物が落ちることがあります。 / 逆さにした瓶から水が漏れました。,①颠倒（例：逆さにする｜颠倒过来。）②反向（例：逆さに見る｜反向看。）,社区推荐
逆様,さかさま,名·ナ形,颠倒,切手を逆さまに貼る（倒贴邮票）,0,词表,是,逆様にしても、問題は解決しません。 / 逆様に考えることも時には必要です。,①相反的样子（例：逆様に進む｜相反的样子前进。）②颠倒的状态（例：逆様に置く｜放反了）,社区推荐
酒場,さかば,名,酒馆,酒場で / 酒場に / 酒場が,0,词表,是,友達と酒場で楽しい時間を過ごしました。 / 酒場での会話はとても面白いです。,①酒馆（例：酒場で飲む｜在酒馆喝酒）②酒吧（例：酒場に行く｜去酒吧）,社区推荐
左記,さき,名,左面所书,左記のとおり（如左）,0,词表,是,左記の内容をご確認ください。 / 左記の通りに手続きを進めてください。,①左边所述（例：左記の通り｜如左所述）,社区推荐
先程,さきほど,名,刚才,先程に / 先程が / 先程を,0,词表,是,先程、彼から電話がありました。 / 先程の会議はとても有意義でした。,①刚才（例：先程会った｜刚才见过）②不久前（例：先程の話｜刚才的事）,社区推荐
索引,さくいん,名,索引,索引を / 索引が / 索引に,0,词表,是,本の索引を使って、必要な情報を探しました。 / 索引があると、探しやすいです。,①索引目录（例：索引を作る｜制作索引）②检索工具（例：索引を使う｜使用索引）,社区推荐
差し支え,さしつかえ,名,妨碍,差し支えが / 差し支えを / 差し支えに,0,词表,是,それは私にとって差し支えのないことです。 / 差し支えがあれば、教えてください。,①妨碍（例：差し支えなければ｜如果不妨碍的话）②影响（例：差し支えがある｜有影响）,社区推荐
茶道,さどう,名,茶道,茶道を / 茶道に / 茶道が,0,词表,是,茶道を学ぶことで、心が落ち着きます。 / 茶道の教室に通っています。,①茶的艺术（例：茶道を学ぶ｜学习茶道）②茶文化（例：茶道の精神｜茶道的精神）,社区推荐
作動,さどう,名·自サ,运转,エンジンが作動する（发动机运转）,0,词表,是,この機械は自動で作動します。 / 作動しない場合は、点検が必要です。,①运作（例：作動する機械｜机器运作）②启动（例：作動を確認｜确认启动）,社区推荐
砂漠,さばく,名,沙漠,砂漠を / 砂漠に / 砂漠が,0,词表,是,砂漠では水が非常に貴重です。 / 砂漠の生態系は独特です。,①沙漠地区（例：砂漠を旅する｜在沙漠旅行）②干旱地带（例：砂漠の風景｜沙漠的风景）,社区推荐
錆,さび,名,锈,錆が / 錆を / 錆に,0,词表,是,錆がついた自転車は修理が必要です。 / 古い鉄製の道具は錆が出やすいです。,①生锈（例：錆が出る｜开始生锈）②锈蚀（例：錆を防ぐ｜防止生锈）,社区推荐
差別,さべつ,名·他サ,区别；歧视,差別をなくす（消灭歧视）,0,词表,是,差別は社会に悪影響を与えることがあります。 / 彼は差別に反対する活動をしています。,①歧视（差別は許されない｜歧视是不可接受的）②区别（性別による差別｜性别歧视）,社区推荐
産地,さんち,名,产地,産地で / 産地が / 産地を,0,词表,是,この野菜の産地はどこですか？ / 産地直送の果物は新鮮で美味しいです。,①产地（この野菜の産地はどこですか｜这个蔬菜的产地在哪里）,社区推荐
鹿,しか,名,鹿,鹿が / 鹿を / 鹿に,0,词表,是,森の中で鹿を見かけました。 / 鹿の鳴き声が聞こえる夜は静かです。,①鹿（山に鹿がいる｜山上有鹿）②野生动物（鹿は美しい動物です｜鹿是美丽的动物）,社区推荐
敷地,しきち,名,地皮,敷地に / 敷地が / 敷地を,0,词表,是,新しい家を建てるために敷地を探しています。 / 敷地の広さによって家の大きさが決まります。,①场地（敷地を整備する｜整理场地）②土地（敷地が広い｜土地很宽）,社区推荐
時給,じきゅう,名,计时工资,時給が / 時給を / 時給に,0,词表,是,このアルバイトは時給が高いので人気です。 / 時給が上がると生活が楽になります。,①时薪（時給が上がった｜时薪提高了）②工资（時給で働く｜按时薪工作）,社区推荐
磁石,じしゃく,名,磁铁,磁石を / 磁石が / 磁石に,0,词表,是,磁石を使って鉄の釘を引き寄せました。 / 磁石の力を利用した実験をしました。,①磁铁（磁石を使う｜使用磁铁）②吸引力（磁石の力｜磁铁的力量）,社区推荐
支出,ししゅつ,名·他サ,支出,支出が / 支出を / 支出に,0,词表,是,今年の支出は予算を超えてしまいました。 / 支出を抑えるために計画を立てています。,①支出（支出を抑える｜控制支出）②费用（支出が増えた｜费用增加了）,社区推荐
子孫,しそん,名,子孙,子孫が / 子孫を / 子孫に,0,词表,是,子孫を残すことは大切なことです。 / 彼の子孫は代々この土地に住んでいます。,①后代（子孫を残す｜留下后代）②子女（子孫が繁栄する｜子女繁荣）,社区推荐
執筆,しっぴつ,名·他サ,执笔,執筆する / 執筆が / 執筆に,0,词表,是,彼は小説の執筆を始めたばかりです。 / 執筆活動を通じて多くの人と出会いました。,①写作（執筆を始める｜开始写作）②著作（執筆活動｜写作活动）,社区推荐
実物,じつぶつ,名,实物,実物を / 実物が / 実物に,0,词表,是,実物を見てから購入することにしました。 / この商品は実物と写真が違うことがあります。,①实物（実物を見せて｜给我看实物）②真实物品（実物はどうですか｜实物怎么样）,社区推荐
尻尾,しっぽ,名,尾巴,尻尾が / 尻尾を / 尻尾に,0,词表,是,犬の尻尾が振られているのを見ると嬉しくなります。 / 猫は尻尾を立てて歩くことが多いです。,①尾巴（犬の尻尾｜狗的尾巴）②后果（尻尾を引く｜引发后果）,社区推荐
児童,じどう,名,儿童,児童が / 児童を / 児童に,0,词表,是,児童向けの本を図書館で借りました。 / 児童の教育に力を入れている学校です。,①儿童（児童の教育｜儿童教育）,社区推荐
品切れ,しなぎれ,名,脱销,品切れが / 品切れを / 品切れに,0,词表,是,人気の商品が品切れになってしまいました。 / 品切れのため、次の入荷を待っています。,①缺货（品切れ中です｜缺货中）,社区推荐
芝居,しばい,名,戏剧,芝居を / 芝居が / 芝居に,0,词表,是,芝居を観るのが好きで、よく劇場に行きます。 / 彼女は芝居の演出を手掛けています。,①戏剧（芝居をする｜进行表演）②表演（芝居が上手｜表演得很好）,社区推荐
地盤,じばん,名,地基,地盤が / 地盤を / 地盤に,0,词表,是,地盤がしっかりしている家は安心です。 / 地盤調査を行ってから建設を始めます。,①地基（土地の地盤｜土地的地基）②基础（経済の地盤｜经济基础）,社区推荐
紙幣,しへい,名,纸币,紙幣を / 紙幣が / 紙幣に,0,词表,是,紙幣が破れてしまったので、交換してもらいました。 / 新しい紙幣が発行されると話題になります。,①纸币（新しい紙幣｜新纸币）,社区推荐
資本,しほん,名,资本,資本が / 資本を / 資本に,0,词表,是,資本を増やすために投資を始めました。 / 企業の成長には十分な資本が必要です。,①资本（資本を投資する｜投资资本）②资金（資本の運用｜资金运用）,社区推荐
車掌,しゃしょう,名,乘务员,車掌が / 車掌を / 車掌に,0,词表,是,車掌が乗客にアナウンスをしています。 / 電車の車掌はとても親切でした。,①列车员（電車の車掌｜电车的列车员）,社区推荐
借金,しゃっきん,名·自サ,借钱,借金がある（有负债）,0,词表,是,借金を返すためにアルバイトをしています。 / 彼は借金を減らすために努力しています。,①债务（借金を返す｜还债）②贷款（借金をする｜借款）,社区推荐
じゃんけん,じゃんけん,名·自サ,猜拳,じゃんけんをする（猜拳）；じゃんけんで決める（猜拳决定）,0,词表,是,じゃんけんで勝ったら、私がご飯を奢ります。 / じゃんけんは友達と遊ぶ時によくします。,①剪刀石头布（じゃんけんをする｜玩剪刀石头布）,社区推荐
銃,じゅう,名,枪,銃を / 銃が / 銃に,0,词表,是,銃の取り扱いには注意が必要です。 / 映画で銃を使うシーンが多いです。,①枪械（例：銃を持っている｜持有枪）②火器（例：銃声が聞こえた｜听到枪声）,社区推荐
集会,しゅうかい,名·自サ,集会,集会を / 集会が / 集会に,0,词表,是,集会に参加することで意見を表明できます。 / 彼は地域の集会でスピーチをしました。,①会议（例：集会が開かれる｜召开会议）②聚会（例：友達の集会｜朋友的聚会）,社区推荐
修士,しゅうし,名,硕士,修士が / 修士を / 修士に,0,词表,是,修士号を取得するために勉強しています。 / 彼女は修士の研究を進めています。,①硕士（例：修士課程を修了した｜完成硕士课程）,社区推荐
執着,しゅうちゃく,名·自サ,执着，留恋,生に執着する（贪生）,0,词表,是,彼はその仕事に対して強い執着を持っています。 / 執着心が強すぎるとストレスになります。,①执念（例：執着している｜执念很强）②固执（例：執着を捨てる｜放弃固执）,社区推荐
重役,じゅうやく,名,重任者,重役が / 重役を / 重役に,0,词表,是,会社の重役会議に出席しました。 / 重役は重要な決定を下す役割があります。,①高管（例：重役会議がある｜有高管会议）②董事（例：重役に選ばれた｜被选为董事）,社区推荐
重量,じゅうりょう,名,重量,重量が / 重量を / 重量に,0,词表,是,この荷物の重量はどのくらいですか？ / 重量制限を超えないように注意してください。,①重量（例：重量を測る｜测量重量）②分量（例：重量が大きい｜重量很大）,社区推荐
重力,じゅうりょく,名,重力,重力が / 重力を / 重力に,0,词表,是,重力の影響で物は下に落ちます。 / 宇宙では重力がほとんどありません。,①重力（例：重力の影響｜重力的影响）②引力（例：重力を感じる｜感受到重力）,社区推荐
主人公,しゅじんこう,名,主人公,主人公が / 主人公を / 主人公に,0,词表,是,映画の主人公はとても魅力的でした。 / 彼女は小説の主人公に感情移入しました。,①主角（例：主人公が登場する｜主角登场）②主要角色（例：主人公の物語｜主要角色的故事）,社区推荐
出荷,しゅっか,名·他サ,出货,出荷する / 出荷が / 出荷を,0,词表,是,商品の出荷が遅れていると聞きました。 / 出荷の準備が整ったら連絡します。,①发货（例：出荷の準備ができた｜准备发货）②运输（例：出荷が遅れる｜运输延迟）,社区推荐
奨学金,しょうがくきん,名,奖学金,奨学金を / 奨学金が / 奨学金に,0,词表,是,奨学金を受けて大学に通っています。 / 彼は奨学金のおかげで学費が助かりました。,①奖学金（例：奨学金を受け取る｜收到奖学金）,社区推荐
小学生,しょうがくせい,名,小学生,小学生が / 小学生を / 小学生に,0,词表,是,小学生の時に友達と遊んだ思い出があります。 / 小学生の頃は毎日楽しかったです。,①小学阶段的学生（例：彼は小学生です。｜他是小学生）,社区推荐
蒸気,じょうき,名,蒸汽,蒸気が / 蒸気を / 蒸気に,0,词表,是,蒸気が立ち上るお茶を飲みました。 / 蒸気機関車は昔の交通手段の一つです。,①蒸汽（例：蒸気が立ち上る。｜蒸汽升起）,社区推荐
定規,じょうぎ,名,规尺，尺,定規を使う / 定規で測る / 定規が必要,0,词表,是,定規を使ってまっすぐな線を引きました。 / 定規がないと、正確な測定が難しいです。,①测量工具（例：定規で測る。｜用尺子测量）,社区推荐
賞金,しょうきん,名,奖金,賞金を受け取る / 賞金が出る / 賞金を狙う,0,词表,是,賞金をもらった時はとても嬉しかったです。 / 彼はコンテストで賞金を獲得しました。,①比赛的奖金（例：賞金をもらった。｜获得奖金）,社区推荐
少子化,しょうしか,名,少子化,少子化が進む / 少子化に対策 / 少子化の影響,0,词表,是,少子化が進むと社会に影響が出ます。 / 少子化対策が重要な課題となっています。,①出生率下降（例：少子化が進んでいる。｜出生率在下降）,社区推荐
消毒,しょうどく,名·他サ,消毒,消毒を行う / 消毒が必要 / 消毒液を使う,0,词表,是,手を消毒してから食事を始めました。 / 消毒液を使って、清潔を保ちます。,①杀菌处理（例：手を消毒する。｜消毒手）,社区推荐
承認,しょうにん,名·他サ,承认；批准,承認を求める（请求批准）,0,词表,是,その計画は承認されるまで時間がかかりました。 / 承認を得るために多くの資料を準備しました。,①同意或认可（例：承認を得る。｜获得同意）,社区推荐
少人数,しょうにんずう,名,人数少,少人数で集まる / 少人数が参加 / 少人数のクラス,0,词表,是,少人数のクラスでじっくり学べます。 / 少人数の授業は質問しやすいです。,①人数较少（例：少人数で活動する。｜少人数活动）,社区推荐
女王,じょおう,名,女王,女王が即位する / 女王に仕える / 女王が統治する,0,词表,是,女王の誕生日を祝うイベントが開催されます。 / 彼女は女王として国を代表しています。,①女性统治者（例：彼女は女王です。｜她是女王）,社区推荐
食塩,しょくえん,名,食盐,食塩を加える / 食塩が必要 / 食塩で味付け,0,词表,是,食塩は料理に欠かせない調味料です。 / 健康のために食塩の摂取を控えています。,①食用盐（例：食塩を加える。｜加入食盐）,社区推荐
初対面,はつたいめん,名,初次见面,初対面で緊張する / 初対面の挨拶 / 初対面の印象,0,词表,是,初対面の人と話すのは緊張します。 / 彼とは初対面の時に意気投合しました。,①第一次见面（例：初対面ですね。｜第一次见面呢。）,社区推荐
所定,しょてい,名,指定,所定の場所（指定的地点）,0,词表,是,所定の場所に集合してください。 / 所定の手続きに従って申請を行いました。,①规定的（例：所定の手続き｜规定的程序。）,社区推荐
署名,しょめい,名·自他サ,签名,署名をする / 署名が必要 / 署名を集める,0,词表,是,署名をする前に内容をよく確認してください。 / 契約書に署名するのは大事なことです。,①签名（例：署名をお願いします。｜请签名。）,社区推荐
白髪,はくはつ,名,白发,白髪が増える / 白髪を染める / 白髪が目立つ,0,词表,是,最近、白髪が増えてきた気がします。 / 彼女は白髪を隠すために染髪しています。,①白发（例：白髪が増えた。｜白发增多了。）,社区推荐
城,しろ,名,城堡,城を築く（筑城）,0,词表,是,城を訪れる観光客が増えています。 / この城は歴史的な価値が高いです。,①城堡（例：城が見える。｜能看到城堡。）,社区推荐
信仰,しんこう,名·他サ,信仰,信仰を持つ / 信仰が深い / 信仰に従う,0,词表,是,彼は信仰を大切にしています。 / 信仰の自由は重要な権利です。,①信仰（例：信仰を持つ。｜有信仰。）,社区推荐
申告,しんこく,名·他サ,申报,申告をする / 申告が必要 / 申告書を提出,0,词表,是,収入を申告するのを忘れないでください。 / 税務署に申告する期限が近づいています。,①申报（例：税金の申告｜税务申报。）,社区推荐
審査,しんさ,名·他サ,审查,審査を受ける / 審査が行われる / 審査結果が出る,0,词表,是,書類は審査に通過しました。 / 審査の結果が来るのを待っています。,①审查（例：審査が必要です。｜需要审查。）,社区推荐
新卒,しんそつ,名,新毕业生,新卒が入社する / 新卒の採用 / 新卒向けの説明会,0,词表,是,新卒の社員が入社しました。 / 新卒の研修が始まるので楽しみです。,①应届毕业生（例：新卒の採用｜招聘应届毕业生。）,社区推荐
身体,しんたい,名,身体,身体を鍛える / 身体が疲れる / 身体に気をつける,0,词表,是,身体を鍛えるためにジムに通っています。 / 健康のために身体を大切にしましょう。,①身体（例：身体が大事。｜身体很重要。）,社区推荐
審判,しんぱん,名·他サ,审判,審判を待つ（等待审判）,0,词表,是,審判が試合を公正に進めています。 / 彼はサッカーの審判として働いています。,①审判，裁决（例：公正な審判｜公正的裁决。）②判决，裁定（例：裁判所の審判｜法院的判决。）,社区推荐
人命,じんめい,名,人命,人命を救う / 人命が失われる / 人命に関わる,0,词表,是,人命を守るために全力を尽くします。 / 災害時には人命が最優先です。,①人命，生命（例：人命を救う｜拯救生命。）②生命安全（例：人命を守る｜保护生命安全。）,社区推荐
吸殻,すいがら,名,烟蒂,吸殻を捨てる / 吸殻が落ちている / 吸殻を集める,0,词表,是,吸殻は必ずゴミ箱に捨ててください。 / 公園で吸殻を見かけるのは残念です。,①烟蒂，烟头（例：吸殻を捨てる｜扔掉烟蒂。）②香烟残留物（例：吸殻が落ちている｜地上有烟蒂。）,社区推荐
水産,すいさん,名,水产,水産業が発展する / 水産物を取る / 水産物が豊富,0,词表,是,水産業は地域経済に重要な役割を果たしています。 / 新鮮な水産物を食べるのが好きです。,①水产，水生生物（例：水産業が盛ん｜水产业很发达。）②水产资源（例：水産物の消費｜水产品的消费。）,社区推荐
水蒸気,みずじょうき,名,水蒸气,水蒸気が発生する / 水蒸気を利用する / 水蒸気が見える,0,词表,是,水蒸気が空気中に漂っています。 / お湯を沸かすと水蒸気が出てきます。,①水蒸气，蒸汽（例：水蒸気が立ち上る｜蒸汽升起来了。）②气态水（例：水蒸気を観察する｜观察水蒸气。）,社区推荐
推薦,すいせん,名·他サ,推荐,推薦を受ける / 推薦状を書く / 推薦がある,0,词表,是,彼の推薦でこの会社に入社しました。 / 友人からの推薦があったので安心です。,①推荐，荐举（例：推薦状を書く｜写推荐信。）②推举，提名（例：推薦を受ける｜接受推荐。）,社区推荐
水面,すいめん,名,水面,水面が波立つ / 水面に映る / 水面を眺める,0,词表,是,水面が静かで美しいです。 / 湖の水面に映る景色が素晴らしいです。,①水面，水的表面（例：水面が静かだ｜水面很平静。）②水面高度（例：水面に浮かぶ｜漂浮在水面上。）,社区推荐
末,すえ,名,末尾,末が見える / 末に達する / 末を迎える,0,词表,是,文章の末に結論を書きました。 / 本の末には参考文献が載っています。,①末尾，最后（例：末が見える｜能看到末尾。）②末期，终末（例：末の時代｜末期的时代。）,社区推荐
図形,ずけい,名,图形,図形を描く / 図形が変わる / 図形を理解する,0,词表,是,図形を使って説明するのが分かりやすいです。 / この図形は数学の問題に役立ちます。,①图形，形状（例：図形を描く｜画图形。）②几何图形（例：図形の性質｜几何图形的性质。）,社区推荐
頭脳,ずのう,名,头脑,頭脳を使う / 頭脳が明晰 / 頭脳を鍛える,0,词表,是,彼は頭脳明晰な人です。 / 頭脳を使って問題を解決するのが得意です。,①头脑，智力（例：頭脳を使う｜动脑筋。）②思维能力（例：頭脳明晰｜思维清晰。）,社区推荐
炭,すみ,名,炭,炭を焼く / 炭が必要 / 炭を使う,0,词表,是,炭を使ってバーベキューをしました。 / 炭火で焼いた肉は美味しいです。,①炭块（焼き肉に使う｜用来烧烤的炭。）②炭素（化学の元素｜化学元素。）,社区推荐
寸法,すんぽう,名,尺寸,寸法を量る（量尺寸）,0,词表,是,この家具の寸法を測ってください。 / 寸法が合わないと置けません。,①尺寸（物の大きさ｜物体的尺寸。）②規格（製品の基準｜产品的标准。）,社区推荐
晴雨,せいう,名,晴雨,晴雨が分かれる / 晴雨の予報 / 晴雨を気にする,0,词表,是,晴雨に関係なく、イベントは開催されます。 / 晴雨を問わず、外で遊ぶのが好きです。,①天气（晴れと雨｜晴天和雨天。）②天候（気象の状態｜气象状态。）,社区推荐
贅沢,ぜいたく,名·ナ形,奢侈,贅沢な生活（奢侈的生活）,0,词表,是,贅沢な生活を送ることは難しいです。 / たまには贅沢をしてみたいです。,①奢侈（贅沢な生活｜奢侈的生活。）②奢华（贅沢な品物｜奢华的物品。）,社区推荐
西暦,せいれき,名,西历,西暦が変わる / 西暦を使う / 西暦の歴史,0,词表,是,西暦2023年は特別な年です。 / 西暦の計算は歴史を学ぶ上で重要です。,①公历（西暦の年｜公历的年份。）②历法（西洋の暦｜西方的历法。）,社区推荐
石炭,せきたん,名,煤炭,石炭を掘る / 石炭が豊富 / 石炭を燃やす,0,词表,是,石炭はエネルギー源として使われています。 / 石炭の採掘は環境に影響を与えます。,①燃料（石炭を燃やす｜燃烧煤炭。）②矿物（石炭の種類｜煤的种类。）,社区推荐
絶好調,ぜっこうちょう,名·ナ形,势头大好,絶好調が続く / 絶好調の状態 / 絶好調を維持する,0,词表,是,彼のチームは絶好調で試合に勝ち続けています。 / 絶好調な時期を楽しんでいます。,①状态良好（絶好調な気分｜心情很好。）②最佳状态（絶好調な時期｜最佳的时期。）,社区推荐
接続,せつぞく,名·自他サ,继续；连结,…に接続する（和……连接）,0,词表,是,この二つの機械は接続できます。 / 接続がうまくいかない場合は再確認してください。,①连接（データの接続｜数据连接。）②接合（部品の接続｜部件的连接。）,社区推荐
接待,せったい,名·他サ,招待,客を接待する（招待客人）,0,词表,是,お客様を接待するために準備をしています。 / 接待の際は礼儀を大切にしましょう。,①招待（客を接待する｜招待客人。）②款待（お客様の接待｜款待顾客。）,社区推荐
先端,せんたん,名,顶端；尖端,先端が鋭い / 先端に立つ / 先端技術を使う,0,词表,是,先端技術を使った製品が増えています。 / 先端に立つ企業が注目されています。,①尖端（技術の先端｜技术的尖端。）②前沿（先端の研究｜前沿的研究。）,社区推荐
選定,せんてい,名·他サ,选定,図書を選定する（选定图书）,0,词表,是,新しいプロジェクトのメンバーを選定しました。 / 選定基準を明確にすることが大切です。,①选择（例：候補を選定する｜选择候选人。）②指定（例：場所を選定する｜指定地点。）,社区推荐
先頭,せんとう,名,最前头,先頭に立つ / 先頭を走る / 先頭が見える,0,词表,是,先頭に立ってみんなを引っ張っていきます。 / 先頭にいると責任が重いです。,①前面（例：先頭に立つ｜站在前面。）②开头（例：先頭に書く｜写在开头。）,社区推荐
象,ぞう,名,象,象が歩く / 象がいる / 象を描く,0,词表,是,動物園で象を見ることができました。 / 象はとても大きな動物です。,①大象（例：象が好きです｜我喜欢大象。）②象征（例：平和の象｜和平的象征。）,社区推荐
造船,ぞうせん,名·自サ,造船,造船が盛ん / 造船所で働く / 造船技術を学ぶ,0,词表,是,造船業は地域の重要な産業です。 / 彼は造船の技術者として働いています。,①造船业（例：造船が盛ん｜造船业很繁荣。）②建造船只（例：船を造船する｜建造船只。）,社区推荐
増大,ぞうだい,名·自他サ,增大，增多,増大する傾向 / 増大が見られる / 増大を促す,0,词表,是,人口が増大している都市があります。 / 需要が増大している商品を扱っています。,①增加（例：人口が増大する｜人口在增加。）②扩张（例：規模が増大する｜规模在扩张。）,社区推荐
速力,そくりょく,名,速度,速力を上げる / 速力が必要 / 速力を測る,0,词表,是,この車は速力がとても速いです。 / 速力を測るためにスピードガンを使います。,①速度（例：速力を上げる｜提高速度。）②快慢（例：速力が必要｜需要速度。）,社区推荐
祖先,そせん,名,祖先,祖先を敬う / 祖先の知恵 / 祖先に学ぶ,0,词表,是,祖先の歴史を学ぶことは大切です。 / 祖先を敬う気持ちを忘れないようにしています。,①祖辈（例：祖先を敬う｜尊敬祖辈。）②先人（例：祖先の知恵｜祖先的智慧。）,社区推荐
損得,そんとく,名,损益,損得を考える / 損得がある / 損得を計算する,0,词表,是,損得を考えずに行動することもあります。 / 彼は損得よりも友情を大切にしています。,①得失（例：損得を考える｜考虑得失。）②利益（例：損得が大事｜利益很重要。）,社区推荐
～対,～たい,名,对，比,～対の試合 / ～対の結果 / ～対の戦い,0,词表,是,この試合は日本対アメリカの対戦です。 / 対戦相手の分析をしっかり行います。,①对抗（例：敵対する｜与敌人对抗。）②对比（例：対比する｜进行对比。）,社区推荐
第一印象,だいいちいんしょう,名,第一印象,第一印象が大事 / 第一印象を与える / 第一印象を持つ,0,词表,是,第一印象は大切なので、初対面の人には気をつけて接するようにしています。 / 彼の第一印象はとても良かったので、すぐに友達になりました。,①初次印象（例：第一印象が大事｜初次印象很重要。）②最初感觉（例：第一印象は強い｜第一印象很强。）,社区推荐
大学院,だいがくいん,名,研究生院,大学院に進学する / 大学院で学ぶ / 大学院の授業,0,词表,是,大学院に進学するために、毎日勉強を頑張っています。 / 彼女は大学院で心理学を専攻しています。,①研究生院（大学院に進学する｜升入研究生院。）②研究生（大学院生が多い｜有很多研究生。）,社区推荐
大気,たいき,名,大气,大気が汚染される / 大気の状態 / 大気を守る,0,词表,是,大気の汚染が進んでいるため、健康に影響を与えることが心配です。 / 大気の状態を改善するために、様々な対策が必要です。,①空气（大気が汚染されている｜空气被污染了。）②大气层（大気の成分｜大气的成分。）,社区推荐
対照,たいしょう,名·他サ,对照,おもしろい対照（有趣的对比）,0,词表,是,このデータを対照して、結果を分析する必要があります。 / 対照実験を行うことで、より正確な結果が得られます。,①对照（対照を取る｜进行对照。）②对比（対照的な例｜对比的例子。）,社区推荐
大小,だいしょう,名,大小,大小を問わず / 大小の違い / 大小を比較する,0,词表,是,この箱の大小を教えてもらえますか？ / 大小のサイズがあるので、選ぶのが難しいです。,①大小（大小を問わず｜不论大小。）②尺寸（サイズの大小｜尺寸的大小。）,社区推荐
体積,たいせき,名,体积,体積を測る / 体積が増える / 体積を計算する,0,词表,是,この物体の体積を計算するのは簡単です。 / 体積が大きいほど、重さも増します。,①体积（体積を測る｜测量体积。）②容量（体積が大きい｜体积很大。）,社区推荐
大半,たいはん,名,大半、多半,大半が賛成する / 大半の人々 / 大半の意見,0,词表,是,大半の学生がこの授業を受けています。 / 彼は大半の時間を図書館で過ごしています。,①大部分（大半の人が賛成｜大部分的人赞成）②大多数（大半を占める｜占大多数）,社区推荐
大部分,だいぶぶん,名,大部分,大部分が完成する / 大部分の人 / 大部分を占める,0,词表,是,大部分の人がこの問題に関心を持っています。 / 大部分の仕事はもう終わりました。,①大部分（大部分の意見｜大部分的意见）②大多数（大部分が反対｜大部分反对）,社区推荐
大木,たいぼく,名,大树,大木の下で / 大木が立つ / 大木を見上げる,0,词表,是,この公園には大木がたくさんあります。 / 大木の下でピクニックをするのが好きです。,①大树（大木が立っている｜有大树）②巨树（大木の下で休む｜在大树下休息）,社区推荐
代名詞,だいめいし,名,代名词,代名詞を使う / 代名詞が必要 / 代名詞を理解する,0,词表,是,彼は代名詞の使い方が上手です。 / 日本語の代名詞は難しいと感じています。,①代名词（代名詞を使う｜使用代名词）②代表（彼は代名詞だ｜他是代表）,社区推荐
楕円,だえん,名,椭圆,楕円を描く / 楕円の形 / 楕円を理解する,0,词表,是,この楕円の形はとても美しいです。 / 楕円の面積を計算するのは簡単です。,①椭圆（楕円の形をしている｜呈椭圆形）②椭圆形（楕円の図形｜椭圆的图形）,社区推荐
脱線,だっせん,名·自サ,脱轨,列車が脱線する（火车脱轨）,0,词表,是,電車が脱線したため、運行が停止しました。 / 脱線事故の原因を調査しています。,①脱轨（電車が脱線した｜电车脱轨了）②偏离（話が脱線した｜话题偏离了）,社区推荐
谷,たに,名,山谷,谷を越える / 谷が深い / 谷を歩く,0,词表,是,谷を越えると、美しい景色が広がっています。 / この谷には川が流れています。,①山谷（深い谷がある｜有深谷）②峡谷（谷を渡る橋｜谷里有桥）,社区推荐
束,たば,名,把，束,束を作る / 束を持つ / 束を解く,0,词表,是,花束を束ねるのは楽しい作業です。 / 彼女は束の花をプレゼントしました。,①一束（花束を作る｜做花束）②束缚（束縛から解放される｜解放束缚）,社区推荐
田畑,たはた,名,水田和旱田,田畑を耕す / 田畑が広がる / 田畑の管理,0,词表,是,田畑で働くのは大変ですが、やりがいがあります。 / 田畑の手入れをするのが好きです。,①农田（田畑を耕す｜耕作农田）②耕作地（田畑で作物を育てる｜在农田里种作物）,社区推荐
便り,たより,名,消息；信,家からの便り（家书）,0,词表,是,友達から便りが届いて、とても嬉しかったです。 / 便りがないと心配になります。,①消息（友達から便りが来た｜收到朋友的消息）②信件（便りを待っている｜在等信件）,社区推荐
単位,たんい,名,学分,単位を取得する / 単位が必要 / 単位を確認する,0,词表,是,この授業は単位が3つもらえます。 / 単位を取得するために、頑張って勉強しています。,①单位（単位を取得する｜获得学分）②学分（この科目は単位が多い｜这门课学分多）,社区推荐
短所,たんしょ,名,短处,短所を克服する / 短所がある / 短所を理解する,0,词表,是,彼の短所は、時々無口になることです。 / 短所を克服するために努力しています。,①缺点（彼の短所は優柔不断だ｜他的缺点是优柔寡断）②不足（短所を克服する｜克服不足）,社区推荐
田んぼ,たんぼ,名,田地,田んぼが広がる / 田んぼを耕す / 田んぼの水,0,词表,是,田んぼの近くで遊ぶのが好きです。 / 田んぼの風景はとても美しいです。,①稻田（水田は田んぼだ｜水田是稻田）②农田（田んぼで米を作る｜在稻田里种米）,社区推荐
近頃,ちかごろ,名,近日,近頃のニュース / 近頃の出来事 / 近頃の流行,0,词表,是,近頃、彼は忙しそうです。 / 近頃、天気が不安定ですね。,①最近（近頃は忙しい｜最近很忙）②如今（近頃の若者｜如今的年轻人）,社区推荐
地区,ちく,名,地区,地区を訪れる / 地区のイベント / 地区が発展する,0,词表,是,この地区には多くの観光名所があります。 / 地区のイベントに参加する予定です。,①地区（この地区は静かだ｜这个地区很安静）②区域（地区のイベント｜区域的活动）,社区推荐
知事,ちじ,名,知事（地区行政长官）,知事が発表する / 知事に選ばれる / 知事の政策,0,词表,是,知事が新しい政策を発表しました。 / 知事の演説はとても感動的でした。,①地方行政首长（例：知事が選ばれた｜选出了知事）,社区推荐
地平線,ちへいせん,名,地平线,地平線が見える / 地平線を越える / 地平線の向こう,0,词表,是,地平線が見える場所でキャンプをしました。 / 地平線に沈む夕日が美しかったです。,①地面与天空交界线（例：地平線が見える｜能看到地平线）,社区推荐
彫刻,ちょうこく,名·自他サ,雕刻,彫刻を作る / 彫刻が展示される / 彫刻を鑑賞する,0,词表,是,彼は彫刻を趣味にしています。 / 彫刻の技術を学ぶために、教室に通っています。,①雕刻艺术（例：彫刻が美しい｜雕刻很美）,社区推荐
長時間,ちょうじかん,名,长时间,長時間働く / 長時間の待機 / 長時間の旅行,0,词表,是,長時間の会議は疲れますね。 / 長時間待たされるのは嫌です。,①长时间（例：長時間待った｜等了很长时间）,社区推荐
頂点,ちょうてん,名,顶点；极点,頂点に達する / 頂点を目指す / 頂点が決まる,0,词表,是,彼はキャリアの頂点に達しました。 / 頂点に立つためには努力が必要です。,①最高点（例：頂点に達した｜达到了顶点）,社区推荐
長方形,ちょうほうけい,名,长方形,長方形を描く / 長方形の面積 / 長方形の辺,0,词表,是,この部屋は長方形の形をしています。 / 長方形のテーブルを買いました。,①矩形形状（例：長方形のテーブル｜长方形的桌子）,社区推荐
通貨,つうか,名,通货,通貨が流通する / 通貨を交換する / 通貨の価値,0,词表,是,通貨の価値が変動しています。 / 各国の通貨について勉強しています。,①国家货币（例：通貨が安定している｜货币很稳定）,社区推荐
突き当たり,つきあたり,名,尽头,突き当たりにある / 突き当たりを曲がる / 突き当たりで止まる,0,词表,是,この道の突き当たりに公園があります。 / 突き当たりで右に曲がってください。,①尽头、交叉口（例：突き当たりを右に曲がる｜在尽头右转）,社区推荐
唾,つば,名,唾液,唾を吐く / 唾が出る / 唾を飲み込む,0,词表,是,唾が出るほど美味しい料理でした。 / 彼は唾を飲み込むのが苦手です。,①唾液（例：唾が出る｜会流口水）,社区推荐
罪,つみ,名,罪,罪を犯す（犯罪）,0,词表,是,罪を犯したことを反省しています。 / 彼は罪を償うために努力しています。,①违法行为（例：罪を犯した｜犯了罪）,社区推荐
積み重ね,つみかさね,名,积累,積み重ねがある / 積み重ねをする / 積み重ねが増える,0,词表,是,経験の積み重ねが大切です。 / 彼女は積み重ねた知識を活かしています。,①积累（経験を積み重ねる｜积累经验）②堆叠（荷物を積み重ねる｜堆叠行李）,社区推荐
艶,あで,名,光泽,艶がある / 艶を出す / 艶が消える,0,词表,是,この宝石は艶があってとても美しいです。 / 艶のある髪を保つために、特別なシャンプーを使っています。,①光泽（艶のある髪｜头发有光泽）②魅力（艶のある声｜声音很有魅力）,社区推荐
連れ,つれ,名,同伴,よい連れがある（有个好伴儿）,0,词表,是,彼は私の連れとして一緒に行きました。 / 連れがいると、旅行がもっと楽しくなります。,①伴侣（友達を連れ｜带着朋友）②同行（家族を連れ｜带着家人）,社区推荐
手当（て）,てあて（て）,名,津贴,出張手当（出差津贴）,0,词表,是,彼は手当を受け取るために申請しました。 / 手当があると、生活が楽になります。,①补助（医療手当を受ける｜接受医疗补助）②治疗（手当をする｜进行治疗）,社区推荐
定休日,ていきゅうにち,名,定期休息日,定休日に休む / 定休日を設ける / 定休日が決まる,0,词表,是,この店の定休日は水曜日です。 / 定休日には、店の掃除をします。,①固定休息日（定休日は水曜日｜定休日是星期三）,社区推荐
停止,ていし,名·自他サ,停止,停止する / 停止がかかる / 停止を命じる,0,词表,是,交通が停止してしまったので、遅れました。 / 停止した理由を教えてください。,①停止（運転を停止する｜停止驾驶）②中止（作業を停止する｜停止工作）,社区推荐
鉄橋,てっきょう,名,铁桥,鉄橋を渡る / 鉄橋が架かる / 鉄橋の下,0,词表,是,鉄橋を渡ると、景色が一変します。 / 鉄橋の上から川を眺めるのが好きです。,①铁桥（鉄橋を渡る｜过铁桥）,社区推荐
鉄砲,てっぽう,名,步枪,鉄砲を向ける（举枪瞄准）,0,词表,是,彼は鉄砲の扱いが上手です。 / 鉄砲の歴史について興味があります。,①火枪（鉄砲を撃つ｜开枪）②枪械（古い鉄砲｜旧枪）,社区推荐
徹夜,てつや,名·自サ,熬夜,徹夜で勉強する（熬夜学习）,0,词表,是,徹夜で勉強したので、今日は眠いです。 / 徹夜明けの仕事は大変です。,①通宵（徹夜で勉強する｜通宵学习）,社区推荐
天井,てんじょう,名,天花板,天井が高い / 天井を塗る / 天井に飾る,0,词表,是,天井が高い部屋は、開放感があります。 / 彼は天井に絵を描くのが好きです。,①天花板（天井が高い｜天花板很高）②上方（天井を見る｜看天花板）,社区推荐
点数,てんすう,名,分数,点数をつける / 点数が上がる / 点数を計算する,0,词表,是,彼のテストの点数はとても良かったです。 / 点数が足りなくて、合格できませんでした。,①分数（テストの点数｜考试的分数）②数量（商品の点数｜商品的数量）,社区推荐
電卓,でんたく,名,台式计算器,電卓を使う / 電卓で計算する / 電卓が壊れる,0,词表,是,電卓を使って、計算を早く終わらせました。 / 仕事で電卓が必要な場面が多いです。,①计算器（小型の電卓｜小型计算器）,社区推荐
店舗,てんぽ,名,店铺,店舗を訪れる / 店舗が増える / 店舗の営業時間,0,词表,是,この店舗は新しい商品がたくさんあります。 / 店舗の営業時間を確認してから行きます。,①商店（この店舗は新しい｜这家商店是新的）②店铺（店舗を開く｜开店）,社区推荐
電流,でんりゅう,名,电流,電流が流れる / 電流を測る / 電流が切れる,0,词表,是,電流が流れると、電気が使えるようになります。 / 電流が強すぎると、機械が壊れることがあります。,①电流（電流が流れる｜电流在流动）,社区推荐
電力,でんりょく,名,电力，电,電力を供給する / 電力が不足する / 電力を節約する,0,词表,是,電力が不足すると、停電になることがあります。 / 省エネのために、電力を節約しましょう。,①电力（電力を供給する｜提供电力）,社区推荐
統一,とういつ,名·他サ,统一；集中,思想を統一する（统一思想）,0,词表,是,統一されたルールがあれば、みんなが守りやすいです。 / 組織の統一を図るために会議を開きます。,①统一（意見の統一｜意见统一）②整合（基準の統一｜标准整合）,社区推荐
同格,どうかく,名,同等资格,同格である / 同格の関係 / 同格に扱う,0,词表,是,同格の友達と一緒に勉強するのが楽しいです。 / 彼は同格の立場で意見を述べました。,①同等（同格の関係｜同等关系）,社区推荐
峠,とうげ,名,山岭,峠を越える（越过山岭）,0,词表,是,峠を越えると、美しい景色が広がります。 / この峠は冬に雪が積もります。,①山口（峠を越える｜越过山口）②山峰（峠の景色｜山峰的风景）,社区推荐
投書,とうしょ,名·自他サ,投稿,投書を出す / 投書が掲載される / 投書を読む,0,词表,是,新聞に投書をしたら、掲載されました。 / 彼は毎月投書を送っています。,①投稿（新聞に投書する｜在报纸上投稿）,社区推荐
当番,とうばん,名,值日生，值班,当番をする / 当番が決まる / 当番の仕事,0,词表,是,今日の当番は私ですので、よろしくお願いします。 / 当番の仕事をしっかりやりたいです。,①值班（当番を決める｜决定值班）②轮值（当番の仕事｜值班的工作）,社区推荐
童謡,どうよう,名,童谣,童謡を歌う / 童謡が流れる / 童謡を覚える,0,词表,是,子供の頃、童謡をよく歌っていました。 / 童謡は心を和ませるメロディーです。,①儿童歌曲（例：子供が歌う｜孩子们唱的歌）②童谣（例：楽しい歌｜有趣的童谣）,社区推荐
登録,とうろく,名·他サ,登录,登録をする / 登録が完了する / 登録情報,0,词表,是,新しいアプリに登録するのは簡単です。 / 登録が完了したら、メールが届きます。,①注册（例：会員登録｜会员注册）②登记（例：情報を登録｜登记信息）,社区推荐
討論,とうろん,名·他サ,讨论,討論を行う / 討論が盛り上がる / 討論に参加する,0,词表,是,みんなで討論して、意見をまとめました。 / 討論の結果、結論が出ました。,①讨论（例：意見を討論｜讨论意见）②辩论（例：熱心に討論｜热烈讨论）,社区推荐
戸棚,とだな,名,橱，柜,戸棚を開ける / 戸棚にしまう / 戸棚の中,0,词表,是,戸棚の中に食器がたくさんあります。 / 彼女は戸棚を整理するのが好きです。,①橱柜（例：食器を入れる｜放置餐具的橱柜）②储物柜（例：戸棚の中｜橱柜里）,社区推荐
虎,とら,名,老虎,虎が吼える / 虎を見に行く / 虎の絵,0,词表,是,虎は強い動物として知られています。 / 動物園で虎を見ることができました。,①老虎（例：虎が吠える｜老虎在吼。）②勇猛（例：虎のように｜像老虎一样。）,社区推荐
丼,どんぶり,名,大碗；大碗盖饭,うなぎ丼（鳗鱼盖饭）,0,词表,是,丼にご飯と具を盛り付けました。 / 彼は丼料理が大好きです。,①盖饭（例：丼を食べる｜吃盖饭。）②饭碗（例：丼に盛る｜盛饭在碗里。）,社区推荐
長生き,ながいき,名·自サ,长寿,女は男より長生きする（女人比男人活得长）,0,词表,是,祖父は長生きして、100歳になりました。 / 健康的な生活が長生きの秘訣です。,①长寿（例：長生きしたい｜想长寿。）②活得久（例：元気で長生き｜健康长寿。）,社区推荐
仲直り,なかなおり,名·自サ,和好,仲直りができた（和好了）,0,词表,是,友達と仲直りするために、謝りました。 / 仲直りした後は、以前のように楽しく過ごしました。,①和好（例：仲直りする｜和好。）②和解（例：仲直りの方法｜和解的方法。）,社区推荐
長年,ながねん,名,多年,長年の経験 / 長年を経て / 長年続ける,0,词表,是,長年の友人と久しぶりに会いました。 / 彼は長年この仕事を続けています。,①多年（例：長年の友達｜多年的朋友。）②长时间（例：長年の経験｜长时间的经验。）,社区推荐
謎,なぞ,名,谜，谜语,謎が解けた（谜底解开）,0,词表,是,この謎を解くのはとても難しいです。 / 謎を解くために、みんなで考えました。,①谜（例：謎を解く｜解谜。）②神秘（例：謎の存在｜神秘的存在。）,社区推荐
納豆,なっとう,名,纳豆,納豆を食べる / 納豆が好き / 納豆を作る,0,词表,是,納豆は健康に良い食べ物です。 / 朝ごはんに納豆を食べることが多いです。,①发酵大豆（例：納豆は健康に良い。｜纳豆对健康好。）,社区推荐
縄,なわ,名,绳,縄を結ぶ / 縄が切れる / 縄を使う,0,词表,是,縄を使って、物を縛ることができます。 / 彼は縄を使った遊びが得意です。,①绳子（例：縄を使って結ぶ。｜用绳子绑。）②圈（例：縄で囲む。｜用绳子围起来。）,社区推荐
南極,なんきょく,名,南极,南極に行く / 南極の氷 / 南極探検,0,词表,是,南極の気温はとても低いです。 / 南極探検は大変な仕事です。,①南极地区（例：南極は寒い。｜南极很冷。）,社区推荐
南米,なんべい,名,南美,南米を訪れる / 南米の文化 / 南米の国々,0,词表,是,南米には多くの美しい自然があります。 / 彼は南米を旅行したことがあります。,①南美洲（例：南米を旅行した。｜去南美旅行。）,社区推荐
肉類,にくるい,名,肉类,肉類を食べる / 肉類が豊富 / 肉類の種類,0,词表,是,肉類を食べると、たんぱく質が摂れます。 / 健康のために、肉類をバランスよく食べます。,①肉类食品（例：肉類を食べる。｜吃肉类。）,社区推荐
虹,にじ,名,彩虹,虹がかかる（挂彩虹）,0,词表,是,虹が出ると、みんなが喜びます。 / 雨上がりに虹を見ました。,①彩虹（例：虹が出ている。｜有彩虹。）,社区推荐
日光,にっこう,名,日光,日光を浴びる / 日光が差し込む / 日光を楽しむ,0,词表,是,日光を浴びると、気分が良くなります。 / 日光浴はリラックスに最適です。,①阳光（例：日光を浴びる。｜晒太阳。）,社区推荐
入荷,にゅうか,名·自他サ,进货,入荷がある / 入荷を待つ / 入荷の連絡,0,词表,是,新しい商品が入荷したので、見に行きます。 / 入荷の情報をチェックしておきます。,①到货（例：商品が入荷した。｜商品到货了。）,社区推荐
螺子,ねじ,名,螺丝，螺钉,螺子を締める / 螺子が外れる / 螺子を使う,0,词表,是,螺子が外れたので、修理が必要です。 / 螺子を締めるのを忘れないでください。,①螺丝（例：螺子を締める。｜拧螺丝。）,社区推荐
熱帯,ねったい,名,热带,熱帯の気候 / 熱帯植物 / 熱帯地域,0,词表,是,熱帯の気候は湿度が高いです。 / 熱帯雨林には多くの動植物がいます。,①热带地区（例：熱帯は暑い。｜热带很热。）,社区推荐
値引き,ねびき,名·他サ,打折，降价,200円値引きする（减价两百日元）,0,词表,是,値引きセールがあるので、買い物に行きます。 / 値引きされた商品はすぐに売り切れます。,①降价（例：値引きします｜降价了。）②折扣（例：値引きがある｜有折扣。）,社区推荐
寝巻き,ねまき,名,睡衣,寝巻きを着る / 寝巻きが新しい / 寝巻きを脱ぐ,0,词表,是,寝巻きを着て、リラックスした時間を過ごします。 / 寝巻きは柔らかくて着心地が良いです。,①睡衣（例：寝巻きを着る｜穿睡衣。）②睡袍（例：寝巻きが必要｜需要睡袍。）,社区推荐
農産物,のうさんぶつ,名,农产品,農産物を収穫する / 農産物が出回る / 農産物の価格,0,词表,是,農産物の直売所に行ってみました。 / 新鮮な農産物を買うのが好きです。,①农产品（例：新鮮な農産物｜新鲜的农产品。）②农业产品（例：農産物を販売｜销售农业产品。）,社区推荐
納税,のうぜい,名·自サ,纳税,納税をする / 納税が義務 / 納税の期限,0,词表,是,納税の期限が近づいてきました。 / 彼は毎年納税を忘れません。,①缴税（例：納税の期限｜缴税的期限。）②交税（例：納税を忘れない｜别忘了交税。）,社区推荐
濃度,のうど,名,浓度,濃度を測る / 濃度が高い / 濃度を調整する,0,词表,是,濃度が高いと、味が強くなります。 / この液体の濃度を測る必要があります。,①浓度（例：濃度を測る｜测浓度。）②密度（例：濃度が高い｜浓度很高。）,社区推荐
納付,のうふ,名·他サ,缴纳,税金を納付する（缴纳税款）,0,词表,是,税金を納付するのを忘れないようにしましょう。 / 納付の手続きは簡単でした。,①支付（例：納付期限｜支付的期限。）②交付（例：納付書を送る｜寄交付书。）,社区推荐
糊,のり,名,浆糊,糊を塗る / 糊が乾く / 糊を使う,0,词表,是,糊を使って、工作をしました。 / この糊はすぐに乾くので便利です。,①胶水（例：糊を使う｜用胶水。）②粘合剂（例：糊が必要｜需要粘合剂。）,社区推荐
配分,はいぶん,名·他サ,分配,富の配分（财富的分配）,0,词表,是,予算の配分を見直す必要があります。 / 配分が不均等だと問題が起こります。,①分配（例：配分を決める｜决定分配。）②分摊（例：配分が公平｜分配公平。）,社区推荐
売買,ばいばい,名·他サ,买卖,売買が成立する / 売買を行う / 売買の契約,0,词表,是,売買契約を結ぶ前に、よく確認しましょう。 / 彼は不動産の売買に詳しいです。,①买卖（例：売買契約｜买卖合同。）②交易（例：売買が成立｜交易成立。）,社区推荐
秤,はかり,名,秤，天平,秤で量る / 秤が壊れる / 秤を使う,0,词表,是,この秤は、重さを正確に測ることができます。 / 店で買った果物の重さを秤で測りました。,①秤子（例：秤で測る｜用秤子称。）②天平（例：秤を使う｜使用天平。）,社区推荐
吐き気,はきけ,名,恶心,吐き気がする（想吐）,0,词表,是,吐き気がするので、今日は学校を休みます。 / 食べ過ぎて吐き気がしてきました。,①恶心（気持ち悪い｜感觉恶心。）,社区推荐
爆発,ばくはつ,名·自サ,爆发,火山が爆発した（火山爆发了）,0,词表,是,昨日の爆発は、工場の事故によるものでした。 / 火山の爆発が近づいているというニュースを見ました。,①爆炸（大きな音がする｜有大声的爆炸。）②突然的变化（状況が変わる｜情况突然变化。）,社区推荐
破産,はさん,名·自サ,破产,破産する / 破産の危機 / 破産を申請する,0,词表,是,彼は事業に失敗して破産してしまいました。 / 破産した会社の社員たちは新しい仕事を探しています。,①破产（お金がない｜没钱了。）②经济崩溃（事業が失敗｜事业失败了。）,社区推荐
梯子,はしご,名,梯子,梯子をかける / 梯子を使う / 梯子を下りる,0,词表,是,高いところに届くために、梯子を使いました。 / 梯子を使って屋根の修理をしました。,①梯子（上るための道具｜用来爬的梯子。）,社区推荐
初め,はじめ,名,初次,初めに考える / 初めが大事 / 初めての経験,0,词表,是,初めての旅行はとても楽しかったです。 / 彼女は初めてのデートに緊張していました。,①开始（物事の始まり｜事情的开始。）②最初（最初の時｜最初的时候。）,社区推荐
旗,はた,名,旗帜,旗を上げる（升旗）,0,词表,是,祭りでは大きな旗が掲げられていました。 / 旗を持って応援するのが好きです。,①旗帜（国の象徴｜国家的象征。）②标志（目印として使う｜作为标志使用。）,社区推荐
発掘,はっくつ,名·他サ,发掘,人材を発掘する（发掘人才）,0,词表,是,考古学者たちは古代の遺跡を発掘しています。 / 発掘された遺物は博物館に展示されます。,①发掘（埋まっているものを見つける｜发现埋藏的东西。）②发现（新しいものを見つける｜找到新的东西。）,社区推荐
発射,はっしゃ,名·他サ,发射,発射する / 発射の準備 / 発射が成功する,0,词表,是,ロケットの発射は成功しました。 / 発射の瞬間、観客たちは拍手を送りました。,①发射（物を飛ばす｜发射物体。）②启动（何かを始める｜启动某事。）,社区推荐
花嫁,はなよめ,名,新娘,花嫁が美しい / 花嫁を迎える / 花嫁の衣装,0,词表,是,友達の結婚式で花嫁を見ました。 / 花嫁のドレスはとても美しかったです。,①新娘（結婚する女性｜结婚的女性。）,社区推荐
ばね,ばね,名,发条，弹簧,ばねが伸びる / ばねを使う / ばねが壊れる,0,词表,是,このばねはとても強いです。 / おもちゃのばねが壊れてしまいました。,①弹簧（圧縮して戻る｜压缩后能回弹。）②弹性材料（弾力のあるもの｜有弹性的材料。）,社区推荐
判子,はんこ,名,印章,判子を押す / 判子を作る / 判子が必要,0,词表,是,書類に判子を押すのを忘れないでください。 / 判子を持っていないと、契約ができません。,①印章（契約書に押す｜在合同上盖章。）②印记（書類に押す｜在文件上盖印。）,社区推荐
犯罪,はんざい,名,犯罪,犯罪が増える / 犯罪を防ぐ / 犯罪の捜査,0,词表,是,その事件は大きな犯罪として報道されました。 / 犯罪を防ぐために、警察がパトロールを強化しています。,①违法行为（法律に違反する｜违法行为。）②罪行（社会に害を及ぼす｜对社会有害的罪行。）,社区推荐
万歳,ばんざい,名·自サ,万岁，万幸,万歳を叫ぶ / 万歳をする / 万歳の声,0,词表,是,みんなで万歳を叫びました。 / 彼の成功を祝って万歳をしました。,①万岁（祝福の言葉｜祝福的话。）②长寿（長生きの願い｜长寿的愿望。）,社区推荐
判事,はんじ,名,法官,判事が決定する / 判事の判断 / 判事に訴える,0,词表,是,判事は公正な判断を下す必要があります。 / 判事の仕事はとても重要です。,①法官（裁判を行う人｜进行审判的人。）,社区推荐
半袖,はんそで,名,短袖,半袖を着る / 半袖のシャツ / 半袖が流行る,0,词表,是,夏になると半袖のシャツを着ることが多いです。 / 半袖の服は涼しくて快適です。,①短袖衣服（夏に着る服｜夏天穿的短袖。）,社区推荐
引き分け,ひきわけ,名,平局,引き分けになる（打成平局）,0,词表,是,サッカーの試合は引き分けに終わりました。 / 引き分けの結果に選手たちはがっかりしていました。,①平局（試合が同点になる｜比赛平局。）②平分（勝敗が決まらない｜胜负未分。）,社区推荐
悲劇,ひげき,名,悲剧,悲劇が起こる / 悲劇を演じる / 悲劇の結末,0,词表,是,その映画は悲劇的な結末でした。 / 悲劇を描いた作品は心に残ります。,①悲惨故事（悲しい出来事｜悲伤的事件。）②悲剧作品（演劇や映画の一種｜一种悲剧作品。）,社区推荐
必需品,ひつじゅひん,名,必需品,必需品を揃える / 必需品が必要 / 必需品のリスト,0,词表,是,食料品は生活の必需品です。 / 必需品を買うためにスーパーに行きました。,①必需品（生活に必要な物｜生活必需品。）②生活必需品（欠かせない物｜不可或缺的物品。）,社区推荐
人込み,ひとごみ,名,人群,人込みを避ける / 人込みに入る / 人込みが多い,0,词表,是,人込みの中で友達を見つけるのは大変です。 / 休日の人込みはいつも賑やかです。,①人群（多くの人が集まる｜人群聚集。）②人潮（人が多い場所｜人多的地方。）,社区推荐
人通り,ひとどおり,名,人来人往,人通りが少ない / 人通りを観察する / 人通りが多い,0,词表,是,この通りは人通りが多いです。 / 人通りが少ない時間帯に散歩します。,①行人往来（人が通る道｜人来人往的路。）②人流（人の流れ｜人流。）,社区推荐
一眠り,ひとねむり,名·自サ,打盹儿,一眠りする / 一眠りの後 / 一眠りが心地よい,0,词表,是,昼休みに一眠りするのが好きです。 / 仕事の合間に一眠りしました。,①小睡（少し寝ること｜小睡一下。）,社区推荐
瞳,ひとみ,名,瞳孔,瞳が輝く / 瞳を見つめる / 瞳の色,0,词表,是,彼女の瞳はとても美しいです。 / 瞳の色が変わることがあります。,①眼睛（目の黒い部分｜眼睛的黑色部分。）,社区推荐
独り言,ひとりごと,名,自言自语,独り言を言う / 独り言が多い / 独り言を聞く,0,词表,是,彼は独り言を言いながら歩いていました。 / 独り言を言うことで気持ちが楽になります。,①自言自语（自分に話しかけること｜自言自语）,社区推荐
皮肉,ひにく,名·ナ形,挖苦,皮肉な言葉（讥讽话）；皮肉を言う（讽刺）,0,词表,是,彼の皮肉な言い方が気に入りません。 / 皮肉を言うのはやめてほしいです。,①讽刺（皮肉な言い方｜讽刺的说法）②挖苦（相手を非難すること｜指责对方）,社区推荐
標識,ひょうしき,名,标识,標識を立てる / 標識が見える / 標識を確認する,0,词表,是,道路の標識をよく見て運転してください。 / 標識があるおかげで迷わずに済みました。,①标志（道を示す標識｜指路的标志）,社区推荐
標本,ひょうほん,名,标本,標本を作る / 標本を集める / 標本にする,0,词表,是,博物館で標本を見学しました。 / 標本を使って授業を受けることがあります。,①标本（生物の標本｜生物标本）②样本（調査のためのサンプル｜调查样本）,社区推荐
笛,ふえ,名,笛子,笛を吹く / 笛が鳴る / 笛を持つ,0,词表,是,笛を吹くのが得意です。 / 笛の音がとても心地よいです。,①笛子（音を出す楽器｜发声的乐器）,社区推荐
部活,ぶかつ,名,社团活动,部活に参加する / 部活をする / 部活がある,0,词表,是,部活の活動が楽しくて毎日通っています。 / 部活で友達がたくさんできました。,①社团活动（部活動の時間｜社团活动时间）,社区推荐
符号,ふごう,名,符号,符号を使う / 符号が必要だ / 符号を理解する,0,词表,是,数学の問題に符号を使います。 / 符号を間違えると答えが変わります。,①符号（記号やマーク｜符号和标记）,社区推荐
無沙汰,むさた,名·自サ,久违,ご無沙汰しています。（久违了。）,0,词表,是,久しぶりに友達と会って無沙汰を感じました。 / 無沙汰していたので、連絡を取りました。,①久未联系（連絡がないこと｜没有联系）,社区推荐
武士,ぶし,名,武士,武士が戦う / 武士の精神 / 武士に学ぶ,0,词表,是,武士の時代について学ぶのが好きです。 / 武士の精神は今でも尊敬されています。,①日本的战士（例：武士は誇り高い。｜武士很骄傲。）②忠诚的侍者（例：彼は武士のようだ。｜他像个武士。）,社区推荐
不祥事,ふしょうじ,名,不祥之事,不祥事が起こる / 不祥事を報告する / 不祥事が発覚する,0,词表,是,会社で不祥事が起きて、社長が辞任しました。 / 不祥事を防ぐために、ルールを見直す必要があります。,①不幸的事件（例：不祥事が報道された。｜发生了不幸事件。）②丑闻（例：会社の不祥事が起きた。｜公司发生了丑闻。）,社区推荐
不正,ふせい,名·ナ形,不正当,不正な商品（黑货）,0,词表,是,不正な手段で成功することは許されません。 / 不正を働くと大きな代償を払うことになります。,①不正当的行为（例：不正が許されない。｜不允许不正当行为。）②不公正（例：不正な取引があった。｜有不公正交易。）,社区推荐
付属,ふぞく,名·自サ,附属,付属品がある / 付属する学校 / 付属の施設,0,词表,是,この学校には付属の図書館があります。 / 付属の施設を利用することができます。,①附属的（例：付属の資料を確認する。｜确认附属资料。）②附加（例：付属品が必要です。｜需要附加品。）,社区推荐
吹雪,ふぶき,名,暴风雪,吹雪がひどい / 吹雪で閉ざされる / 吹雪に遭う,0,词表,是,吹雪の中での運転は危険です。 / 吹雪が続いているので、外出を控えました。,①大雪（例：吹雪がひどくなった。｜大雪变得严重。）②暴风雪（例：吹雪で外に出られない。｜暴风雪无法出门。）,社区推荐
父母,ふぼ,名,父母,父母がいる / 父母に感謝する / 父母と話す,0,词表,是,父母は私の夢を応援してくれます。 / 父母と一緒に過ごす時間が大切です。,①父亲和母亲（例：父母に感謝します。｜感谢父母。）②家长（例：父母の意見を聞く。｜听取家长意见。）,社区推荐
麓,ふもと,名,山脚,麓に住む / 麓で遊ぶ / 麓から見る,0,词表,是,山の麓には美しい村があります。 / 麓の景色はとても素晴らしいです。,①山脚（例：山の麓に住んでいる。｜住在山脚下。）②山下（例：麓の村は静かだ。｜山下的村庄很安静。）,社区推荐
不利益,ふりえき,名·ナ形,不利,不利益な処置（不利的处置）,0,词表,是,不利益を被らないように注意が必要です。 / その決定は不利益をもたらすかもしれません。,①不利的情况（例：不利益を被ることがある。｜可能会遭受损失。）②损失（例：不利益を考慮する。｜考虑损失。）,社区推荐
故郷·古里,こきょう·ふるさと,名,故乡,故郷に帰る / 故郷を思う / 故郷が懐かしい,0,词表,是,故郷に帰ると、懐かしい気持ちになります。 / 故郷の風景は心に残っています。,①出生地（例：故郷に帰りたい。｜想回故乡。）②家乡（例：古里の風景が懐かしい。｜怀念家乡的风景。）,社区推荐
噴火,ふんか,名·自サ,喷火,噴火が起こる / 噴火を観察する / 噴火の影響,0,词表,是,噴火が起こると、周りの人々はすぐに避難しなければなりません。 / 火山の噴火は、自然の力を感じさせます。,①火山喷发（例：噴火が起こった。｜发生了火山喷发。）②喷出（例：噴火の影響が大きい。｜喷发影响很大。）,社区推荐
紛失,ふんしつ,名·自他サ,遗失,紛失する可能性 / 紛失を報告する / 紛失した物,0,词表,是,彼は大切な書類を紛失してしまい、困っています。 / 紛失した鍵を探すのに時間がかかりました。,①丢失（鍵を紛失した｜丢失了钥匙。）②失踪（書類が紛失した｜文件失踪了。）,社区推荐
塀,へい,名,围墙,塀を越える / 塀がある / 塀を作る,0,词表,是,塀の向こう側に美しい庭が見えました。 / その塀はとても高くて、外から中が見えません。,①围墙（庭に塀がある｜院子里有围墙。）②墙壁（塀を越える｜越过墙壁。）,社区推荐
閉会,へいかい,名·自他サ,散会；闭幕,閉会する時間 / 閉会の挨拶 / 閉会を告げる,0,词表,是,会議が終わった後、閉会の挨拶がありました。 / 昨日のイベントは無事に閉会しました。,①结束会议（会議が閉会した｜会议结束了。）②闭幕（式典が閉会した｜仪式闭幕了。）,社区推荐
兵隊,へいたい,名,士兵；军队,兵隊になる（参军）,0,词表,是,兵隊たちは訓練を受けて、任務に備えています。 / 彼の父は若い頃、兵隊として戦争に行きました。,①士兵（兵隊が訓練中｜士兵在训练中。）②军队（兵隊が出動する｜军队出动了。）,社区推荐
返品（する）,へんぴん（する）,名·自他サ,退货,売れない商品を返品する（退回不销之货）,0,词表,是,この商品は返品できますか？ / 返品する場合は、レシートが必要です。,①退货（商品を返品する｜退货商品。）②退回（返品を受け付ける｜接受退回。）,社区推荐
望遠鏡,ぼうえんきょう,名,望远镜,望遠鏡で見る / 望遠鏡を使う / 望遠鏡がある,0,词表,是,星空を観察するために、望遠鏡を持って行きました。 / 彼は望遠鏡で月のクレーターを見ました。,①望远镜（星を見るための望遠鏡｜看星星的望远镜。）②远望镜（望遠鏡を使う｜使用望远镜。）,社区推荐
方角,ほうがく,名,方位,方角を示す / 方角が分かる / 方角を知る,0,词表,是,彼は北の方角に向かって歩き始めました。 / 地図を見て、目的地の方角を確認しました。,①方向（北の方角を指す｜指向北方。）②方位（方角を確認する｜确认方向。）,社区推荐
ほうき,ほうき,名,笤帚,ほうきで掃く / ほうきが必要だ / ほうきを使う,0,词表,是,ほうきで床を掃除するのが好きです。 / 彼女は毎朝、ほうきで庭を掃きます。,①扫帚（ほうきで掃く｜用扫帚扫地。）②清扫工具（ほうきが必要｜需要扫帚。）,社区推荐
方言,ほうげん,名,方言,方言を話す / 方言がある / 方言を学ぶ,0,词表,是,彼の方言はとても独特で、聞くのが楽しいです。 / 地元の方言を学ぶのは面白い経験です。,①地方语言（彼は方言を話す｜他说方言。）②口音（方言が強い｜口音很重。）,社区推荐
冒険,ぼうけん,名·自サ,冒险,冒険に出る / 冒険をする / 冒険が好きだ,0,词表,是,彼は新しい冒険に挑戦することに決めました。 / 冒険が好きな彼は、世界中を旅しています。,①冒险（冒険に出る｜去冒险。）②探险（冒険が好き｜喜欢探险。）,社区推荐
暴言,ぼうげん,名,粗暴的话,暴言を吐く（出口骂人）,0,词表,是,彼の暴言に驚いて、誰も何も言えませんでした。 / 暴言を吐くのは、良くないことだと思います。,①粗暴的言辞（例：彼は暴言を吐いた。｜他说了粗暴的话。）②无礼的言语（例：そんな暴言は許されない。｜这样的无礼不被允许。）,社区推荐
包装,ほうそう,名·他サ,包装,包装を開ける / 包装が必要だ / 包装をする,0,词表,是,商品の包装がとても美しいですね。 / 彼はプレゼントのために包装を選びました。,①包装材料（例：商品は包装されている。｜商品被包装了。）②包裹（例：包装を開けてください。｜请打开包裹。）,社区推荐
包帯,ほうたい,名,绷带,包帯を巻く / 包帯が必要だ / 包帯を交換する,0,词表,是,包帯を巻くのが上手な看護師がいます。 / 彼は怪我をしたので、包帯を使いました。,①用于包扎的绷带（例：包帯を巻いてください。｜请包扎伤口。）,社区推荐
訪問（する）,ほうもん（する）,名·他サ,访问,中国を訪問する（访华）,0,词表,是,友達の家を訪問するのが楽しみです。 / 彼女はビジネスのためにお客様を訪問しました。,①拜访（例：友達を訪問する。｜拜访朋友。）②访问（例：先生を訪問した。｜访问老师。）,社区推荐
暴力,ぼうりょく,名,暴力,暴力を振るう / 暴力が問題だ / 暴力を防ぐ,0,词表,是,暴力は決して解決策ではありません。 / 彼は暴力を振るうことなく問題を解決しました。,①使用武力（例：暴力は許されない。｜暴力是不被允许的。）②强制行为（例：暴力行為は犯罪だ。｜暴力行为是犯罪。）,社区推荐
頬,ほお,名,脸蛋儿,頬が赤い / 頬を叩く / 頬に触れる,0,词表,是,彼女の頬は赤くなって、恥ずかしそうでした。 / 頬に日焼け止めを塗るのを忘れました。,①脸颊（例：頬が赤い。｜脸颊红了。）②面颊（例：頬を叩く。｜打了脸颊。）,社区推荐
牧場,ぼくじょう,名,牧场,牧場で働く / 牧場に行く / 牧場が広い,0,词表,是,牧場で牛を見たり、乳搾りを体験したりしました。 / 彼は牧場で働くことに興味があります。,①养殖场（例：牧場で牛を飼っている。｜在养殖场养牛。）②农场（例：広い牧場がある。｜有一个大农场。）,社区推荐
牧畜,ぼくちく,名,畜牧,牧畜を行う / 牧畜が盛んだ / 牧畜の技術,0,词表,是,牧畜業は、地域の経済にとって重要です。 / 彼の家族は代々牧畜を営んでいます。,①养殖业（例：牧畜が盛んだ。｜养殖业很繁荣。）②畜牧（例：牧畜を学ぶ。｜学习畜牧业。）,社区推荐
北米,ほくべい,名,北美,北米に住む / 北米を訪れる / 北米の文化,0,词表,是,北米には多くの国があり、文化も多様です。 / 北米の旅行を計画しています。,①北美洲（例：北米に住んでいる。｜住在北美。）②美国和加拿大（例：北米市場が大きい。｜北美市场很大。）,社区推荐
保健,ほけん,名,保健,保健に気を付ける / 保健が大切だ / 保健を受ける,0,词表,是,保健の授業で健康について学びました。 / 学校では保健に関するイベントが行われます。,①健康维护（例：保健に気を付ける。｜注意健康。）②保健措施（例：保健が重要だ。｜保健很重要。）,社区推荐
北極,ほっきょく,名,北极,北極に行く / 北極の氷 / 北極の動物,0,词表,是,北極の氷が溶ける問題が深刻です。 / 北極に住む動物たちの生活が危機に瀕しています。,①北极地区（例：北極は寒い。｜北极很冷。）②北极圈（例：北極圏に住む。｜住在北极圈。）,社区推荐
炎,ほのお,名,火焰，火苗,炎が燃える / 炎を消す / 炎が上がる,0,词表,是,炎が燃え上がる音が聞こえました。 / キャンプファイヤーの炎を見つめていました。,①火焰（例：炎が燃えている。｜火焰在燃烧。）②热情（例：炎のような情熱。｜热情如火。）,社区推荐
ぼろ,ぼろ,名,褴褛,ぼろが出る / ぼろを捨てる / ぼろを着る,0,词表,是,彼はぼろを着ているが、心は優しいです。 / ぼろを捨てる前に、もう一度確認してください。,①破布（例：ぼろを着ている。｜穿着破布。）②破旧（例：ぼろの家。｜破旧的房子。）,社区推荐
本論,ほんろん,名,正文,本論に入る / 本論を述べる / 本論が重要だ,0,词表,是,本論に入る前に、まずは前置きをします。 / 彼のレポートは本論がしっかりしていました。,①主要论点（例：本論に入ります。｜进入主要论点。）②核心内容（例：本論を説明する。｜解释核心内容。）,社区推荐
摩擦,まさつ,名,摩擦,摩擦が生じる / 摩擦を減らす / 摩擦を感じる,0,词表,是,机の上で摩擦が起こると、音がします。 / 摩擦を減らすために、潤滑剤を使いました。,①摩擦力（例：摩擦が大きい。｜摩擦力很大。）②冲突（例：摩擦が生じる。｜发生了冲突。）,社区推荐
待合室,まちあいしつ,名,等候室,待合室で待つ / 待合室が混雑する / 待合室にいる,0,词表,是,待合室で友達を待っている間、雑誌を読みました。 / 医者の待合室はいつも混んでいます。,①候诊室（例：待合室で待つ。｜在候诊室等。）②等候区（例：待合室は静か。｜等候区很安静。）,社区推荐
万引き（する）,まんびき（する）,名·他サ,扒窃,高級品が万引きされる（贵重物品遭扒窃）,0,词表,是,彼は万引きの現場を目撃しました。 / 万引きは犯罪であり、厳しく罰せられます。,①偷窃（例：万引きをした。｜我偷了东西。）②商店盗窃（例：万引きが増えている。｜商店盗窃在增加。）,社区推荐
見かけ,みかけ,名,外表,見かけが良い / 見かけを気にする / 見かけが変わる,0,词表,是,彼の見かけはとても印象的でした。 / 見かけに騙されないようにしましょう。,①外表（例：見かけが大事。｜外表很重要。）②表面（例：見かけは良い。｜外表很好。）,社区推荐
見方,みるかた,名,看法,二人の見方が違う（两人见解不同）,0,词表,是,彼女の見方はいつも新鮮で面白いです。 / それぞれの見方を尊重することが大切です。,①观点（例：見方が変わる。｜观点改变了。）②看法（例：見方を教えて。｜请告诉我你的看法。）,社区推荐
三日月,みかつき,名,新月,三日月が見える / 三日月の夜 / 三日月を眺める,0,词表,是,三日月が夜空に美しく輝いていました。 / 三日月の夜は、特別な雰囲気があります。,①新月（例：三日月が見える。｜可以看到新月。）②月相（例：三日月の形。｜这是新月的形状。）,社区推荐
味噌汁,みそしる,名,酱汤,味噌汁を作る / 味噌汁が好きだ / 味噌汁を飲む,0,词表,是,朝食に味噌汁を作るのが日課です。 / 彼は味噌汁が大好きで、毎日飲んでいます。,①味噌汤（例：味噌汁を飲みます。｜我喝味噌汤。）,社区推荐
民謡,みんよう,名,民谣,民謡を歌う / 民謡が伝わる / 民謡を学ぶ,0,词表,是,民謡を歌うことで、地域の文化を守っています。 / 彼女は民謡のコンサートに参加しました。,①民间歌曲（例：民謡を歌います。｜我唱民间歌曲。）,社区推荐
無責任,むせきにん,名·ナ形,没责任心,無責任な男（不负责任的男人）,0,词表,是,彼は無責任な行動を反省するべきです。 / 無責任な態度は、周りに迷惑をかけます。,①不负责任（例：無責任な態度です。｜这是不负责任的态度。）,社区推荐
迷信,めいしん,名,迷信,迷信を信じる / 迷信がある / 迷信を避ける,0,词表,是,迷信を信じる人もいれば、信じない人もいます。 / 彼は迷信に影響されないようにしています。,①迷信信仰（例：迷信を信じています。｜我相信迷信。）,社区推荐
迷路,めいろ,名,迷途,迷路に入る / 迷路を抜ける / 迷路で迷う,0,词表,是,迷路の中で道に迷ってしまいました。 / その迷路はとても複雑で、出られませんでした。,①迷宫（例：迷路に入りました。｜我迷路了。）,社区推荐
目安,めやす,名,目标,目安を立てる（定目标）,0,词表,是,目安を立てて、計画的に行動することが大切です。 / 彼は目安をもとに目標を設定しました。,①参考标准（例：目安を決めます。｜我会设定一个参考标准。）,社区推荐
免疫,めんえき,名,免疫,免疫がつく / 免疫を高める / 免疫が必要だ,0,词表,是,免疫を高めるために、健康的な食事を心がけています。 / 免疫についての知識を深めたいです。,①免疫力（例：免疫が強いです。｜我的免疫力很强。）,社区推荐
面積,めんせき,名,面积,面積を測る / 面積が広い / 面積を計算する,0,词表,是,この部屋の面積は、思ったより広いです。 / 面積を計算するのは簡単です。,①面积大小（例：面積を測ります。｜我会测量面积。）,社区推荐
目次,もくじ,名,目录,目次を作る（编目录）,0,词表,是,本の目次を見て、興味のある章を選びました。 / 目次を確認してから、読み始めます。,①目录内容（例：目次を見てください。｜请看目录。）,社区推荐
木製,もくせい,名,木制,木製の家具 / 木製の玩具 / 木製の道具,0,词表,是,この家具は木製で、とても温かみがあります。 / 木製のテーブルは、部屋の雰囲気を良くします。,①木制材料（例：木製の家具です。｜这是木制家具。）,社区推荐
木造,もくぞう,名,木造,木造の家 / 木造の建物 / 木造の船,0,词表,是,木造の家は、自然に優しいとされています。 / 彼の家は木造で、夏は涼しいです。,①木材建造（例：木造の家｜这是木造的房子。）②木制品（例：木造の家具｜这是木制的家具。）,社区推荐
餅,もち,名,年糕,餅を食べる / 餅を作る / 餅が好きだ,0,词表,是,お正月には餅を食べる習慣があります。 / 餅は日本の伝統的な食べ物です。,①米制糕点（例：餅を食べる｜我吃年糕。）②年节食品（例：お正月に餅｜过年时吃年糕。）,社区推荐
持ち主,もちぬし,名,持有者；物主,家の持ち主（房屋的主人）,0,词表,是,その持ち主は、犬をとても大切にしています。 / 持ち主がいない自転車は、警察に届けられます。,①所有者（例：持ち主が来た｜主人来了。）②物品的主人（例：持ち主は誰？｜主人是谁？）,社区推荐
問答,もんどう,名·自他サ,问答,問答をする / 問答が続く / 問答を楽しむ,0,词表,是,先生と生徒の間で問答が続きました。 / この問題について、問答をしてみましょう。,①问与答（例：問答が続く｜问答在继续。）②对话形式（例：問答形式で｜以问答形式进行。）,社区推荐
やかん,やかん,名,夜间,やかんで沸かす / やかんが必要だ / やかんを使う,0,词表,是,やかんでお湯を沸かすのが好きです。 / やかんを使って、紅茶を入れました。,①水壶（例：やかんでお湯｜用水壶烧水。）②烧水器具（例：やかんを使う｜我用水壶。）,社区推荐
焼き物,やきもの,名,陶瓷器；烧烤,焼き物を作る / 焼き物が好きだ / 焼き物を買う,0,词表,是,この焼き物は、地元の特産品です。 / 焼き物の展示会に行ってきました。,①陶瓷制品（例：焼き物を買う｜我买陶瓷制品。）②烧制工艺（例：焼き物の技術｜这是烧制工艺。）,社区推荐
役者,やくしゃ,名,演员,役者が演じる / 役者の仕事 / 役者を目指す,0,词表,是,彼は有名な役者で、映画にたくさん出演しています。 / 役者としての経験が豊富です。,①演员（例：役者が演じる｜演员在表演。）②表演者（例：役者の仕事｜演员的工作。）,社区推荐
矢印,やじるし,名,箭头,矢印を指す / 矢印がある / 矢印を見つける,0,词表,是,矢印に従って進んでください。 / 地図には矢印が描かれていて、わかりやすいです。,①箭头标志（例：矢印を見て｜请看箭头。）②指示方向（例：矢印がある｜有箭头指示方向。）,社区推荐
宿,やど,名,房屋,宿に泊まる / 宿を探す / 宿がある,0,词表,是,この宿は、温泉があるので人気です。 / 旅行の計画を立てるために宿を探しています。,①住宿地点（例：宿に泊まる｜我住在旅馆。）②旅馆（例：宿を探す｜我在找旅馆。）,社区推荐
家主,やぬし,名,户主,家主がいる / 家主と話す / 家主に頼む,0,词表,是,家主は、家賃を毎月きちんと受け取ります。 / 家主と話し合って、契約を更新しました。,①房东（例：家主に連絡｜联系房东。）②住宅所有者（例：家主がいる｜房东在这里。）,社区推荐
山火事,やまかじ,名,山火,山火事が発生する / 山火事を消す / 山火事の影響,0,词表,是,山火事が発生したため、避難指示が出ました。 / 昨年の山火事は、広範囲にわたりました。,①森林火灾（例：山火事が発生した｜发生了森林火灾。）,社区推荐
山小屋,やまこや,名,山中小屋,山小屋に泊まる / 山小屋を建てる / 山小屋で過ごす,0,词表,是,山小屋でのキャンプは、とても楽しかったです。 / 友達と山小屋に泊まりに行きました。,①山中的小屋（例：山小屋に泊まる｜我住在山小屋。）,社区推荐
遺言,ゆいごん,名,遗言,遺言を残す / 遺言を読む / 遺言がある,0,词表,是,彼の遺言には、家族への思いが込められていました。 / 遺言を残すことは、大切なことです。,①遗嘱（例：遺言を残す｜我留下了遗嘱。）,社区推荐
遊園地,ゆうえんち,名,游乐场所,遊園地に行く / 遊園地で遊ぶ / 遊園地が楽しい,0,词表,是,遊園地で一日中遊びました。 / 子供たちは遊園地が大好きです。,①游乐园（例：遊園地に行く｜我去游乐园。）,社区推荐
優勝（する）,ゆうしょう（する）,名·自サ,冠军,優勝するチーム / 優勝を目指す / 優勝の瞬間,0,词表,是,彼は大会で優勝することができました。 / 優勝の瞬間は、忘れられない思い出です。,①获得冠军（例：優勝することができた｜我能获得冠军。）,社区推荐
優良,ゆうりょう,名·ナ形,优良,優良な商品 / 優良なサービス / 優良な企業,0,词表,是,この商品は優良で、評判が良いです。 / 優良なサービスを提供する会社です。,①优秀的（例：優良な製品｜这是优秀的产品。）,社区推荐
輸送,ゆそう,名·他サ,运输,輸送を行う / 輸送が必要だ / 輸送の手配,0,词表,是,輸送のコストを削減するために、計画を立てています。 / 輸送業者と契約を結びました。,①运输（例：輸送が始まる｜运输开始了。）,社区推荐
油断,ゆだん,名·自サ,疏忽大意,人の油断に乗ずる（趁别人疏忽大意）,0,词表,是,油断していると、失敗することがあります。 / 彼は油断して、重要な書類を忘れました。,①大意，疏忽（例：油断してはいけない｜不能大意。）,社区推荐
湯飲み,ゆのみ,名,茶碗,湯飲みで飲む / 湯飲みを使う / 湯飲みがある,0,词表,是,湯飲みでお茶を飲むのが好きです。 / この湯飲みは、祖母からもらったものです。,①茶杯（例：湯飲みで飲む｜用茶杯喝。）,社区推荐
溶岩,ようがん,名,熔岩,溶岩が流れる / 溶岩が固まる / 溶岩が噴出する,0,词表,是,火山の噴火で溶岩が流れ出しました。 / 溶岩が冷えて、岩になりました。,①熔岩（例：溶岩が流れる｜熔岩在流动。）,社区推荐
用紙,ようし,名,纸张,用紙を選ぶ / 用紙に印刷する / 用紙が足りない,0,词表,是,用紙を印刷する前に、内容を確認してください。 / この用紙は、特別な用途に使います。,①纸张（例：この用紙に書いてください｜请在这张纸上写。）,社区推荐
羊毛,ようもう,名,羊毛,羊毛で編む / 羊毛が柔らかい / 羊毛を使う,0,词表,是,羊毛のセーターは、暖かくて快適です。 / 羊毛を使った製品は、人気があります。,①羊的毛（例：羊毛のセーター｜这是羊毛的毛衣。）,社区推荐
要領,ようりょう,名,要领,要領を得る / 要領が悪い / 要領を説明する,0,词表,是,要領を得た説明が必要です。 / 彼は要領よく仕事を進めています。,①要点（例：要領を得た説明｜这是要点的说明。）②方法（例：要領を教えてください｜请告诉我方法。）,社区推荐
予感,よかん,名·他サ,预感,不吉な予感（不祥的预兆）,0,词表,是,予感がして、何かが起こる気がしました。 / 彼女は良い予感を持っていました。,①预感（例：悪い予感がする｜我有不好的预感。）,社区推荐
予期,よき,名·他サ,预期,予期のごとく（正如所料）,0,词表,是,予期していた結果とは違いました。 / 予期せぬ出来事が起こりました。,①预期（例：予期していた結果｜这是我预期的结果。）,社区推荐
翌朝,よくあさ,名,次日早晨,翌朝に起きる / 翌朝の天気 / 翌朝に出発する,0,词表,是,翌朝、彼は早く起きました。 / 翌朝の天気は、とても良かったです。,①第二天早上（例：翌朝に出発する｜我第二天早上出发。）,社区推荐
予告,よこく,名·他サ,预告,予告をする / 予告がある / 予告を受ける,0,词表,是,映画の予告を見て、興味が湧きました。 / 予告編を見て、観たい映画が増えました。,①预告（例：映画の予告編｜这是电影的预告片。）,社区推荐
横道,おうどう,名,岔道,横道にそれる / 横道を歩く / 横道に入る,0,词表,是,横道に入ると、静かな場所に出ました。 / その横道は、あまり人が通りません。,①小路（例：横道に入る｜我走进小路。）②偏离（例：横道にそれる｜偏离了方向。）,社区推荐
予選,よせん,名,预选,予選を通過する / 予選が行われる / 予選に参加する,0,词表,是,予選を通過するために、全力を尽くします。 / 予選の結果が発表されるのが楽しみです。,①预选赛（例：予選に参加する｜我参加预选赛。）,社区推荐
夜空,よぞら,名,夜空,夜空を見上げる / 夜空に星が輝く / 夜空が美しい,0,词表,是,夜空にはたくさんの星が輝いています。 / 夜空を見上げると、心が落ち着きます。,①夜晚的天空（例：夜空を見上げる｜我仰望夜空。）,社区推荐
酔っ払い,よっぱらい,名,醉汉,酔っ払いが騒ぐ / 酔っ払いに絡まれる / 酔っ払いを見かける,0,词表,是,酔っ払いが道で寝ていました。 / 彼は酔っ払いの友達を助けました。,①醉酒的人（酔っ払いが多い｜有很多醉酒的人。）②喝醉（酔っ払っている｜我喝醉了。）,社区推荐
弱気,よわき,名·ナ形,怯懦,弱気になる（气馁起来）,0,词表,是,弱気にならずに、自信を持ってください。 / 彼は弱気になって、挑戦を避けました。,①软弱（弱気な態度｜这是软弱的态度。）②缺乏信心（弱気になる｜我变得缺乏信心。）,社区推荐
弱み,よわみ,名,弱点,弱みを見せる / 弱みを抱える / 弱みを克服する,0,词表,是,彼女の弱みを知っているのは、私だけです。 / 弱みを克服するために努力しています。,①弱点（彼の弱み｜这是他的弱点。）②脆弱性（弱みを見せる｜我露出了脆弱性。）,社区推荐
落第,らくだい,名·自サ,不及格,落第する / 落第が決まる / 落第を恐れる,0,词表,是,落第しないように、勉強を頑張ります。 / 彼は試験に落第してしまいました。,①不及格（試験に落第した｜我在考试中不及格。）②失败（落第生｜他是个落第生。）,社区推荐
利害,りがい,名,损益,利害が一致する / 利害を考える / 利害関係がある,0,词表,是,利害が一致することが、ビジネスの成功につながります。 / 利害関係を考慮して、話し合いを進めます。,①利益与损害（利害関係｜这是利益与损害。）②利弊（利害を考える｜我在考虑利弊。）,社区推荐
領事,りょうじ,名,领事,領事に会う / 領事が訪れる / 領事の仕事,0,词表,是,領事に相談して、ビザの手続きをしました。 / 領事館での手続きは、少し時間がかかります。,①领事（日本の領事｜这是日本的领事。）②外交官（領事館の職員｜这是领事馆的职员。）,社区推荐
礼儀,れいぎ,名,礼仪,礼儀を守る / 礼儀が大切 / 礼儀を教える,0,词表,是,礼儀を守ることは、社会人として大切です。 / 彼は礼儀正しい人だと評判です。,①礼节（礼儀を守る｜我遵守礼节。）②礼貌（礼儀正しい｜他很有礼貌。）,社区推荐
零点,れいてん,名,零分,零点を取る / 零点がつく / 零点になる,0,词表,是,零点を取らないように、注意が必要です。 / 彼は試験で零点を取ってしまいました。,①零点（零点に到着｜我零点到达。）②零时（零点の鐘｜这是零点的钟声。）,社区推荐
列島,れっとう,名,列岛,列島を巡る / 列島が連なる / 列島の地図,0,词表,是,列島を巡る旅行が計画されています。 / 日本列島には、美しい景色がたくさんあります。,①列岛（日本列島｜这是日本列岛。）②群岛（列島を形成する｜形成了一个群岛。）,社区推荐
連合,れんごう,名·自他サ,联合,連合を結成する / 連合が発表する / 連合に参加する,0,词表,是,連合の会議は来週行われます。 / 彼らは連合して新しいプロジェクトを始めました。,①联合（連合国｜这是联合国。）②联盟（労働連合｜工会）,社区推荐
露出,ろしゅつ,名·自サ,露出，露天,露出工事（露天工程）,0,词表,是,露出が多い服は夏にぴったりです。 / その映画は露出の多いシーンが話題になりました。,①暴露（例：肌を露出する｜暴露肌肤）②显露（例：感情を露出する｜显露感情）,社区推荐
路線,ろせん,名,线路,路線が変更される / 路線を確認する / 路線に乗る,0,词表,是,この路線は毎日混んでいます。 / 新しい路線が開通したので、便利になりました。,①路线（例：新しい路線が開通｜新开路线）②方针（例：路線を変更する｜改变方针）,社区推荐
若人,わこうど,名,年轻人,若人が集まる / 若人に人気 / 若人の意見,0,词表,是,若人たちが集まるイベントが開催されます。 / 若人の意見を聞くことは大切です。,①年轻人（例：若人が集まる｜年轻人聚集）②青年（例：若人の意見｜年轻人的意见）,社区推荐
綿,めん,名,棉，棉花,綿を使う / 綿が柔らかい / 綿で作る,0,词表,是,綿のシャツは肌触りが良いです。 / この布は綿でできているので、通気性がいいです。,①棉花（例：綿のシャツ｜棉质衬衫）②细腻（例：綿のような感触｜细腻的触感）,社区推荐
和服,わふく,名,和服,和服を着る / 和服が似合う / 和服のデザイン,0,词表,是,和服を着る機会はあまりありません。 / 彼女は和服がとても似合います。,①和式服装（例：和服を着る｜穿和服）②日本传统服装（例：和服の美しさ｜和服的美）,社区推荐
割り勘,わりかん,名,均摊,割り勘をする / 割り勘が公平 / 割り勘にする,0,词表,是,食事代は割り勘にしましょう。 / 友達と割り勘で映画を見に行きました。,①AA制（例：割り勘で払う｜AA制付款）②分摊费用（例：割り勘にしましょう｜我们分摊费用）,社区推荐
割安,わりやす,名·ナ形,较便宜,割安で買う / 割安な商品 / 割安に感じる,0,词表,是,この店は割安な商品が多いです。 / 割安な旅行プランを見つけました。,①便宜（例：割安な商品｜便宜的商品）②划算（例：割安な旅行｜划算的旅行）,社区推荐
悪口,わるくち,名,坏话,悪口を言う（说坏话）,0,词表,是,彼は悪口を言う人が嫌いです。 / 悪口を言うのは良くないと思います。,①诽谤（例：悪口を言う｜说坏话）②背后说坏话（例：悪口を言われた｜被人说坏话）,社区推荐
遭う,あう,自五,遭遇,天災 [てんさい] に遭う（遭遇天灾）,0,词表,是,事故に遭うことは避けたいです。 / 彼は不運にも大きなトラブルに遭いました。,①遭遇（例：事故に遭う｜遭遇事故）②遇到（例：友達に遭う｜遇到朋友）,社区推荐
扇ぐ,あおぐ,他五,扇（风）,団扇 [うちわ] で扇ぐ（用扇子扇风）,0,词表,是,扇ぐことで涼しくなります。 / 風を扇いで、暑さを和らげました。,①扇风（例：扇ぐ動作｜扇风的动作）②助长（例：火を扇ぐ｜助长火势）,社区推荐
呆れる,あきれる,自下一,惊呆,呆れた話だ（令人吃惊的话）,0,词表,是,彼の行動には呆れるばかりです。 / そのニュースを聞いて、私は呆れました。,①感到吃惊（例：彼の行動に呆れた。｜对他的行为感到吃惊）②无奈（例：呆れてしまった。｜感到无奈）,社区推荐
焦る,あせる,自·他五,焦躁，着急,成功 [せいこう] を焦るな（不要急于求成）,0,词表,是,試験が近づいてきて、焦っています。 / 彼女は焦って宿題を終わらせました。,①着急（例：時間がないと焦る。｜时间不够着急）②急躁（例：焦ってはいけない。｜不要急躁）,社区推荐
あぶる,あぶる,他五,烤；晒；烘,着物 [きもの] を火であぶる（在火上烘衣服）,0,词表,是,焼き魚をあぶると香ばしくなります。 / バーベキューで肉をあぶるのが好きです。,①烤（例：魚をあぶる。｜烤鱼）②熏（例：肉をあぶる。｜熏肉）,社区推荐
編む,あむ,他五,编织,靴下 [くつした] を編む（织袜子）,0,词表,是,彼女はセーターを編むのが得意です。 / おばあさんは毛糸で帽子を編んでいます。,①编织（例：セーターを編む。｜编织毛衣）②编排（例：歌を編む。｜编排歌曲）,社区推荐
威張る,いばる,自五,吹牛；摆架子,いばって歩く（大摇大摆地走路）,0,词表,是,彼はいつも威張っているので、嫌われています。 / 威張るのは良くないと思います。,①自夸（例：彼は威張っている。｜他在自夸）②骄傲（例：威張る態度。｜骄傲的态度）,社区推荐
飢える,うえる,自下一,饥饿,愛に飢える（渴望爱情）,0,词表,是,彼は飢えている子供たちを助けたいと言いました。 / その国では多くの人が飢えています。,①饥饿（例：彼は飢えている。｜他很饥饿）②渴望（例：愛に飢える。｜渴望爱）,社区推荐
打ち消す,うちけす,他五,否定；消除,事実 [じじつ] を打ち消す（否定事实）,0,词表,是,彼の言葉を打ち消すことはできませんでした。 / その噂を打ち消すのは難しいです。,①否定（例：噂を打ち消す。｜否定谣言）②消除（例：不安を打ち消す。｜消除不安）,社区推荐
撃つ,うつ,他五,射击；攻击,ピストルを撃つ（开枪）,0,词表,是,彼はサッカーの試合でゴールを撃ちました。 / その映画では敵を撃つシーンが多いです。,①射击（例：弓で撃つ。｜用弓射击）②攻击（例：敵を撃つ。｜攻击敌人）,社区推荐
裏返す,うらがえす,他五,反过来,裏返して言えば（反过来说）,0,词表,是,服を裏返すと、洗濯が楽になります。 / 彼はシャツを裏返して着ました。,①翻转（例：服を裏返す。｜翻转衣服）②反转（例：カードを裏返す。｜反转卡片）,社区推荐
占う,うらなう,他五,占卦,身の上を占う（算命）,0,词表,是,占うことで未来を知りたいです。 / 友達に占ってもらったら、良い結果が出ました。,①占卜（例：未来を占う。｜占卜未来）②预言（例：運勢を占う。｜预言运势）,社区推荐
恨む,うらむ,他五,怨，恨,人に恨まれる（招人恨;得罪）,0,词表,是,彼女を恨む気持ちはありません。 / 彼は過去の出来事を恨んでいます。,①怨恨（彼を恨んでいる｜怨恨他）②憎恶（彼女を恨む｜憎恶她）,社区推荐
羨む,うらやむ,他五,羡慕,人の成績 [せいせき] を羨む（羡慕别人的成绩）,0,词表,是,彼の成功を羨む人が多いです。 / 友達の旅行を羨ましく思いました。,①羡慕（彼の成功を羨む｜羡慕他的成功）②嫉妒（友達を羨む｜嫉妒朋友）,社区推荐
得る,える,他下一,获得,利益 [りえき] を得る（得到利益）,0,词表,是,新しいスキルを得るために勉強しています。 / 彼は経験を得るためにボランティアをしています。,①获得（知識を得る｜获得知识）②取得（利益を得る｜取得利益）,社区推荐
追い付く,おいつく,自五,追赶，追平,急いで彼に追いつこう（让我们赶紧追上他吧）,0,词表,是,彼は遅れている友達に追い付くために急ぎました。 / 競争相手に追い付くのは難しいです。,①赶上（彼に追い付く｜赶上他）②追上（時間に追い付く｜追上时间）,社区推荐
応じる,おうずる,自上一,答应；按照,招きに応じる（应邀）,0,词表,是,彼は私の提案に応じてくれました。 / 会社の方針に応じて、計画を変更しました。,①响应（要望に応じる｜响应要求）②配合（条件に応じる｜根据条件）,社区推荐
侵す,おかす,他五,侵犯,権利 [けんり] を侵す（侵犯权利）,0,词表,是,その行為は他人の権利を侵すことになります。 / 彼は法律を侵す行為をしました。,①侵犯（権利を侵す｜侵犯权利）②侵害（プライバシーを侵す｜侵害隐私）,社区推荐
拝む,おがむ,他五,拜；央求,神仏 [かみほとけ] を拝む（拜神佛）,0,词表,是,彼女は神社でおがみました。 / 彼は成功を祈っておがみました。,①拜拜（仏を拝む｜拜佛）②祈祷（神を拝む｜祈祷神明）,社区推荐
贈る,おくる,他五,赠送,みやげを贈る（送礼物）,0,词表,是,友達の誕生日にプレゼントを贈ります。 / 彼は母に花を贈りました。,①赠送（プレゼントを贈る｜赠送礼物）②献上（花を贈る｜献上花）,社区推荐
納める,おさめる,他下一,缴纳,費用 [ひよう] を納める（缴费）,0,词表,是,税金を納めるのは義務です。 / 彼は毎年きちんと納めています。,①缴纳（税金を納める｜缴纳税金）②收纳（本を納める｜收纳书籍）,社区推荐
治める,おさめる,他下一,治理,水を治める（治水）,0,词表,是,彼は町を治めるために選ばれました。 / その国は新しいリーダーによって治められています。,①治理（国を治める｜治理国家）②安定（心を治める｜安定心情）,社区推荐
収める,おさめる,他下一,接受；取得,利益を収める（取得利益）,0,词表,是,彼は賞を収めることができました。 / そのプロジェクトで大きな成果を収めました。,①收获，获得（成果を収める｜获得成果）②保存，收存（本を収める｜保存书籍）,社区推荐
押し通す,おしとおす,他五,贯彻,わがままを押し通す（一意孤行）,0,词表,是,彼は自分の意見を押し通すつもりです。 / その計画を押し通すのは難しいです。,①坚持，强行通过（意見を押し通す｜坚持意见）②不妥协，强行实施（計画を押し通す｜强行实施计划）,社区推荐
脅かす,おびやかす,他五,威胁,安全を脅かす（威胁安全）,0,词表,是,彼の発言は私を脅かすものでした。 / そのニュースは多くの人を脅かしました。,①威胁，恐吓（人を脅かす｜威胁他人）②惊吓，吓唬（子供を脅かす｜吓唬孩子）,社区推荐
溺れる,溺れる,自下一,溺水；沉迷,酒に溺れる（沉湎于酒）,0,词表,是,彼はゲームに溺れているようです。 / 彼女は仕事に溺れていると感じています。,①沉溺，沉迷（酒に溺れる｜沉迷于酒）②淹没，陷入（海に溺れる｜淹没在海里）,社区推荐
お目にかける,おめにかける,词组,给……看。（見せる的谦让语）,お目にかける機会 / お目にかけること / お目にかける準備,0,词表,是,彼に新しいプロジェクトをお目にかける予定です。 / この作品をお目にかけるのが楽しみです。,①让您见面（お目にかける機会｜让您见面）,社区推荐
思い切る,おもいきる,自·他五,死心,どうしても思い切れない（怎么也死不了心）,0,词表,是,彼はその仕事を思い切って辞めました。 / 彼女は新しい挑戦を思い切って始めました。,①下定决心（思い切って行動する｜下定决心行动）②果断，决断（思い切りがいい｜果断）,社区推荐
思える,おもう,自·他下一,可以认为,本当と思える（可以认为是真的）,0,词表,是,それは簡単だと思える問題です。 / 彼の説明は分かりやすいと思えました。,①感觉，认为（そう思える｜这样认为）,社区推荐
及ぼす,およぼす,他五,波及,影響 [えいきょう] を及ぼす（影响到）,0,词表,是,その事件は多くの人に影響を及ぼしました。 / 彼の行動は周囲に良い影響を及ぼしています。,①影响，波及（影響を及ぼす｜影响他人）②造成，带来（被害を及ぼす｜造成损害）,社区推荐
抱える,かかえる,他下一,抱；承担,問題を抱える（存在问题）,0,词表,是,彼は大きな問題を抱えています。 / 彼女は家族の問題を抱えています。,①抱，怀（子供を抱える｜抱着孩子）②承担，负担（問題を抱える｜承担问题）,社区推荐
かき混ぜる,かきまぜる,他下一,搅拌,セメントをかきまぜる（搅拌水泥）,0,词表,是,スープを作るときは、よくかき混ぜることが大切です。 / ケーキの生地をかき混ぜるのを手伝ってくれませんか？,①搅拌，混合（スープをかき混ぜる｜搅拌汤）②翻动，搅动（土をかき混ぜる｜翻动土）,社区推荐
かじる,かじる,他五,咬，啃,りんごを齧る（啃苹果）,0,词表,是,子供はお菓子をかじりながらテレビを見ていました。 / 彼はリンゴをかじっているとき、笑顔を見せました。,①咬，啃（例：リンゴをかじる｜啃苹果）②稍微接触（例：知識をかじる｜接触知识）,社区推荐
固まる,かたまる,自五,变硬，凝固,コンクリートが固まる（混凝土凝固了）,0,词表,是,このゼリーは冷やすと固まります。 / 冷たい水に入れると、すぐに固まるでしょう。,①变硬，凝固（例：水が固まる｜水变硬）②固定，稳定（例：心が固まる｜心稳定）,社区推荐
傾く,かたむく,自五,倾斜,思想が右に傾く（思想右倾）,0,词表,是,建物が傾いているのを見て、驚きました。 / 地震の後、道路が傾いてしまった。,①倾斜，倾倒（例：木が傾く｜树倾斜）②偏向，倾向（例：意見が傾く｜意见偏向）,社区推荐
偏る,かたよる,自五,偏于一方；偏袒,考えが偏っている（见解偏颇）,0,词表,是,彼はいつも友達に偏った意見を言います。 / 偏ることなく、全ての意見を聞くようにしています。,①偏向，倾斜（例：意見が偏る｜意见偏向）②不均衡，失衡（例：栄養が偏る｜营养失衡）,社区推荐
からかう,からかう,他五,戏弄,子どもをからかう（逗小孩）,0,词表,是,友達にからかわれて、少し恥ずかしかったです。 / 彼は私をからかうのが好きなようです。,①戏弄，调侃（例：友達をからかう｜戏弄朋友）②逗乐，取笑（例：子供をからかう｜逗乐孩子）,社区推荐
刈る,かる,他五,割，剪,草を刈る（割草）,0,词表,是,彼は庭の草を刈るのが得意です。 / 夏になると、毎週草を刈る必要があります。,①割，剪（例：草を刈る｜割草）②收割，采摘（例：稲を刈る｜收割稻子）,社区推荐
かわいがる,かわいいがる,他五,喜爱,孫 [まご] をかわいがる（宠爱孙子）,0,词表,是,彼女は猫をとてもかわいがっています。 / 子供たちは犬をかわいがるのが好きです。,①宠爱，喜爱（例：子供をかわいがる｜宠爱孩子）②照顾，关爱（例：ペットをかわいがる｜关爱宠物）,社区推荐
渇く,かわく,自五,干渴,のどが渇いた（嗓子干渴）,0,词表,是,暑い日には、喉が渇くことが多いです。 / 運動した後は、すぐに水が渇く感じがします。,①干渴，口渴（例：喉が渇く｜口渴）②缺乏，渴望（例：知識が渇く｜渴望知识）,社区推荐
聞き返す,ききかえす,他五,反复问,"分からなかったら何度でも聞き返してよい（如果不明白,反复问多少次",0,词表,是,先生の話が聞き取れなかったので、聞き返しました。 / もう一度聞き返してもいいですか？,①再问，重问（例：もう一度聞き返す｜再问一次）②确认，复述（例：名前を聞き返す｜确认名字）,社区推荐
着せる,きせる,他下一,给……穿上,娘に和服を着せる（给女儿穿上和服）,0,词表,是,彼女は赤ちゃんにかわいい服を着せました。 / 母は私に新しいコートを着せてくれました。,①穿上，给穿（例：子供に服を着せる｜给孩子穿衣）②施加，赋予（例：役割を着せる｜赋予角色）,社区推荐
切れる,きれる,自下一,锐利；断开,よく切れた刀（锋利的刀）,0,词表,是,このナイフはとても切れるので、注意が必要です。 / 糸が切れると、すぐに修理しなければなりません。,①断开，切断（糸が切れた｜线断了）②变得锋利（包丁が切れる｜刀变锋利）,社区推荐
禁じる,きんずる,他上一,禁止；戒,酒を禁じる（戒酒）,0,词表,是,学校では、携帯電話の使用が禁じられています。 / その行為は法律で禁じられています。,①禁止，制止（喫煙を禁じる｜禁止吸烟）,社区推荐
食う,くう,他五,吃,飯を食う（吃饭）,0,词表,是,昼ごはんに何を食うか決めましたか？ / 彼はお腹が空いて、すぐに食うことにしました。,①吃，食用（肉を食う｜吃肉）②占有，夺取（時間を食う｜占用时间）,社区推荐
区切る,くぎる,他五,分段；划分,文章を区切る（把文章分段）,0,词表,是,この文章を区切るために、コンマを使ってください。 / 話を区切ることで、理解しやすくなります。,①分隔，划分（文章を区切る｜分隔文章）,社区推荐
崩す,くずす,他五,拆毁；打乱,列を崩す（搞乱队形）,0,词表,是,彼は古い家を崩すことに決めました。 / その計画は、予算を崩す可能性があります。,①打破，破坏（バランスを崩す｜打破平衡）②拆除，推翻（家を崩す｜拆掉房子）,社区推荐
砕く,くだく,他五,打碎,夢を砕く（梦想破灭）,0,词表,是,彼は石を砕いて、砂を作りました。 / その機械は氷を砕くことができます。,①打碎，粉碎（石を砕く｜打碎石头）②破坏，打破（夢を砕く｜打破梦想）,社区推荐
くっつける,くっつける,他下一,粘贴；使靠近,のりでくっつける（用糨糊贴上）,0,词表,是,彼は二つの紙をくっつけるために、のりを使いました。 / その部品をくっつけるのは簡単です。,①粘合，附着（紙をくっつける｜粘纸）,社区推荐
漕ぐ,こぐ,他五,划；蹬,船を漕ぐ（划船）,0,词表,是,彼は自転車を漕ぎながら音楽を聴いていました。 / 湖でボートを漕ぐのは楽しいです。,①划，蹬（自転車を漕ぐ｜骑自行车）,社区推荐
凍える,こごえる,自下一,冻僵,手が凍える（手冻僵）,0,词表,是,寒い冬の日に外にいると、手が凍えることがあります。 / 彼は雪の中で凍えてしまった。,①冻僵，寒冷（手が凍える｜手冻僵）,社区推荐
腰掛ける,こしかける,自下一,坐下,腰掛けて休む（坐下休息）,0,词表,是,椅子に腰掛けて、少し休みましょう。 / 彼は公園のベンチに腰掛けていました。,①坐下，歇息（椅子に腰掛ける｜坐下休息）,社区推荐
擦る,する,他五,摩擦,あかをこする（擦污垢）,0,词表,是,その道具を使って、木を擦ってみてください。 / 彼は靴を擦って、きれいにしました。,①摩擦（手を擦る｜摩擦手）②擦拭（テーブルを擦る｜擦拭桌子）,社区推荐
堪える,こたえる,他下一,忍耐,痛みを堪える（忍痛）,0,词表,是,辛い時期を堪えることが大切です。 / 彼女は困難を堪えて、成功しました。,①忍耐（痛みを堪える｜忍耐痛苦）②耐受（苦しみを堪える｜耐受苦难）,社区推荐
さかのぼる,さかのぼる,自五,追溯,太古 [たいこ] に遡る（追溯到上古）,0,词表,是,この歴史をさかのぼると、面白い事実が見つかります。 / 彼の家族の歴史をさかのぼって調べました。,①追溯（歴史をさかのぼる｜追溯历史）②回溯（時間をさかのぼる｜回溯时间）,社区推荐
逆らう,さからう,自五,逆；违背,風に逆らって進む（迎风前进）,0,词表,是,彼は上司に逆らうことはできませんでした。 / ルールに逆らうと、罰が待っています。,①违抗（流れに逆らう｜违抗潮流）②反抗（親に逆らう｜反抗父母）,社区推荐
差し引く,さしひく,他五,扣除；相抵,手数料 [てすうりょう]を差し引く（扣除手续费）,0,词表,是,給料から税金を差し引くのは普通です。 / 彼は経費を差し引いて、利益を計算しました。,①扣除（税金を差し引く｜扣除税金）②减去（費用を差し引く｜减去费用）,社区推荐
錆びる,さびる,自上一,生锈,小刀 [こがたな] がさびた（小刀生锈了）,0,词表,是,古い鉄はすぐに錆びることがあります。 / 雨に濡れた自転車が錆びてしまった。,①生锈（鉄が錆びる｜铁生锈）②腐蚀（金属が錆びる｜金属腐蚀）,社区推荐
敷く,しく,他五,铺,ふとんを敷く（铺被褥）,0,词表,是,新しいカーペットを敷く予定です。 / 庭に芝生を敷くことにしました。,①铺设（じゅうたんを敷く｜铺地毯）②设置（ベッドを敷く｜设置床铺）,社区推荐
茂る,しげる,自五,繁茂,草が茂っている（草长得茂盛）,0,词表,是,この森は木々が茂っていて、静かです。 / 夏になると、草が茂るのが早いです。,①繁茂（木が茂る｜树木繁茂）②生长（草が茂る｜草生长）,社区推荐
しびれる,しびれる,自下一,麻木；发麻,足が痺れる（腿麻）,0,词表,是,寒さで手がしびれてしまいました。 / 長時間同じ姿勢でいると、足がしびれます。,①麻木（手がしびれる｜手麻木）②刺痛（足がしびれる｜脚刺痛）,社区推荐
しぼむ,しぼむ,自五,枯萎,花がしぼんだ（花枯萎了）,0,词表,是,花がしぼむ前に、水をあげてください。 / 暑い日には、植物がすぐにしぼむことがあります。,①萎缩（花がしぼむ｜花萎缩）②消失（気持ちがしぼむ｜心情消失）,社区推荐
縛る,しばる,他五,捆绑；束缚,まきを縛る（捆柴）,0,词表,是,彼は荷物を縛るために、ロープを使いました。 / その箱を縛るのは簡単です。,①绑住（彼はロープで縛った｜用绳子绑住）②限制（自由を縛る｜限制自由）,社区推荐
透き通る,すきとおる,自五,透明,透き通った泉（清泉）,0,词表,是,このガラスは透き通っていて、美しいです。 / 透き通る水の中で魚が泳いでいます。,①透明（水が透き通る｜水透明）②清澈（空気が透き通る｜空气清澈）,社区推荐
救う,すくう,他五,拯救；挽救,命を救う（救命）,0,词表,是,彼は困っている人を救うために、ボランティアをしています。 / その行動は多くの人を救うことができました。,①拯救（彼を救った｜拯救他）②帮助（困っている人を救う｜帮助困人）,社区推荐
背負う,せおう,他五,背，负,罪を背負う（承担罪名）,0,词表,是,彼は子供を背負って、山を登りました。 / お母さんは赤ちゃんを背負って散歩しています。,①背负（荷物を背負う｜背负行李）②承担（責任を背負う｜承担责任）,社区推荐
攻める,せめる,他下一,攻击,城 [しろ] を攻める（攻城）,0,词表,是,彼は敵を攻めるために、戦略を練っています。 / そのチームは相手を攻めるのが得意です。,①攻击（敵を攻める｜攻击敌人）②进攻（城を攻める｜进攻城堡）,社区推荐
属する,ぞくする,自サ,属于；隶属,すべての権力は人民に属する（一切权力属于人民）,0,词表,是,彼はこのプロジェクトに属しています。 / その団体は多くの人に属しています。,①属于（彼はチームに属する｜他属于团队）②隶属（団体に属する｜隶属团体）,社区推荐
剃る,そる,他五,剃,ひげを剃る（刮胡子）,0,词表,是,彼は毎朝ひげを剃ります。 / 髪を剃るのは、彼の日課です。,①剃须（髭を剃る｜剃须）②剃发（頭を剃る｜剃头）,社区推荐
逸れる,それる,自下一,脱离正轨,たまが逸れた（子弹射偏）,0,词表,是,彼は道を逸れて、迷ってしまいました。 / その話題から逸れると、話が長くなります。,①偏离（道を逸れる｜偏离道路）②走散（話が逸れる｜话题偏离）,社区推荐
耕す,たがやす,他五,耕,畑 [はたけ] を耕す（耕地）,0,词表,是,彼は畑を耕すのが好きです。 / 農業を始めるために、土地を耕しています。,①耕作（畑を耕す｜耕作田地）②培养（心を耕す｜培养心灵）,社区推荐
炊く,たく,他五,炊，做（饭）,ご飯を炊く（做饭）,0,词表,是,ご飯を炊くのが得意です。 / 毎朝、家族のためにお弁当を炊いています。,①煮饭（ご飯を炊く｜煮饭）②烹饪（料理を炊く｜烹饪菜肴）,社区推荐
蓄える,たくわえる,他下一,储存，留,金を蓄える（存钱）,0,词表,是,お金を蓄えるために、毎月少しずつ貯金しています。 / 彼は将来のために、食料を蓄えることにしました。,①储存（お金を蓄える｜储存钱）②积累（知識を蓄える｜积累知识）,社区推荐
例える,たとえる,他下一,比如，比喻,美人を花に例える（把美人比喻成花）,0,词表,是,彼の行動を例えるなら、まるで子供のようです。 / この問題を解決する方法を例えると、簡単なパズルのようです。,①比喻（彼をライオンに例える｜比喻他为狮子）②举例（例えて言うと｜举例说明）,社区推荐
double,double,自五,重复,日曜と祭日 [さいじつ] がダブる（星期日和节日赶在一天了）,0,词表,是,彼は同じことを何度もdoubleして言いました。 / その映画は、同じシーンがdoubleで繰り返されていました。,①双倍（値段がdoubleになる｜价格翻倍）②双重（doubleの意味｜双重含义）,社区推荐
契る,ちぎる,他五,誓约,かたく契った恋人（海誓山盟的情人）,0,词表,是,友達と一緒に未来を契ることにしました。 / 彼女は彼に愛を契ると約束しました。,①约定（約束を契る｜约定承诺）②结合（心を契る｜心灵相通）,社区推荐
縮む,ちぢむ,自五,缩，收缩,服のたけが縮んだ（衣服的长度缩短了）,0,词表,是,洗濯物が縮むのを防ぐために、注意が必要です。 / このセーターは洗ったら縮んでしまいました。,①缩小（服が縮む｜衣服缩小）②变小（影が縮む｜影子变小）,社区推荐
縮める,ちぢめる,他下一,缩短，减少,命を縮める（缩短寿命）,0,词表,是,この文章をもっと短く縮めることができますか？ / 時間がないので、会議を縮める必要があります。,①缩短（時間を縮める｜缩短时间）②减少（距離を縮める｜缩短距离）,社区推荐
縮れる,ちぢれる,自下一,卷曲；起皱,髪の毛が縮れている（头发卷曲）,0,词表,是,彼の髪は湿気で縮れてしまいました。 / この布は洗うと縮れることがあります。,①卷曲（髪が縮れる｜头发卷曲）②皱缩（布が縮れる｜布料皱缩）,社区推荐
散らす,ちらす,他五,散开；散步,花を散らす（撒花）,0,词表,是,花びらが風に散らすように舞っていました。 / 彼は部屋を散らすのが好きではありません。,①散开（花を散らす｜花散开）②分散（人を散らす｜人分散）,社区推荐
突き当たる,つきあたる,自五,撞上；走到尽头,困難に突き当たる（遇到困难）,0,词表,是,道を突き当たると、右に曲がってください。 / その問題に突き当たると、解決策を考えなければなりません。,①碰到（壁に突き当たる｜碰到墙）②遇到（問題に突き当たる｜遇到问题）,社区推荐
就く,つく,自五,就；从事,席に就く（就座）,0,词表,是,彼は教師として就くことを決めました。 / 新しい仕事に就くのが楽しみです。,①就职（仕事に就く｜找到工作）②开始（地位に就く｜开始担任）,社区推荐
次ぐ,つぐ,自五,接着；次于,首相 [しゅしょう] に次ぐ地位（仅次于首相的地位）,0,词表,是,彼は日本語の勉強を次ぐことにしました。 / その映画は、前作に次ぐ人気があります。,①紧接着（次ぐ者が現れる｜紧接着出现）②次于（彼は次ぐ選手だ｜他是下一个选手）,社区推荐
造る,つくる,他五,建造,船を造る（造船）,0,词表,是,彼は新しい家を造るためにお金を貯めています。 / この町には美しい公園を造る計画があります。,①制造（家具を造る｜制造家具）②创作（作品を造る｜创作作品）,社区推荐
突っ込む,つきこむ,自他五,闯进；深入,突っ込んだ話をする（深入地谈）,0,词表,是,彼は問題に突っ込む勇気があります。 / その話題に突っ込むのは難しいです。,①插入（意見を突っ込む｜插入意见）②冲入（車が突っ込む｜车冲入）,社区推荐
務める,つとめる,他下一,担任,司会 [しかい] を務める（担任主持人）,0,词表,是,彼女は会社でマネージャーを務めています。 / 彼はボランティア活動を務めることにしました。,①担任（役職を務める｜担任职务）②努力（仕事を務める｜努力工作）,社区推荐
吊る,つる,他五,吊，挂,橋を吊る（架吊桥）,0,词表,是,彼は絵を壁に吊るしました。 / そのランプを天井から吊るすことができます。,①悬挂（旗を吊る｜悬挂旗帜）②吊起（物を吊る｜吊起物品）,社区推荐
吊るす,つるす,他五,吊，悬,風鈴 [ふうりん] を吊るす（挂风铃）,0,词表,是,彼女は風船を木に吊るしました。 / その旗を高いところに吊るすのが好きです。,①悬挂（服を吊るす｜悬挂衣服）②吊起（物を吊るす｜吊起东西）,社区推荐
照る,てる,自五,照，晒,日が照る（太阳照射）,0,词表,是,太陽が照ると、気温が上がります。 / 今日は晴れていて、日差しが照っています。,①照耀（太陽が照る｜太阳照耀）②照亮（明かりが照る｜灯光照亮）,社区推荐
通す,とおす,他五,穿过，贯通,ガラス戸は光を通す（玻璃门透光）,0,词表,是,この道を通すと、駅に着きます。 / 彼はその問題を通すために努力しました。,①通过（道を通す｜通过道路）②让通过（人を通す｜让人通过）,社区推荐
通りかかる,とおりかかる,自五,恰巧路过,通りかかった汽船に助けられた（被恰好驶过的轮船救上来了）,0,词表,是,昨日、友達の家の前を通りかかりました。 / 彼は偶然、古い友達に通りかかりました。,①路过（友達が通りかかる｜朋友路过）,社区推荐
尖る,とがる,自五,尖；发怒,とがった顔（尖脸）,0,词表,是,彼は怒って尖った声で話しました。 / このナイフはとても尖っています。,①尖锐（ナイフが尖る｜刀尖锐）②突出（意見が尖る｜意见尖锐）,社区推荐
退く,しりぞく,自五,躲开,ちょっとどいてくれ（躲开点!）,0,词表,是,彼は危険を感じて、すぐに退きました。 / その問題から退くことはできません。,①后退，退却（彼は一歩退いた。｜他退了一步）②辞职，离职（彼は会社を退いた。｜他辞职了）,社区推荐
溶け込む,とけこむ,自五,融洽；溶解,気持ちが溶け込む（心情融洽）,0,词表,是,彼は新しい環境に溶け込むのが得意です。 / 彼女はすぐにそのグループに溶け込みました。,①融入，混合（彼はすぐにグループに溶け込んだ。｜他很快融入了团队）②融化，溶解（雪が溶け込んでいく。｜雪在融化）,社区推荐
溶ける,とける,自下一,溶化,鉄が溶ける（铁溶化）,0,词表,是,この氷はすぐに溶けるでしょう。 / 砂糖が水に溶けるのを見てください。,①溶解，融化（氷が溶ける。｜冰在融化）②消失，消散（夢が溶けるように消えた。｜梦消失了）,社区推荐
捉える／捕らえる,とらえる／とらえる,他下一,捕捉,文章の意味を正しく捉える（正确掌握文章的含意）,0,词表,是,彼はそのチャンスを捉えることができました。 / 彼女はその瞬間を捉えるためにカメラを構えました。,①抓住，捕捉（彼はチャンスを捉えた。｜他抓住了机会）②理解，领会（彼女の気持ちを捕らえた。｜她理解了他的心情）,社区推荐
眺める,ながめる,他下一,眺望,月を眺める（望月）,0,词表,是,窓から外を眺めると、きれいな景色が見えます。 / 彼は海を眺めるのが好きです。,①凝视，注视（彼は海を眺めている。｜他在看海）②观察，观看（星空を眺める。｜观察星空）,社区推荐
殴る,なぐる,他五,殴打,人を殴る（打人）,0,词表,是,彼は相手を殴ることは決してありません。 / その映画では、主人公が敵を殴るシーンがあります。,①打，殴打（彼は相手を殴った。｜他打了对方）②攻击，袭击（敵を殴る。｜攻击敌人）,社区推荐
撫でる,なでる,他下一,抚摸；安抚,ひげをなでる（捋胡子）,0,词表,是,彼女は子猫を優しく撫でました。 / 彼は犬を撫でるのが好きです。,①抚摸，轻抚（猫を撫でる。｜抚摸猫）②安慰，抚慰（子供を撫でてあげた。｜安慰孩子）,社区推荐
成る,なる,自五,做好，做完,願いが成る（愿望实现了）,0,词表,是,目標を成るために、毎日努力しています。 / 彼は夢を成るために頑張っています。,①成为，变成（彼は医者になった。｜他成为了医生）②完成，达成（夢が成った。｜梦想实现了）,社区推荐
煮える,にえる,自下一,煮熟,いもが煮える（白薯熟了）,0,词表,是,パスタが煮えるまで、少し待ってください。 / 野菜が煮えると、いい香りがします。,①煮熟，煮沸（スープが煮えている。｜汤在煮）②沸腾，冒泡（お湯が煮えている。｜水在沸腾）,社区推荐
におう,におう,自五,散发香味,この花はよくにおいますね（这花真香呀）,0,词表,是,この花は甘い香りがにおいます。 / 料理ができると、いいにおいがします。,①散发气味（花がにおう。｜花散发香味）②有臭味（魚がにおう。｜鱼有臭味）,社区推荐
逃がす,にがす,他五,放掉；错过,どろぼうを逃がす（让小偷跑掉）,0,词表,是,彼はチャンスを逃がさないようにしています。 / その魚を逃がすのはもったいないです。,①放走（魚を逃がした｜放走鱼）②让...逃脱（犯人を逃がす｜让犯人逃脱）,社区推荐
握り締める,にぎりしめる,他下一,紧握,こぶしを握り締める（攥紧拳头）,0,词表,是,彼はその手紙を握り締めていました。 / 彼女は大切なものを握り締めています。,①紧握（手を握り締める｜紧握双手）②牢牢把握（心を握り締める｜牢牢把握心）,社区推荐
憎む,にくむ,他五,憎恨,敵を憎む（憎恨敌人）,0,词表,是,彼は過去の出来事を憎んでいます。 / 彼女はその行動を憎むことはありません。,①憎恨（彼を憎む｜我憎恨他）②厌恶（この行為を憎む｜我厌恶这个行为）,社区推荐
濁る,にごる,自五,浑浊,空気が濁っている（空气污浊）,0,词表,是,水が濁っていると、魚が見えません。 / 雨の後、川が濁ってしまいました。,①变浑浊（水が濁る｜水变浑浊）②变得模糊（声が濁る｜声音变模糊）,社区推荐
縫う,ぬう,他五,缝,着物を縫う（缝衣服）,0,词表,是,彼女は布を縫うのが得意です。 / この服を縫うのに時間がかかりました。,①缝合（布を縫う｜缝合布料）②编织（糸を縫う｜编织线）,社区推荐
ねじる,ねじる,他五,拧,タオルをねじる（拧手巾）,0,词表,是,彼はネジをねじるのが好きです。 / この瓶の蓋をねじるのは簡単です。,①扭转（体をねじる｜身体扭转）②拧紧（ネジをねじる｜拧紧螺丝）,社区推荐
狙う,ねらう,他五,瞄准；意图,的を狙う（瞄准靶子）,0,词表,是,彼はそのチャンスを狙っています。 / 彼女は成功を狙うために努力しています。,①瞄准（獲物を狙う｜瞄准猎物）②企图（成功を狙う｜企图成功）,社区推荐
昇る,のぼる,自五,上升,太陽が昇る（太阳升起）,0,词表,是,太陽が昇ると、朝が始まります。 / 彼は山に昇るのが好きです。,①上升（太陽が昇る｜太阳升起）②升高（気温が昇る｜气温升高）,社区推荐
乗り過ごす,のりすごす,自五,坐过站,居眠 [いねむ] りして乗り過ごした（因打瞌睡而坐过站）,0,词表,是,彼は次の駅を乗り過ごしてしまいました。 / バスを乗り過ごすと、次の便を待たなければなりません。,①错过（駅を乗り過ごす｜错过车站）②坐过站（電車を乗り過ごす｜坐过站）,社区推荐
剥がす,はがす,他五,剥下，揭下,切手を剥がす（揭下邮票）,0,词表,是,このシールを剥がすのは簡単です。 / 壁からポスターを剥がすときに注意してください。,①剥离（シールを剥がす｜剥离贴纸）②撕掉（紙を剥がす｜撕掉纸）,社区推荐
吐く,はく,他五,吐；说出,血を吐く（吐血）,0,词表,是,彼は緊張して、思っていたことを吐くことができなかった。 / その問題について、率直に吐くことが大切です。,①呕吐（気分が悪い時に吐く｜感觉不舒服时呕吐）②说出（思いを吐く｜说出心里话）,社区推荐
挟まる,はさまる,自五,夹，塞,指がドアに挟まった（手指夹在门缝里了）,0,词表,是,鞄がドアに挟まってしまった。 / 彼の指が机の引き出しに挟まった。,①夹住（指の間に挟まる｜夹住手指）②被夹（ドアに挟まる｜被门夹住）,社区推荐
挟む,はさむ,他五,夹；插,口を挟む（插嘴）,0,词表,是,本を挟むために、クリップを使ってください。 / 彼は手紙を封筒に挟んで出した。,①夹住（本を挟む｜夹住书）②插入（話を挟む｜插入话）,社区推荐
罰する,ばっする,他サ,处罚,きびしく罰する（严厉处罚）,0,词表,是,ルールを破ったら、罰することになります。 / 彼は遅刻したため、先生に罰された。,①惩罚（悪いことをしたら罰する｜做坏事就惩罚）②制裁（ルール違反を罰する｜惩罚违规）,社区推荐
話し込む,はなしこむ,自他五,谈话融洽,深夜 [しんや] まで話し込んだ（畅谈到深夜）,0,词表,是,友達と話し込んで、時間を忘れてしまった。 / 彼女は彼と話し込むのが好きです。,①深入交谈（友達と話し込む｜和朋友深入交谈）②聊得忘我（時間を忘れて話し込む｜聊得忘记时间）,社区推荐
離す,はなす,他五,放开,手を離せ（放开手!）,0,词表,是,そのボールを離して、もっと遠くに投げてください。 / 彼は手を離すと、すぐに転んでしまった。,①放开（手を離す｜放开手）②分开（距離を離す｜保持距离）,社区推荐
流行る,はやる,自五,流行,風邪が流行っている（现在感冒高发）,0,词表,是,最近、あの歌が流行っている。 / このファッションが流行ると、みんなが真似する。,①流行（新しい歌が流行る｜新歌流行）②传播（風邪が流行る｜感冒流行）,社区推荐
払い込む,はらいこむ,他五,缴纳,銀行に金を払い込む（向银行交款）,0,词表,是,学費を払い込む期限が近づいています。 / 彼は毎月、家賃を払い込んでいる。,①支付（料金を払い込む｜支付费用）②汇款（お金を払い込む｜汇款）,社区推荐
張り切る,はりきる,自五,干劲十足,張り切って働く（带劲地工作）,0,词表,是,新しいプロジェクトに張り切って取り組んでいます。 / 彼女は仕事に張り切っている姿が印象的です。,①干劲十足（仕事に張り切る｜工作很有干劲）②兴致勃勃（イベントに張り切る｜对活动很兴奋）,社区推荐
引き止める,ひきとめる,他下一,挽留,客を引き止める（挽留客人）,0,词表,是,彼は私を引き止めて、もう少し話をしたかった。 / 友達が帰る前に、引き止めておけばよかった。,①挽留（友達を引き止める｜挽留朋友）②阻止（行こうとするのを引き止める｜阻止他离开）,社区推荐
引っかかる,ひっかかる,自五,挂；牵连,網に引っかかる（挂到网上）,0,词表,是,その問題に引っかかると、解決が難しくなる。 / 彼はその件に引っかかって、悩んでいる。,①被挂住（例：枝に引っかかった｜被树枝挂住）②受影响（例：気に引っかかる｜心里有点不安）,社区推荐
ひっくり返す,ひっくりかえす,他五,弄倒；翻过来,札 [ふだ] をひっくり返す（把牌子翻过来）,0,词表,是,彼はテーブルをひっくり返してしまった。 / 風で看板がひっくり返った。,①翻转（例：皿をひっくり返す｜把盘子翻过来）②颠覆（例：状況をひっくり返す｜颠覆局势）,社区推荐
ひっくり返る,ひっくりかえる,自五,翻倒,車がひっくり返った（车翻了）,0,词表,是,その箱は簡単にひっくり返る。 / 彼はバランスを崩して、ひっくり返った。,①翻转（例：皿がひっくり返る｜盘子翻了）②倒下（例：車がひっくり返る｜车翻了）,社区推荐
ひねる,ひねる,他五,捻；扭转,首をひねる（转头；左思右想而不解）,0,词表,是,鍵をひねって、ドアを開けてください。 / 彼はその話をひねって、面白くした。,①扭动（例：蛇口をひねる｜扭动水龙头）②拧（例：ネジをひねる｜拧螺丝）,社区推荐
広める,ひろめる,他下一,扩大；推广,知識を広める（扩大知识面）,0,词表,是,このイベントを広めるために、SNSを利用します。 / 彼は新しいアイデアを広めることに力を入れている。,①传播（例：情報を広める｜传播信息）②扩展（例：知識を広める｜扩展知识）,社区推荐
膨らます,ふくらます,他五,吹鼓，使鼓起来,風船 [ふうせん] を膨らます（把气球吹鼓）,0,词表,是,風船を膨らますのは楽しい。 / 彼は風船を膨らますのが得意です。,①使膨胀（例：風船を膨らます｜把气球吹大）②扩大（例：夢を膨らます｜扩大梦想）,社区推荐
更ける,ふける,自下一,深,夜が更ける（夜深）,0,词表,是,夜が更けると、静かになる。 / 時間が更けるにつれて、彼女は眠くなった。,①变深（例：夜が更ける｜夜深了）②加深（例：秋が更ける｜秋天加深）,社区推荐
塞がる,ふさがる,自五,堵，塞,道が塞がる（道路被堵塞了）,0,词表,是,道が塞がっているので、別の道を探しましょう。 / その問題が解決しない限り、心が塞がる。,①被堵住（例：道が塞がる｜路被堵住）②被阻挡（例：耳が塞がる｜耳朵被堵住）,社区推荐
塞ぐ,ふさぐ,自五,郁闷；堵,気が塞ぐ（心里郁闷）,0,词表,是,彼は気分が塞いでいるようです。 / 雨の日は気持ちが塞がりがちです。,①堵住（例：穴を塞ぐ｜堵住洞）②阻挡（例：道を塞ぐ｜阻挡道路）,社区推荐
ふざける,ふざける,自下一,开玩笑；愚弄,ふざけるな（别开玩笑了!）,0,词表,是,彼はふざけるのが好きで、いつも笑わせてくれる。 / ふざけていると、友達に怒られた。,①开玩笑（例：ふざけている｜在开玩笑）②胡闹（例：ふざけた行動｜胡闹行为）,社区推荐
ぶら下がる,ぶらさがる,自五,吊垂，悬,つり革にぶら下がる（抓住拉手）,0,词表,是,猫が木にぶら下がっている。 / 彼はぶら下がっている荷物を持ち上げた。,①悬挂（例：果物がぶら下がっている｜水果悬挂着）②垂挂（例：カーテンがぶら下がっている｜窗帘垂挂着）,社区推荐
ぶら下げる,ぶらさげる,他下一,佩戴；提,バケツをぶら下げる（手提水桶）,0,词表,是,彼女はバッグをぶら下げて歩いている。 / その絵を壁にぶら下げてみてください。,①悬挂（例：バッグをぶら下げる｜挂着包）②垂挂（例：旗をぶら下げる｜挂着旗帜）,社区推荐
振る舞う,ふるまう,自五,行动,偉そうに振舞う（摆架子）,0,词表,是,彼はいつも礼儀正しく振る舞う。 / 彼女はパーティーで素敵に振る舞った。,①举止（例：彼は優雅に振る舞う｜他举止优雅）②款待（例：客を振る舞う｜款待客人）,社区推荐
凹む,へこむ,自五,凹下；屈服,ボールがへこむ（球瘪了）,0,词表,是,彼はその言葉に凹んでしまった。 / 事故で車が凹んでしまった。,①凹陷（例：車が凹んでいる｜车凹了）②消沉（例：気持ちが凹む｜心情消沉）,社区推荐
隔たる,へだたる,自五,相隔,実力 [じつりょく] が隔たる（实力不同）,0,词表,是,二つの町は川を挟んで隔たっている。 / 彼らの意見は大きく隔たっている。,①隔离（例：川が隔たる｜河流隔开）②相隔（例：距離が隔たる｜距离相隔）,社区推荐
放る,ほうる,他五,扔；丢开,石を放る（扔石头）,0,词表,是,彼はゴミを放るのが嫌いです。 / そのボールを放ると、遠くに飛んでいった。,①扔掉（例：ゴミを放る｜扔掉垃圾）②放弃（例：夢を放る｜放弃梦想）,社区推荐
吠える,ほえる,自下一,吼叫,犬が吠えている（狗吠）,0,词表,是,犬が吠えると、近所の人が驚く。 / 彼は吠える犬を見て、少し怖くなった。,①吠叫（例：犬が吠える｜狗在吠叫）②大声叫（例：彼が吠える｜他大声叫）,社区推荐
掘る,ほる,他五,挖掘,井戸 [いど] を掘る（打井）,0,词表,是,彼は庭で穴を掘るのが好きです。 / その子供たちは砂場で掘る遊びをしている。,①挖掘（例：穴を掘る｜挖一个洞）②探索（例：真実を掘る｜探索真相）,社区推荐
巻く,まく,他五,卷；缠绕,帯を巻く（缠腰带）,0,词表,是,彼は髪を巻くのが得意です。 / プレゼントを巻くために、リボンを使いました。,①卷起（例：タオルを巻く｜卷起毛巾）②缠绕（例：糸を巻く｜缠绕线）,社区推荐
混じる,こんずる,自五,掺混,白髪 [しらが] の混じった髪（有白发的头发）,0,词表,是,このスープはいろいろな材料が混じっている。 / 彼の意見が混じると、話が面白くなる。,①混合（例：砂糖が混じる｜糖混合在一起）②交杂（例：人が混じる｜人交杂在一起）,社区推荐
祭る,まつる,他五,祭祀；供奉,祖先 [そせん] を祭る（祭奠祖先）,0,词表,是,祭りのために神社を祭る準備をしています。 / 彼は祖先を祭ることを大切にしている。,①祭祀，供奉（神を祭る｜供奉神明）②庆祝，举行仪式（祭りを祭る｜庆祝节日）,社区推荐
真似る,まねる,他下一,模仿,人の作品を真似る（模仿别人的作品）,0,词表,是,彼は有名な俳優を真似るのが得意です。 / 子供たちは大人の真似をして遊んでいる。,①模仿，仿效（彼を真似る｜模仿他）②假装，伪装（声を真似る｜假装成声音）,社区推荐
回す,まわす,他五,转动；传递,杯 [さかずき] を回す（传递酒杯）,0,词表,是,そのボタンを回すと、音が鳴ります。 / 彼は友達に本を回して渡した。,①旋转，转动（ハンドルを回す｜转动方向盘）②传递，转交（手紙を回す｜传递信件）,社区推荐
乱れる,みだれる,自下一,紊乱；混乱,心が乱れる（心乱）,0,词表,是,彼の心は最近乱れているようです。 / 仕事が忙しくて、生活が乱れてしまった。,①混乱，失序（秩序が乱れる｜秩序混乱）②心情不安（心が乱れる｜心情不安）,社区推荐
満ちる,みちる,自上一,充满,月が満ちた（月圆）,0,词表,是,この部屋は花で満ちています。 / 彼の心は愛で満ちている。,①充满，盈满（水が満ちる｜水充满了）②达到，增多（期待が満ちる｜期待增多）,社区推荐
見慣れる,みるなれる,自下一,看惯,見なれた景色（熟悉的风景）,0,词表,是,彼はこの風景を見慣れている。 / 毎日同じ道を通るので、見慣れた景色です。,①习惯于看（この景色に見慣れる｜习惯这个景色）②熟悉，常见（彼の顔に見慣れる｜对他的脸熟悉）,社区推荐
身につける,みにつける,他下一,学到，掌握,身につける技術 / 身につけること / 身につける知識,0,词表,是,新しいスキルを身につけるために、勉強しています。 / 彼女は仕事で必要な知識を身につけた。,①掌握，学会（技術を身につける｜掌握技术）②穿戴，装备（服を身につける｜穿上衣服）,社区推荐
剥く,むく,他五,剥，削,皮を剥く（剥皮）,0,词表,是,りんごの皮を剥くのが好きです。 / 彼は野菜を剥くのが得意です。,①剥去，剥离（皮を剥く｜剥去皮）②揭开，揭去（ラベルを剥く｜揭去标签）,社区推荐
命じる,めいずる,他上一,命令；任命,局長 [きょくちょう] を命じられる（被任命为局长）,0,词表,是,彼は部下に新しい仕事を命じた。 / 上司が私に特別な任務を命じました。,①命令，指示（部下に命じる｜命令下属）②要求，吩咐（仕事を命じる｜吩咐工作）,社区推荐
めぐる,めぐる,自五,循环；巡游,諸国 [しょこく] を巡る（历访各国）,0,词表,是,彼は毎年、町をめぐる祭りに参加しています。 / この川は、四季折々の景色がめぐります。,①环绕，围绕（町をめぐる｜环绕城市）②循环，周转（時がめぐる｜时间循环）,社区推荐
潜る,もぐる,自五,潜水；躲入,地下に潜る（潜入地下）,0,词表,是,海で潜るのが好きなので、毎週末ダイビングに行きます。 / 彼は水族館で魚を見ながら潜ることを楽しんでいます。,①潜入水中（例：海に潜る｜潜入海中）②隐藏起来（例：影に潜る｜隐藏在阴影中）,社区推荐
持ち上げる,もちあげる,他下一,举起，抬起,荷物を持ち上げる（举起行李）,0,词表,是,彼は重い荷物を持ち上げるのが得意です。 / その箱を持ち上げるのを手伝ってくれませんか？,①抬起物体（例：荷物を持ち上げる｜抬起行李）②赞扬某人（例：彼を持ち上げる｜赞扬他）,社区推荐
基づく,もとづく,自五,根据；基于,法律に基づいて（依法）,0,词表,是,この研究は、最新のデータに基づいています。 / 彼の意見は、経験に基づいていると思います。,①以...为基础（例：事実に基づく｜以事实为基础）,社区推荐
揉む,もむ,他五,搓，揉；争论,肩を揉む（揉肩）,0,词表,是,彼は生地を揉んで、パンを作る準備をしています。 / 友達と揉むような議論をするのは楽しいです。,①按摩（例：肩を揉む｜按摩肩膀）②揉捏（例：生地を揉む｜揉捏面团）,社区推荐
休まる,やすまる,自五,得到休息,気が休まる（气定神闲）,0,词表,是,週末はやっと休まる時間ができました。 / 旅行に行くと、心が休まる気がします。,①得到休息（例：心が休まる｜心里得到休息）,社区推荐
遣っ付ける,やっつける,他下一,干完；教训,あいつをやっつけてやろう（要整一整那个家伙）,0,词表,是,仕事を遣っ付けるのが早いので、いつも褒められます。 / 彼は問題を遣っ付けるのが得意です。,①打败敌人（例：敵を遣っ付ける｜打败敌人）②迅速处理（例：仕事を遣っ付ける｜迅速处理）,社区推荐
やって来る,やるてくる,自五,到来,まもなく試験がやってくる（考试即将来临）,0,词表,是,新しいプロジェクトがやって来るので、準備を始めなければなりません。 / 彼女は毎年、春になると新しい挑戦がやって来ると言っています。,①到达某地（例：友達がやって来る｜朋友来了）,社区推荐
雇う,やとう,他五,雇用,ガイドを雇う（雇向导）,0,词表,是,会社は新しい社員を雇うことに決めました。 / 彼はアルバイトを雇うために面接を行っています。,①雇佣员工（例：新しい社員を雇う｜雇佣新员工）,社区推荐
敗れる,やぶれる,自下一,输，失败,いくさに敗れる（战败）,0,词表,是,彼は試合で敗れることが多いですが、あきらめません。 / 昨日の試合で私たちのチームは敗れました。,①被打败（例：試合に敗れる｜在比赛中被打败）,社区推荐
辞める,やめる,他下一,停，辞,会社を辞める（辞职）,0,词表,是,彼は仕事を辞めることに決めました。 / 彼女はストレスが多くて、辞めることを考えています。,①辞职（例：仕事を辞める｜辞职）,社区推荐
止す,よす,他五,停止,冗談 [じょうだん] はよせ（别开玩笑）,0,词表,是,その行動は止すべきだと思います。 / 彼は無駄な議論を止すことにしました。,①停止，放弃（もう止すことにした｜决定停止）,社区推荐
詫びる,わびる,他上一,道歉,彼に詫びる（向他赔不是）,0,词表,是,彼に遅れたことを詫びるのを忘れないでください。 / 彼女は友達に謝るために、すぐに詫びました。,①道歉，赔罪（心から詫びる｜真心道歉）,社区推荐
飽きっぽい,あきるぽい,イ形,容易厌烦的,飽きっぽい性格（没常性的性格）,0,词表,是,彼は飽きっぽい性格なので、すぐに新しい趣味を始めます。 / 飽きっぽい私でも、この本は最後まで読みました。,①容易厌倦（彼は飽きっぽい性格だ｜他很容易厌倦）,社区推荐
厚かましい,あつかましい,イ形,厚脸皮的，无耻的,厚かましい男（厚颜无耻的男人）,0,词表,是,彼は厚かましいお願いをして、みんなを驚かせました。 / 彼女の厚かましい態度には、少し困惑しました。,①厚脸皮，放肆（厚かましいお願いだ｜厚脸皮的请求）,社区推荐
危うい,あやうい,イ形,危险的,命が危うい（生命危险）,0,词表,是,あの場所は危ういので、近づかない方がいいです。 / 危うい状況に直面したとき、冷静に対処することが大切です。,①危险，不安（危うい橋を渡る｜走在危险的桥上）,社区推荐
慌ただしい,あわただしい,イ形,慌张的，匆忙的,慌ただしい一生（匆忙度过的一生）,0,词表,是,慌ただしい朝の中で、彼は遅刻しそうになりました。 / 仕事が慌ただしい時期なので、休む暇がありません。,①匆忙，忙乱（慌ただしい一日だった｜忙乱的一天）,社区推荐
思いがけない,おもいがけるない,イ形,意想不到的,思いがけない成功（意外的成功）,0,词表,是,思いがけないプレゼントをもらって、とても嬉しかったです。 / 彼の思いがけない提案に驚きました。,①意外，出乎意料（思いがけない知らせ｜意外的消息）,社区推荐
規則正しい,きそくただしい,イ形,守规则的，有规律的,規則正しい生活（规律的生活）,0,词表,是,規則正しい生活を心がけると、健康に良いです。 / 規則正しい食事が、体にとって大切です。,①有规律，守纪律（規則正しい生活｜有规律的生活）,社区推荐
清い,きよい,イ形,清澈的；干净的,清い水（清水）,0,词表,是,この川の水はとても清いので、泳ぐのに最適です。 / 清い空気の中で過ごすと、心がリフレッシュします。,①清澈，纯净（清い水が流れる｜清澈的水流）,社区推荐
煙い,けむい,イ形,烟气呛人的；不易亲近的,煙い存在 [そんざい]（令人憋屈，不易亲近）,0,词表,是,煙い場所では、長時間過ごしたくありません。 / その部屋は煙いので、窓を開ける必要があります。,①有烟，呛人（煙い部屋にいる｜呛人的烟雾）,社区推荐
恋しい,こいしい,イ形,亲爱的；眷恋的,恋しい人（情人；恋人）,0,词表,是,彼女のことが恋しいので、連絡を取りたいです。 / 故郷が恋しい季節になりました。,①想念（あなたが恋しいです｜我想念你）②爱慕（彼女が恋しい｜我爱慕她）,社区推荐
騒がしい,さわがしい,イ形,嘈杂的；骚然的,世の中が騒がしい（举世骚然）,0,词表,是,騒がしい街の中で、静かな場所を探しています。 / 彼の声が騒がしいので、注意を引きます。,①吵闹（外が騒がしい｜外面很吵）②喧闹（パーティーが騒がしい｜派对很喧闹）,社区推荐
仕方がない,しかたがない,イ形,没法子的；受不了的,暑くて仕方がない（热得要命）,0,词表,是,仕方がない状況なので、受け入れるしかありません。 / 仕方がないと思っても、心の中では納得できません。,①没办法（仕方がないですね｜没办法）②无奈（仕方がないことです｜无奈的事情）,社区推荐
しょうがない,しようがない,イ形,没办法的,多少の遅れはしょうがないだろう（迟到一会儿也是没办法的事吧）,0,词表,是,しょうがない理由で、会議をキャンセルしました。 / しょうがないことですが、彼は遅れて到着しました。,①没办法（しょうがないよ｜没办法）②无奈（しょうがないね｜无奈啊）,社区推荐
白々しい,しらじらしい,イ形,显而易见的，瞒不了人的,白々しいうそをつく（睁着眼睛说瞎话）,0,词表,是,彼の白々しい言い訳には、誰も信じませんでした。 / その白々しい態度は、周りの人をイライラさせました。,①虚伪（彼の白々しい態度｜他的态度很虚伪）②不自然（白々しい言い訳｜不自然的借口）,社区推荐
酸っぱい,すっぱい,イ形,酸的,酸っぱい味がする（有酸味）,0,词表,是,この果物は酸っぱいので、砂糖をかけて食べます。 / 酸っぱい味が好きな人には、この料理が合うでしょう。,①酸味（この果物は酸っぱい｜这个水果很酸）②不快（酸っぱい匂い｜酸臭的气味）,社区推荐
ずるい,ずるい,イ形,狡猾的；不讲理,ずるいことば（花言巧语）,0,词表,是,彼はずるい手を使って、勝とうとしました。 / ずるいことをするのは、良くないと思います。,①狡猾（ずるい手を使う｜使用狡猾的手段）②不公平（ずるいよそれ｜这不公平）,社区推荐
騒々しい,そうぞうしい,イ形,嘈杂的；不安的,騒々しい機械 [きかい] の音（嘈杂的机器声）,0,词表,是,騒々しいパーティーの中で、彼は一人静かに過ごしていました。 / 騒々しい街の中で、静かなカフェを見つけました。,①吵闹（騒々しい街｜吵闹的街道）②喧闹（騒々しい音｜喧闹的声音）,社区推荐
たまらない,たまるない,イ形,忍受不了的,うれしくてたまらない（高兴得不得了）,0,词表,是,この暑さはたまらないので、早く涼しい場所に行きたいです。 / たまらないストレスを解消するために、旅行に行きます。,①无法忍受（この暑さはたまらない｜这热得受不了）②极其（嬉しくてたまらない｜高兴得不得了）,社区推荐
力強い,ちからづよい,イ形,强有力的,力強い助け（有力的援助）,0,词表,是,彼の力強い言葉に、みんなが感動しました。 / 力強いサポートがあれば、成功する可能性が高まります。,①有力（力強い言葉｜有力的话语）②坚定（力強い意志｜坚定的意志）,社区推荐
憎らしい,にくらしい,イ形,讨厌的；可憎的,憎らしい顔つき（令人嫌恶的面孔）,0,词表,是,彼の憎らしい行動には、我慢できませんでした。 / 憎らしい敵に勝つために、努力を続けます。,①可恨的（彼は憎らしい敵だ｜他是可恨的敌人）②令人厌恶的（その行動は憎らしい｜那行为令人厌恶）,社区推荐
のろい,のろい,イ形,缓慢的；迟钝的,足がのろい（走路慢）,0,词表,是,彼はのろい運転をしているので、後ろの車がイライラしています。 / のろい動きのせいで、時間が無駄になりました。,①慢的（彼の運転はのろい｜他的驾驶很慢）②迟钝的（のろい反応｜反应很迟钝）,社区推荐
甚だしい,はなはだしい,イ形,很，非常,甚だしい誤解 [ごかい]（天大的误会）,0,词表,是,彼の意見は甚だしい誤解を招いています。 / 甚だしい問題が発生したので、対策を考えなければなりません。,①极其的（甚だしい問題だ｜极其严重的问题）②非常的（甚だしい誤解｜非常大的误解）,社区推荐
等しい,ひとしい,イ形,相同的，一样的,高さが等しい（高度相等）,0,词表,是,彼らの意見は等しい価値があります。 / すべての意見は等しいと考えるべきです。,①相等的（二つは等しい｜两个是相等的）②平等的（等しい権利｜平等的权利）,社区推荐
真っ白い,まっしろい,イ形,雪白的，纯白的,真っ白い布（纯白的布）,0,词表,是,雪が降った後、真っ白い景色が広がりました。 / 彼女のドレスは真っ白いので、とても美しいです。,①纯白的（真っ白い雪｜纯白的雪）②洁白的（真っ白い服｜洁白的衣服）,社区推荐
みっともない,みっともない,イ形,不体面的；难看的,みっともない顔をしている（长得丑）,0,词表,是,みっともない姿を見せないように、気をつけています。 / みっともない行動は、周りの人に悪い印象を与えます。,①丢人的（みっともない姿｜丢人的样子）②不体面的（みっともない行動｜不体面的行为）,社区推荐
ものすごい,ものすごい,イ形,令人害怕的；惊人的,ものすごく寒い（冷得要命）,0,词表,是,彼の話はものすごい内容で、みんなが驚きました。 / ものすごいスピードで進む車を見ました。,①惊人的（ものすごい音｜惊人的声音）②非常的（ものすごい速さ｜非常快）,社区推荐
あいまいな,あいまいだ,ナ形,暧昧的；含糊不清的,あいまいな返事（含糊不清的回答）,0,词表,是,あいまいな返事では、相手に誤解を与えるかもしれません。 / 彼のあいまいな態度が、問題を引き起こしました。,①模糊的（あいまいな答え｜模糊的回答）②不明确的（あいまいな状況｜不明确的情况）,社区推荐
新たな,あらただ,ナ形,新的；重新,人生の新たな出発 [しゅっぱつ]（人生的重新开始）,0,词表,是,新たな挑戦をすることで、自分を成長させたいです。 / 彼は新たなアイデアを持って、プロジェクトに取り組んでいます。,①新的（新たな挑戦｜新的挑战）②重新的（新たなスタート｜重新开始）,社区推荐
偉大な,いだいだ,ナ形,伟大的,偉大な祖国（伟大的祖国）,0,词表,是,彼の偉大な業績は多くの人に影響を与えました。 / 偉大なリーダーが必要な時代です。,①伟大的（偉大な人物｜伟大的人物）②卓越的（偉大な業績｜卓越的成就）,社区推荐
大げさな,おおげさだ,ナ形,夸张的；小题大做的,おおげさな言葉（大话；吹牛）,0,词表,是,彼の話は大げさで、信じられない部分が多かった。 / 大げさな表現を使うと、逆に信頼を失うことがあります。,①夸张的（例：話が大げさだ｜话说得夸张）②过于夸大的（例：大げさな表現｜过于夸大的表达）,社区推荐
穏やかな,おだやかだ,ナ形,平稳的；温和的,穏やかな人（安详的人）,0,词表,是,穏やかな海での釣りはとてもリラックスできます。 / 彼は穏やかな性格で、誰とでも仲良くなれます。,①平静的（例：穏やかな海｜平静的海）②温和的（例：穏やかな性格｜温和的性格）,社区推荐
温厚な,おんこうだ,ナ形,温厚的,温厚な青年（敦厚的青年）,0,词表,是,彼は温厚な人柄で、みんなに好かれています。 / 温厚な態度で接すれば、相手も安心します。,①温和的（例：温厚な人柄｜温和的人）②宽厚的（例：温厚な性格｜宽厚的性格）,社区推荐
温暖な,おんだんだ,ナ形,温暖的,温暖な気候（温暖的气候）,0,词表,是,この地域は温暖な気候で、四季がはっきりしています。 / 温暖な春の日差しが心地よいです。,①温暖的（例：温暖な気候｜温暖的气候）②暖和的（例：温暖な日差し｜温暖的阳光）,社区推荐
過大な,かだいだ,ナ形,过大的,過大な期待 / 過大な要求 / 過大な負担,0,词表,是,そのプロジェクトには過大な期待が寄せられています。 / 過大な要求はチームにストレスを与えることがあります。,①过大的（例：過大な期待｜过大的期待）②夸大的（例：過大な評価｜夸大的评价）,社区推荐
強力な,きょうりょくだ,ナ形,强有力的,強力なモーター（马力大的马达）,0,词表,是,彼の強力なサポートがあったおかげで、成功しました。 / 強力なチームワークが必要です。,①强力的（例：強力な武器｜强力的武器）②有力的（例：強力な支持｜有力的支持）,社区推荐
巨大な,きょだいだ,ナ形,巨大的,巨大な建物（高大建筑物）,0,词表,是,巨大な建物が街の中心にそびえ立っています。 / その巨大な彫刻は観光名所になっています。,①巨大的（例：巨大な建物｜巨大的建筑）②庞大的（例：巨大な影響｜庞大的影响）,社区推荐
均等な,きんとうだ,ナ形,均等的,機会均等 [きかいきんとう]（机会均等）,0,词表,是,均等な分配が重要です。 / みんなに均等なチャンスを与えるべきです。,①均等的（例：均等な分配｜均等的分配）②平衡的（例：均等な扱い｜平衡的对待）,社区推荐
具体的な,ぐたいてきだ,ナ形,具体的,具体的な例（具体的例子）,0,词表,是,具体的な計画を立てることが成功の鍵です。 / 具体的な例を挙げて説明してください。,①具体的（例：具体的な例｜具体的例子）②明确的（例：具体的な説明｜明确的说明）,社区推荐
謙虚な,けんきょだ,ナ形,谦虚的,謙虚な態度（谦和的态度）,0,词表,是,彼は謙虚な態度で、周りの人に感謝しています。 / 謙虚な心を持つことが大切です。,①谦虚的（例：謙虚な態度｜谦虚的态度）②低调的（例：謙虚な人｜低调的人）,社区推荐
堅実な,けんじつだ,ナ形,坚实的,堅実な方法（切实的方法）,0,词表,是,彼の堅実な考え方は、会社の成長に貢献しています。 / 堅実な投資が将来の利益を生むでしょう。,①稳健的（彼は堅実な人です｜他是稳健的人）②可靠的（堅実な計画です｜这是可靠的计划）,社区推荐
厳重な,げんじゅうだ,ナ形,严重的，严格的,厳重な検査をする（进行严格的检查）,0,词表,是,厳重なセキュリティが必要な場所です。 / そのイベントは厳重な管理の下で行われます。,①严格的（厳重な警備です｜严格的警备）②严厉的（厳重な注意が必要です｜需要严厉的注意）,社区推荐
強引な,ごういんだ,ナ形,强行的，强制的,強引な決定（强行决定）,0,词表,是,彼は強引な方法で問題を解決しようとしました。 / 強引なやり方は、時に反感を買うことがあります。,①强硬的（彼は強引な性格です｜他性格强硬。）②强势的（強引な手法です｜这是强势的方法。）,社区推荐
豪華な,ごうかだ,ナ形,豪华的，奢华的,豪華な食事（高级菜肴）,0,词表,是,豪華なホテルに宿泊するのは特別な体験です。 / 彼女の豪華なドレスは目を引きました。,①豪华的（豪華なホテルです｜这是豪华的酒店。）②奢华的（豪華な食事です｜这是奢华的餐食。）,社区推荐
公平な,こうへいだ,ナ形,公平的,公平な判断を下す（作公平的判断）,0,词表,是,公平な判断が求められています。 / 彼は公平な立場で意見を述べました。,①公平的（公平な判断です｜这是公平的判断。）②公正的（公平な競争です｜这是公正的竞争。）,社区推荐
合理的な,ごうりてきだ,ナ形,合理的,合理的な説（合理的说法）,0,词表,是,合理的な理由があれば、変更も受け入れます。 / 合理的な提案をしてくれれば、検討します。,①合理的（合理的な選択です｜这是合理的选择。）②合乎逻辑的（合理的な説明です｜这是合乎逻辑的解释。）,社区推荐
幸いな,さいわいだ,ナ形,幸运的,幸いな出来事（幸运的事）,0,词表,是,幸いなことに、彼は無事に帰ってきました。 / 幸いな出会いが人生を豊かにします。,①幸运的（幸いなことに成功しました｜幸运的是我成功了。）②幸福的（幸いな家庭です｜这是幸福的家庭。）,社区推荐
様々な,さまざまだ,ナ形,各种各样的,様々な型（各种类型）,0,词表,是,様々な意見を聞くことが大切です。 / 彼は様々な趣味を持っています。,①各种各样的（様々な意見があります｜有各种各样的意见。）②多样的（様々な文化です｜这是多样的文化。）,社区推荐
爽やかな,さわやかだ,ナ形,爽朗的；清楚的,爽やかな秋（秋高气爽）,0,词表,是,彼の爽やかな笑顔に癒されました。 / 爽やかな風が吹いて、気持ちが良いです。,①清爽的（爽やかな風です｜这是清爽的风。）②舒适的（爽やかな気分です｜这是舒适的心情。）,社区推荐
地味な,じみだ,ナ形,朴素的；朴实的,地味な色（朴素的颜色）,0,词表,是,地味な服装でも、彼はとても魅力的です。 / 地味なデザインが逆に人気を集めています。,①朴素的（地味な服装です｜这是朴素的服装。）②低调的（地味なデザインです｜这是低调的设计。）,社区推荐
重大な,じゅうだいだ,ナ形,重大的,重大な責任 [せきにん]（重大的责任）,0,词表,是,重大な決定を下す前に、よく考えましょう。 / その問題は私たちにとって重大な意味を持ちます。,①重要的（これは重大な問題です｜这是重要的问题。）②严重的（重大な影響があります｜有严重的影响。）,社区推荐
主要な,しゅようだ,ナ形,主要的,主要な人物（重要人物）,0,词表,是,主要なテーマについて話し合いましょう。 / 彼は主要な役割を果たしています。,①主要的（主要な目的は何ですか｜主要的目的是什么？）②重要的（主要な役割を果たす｜发挥重要的角色。）,社区推荐
純粋な,じゅんすいだ,ナ形,纯净的；纯粹的,純粋な若者（纯真的年轻人）,0,词表,是,純粋な水を飲むことが健康に良いです。 / 彼女の純粋な心が周りを明るくします。,①纯粹的（純粋な水が必要です｜需要纯粹的水。）②真诚的（彼は純粋な心を持っている｜他有真诚的心。）,社区推荐
順調な,じゅんちょうだ,ナ形,顺利的,順調な一生（顺利的一生）,0,词表,是,プロジェクトは順調に進んでいます。 / 彼の努力のおかげで、順調な結果が出ました。,①顺利的（順調な進行です｜这是顺利的进展。）②顺畅的（順調に進んでいます｜进展很顺畅。）,社区推荐
新鮮な,しんせんだ,ナ形,新鲜的,新鮮な空気（清新的空气）,0,词表,是,新鮮な野菜を使った料理は美味しいです。 / 新鮮な空気を吸うと、気分が良くなります。,①新鲜的（新鮮な野菜を買った｜买了新鲜的蔬菜。）②新颖的（新鮮なアイデアです｜这是新颖的想法。）,社区推荐
慎重な,しんちょうだ,ナ形,慎重的，谨慎的,慎重な発言（小心谨慎的发言）,0,词表,是,慎重な判断が必要な場面です。 / 彼は慎重に行動するタイプです。,①谨慎的（慎重な判断が必要です｜需要谨慎的判断。）②小心的（慎重に行動してください｜请小心行事。）,社区推荐
積極的な,せっきょくてきだ,ナ形,积极的,積極的な態度（积极的态度）,0,词表,是,彼女は積極的な姿勢で仕事に取り組んでいます。 / 積極的な参加が求められています。,①积极的（積極的な態度が大切です｜积极的态度很重要。）②主动的（積極的に参加します｜我会主动参加。）,社区推荐
率直な,そっちょくだ,ナ形,直率的,率直な意見（直率的意见）,0,词表,是,率直な意見を言うことが大切です。 / 彼は率直な性格で、誰にでも本音を話します。,①坦率的（率直な意見を言った｜我说了坦率的意见。）②直言的（率直に話しましょう｜我们坦率地谈谈吧。）,社区推荐
素朴な,そぼくだ,ナ形,朴素的，淳朴的,素朴な考え方（单纯的想法）,0,词表,是,彼の素朴な考え方が好きです。 / 素朴なデザインが最近人気です。,①朴素的（素朴なデザインが好きです｜我喜欢朴素的设计。）②简单的（素朴な生活を送る｜过着简单的生活。）,社区推荐
粗末な,そまつだ,ナ形,粗糙的；疏忽的,粗末な食事（粗茶淡饭）,0,词表,是,その粗末な食事には驚きました。 / 粗末な扱いを受けたことに不満を感じました。,①粗糙的（粗末な作りの家具｜这是粗糙的家具。）②简陋的（粗末な食事でした｜这是简陋的餐食。）,社区推荐
退屈な,たいくつだ,ナ形,无聊的,退屈なゲーム（无聊的游戏）,0,词表,是,退屈な授業は眠くなります。 / 退屈な時間を過ごすのは嫌です。,①无聊的（この映画は退屈だ｜这部电影很无聊。）②乏味的（退屈な日々｜乏味的日子。）,社区推荐
平らな,たいらだ,ナ形,平坦的,平らな道（平坦的道路）,0,词表,是,この道は平らな部分が多いです。 / 平らな土地に家を建てたいです。,①平坦的（平らな道｜这是平坦的道路。）②平滑的（平らな表面｜这是平滑的表面。）,社区推荐
妥当な,だとうだ,ナ形,妥当的,妥当な答え（妥当的回答）,0,词表,是,妥当な理由があれば、変更を受け入れます。 / 妥当な提案をしてくれれば、考えます。,①适当的（妥当な判断｜这是适当的判断。）②合理的（妥当な理由｜这是合理的理由。）,社区推荐
単純な,たんじゅんだ,ナ形,单纯的,頭が単純だ（头脑简单）,0,词表,是,単純な問題だと思っていましたが、実は難しかったです。 / 単純な作業でも、丁寧にやることが大切です。,①简单的（単純な問題｜这是简单的问题。）②单一的（単純な構造｜这是单一的结构。）,社区推荐
的確な,てきかくだ,ナ形,准确的,的確な表現（正确的表现；用词准确）,0,词表,是,的確なアドバイスをもらって、助かりました。 / 彼の的確な判断が成功に繋がりました。,①准确的（的確な情報｜这是准确的信息。）②恰当的（的確な指示｜这是恰当的指示。）,社区推荐
適切な,てきせつだ,ナ形,确切的,適切な説明（确切的说明）,0,词表,是,適切な対応が求められています。 / その状況に対して適切な行動を取りましょう。,①适合的（適切な対応｜这是适合的应对。）②恰当的（適切な表現｜这是恰当的表达。）,社区推荐
適度な,てきどだ,ナ形,适度的,適度な運動（适度的运动）,0,词表,是,適度な運動が健康に良いです。 / 適度な飲酒は体に良いと言われています。,①适度的（適度な運動｜适度的运动。）②适中的（適度な量｜适中的量。）,社区推荐
でたらめな,でたらめだ,ナ形,荒唐的,でたらめな話（荒唐的话）,0,词表,是,でたらめな話を信じる人はいません。 / でたらめな計画はすぐに失敗します。,①胡乱的（でたらめな話｜这是胡乱的故事。）②不靠谱的（でたらめな計画｜这是不靠谱的计划。）,社区推荐
同一な,どういつだ,ナ形,同样的；同等的,同一の服装（同样的服装）,0,词表,是,同一な条件で競争することが重要です。 / 同一な状況での比較が必要です。,①相同的（同一な条件｜这是相同的条件。）②一致的（同一な考え｜这是一致的想法。）,社区推荐
透明な,とうめいだ,ナ形,透明的,透明なガラス（透明的玻璃）,0,词表,是,透明なガラスを使った窓は、とても美しいです。 / 彼女の透明な心が、みんなに愛されています。,①透明的（透明な水｜这是透明的水。）②清晰的（透明な意図｜这是清晰的意图。）,社区推荐
特殊な,とくしゅだ,ナ形,特殊的,特殊な目的（特殊的目的）,0,词表,是,特殊な技術が必要な仕事なので、専門家に頼むことにしました。 / この特殊なイベントには、特別な準備が必要です。,①特殊的（例：特殊な技術｜这是特殊的技术。）②特别的（例：特殊な経験｜这是特别的经历。）,社区推荐
独特な,どくとくだ,ナ形,独特的,独特な香り（独特的香味）,0,词表,是,彼の独特なスタイルは、いつも注目を集めます。 / この料理は独特な味付けがされていて、とても美味しいです。,①独特的（例：独特なスタイル｜这是独特的风格。）②独一无二的（例：独特な味｜这是独一无二的味道。）,社区推荐
生意気な,なまいきだ,ナ形,自大的，不逊,生意気な子（狂妄的小孩）,0,词表,是,彼は生意気な態度を改めるべきだと思います。 / 生意気な子供たちに、どう接すればいいのか悩んでいます。,①傲慢的（例：生意気な態度｜这是傲慢的态度。）②自以为是的（例：生意気な子供｜这是自以为是的孩子。）,社区推荐
苦手な,にがてだ,ナ形,不擅长的,苦手な科目（不擅长的科目）,0,词表,是,私は数学が苦手なので、いつも勉強に苦労しています。 / 彼女は苦手なスポーツを克服するために、毎日練習しています。,①不擅长的（例：苦手な科目｜这是不擅长的科目。）②不喜欢的（例：苦手な食べ物｜这是不喜欢的食物。）,社区推荐
呑気な,のんきだ,ナ形,懒散的,呑気な生活（悠闲的生活）,0,词表,是,彼は呑気な性格で、いつも周りを和ませています。 / 呑気な彼女は、ストレスを感じることが少ないようです。,①悠闲的（例：呑気な性格｜这是悠闲的性格。）②无忧无虑的（例：呑気な生活｜这是无忧无虑的生活。）,社区推荐
莫大な,ばくだいだ,ナ形,巨大的,莫大な金額（巨大款额）,0,词表,是,このプロジェクトには莫大な費用がかかると聞きました。 / 彼は莫大な資産を持っていることで知られています。,①巨大的（例：莫大な費用｜这是巨大的费用。）②极大的（例：莫大な影響｜这是极大的影响。）,社区推荐
派手な,はでだ,ナ形,华丽的，花哨的,派手な服装（华丽的服装）,0,词表,是,彼女の派手な服装は、パーティーで目立っていました。 / 派手なデザインのバッグが流行しています。,①华丽的（例：派手な服装｜这是华丽的服装。）②引人注目的（例：派手なパーティー｜这是引人注目的派对。）,社区推荐
非常識な,ひじょうしきだ,ナ形,不合乎常理的,非常識な言動（不合乎常理的言行）,0,词表,是,その非常識な行動には、驚きを隠せませんでした。 / 彼の非常識な発言に、みんなが困惑しました。,①不合常理的（例：非常識な行動｜这是不合常理的行为。）②缺乏常识的（例：非常識な発言｜这是缺乏常识的发言。）,社区推荐
微妙な,びみょうだ,ナ形,微妙的,微妙な違い（微妙的差别）,0,词表,是,この問題は微妙なニュアンスがあるので、慎重に考えなければなりません。 / 微妙な違いを見逃さないようにしましょう。,①微妙的（例：微妙な関係｜这是微妙的关系。）②难以捉摸的（例：微妙な感情｜这是难以捉摸的情感。）,社区推荐
平等な,びょうどうだ,ナ形,平等的,男女平等 [だんじょびょうどう]（男女平等）,0,词表,是,会社では平等な待遇が求められています。 / 教室では、全ての生徒に平等なチャンスが与えられます。,①平等的（例：平等な権利｜这是平等的权利。）②公平的（例：平等な扱い｜这是公平的对待。）,社区推荐
不安な,ふあんだ,ナ形,不安的,不安 [ふあん] な心持ち（不安的心情）,0,词表,是,明日の試験が不安で、眠れない夜を過ごしました。 / 彼女は不安な気持ちを抱えながら、面接に臨みました。,①不安的（心が不安です｜我心里不安。）②不稳定的（不安定な状況｜这是不稳定的情况。）,社区推荐
不運な,ふうんだ,ナ形,不幸运的,不運な家庭（不幸的家庭）,0,词表,是,不運な出来事が続いて、彼は落ち込んでいます。 / 彼は不運な事故に遭ってしまいました。,①不幸的（不運な出来事｜这是不幸的事件。）②倒霉的（不運な人｜这是倒霉的人。）,社区推荐
不規則な,ふきそくだ,ナ形,不规则的,不規則な形（形状不规则）,0,词表,是,この不規則な生活は、健康に良くないと思います。 / 不規則な勤務時間が、私の生活を乱しています。,①不规则的（不規則な生活｜不规律的生活）②无规律的（不規則な動き｜无规律的动作）,社区推荐
不潔な,ふけつだ,ナ形,不干净的,不潔な水（不干净的水）,0,词表,是,この部屋は不潔な状態なので、掃除が必要です。 / 不潔な環境では、病気が広がる可能性があります。,①不洁的（不潔な部屋｜不干净的房间）②肮脏的（不潔な状態｜肮脏的状态）,社区推荐
不幸な,ふこうだ,ナ形,不幸的,不幸な事故（不幸的事故）,0,词表,是,彼は不幸な出来事を乗り越えて、強くなりました。 / 不幸な状況でも、前向きに生きることが大切です。,①不幸的（不幸な出来事｜不幸的事件）②悲惨的（不幸な人生｜悲惨的生活）,社区推荐
不公平な,ふこうへいだ,ナ形,不公平的,不公平な扱い（不公平的对待）,0,词表,是,その不公平な扱いに、みんなが抗議しました。 / 不公平なルールは、見直すべきだと思います。,①不公平的（不公平な扱い｜不公平的对待）②不公正的（不公平な競争｜不公正的竞争）,社区推荐
不思議な,ふしぎだ,ナ形,不可思议的,不思議な夢（不可思议的梦）,0,词表,是,彼の不思議な話に、みんなが興味を持ちました。 / 不思議な現象が起こる場所として、ここは有名です。,①神秘的（不思議な現象｜神秘的现象）②奇怪的（不思議な話｜奇怪的故事）,社区推荐
不愉快な,ふゆかいだ,ナ形,不愉快的,不愉快に感ずる（感到不愉快）,0,词表,是,彼の不愉快な態度に、私は驚きました。 / 不愉快な経験をした後、彼はしばらく元気がありませんでした。,①不愉快的（不愉快な気分｜不愉快的心情）②令人不快的（不愉快な経験｜令人不快的经历）,社区推荐
不利な,ふりだ,ナ形,不利的,不利な立場（不利的立场）,0,词表,是,この条件は、私たちにとって不利な状況です。 / 不利な立場にいる彼を、みんなで支えようと思います。,①不利的（不利な条件｜不利的条件）②劣势的（不利な立場｜处于劣势）,社区推荐
膨大な,ぼうだいだ,ナ形,巨大的,膨大な予算 [よさん]（庞大的预算）,0,词表,是,膨大なデータを分析するのは、時間がかかります。 / 彼の膨大な知識には、いつも感心しています。,①庞大的（膨大なデータ｜庞大的数据）②巨大的（膨大な影響｜巨大的影响）,社区推荐
豊富な,ほうふだ,ナ形,丰富的,豊富な知識 [ちしき]（知识丰富）,0,词表,是,この地域は豊富な資源に恵まれています。 / 彼女は豊富な経験を持っているので、信頼できます。,①丰富的（食材が豊富だ｜丰富的食材）②富裕的（資源が豊富だ｜富裕的资源）,社区推荐
朗らかな,ほがらかだ,ナ形,开朗的,朗らかな笑顔（灿烂的笑容）,0,词表,是,彼は朗らかな性格で、周りを明るくします。 / 朗らかな笑顔が、みんなを元気にしています。,①开朗的（彼は朗らかだ｜开朗的人）②明朗的（朗らかな声｜明朗的声音）,社区推荐
稀な,まれだ,ナ形,稀少的,稀な出来事 [できごと]（少有的事）,0,词表,是,この植物は稀な種類なので、大切に育てています。 / 稀なチャンスを逃さないように、注意が必要です。,①稀有的（稀な機会｜稀有的机会）②罕见的（稀な現象｜罕见的现象）,社区推荐
見事な,みごとだ,ナ形,完美的,見事な試合（精彩的比赛）,0,词表,是,彼の見事な演技に、観客は拍手喝采しました。 / この作品は見事な完成度で、多くの人に感動を与えました。,①出色的（見事な演技｜出色的表演）②壮观的（見事な景色｜壮观的景色）,社区推荐
惨めな,みじめだ,ナ形,凄惨的,惨めな生活（悲惨的生活）,0,词表,是,彼の惨めな状況を見て、心が痛みました。 / その惨めな出来事は、彼にとって大きな教訓になりました。,①悲惨的（惨めな生活｜悲惨的生活）②可怜的（惨めな状況｜可怜的情况）,社区推荐
妙な,みょうだ,ナ形,奇妙的,妙な夢を見た（做了个怪梦）,0,词表,是,彼の妙な行動に、みんなが驚きました。 / 妙な夢を見たので、目が覚めたときに混乱しました。,①奇妙的（妙な話｜奇妙的故事）②古怪的（妙な行動｜古怪的行为）,社区推荐
めちゃくちゃな,めちゃくちゃだ,ナ形,荒谬的；杂乱无章的,めちゃくちゃな言い分（胡说八道）,0,词表,是,彼のめちゃくちゃな計画には、誰も賛成しませんでした。 / めちゃくちゃな状況を整理するのは大変です。,①乱七八糟的（部屋がめちゃくちゃだ｜乱七八糟的房间）②极端的（めちゃくちゃ疲れた｜极度疲惫）,社区推荐
厄介な,やっかいだ,ナ形,麻烦的,厄介な問題（棘手的问题）,0,词表,是,この厄介な問題を解決するために、みんなで話し合いましょう。 / 彼の厄介な性格に、時々疲れてしまいます。,①麻烦的（厄介な問題｜麻烦的问题）②棘手的（厄介な状況｜棘手的情况）,社区推荐
優秀な,ゆうしゅうだ,ナ形,优秀的,優秀な成績（优异的成绩）,0,词表,是,彼は優秀な学生で、いつも成績が良いです。 / 優秀な人材を採用するために、面接を行います。,①优秀的（優秀な学生｜优秀的学生）②出色的（優秀な成績｜出色的成绩）,社区推荐
有能な,ゆうのうだ,ナ形,有才能的,有能な作家（有才干的作家）,0,词表,是,彼女は有能なスタッフとして、会社に貢献しています。 / 有能な人が集まるチームで、プロジェクトを進めています。,①有能力的（有能な人材｜有能力的人才）②能干的（有能な社員｜能干的员工）,社区推荐
有利な,ゆうりだ,ナ形,有利的,有利な立場に立つ（处于有利的立场）,0,词表,是,この条件は、私たちにとって有利なものです。 / 有利な情報を得るために、リサーチを行います。,①有利的（ビジネスに有利な条件｜有利的条件）②有益的（健康に有利な食事｜有益的饮食）,社区推荐
愉快な,ゆかいだ,ナ形,愉快的,愉快な1日を送る（度过愉快的一天）,0,词表,是,彼の愉快な話に、みんなが笑っていました。 / 愉快な雰囲気の中で、楽しい時間を過ごしました。,①愉快的（愉快な時間を過ごす｜愉快的时光）②快乐的（愉快な気持ちになる｜快乐的心情）,社区推荐
豊かな,ゆたかだ,ナ形,丰富的,豊かな内容（丰富的内容）,0,词表,是,この地域は豊かな自然に囲まれています。 / 彼は豊かな経験を持っているので、頼りにしています。,①丰富的（豊かな自然がある｜丰富的自然）②富裕的（豊かな家庭に育つ｜富裕的家庭）,社区推荐
容易な,よういだ,ナ形,容易的,容易な方法（容易的方法）,0,词表,是,この問題は容易な解決策があります。 / 簡単な作業なので、すぐに終わると思います。,①容易的（容易な問題を解く｜容易的问题）②简单的（容易に理解できる｜简单易懂）,社区推荐
幼稚な,ようちだ,ナ形,幼稚的,幼稚なやり方（幼稚的做法）,0,词表,是,幼稚な考え方を改める必要があります。 / 彼の幼稚な行動に、周りが困っています。,①幼稚的（幼稚な考え方｜幼稚的想法）②不成熟的（幼稚な行動をする｜不成熟的行为）,社区推荐
余計な,よけいだ,ナ形,多余的,余計なお世話（多管闲事）,0,词表,是,余計なことを言わない方がいいと思います。 / 余計な心配をする必要はありません。,①多余的（余計なことを言う｜多余的话）②不必要的（余計な出費を避ける｜不必要的开支）,社区推荐
楽観的な,らっかんてきだ,ナ形,乐观的,楽観的な見通 [みとお] し（乐观的预测）,0,词表,是,彼は楽観的な性格で、いつも前向きです。 / 楽観的な考え方が、彼の強みです。,①乐观的（楽観的な見方をする｜乐观的看法）②积极的（楽観的な態度を持つ｜积极的态度）,社区推荐
乱暴な,らんぼうだ,ナ形,粗野的,乱暴なことばづかい（说话粗鲁）,0,词表,是,乱暴な言葉遣いは、相手を傷つけることがあります。 / 彼の乱暴な行動に、みんなが驚きました。,①粗暴的（乱暴な言葉を使う｜粗暴的语言）②暴力的（乱暴な行動をする｜暴力的行为）,社区推荐
わずかな,わずかだ,ナ形,些微的,わずかな時間（些微的时间）,0,词表,是,わずかな時間でも、無駄にしないようにしています。 / わずかな違いが、大きな結果を生むことがあります。,①微小的（わずかな違いがある｜微小的差异）②少量的（わずかな時間しかない｜少量的时间）,社区推荐
明くる,あける,连体,下一个，翌,明くる年（翌年）,0,词表,是,明くる日、友達と遊びに行く予定です。 / 明くる週に旅行に行くつもりです。,①下一个的（明くる日曜日に会う｜下一个星期天见）②接下来的（明くる年に旅行する｜明年去旅行）,社区推荐
ある,ある,连体,某,ある日（某一天）,0,词表,是,ある日、彼から電話がかかってきました。 / ある場所で面白いイベントが開催されます。,①存在（例：ここにある｜这里有）②某个（例：ある日｜某一天）,社区推荐
ちょっとした,ちょっとするた,连体,一点，少许,ちょっとした風邪（轻微感冒）,0,词表,是,ちょっとした問題が発生しましたが、すぐに解決しました。 / ちょっとしたお土産を持って行きます。,①稍微的（例：ちょっとした問題｜稍微的问题）②小的（例：ちょっとしたこと｜小事）,社区推荐
我が～,わがから,连体,我们,我が国（我国）,0,词表,是,我が家では毎週末に家族で食事をします。 / 我がチームは今年の大会で優勝を目指しています。,①我的（例：我が家｜我的家）②我们的（例：我が国｜我们的国家）,社区推荐
相次いで,あいつぐて,副,相继，陆续,相次いで登場 [とうじょう] する（相继出场）,0,词表,是,相次いで新しいプロジェクトが始まりました。 / 相次いで友達が結婚することになりました。,①接连（例：相次いで起こる｜接连发生）②陆续（例：相次いで訪れる｜陆续到访）,社区推荐
あいにく,あいにく,副,不凑巧，偏巧,あいにくの天気 / あいにくのタイミング / あいにくの状況,0,词表,是,あいにく、今日は雨が降っています。 / あいにく、約束の時間に遅れてしまいました。,①不巧（例：あいにく雨が降る｜不巧下雨）②遗憾（例：あいにく間に合わない｜遗憾来不及）,社区推荐
あくまで（も）,あくまで（も）,副,彻底；始终,あくまで闘 [たたか] う（斗争到底）,0,词表,是,あくまで自分の意見を大切にしたいです。 / あくまで努力を続けるつもりです。,①始终（例：あくまで信じる｜始终相信）②到底（例：あくまで私の意見｜到底是我的意见）,社区推荐
あまりにも,あまりだも,副,太，过于,あまりにも高い / あまりにも多い / あまりにも難しい,0,词表,是,あまりにも難しい問題で、解けませんでした。 / あまりにも暑い日が続いています。,①过于（例：あまりにも難しい｜过于困难）②太（例：あまりにも大きい｜太大了）,社区推荐
改めて,あらためて,副,重新；再,改めて調査する（重新调查）,0,词表,是,改めてお礼を言いたいと思います。 / 改めて考えると、彼の言葉は深いです。,①重新（例：改めて考える｜重新考虑）②再次（例：改めて確認する｜再次确认）,社区推荐
あんまり,あまり,副,太,あんまり良くない / あんまり好きじゃない / あんまり気にしない,0,词表,是,あんまりお菓子を食べると、体に良くないです。 / あんまり遅くまで起きていると、次の日が辛いです。,①太过（例：あんまり疲れた｜太累了）②不太（例：あんまり好きじゃない｜不太喜欢）,社区推荐
幾分,いくぶん,副,一点儿，一些,幾分似ている（有几分像）,0,词表,是,幾分疲れたけれど、頑張ります。 / 幾分気温が下がってきました。,①多少（例：幾分楽になる｜多少轻松）②一些（例：幾分違う｜有些不同）,社区推荐
いずれ,いずれ,副,哪个，无论,いずれ行く / いずれ分かる / いずれ会う,0,词表,是,いずれこの問題は解決するでしょう。 / いずれまた会える日を楽しみにしています。,①总有一天（いずれ行くつもりです｜总有一天会去）②无论如何（いずれにせよ｜无论如何）,社区推荐
一段と,いちだんと,副,更加，越发,一段と美しくなった（越发美丽了）,0,词表,是,一段と寒くなってきましたね。 / 一段と仕事が忙しくなっています。,①更加（一段と寒くなった｜更加寒冷）②更加明显（一段と良くなった｜更加明显）,社区推荐
一層,いっそう,副,越发，更加,なお一層の努力を望む（希望今后更加努力）,0,词表,是,一層努力して、目標を達成したいです。 / 一層のこと、海外で働きたいと思っています。,①更加（気温が一層下がった｜气温更低了）②更进一步（努力が一層必要だ｜更需要努力）,社区推荐
うんと,うんと,副,多，很,うんと頑張る / うんと食べる / うんと考える,0,词表,是,うんと勉強して、試験に合格したいです。 / うんと楽しんで、素晴らしい思い出を作りましょう。,①非常（うんと楽しい｜非常有趣）②很多（うんと食べた｜吃了很多）,社区推荐
遠慮なく,えんりょない,副,不必客气,遠慮なく意見を言う（直言）,0,词表,是,遠慮なく質問してください。 / 遠慮なくお手伝いしますよ。,①不客气（遠慮なくどうぞ｜请随意）②随意（遠慮なく言ってください｜请随便说）,社区推荐
おおよそ,おおよそ,副,大体，大概,おおよそ分かる / おおよそ同じ / おおよそ決まる,0,词表,是,おおよそこのプロジェクトは来月完成します。 / おおよそ予算内で収まると思います。,①大约（おおよそ三時間かかる｜大约需要三小时）②大致（おおよそ理解した｜大致明白了）,社区推荐
おそらく,おそらく,副,恐怕，大概,おそらくそうだ / おそらく行く / おそらく間違いない,0,词表,是,おそらく彼は遅れて到着するでしょう。 / おそらく明日は晴れると思います。,①大概（おそらく雨が降る｜大概会下雨）②可能（おそらく彼が来る｜可能他会来）,社区推荐
各々,おのおの,副,各自；各位,各々の意見 / 各々が考える / 各々の役割,0,词表,是,各々の意見を尊重することが大切です。 / 各々が役割を果たすことが求められています。,①各自（各々の意見を聞く｜听取各自的意见）②每个（各々の役割がある｜每个人都有角色）,社区推荐
思い切り,おもいきり,副,狠狠地；尽情,思い切り泣いた（痛哭一场）,0,词表,是,思い切り楽しんで、素晴らしい時間を過ごしましょう。 / 思い切り運動して、ストレスを解消しました。,①尽情（思い切り遊ぶ｜尽情玩耍）②彻底（思い切りやってみる｜彻底尝试一下）,社区推荐
きっぱり（と）,きっぱり（と）,副,断然，干脆,きっぱりと断 [ことわ] る（断然拒绝）,0,词表,是,きっぱりと断った方がいいと思います。 / きっぱりとした態度が必要です。,①干脆（きっぱり断った｜干脆拒绝了）②明确（きっぱり言った｜明确地说了）,社区推荐
ぐずぐず（と）,ぐずぐず（と）,副,慢腾腾；嘟囔,ぐずぐずするな（别磨磨蹭蹭的）,0,词表,是,ぐずぐずしていると、時間がなくなりますよ。 / ぐずぐずと考えているうちに、チャンスを逃しました。,①磨蹭，拖延（例：ぐずぐずしてはいけない｜不要磨蹭）②犹豫不决（例：ぐずぐずしている｜犹豫不决）,社区推荐
くれぐれも,くれぐれも,副,反复，周到,くれぐれも注意する / くれぐれもお願いする / くれぐれも忘れない,0,词表,是,くれぐれも体に気をつけてください。 / くれぐれも遅れないようにお願いします。,①恳请，拜托（例：くれぐれもよろしくお願いします｜恳请多多关照）②一再，反复（例：くれぐれも注意してください｜请多加注意）,社区推荐
現に,げんに,副,实际，现在,現にこの目で見た（我亲眼所见）,0,词表,是,現に、彼はその問題を解決しました。 / 現に私たちのチームが優勝しました。,①实际上，确实（例：現にそうなった｜实际上确实如此）,社区推荐
さすが,さすが,副,不愧是，果然,さすがうまい（果然好吃）,0,词表,是,さすがに彼は仕事が早いですね。 / さすが、彼女の料理は美味しいです。,①果然，果真（例：さすがプロだ｜果然是专业的）②不愧是（例：さすがの実力｜不愧是实力）,社区推荐
早速,さっそく,副,立刻，马上,さっそく始めましょう（马上开始吧！）,0,词表,是,早速、資料を準備しました。 / 早速、友達に連絡を取りました。,①立刻，马上（例：早速行きましょう｜马上就去）②迅速，及时（例：早速対応します｜迅速处理）,社区推荐
しきりに,しきりに,副,频繁地,しきりに催促 [さいそく] する（一再催促）,0,词表,是,しきりに電話がかかってきます。 / しきりに彼のことを思い出します。,①频繁，不断（例：しきりに電話が鳴る｜电话频繁响起）②一再，屡次（例：しきりにお願いされた｜一再被请求）,社区推荐
始終,しじゅう,副,始终；经常,始終気にする / 始終忙しい / 始終同じ,0,词表,是,始終忙しい日々が続いています。 / 始終彼女のことを考えています。,①始终，始终如一（例：始終変わらない｜始终不变）,社区推荐
次第に,しだいに,副,逐渐,次第に良くなる / 次第に増える / 次第に変わる,0,词表,是,次第に慣れてきました。 / 次第に寒くなってきました。,①逐渐，渐渐（例：次第に良くなる｜逐渐变好）,社区推荐
実に,じつに,副,实在；竟,実にうれしい（实在高兴）,0,词表,是,実に素晴らしい経験でした。 / 実に彼の言葉には感動しました。,①确实，实在（例：実に面白い｜确实很有趣）②真的，的确（例：実に素晴らしい｜真的很棒）,社区推荐
順々に,じゅんじゅんに,副,依次；逐渐,順々に進む / 順々に話す / 順々に行う,0,词表,是,順々に発表を行います。 / 順々に質問に答えていきます。,①依次，逐个（例：順々に進めてください｜依次进行）,社区推荐
すっと,すっと,副,迅速，轻快地,すっと立ちあがる（立刻站起来）,0,词表,是,すっと立ち上がって、外に出ました。 / すっと解決策が思いつきました。,①迅速地（すっと行く｜迅速前往）②轻松地（すっと入る｜轻松进入）,社区推荐
ぜひとも,ぜひとも,副,一定，无论如何,ぜひとも行きたい / ぜひとも参加する / ぜひともお願いする,0,词表,是,ぜひとも参加したいと思います。 / ぜひともお手伝いさせてください。,①务必（ぜひとも来てください｜务必来）②一定要（ぜひともやりたい｜一定要做）,社区推荐
せめて,せめて,副,至少，哪怕,せめて一度 / せめてこれだけ / せめて待って,0,词表,是,せめて一度は行ってみたいです。 / せめて少しでも手伝えればいいのですが。,①至少（せめて一度は｜至少一次）②起码（せめて休んで｜起码休息一下）,社区推荐
そのうち,そのうち,副,不久，过一阵,そのうち会いましょう（改天再见）,0,词表,是,そのうちまた会いましょう。 / そのうち新しいプロジェクトが始まります。,①不久（そのうち行く｜不久会去）②过一段时间（そのうち分かる｜过一段时间会明白）,社区推荐
絶えず,たえるず,副,不断，经常,絶えず続ける / 絶えず変わる / 絶えず努力する,0,词表,是,絶えず新しい情報が入ってきます。 / 絶えず努力し続けることが大切です。,①不断地（絶えず続ける｜不断地继续）②持续地（絶えず変わる｜持续地变化）,社区推荐
ただ,ただ,副,只有，只是,ただ聞いてみただけです（只是打听了一下）,0,词表,是,ただ、少しだけ待ってください。 / ただの友達だと思っていました。,①仅仅（ただの友達｜仅仅是朋友）②只是（ただの冗談｜只是开玩笑）,社区推荐
直ちに,ただちに,副,立刻，直接,直ちに行動する / 直ちに連絡する / 直ちに解決する,0,词表,是,直ちに対応が必要です。 / 直ちに連絡を取りましょう。,①立即（直ちに行動する｜立即行动）②马上（直ちに対応する｜马上应对）,社区推荐
だぶだぶ,だぶだぶ,副,肥大,だぶだぶの服 / だぶだぶになる / だぶだぶの状態,0,词表,是,だぶだぶの服は着心地が良いです。 / だぶだぶのズボンを買いました。,①松松垮垮（だぶだぶの服｜松松垮垮的衣服）②肥大（だぶだぶのズボン｜肥大的裤子）,社区推荐
近々,ちかぢか,副,不久，过几天,近々上京 [じょうきょう] する（过几天上京）,0,词表,是,近々旅行に行く予定です。 / 近々新しいプロジェクトが始まります。,①不久（近々会いましょう｜不久见面）②近期（近々行く予定｜近期有计划去）,社区推荐
ちなみに,ちなみに,副,顺便，附带,ちなみに言う（顺便说一下）,0,词表,是,ちなみに、明日の会議は午後三時からです。 / 彼は、ちなみに私の友達でもあります。,①顺便提一下（ちなみに彼は｜顺便提一下他）②附带说明（ちなみにこれは｜附带说明这是）,社区推荐
着々と,ちゃくちゃくと,副,稳步，顺利,着々と進む / 着々と準備する / 着々と進行する,0,词表,是,着々と準備が進んでいるので、安心してください。 / 彼女は着々と目標に向かって努力しています。,①稳步地（着々と進んでいる｜稳步进行中）②逐渐地（着々と準備が進む｜逐渐准备中）,社区推荐
ついでに,ついでに,副,顺便，顺手,ついでに見る（顺便）,0,词表,是,ついでに、買い物もしてきてください。 / 彼はついでに友達を誘ってきました。,①顺便（ついでに買い物する｜顺便购物）②顺带（ついでに教えてあげる｜顺带告诉你）,社区推荐
どうしても,どうするても,副,怎么也，无论如何也,どうしてもやりとげる（非完成不可）,0,词表,是,どうしても行きたかったので、無理をしました。 / 彼はどうしてもその映画を見たかった。,①无论如何（どうしても行きたい｜无论如何想去）②一定要（どうしてもやるべき｜一定要做的）,社区推荐
当分,とうぶん,副,暂时，一时,雨は当分やむまい（雨一时不会停）,0,词表,是,当分はこの仕事に集中するつもりです。 / 当分の間、旅行には行けそうにありません。,①暂时（当分はこのままで｜暂时保持这样）②一段时间（当分は様子を見る｜一段时间观察）,社区推荐
ところどころ,ところどころ,副,这儿那儿；有些地方,ところどころ見える / ところどころにある / ところどころ違う,0,词表,是,ところどころに花が咲いています。 / その本には、ところどころ面白い話がある。,①到处（ところどころに花が咲いている｜到处开着花）②有些地方（ところどころ壊れている｜有些地方坏了）,社区推荐
とっくに,とっくに,副,早就，已经,とっくに終わった / とっくに知っている / とっくに帰った,0,词表,是,とっくに終わったことだと思っていました。 / 彼はとっくに帰ったはずです。,①早就（とっくに終わった｜早就结束了）②早已（とっくに知っていた｜早已知道）,社区推荐
なぜなら,なぜだ,副,因为，原因是,なぜならそうだから / なぜなら重要だから / なぜなら理由がある,0,词表,是,なぜなら、彼は私の親友だからです。 / 彼女が遅れたのは、なぜなら交通渋滞があったからです。,①因为（なぜならそう思うから｜因为这样想）②由于（なぜなら理由がある｜由于有理由）,社区推荐
何分,なんふん,副,请；无奈,何分お待ちください / 何分かかる / 何分でもいい,0,词表,是,何分、時間がないので急いでください。 / 何分、私も手伝いますので。,①请多多关照（何分よろしくお願いします｜请多多关照）②多少（何分お待ちください｜请稍等）,社区推荐
なんか,なにか,副,哪；有些,なんかうれしそうな顔だ（好像很高兴的样子）,0,词表,是,なんか面白いことがあったら教えてください。 / 今日はなんか疲れた気がします。,①什么的（なんか面白い｜什么的有趣）②之类的（なんか気になる｜之类的让人担心）,社区推荐
なんて,なんて,副,多么,なんてかわいいだろう（多么可爱啊！）,0,词表,是,なんて素晴らしい景色なんでしょう！ / 彼女の歌声はなんて美しいのだろう。,①什么（なんて素晴らしい｜什么样的美好）②如此（なんて信じられない｜如此令人难以置信）,社区推荐
なんで,なにで,副,为什么,なんでそうなるの / なんで行かないの / なんで言ったの,0,词表,是,なんでそんなことを言ったの？ / なんで彼はそんなに怒っているの？,①为什么（なんでそんなことを？｜为什么这样？）②怎么会（なんでそうなるの？｜怎么会这样？）,社区推荐
何とか,なにとか,副,设法；总算,なんとか間に合った（总算赶上了）,0,词表,是,何とか間に合うように頑張ります。 / 彼は何とか問題を解決しました。,①想办法（何とかします｜想办法解决）②勉强（何とかなるでしょう｜勉强能行吧）,社区推荐
なんとなく,なにとない,副,总觉得；无意中,なんとなく泣きたくなる（不由得想哭）,0,词表,是,なんとなく彼のことが気になります。 / 今日はなんとなくいい気分です。,①不知为何（なんとなく気になる｜不知为何在意）②模糊地（なんとなくわかる｜模糊地明白）,社区推荐
何とも,なにとも,副,实在；怎么也,なんとも思わない（毫不介意）,0,词表,是,何とも言えない気持ちになりました。 / 彼の言葉には何とも感動しました。,①完全（何とも言えない｜完全无法言说）②无论如何（何ともできない｜无论如何都无法）,社区推荐
何らか,なにらか,副,多少，某些,何らかの理由 / 何らかの方法 / 何らかの影響,0,词表,是,何らかの理由で彼は来られませんでした。 / 何らかの方法で解決できると思います。,①某种（何らかの理由｜某种原因）②某些（何らかの方法｜某些方法）,社区推荐
にこにこ,にこにこ,副,笑嘻嘻,にこにこ笑う（笑嘻嘻）,0,词表,是,子供たちはにこにこしながら遊んでいます。 / 彼女はにこにこ笑って話しかけてきました。,①微笑（彼はにこにこしている｜他在微笑）②开心（にこにこしている｜他很开心）,社区推荐
二度と,にどと,副,再（也不）,二度と行かない（再也不去）,0,词表,是,二度と同じ過ちを繰り返さないようにします。 / 彼は二度とその場所には行かないと言っていました。,①再也不（二度と行かない｜再也不去）②绝不（二度と会わない｜绝不见面）,社区推荐
残らず,のこるず,副,全部，统统,残らず持っていく / 残らず食べる / 残らず参加する,0,词表,是,彼は残らず全ての資料を持って帰りました。 / そのイベントでは、残らず参加者が楽しんでいました。,①全部（残らず食べた｜全部吃完）②无一例外（残らず参加した｜无一例外参加）,社区推荐
はらはら,はらはら,副,扑簌簌地,桜の花びらがはらはらと散る（樱花花瓣纷纷飘落）,0,词表,是,落ち葉がはらはらと舞い落ちてきました。 / 彼女ははらはらしながら試験を受けました。,①心惊（はらはらする映画｜心惊的电影）②担心（はらはらしている｜感到担心）,社区推荐
比較的,ひかくてき,副,比较,比較的簡単 / 比較的多い / 比較的少ない,0,词表,是,この問題は比較的簡単だと思います。 / 彼の意見は比較的多くの人に支持されています。,①相对（比較的簡単｜相对简单）②比较（比較的多い｜比较多）,社区推荐
一通り,ひととおり,副,大概；一般,英語が一通りできる（略懂英语）,0,词表,是,一通りの説明を終えた後、質問を受け付けます。 / 彼は一通りの作業を終えました。,①大致，基本（例：一通り見ました｜大致看过）②一般，普通（例：一通りのこと｜一般的事情）,社区推荐
独りでに,ひとりでに,副,自己，自动地,独りでに動く / 独りでに成長する / 独りでに変わる,0,词表,是,ドアが独りでに開いたので驚きました。 / 風でカーテンが独りでに揺れています。,①自动，自然（例：独りでに動く｜自动移动）②不由自主（例：独りでに笑った｜不由自主地笑）,社区推荐
ふわふわ,ふわふわ,副,轻飘飘；软绵绵,ふわふわの雲 / ふわふわのパン / ふわふわの毛,0,词表,是,ふわふわの雲が空に浮かんでいます。 / このケーキはふわふわしていて美味しいです。,①轻飘飘（例：ふわふわの雲｜轻飘飘的云）②松软（例：ふわふわのケーキ｜松软的蛋糕）,社区推荐
めいめい,めいめい,副,各自,切符はめいめいお持ちください（车票请各自携带）,0,词表,是,めいめい自分の意見を言いました。 / みんながめいめいに好きな食べ物を選びました。,①各自，各个（例：めいめいの意見｜各自的意见）②每个人（例：めいめいが参加｜每个人都参加）,社区推荐
めっきり,めっきり,副,显著，急剧,めっきり寒くなる（急剧变冷）,0,词表,是,最近、彼の成績はめっきり良くなりました。 / めっきり寒くなってきたので、コートを着ました。,①明显，显著（例：めっきり寒くなった｜明显变冷）②大幅（例：めっきり減った｜大幅减少）,社区推荐
めったに,めっただ,副,几乎（不）,めったに外出 [がいしゅつ] しない（不怎么外出）,0,词表,是,彼はめったに映画を見に行きません。 / 私はめったに外食しないです。,①很少，几乎不（例：めったに行かない｜很少去）②罕见（例：めったに見ない｜罕见的景象）,社区推荐
もしかして,もしかするて,副,大概，莫非,もしかして本当 / もしかして行く / もしかして知っている,0,词表,是,もしかして、彼はもう帰ったのかもしれません。 / もしかして、明日は雨が降るかもしれない。,①或许，可能（例：もしかして彼ですか｜或许是他）②说不定（例：もしかして間違い｜说不定是错误）,社区推荐
もしも,もしも,副,假使，万一,もしも行けたら / もしもできたら / もしもあったら,0,词表,是,もしも時間があれば、手伝います。 / もしも彼が来たら、教えてください。,①如果，假如（例：もしも雨が降ったら｜如果下雨）②万一（例：もしも遅れたら｜万一迟到）,社区推荐
悠々,ゆうゆう,副,不慌不忙,悠々と走る（慢腾腾地跑）,0,词表,是,彼は悠々とした態度で話していました。 / 彼女は悠々とした時間を過ごしています。,①悠闲，安详（例：悠々と過ごす｜悠闲地度过）②从容不迫（例：悠々とした態度｜从容不迫的态度）,社区推荐
要するに,ようするに,副,总而言之,要するに言えば / 要するにこうなる / 要するに大事,0,词表,是,要するに、私たちはもっと努力しなければなりません。 / 要するに、彼の提案は良いアイデアです。,①总之，归根结底（例：要するに大事です｜总之很重要）②简单来说（例：要するにそういうこと｜简单来说就是这样）,社区推荐
従って,したがうて,接续,因此，所以,従って行動する / 従って考える / 従って進む,0,词表,是,従って、次のステップに進むことにします。 / 従って、彼の意見を尊重します。,①因此（従って、彼は来ない。｜因此他不来。）②按照（従って、指示に従う。｜按照指示进行。）,社区推荐
そこで,そこで,接续,于是；那么,そこで本論 [ほんろん] に入る（那么进入正题）,0,词表,是,そこで、私たちは新しい計画を立てました。 / そこで、彼は問題を解決しました。,①于是（そこで、彼は出発した。｜于是他出发了。）②在那时（そこで、会議が始まった。｜在那时会议开始了。）,社区推荐
その上,そのうえ,接续,而且；然后,その上に置く / その上で考える / その上に行く,0,词表,是,その上、彼は優秀な学生でもあります。 / その上、彼女はとても親切です。,①而且（その上、彼は優秀だ。｜而且他很优秀。）②此外（その上、時間もある。｜此外还有时间。）,社区推荐
そのため,そのため,接续,为此，因为,そのために / そのために行動する / そのために努力する,0,词表,是,そのため、私たちは早めに出発することにしました。 / そのため、彼は仕事を辞めることにしました。,①因此（そのため、遅れた。｜因此我迟到了。）②为了这个（そのため、準備が必要だ。｜为了这个需要准备。）,社区推荐
それでも,それでも,接续,尽管，即使那样,それでもいい / それでも行く / それでも続ける,0,词表,是,それでも、彼は諦めずに頑張っています。 / それでも、私は彼を信じています。,①即便如此（それでも、行くつもりだ。｜即便如此我还是想去。）②尽管如此（それでも、彼は笑った。｜尽管如此他还是笑了。）,社区推荐
それどころか,それどころか,接续,岂止如此；相反,それどころかもっと / それどころか逆に / それどころかさらに,0,词表,是,それどころか、彼はもっと良い結果を出しました。 / それどころか、彼女は期待以上の成果を上げました。,①不仅如此（それどころか、もっと悪化した。｜不仅如此还更糟。）②反而（それどころか、良くなった。｜反而变好了。）,社区推荐
ところが,ところが,接续,可是,ところが問題が / ところが起こった / ところが違った,0,词表,是,ところが、彼は約束を忘れてしまった。 / ところが、彼女はその話を知らなかった。,①然而（ところが、彼は来なかった。｜然而他没来。）②可是（ところが、問題が発生した。｜可是出现了问题。）,社区推荐
ところで,ところで,接续,这个，那个（开启另一个话题时用）,ところで彼女は最近元気ですか（那个她最近身体好吗？）,0,词表,是,ところで、あなたの趣味は何ですか？ / ところで、最近どうしていますか？,①对了（ところで、何をする？｜对了，你要做什么？）②顺便问（ところで、元気ですか？｜顺便问你好吗？）,社区推荐
しかも,しかも,接续,而且,しかも重要な / しかも新しい / しかも面白い,0,词表,是,しかも、彼はその問題を解決しました。 / しかも、彼女はその仕事を手伝ってくれました。,①而且（しかも、彼は早い。｜而且他很快。）②更有甚者（しかも、安い。｜更有甚者还便宜。）,社区推荐
現～,げん～,接头,现在的,現在の状況 / 現在の問題 / 現在の生活,0,词表,是,現在の仕事はとても忙しいです。 / 現地の人々と交流することが大切です。,①现今的（現代の技術。｜现今的技术。）②现在的（現行の法律。｜现在的法律。）,社区推荐
諸～,しょ～,接头,诸~,諸問題に / 諸国との / 諸事情を,0,词表,是,諸問題を解決するために会議を開きます。 / 諸外国との関係を深める必要があります。,①各种，各类（諸問題があります｜各种问题。）②诸多，许多（諸事情がある｜许多事情。）,社区推荐
低～,てい～,接头,低~,低価格で / 低音で / 低速で,0,词表,是,低価格の商品が人気です。 / 低音の音楽が心地よいです。,①低廉，低价（低価格の商品｜低价商品。）②低下，低水平（低評価を受けた｜低水平评价。）,社区推荐
同～,どう～,接头,同~,同じように / 同じ場所で / 同じ時間に,0,词表,是,同じ趣味を持つ友達が増えました。 / 同時に二つのことをするのは難しいです。,①相同，同样（同じ考えです｜相同的想法。）②同类，同种（同種の動物｜同类动物。）,社区推荐
初～,はつから,接头,最初，首次~,初めての経験 / 初めての旅行 / 初めての仕事,0,词表,是,初めての旅行はとても楽しかったです。 / 初心者向けのクラスに参加しました。,①初次，第一次（初めての旅行｜第一次旅行。）②初级，基础（初級者向けのクラス｜初级者的课程。）,社区推荐
無～,む～,接头,无~,無駄にしない / 無理をしない / 無知である,0,词表,是,無駄な時間を過ごさないようにしましょう。 / 無理なダイエットは体に良くないです。,①没有，无（無駄な時間｜没有浪费时间。）②无效，无意义（無意味な議論｜无意义的讨论。）,社区推荐
和～,わ～,接头,日式,和風の料理 / 和風の家 / 和風のデザイン,0,词表,是,和風の料理が好きです。 / 和式トイレは使い慣れていますか？,①和谐，和睦（和やかな雰囲気｜和谐的氛围。）②日本风，和式（和風の家｜和式的房子。）,社区推荐
～感,～かん,接尾,~感,幸福感が / 安心感を / 疲労感を,0,词表,是,この映画は感動的な感が強いです。 / 彼の言葉には優しさの感があふれています。,①感觉，感受（安心感があります｜有安心感。）②印象，印象感（親近感を持つ｜有亲近感。）,社区推荐
～号,～ごう,接尾,~号,一号車に / 二号館で / 三号線を,0,词表,是,このバスは三号線です。 / 彼は五号の選手として活躍しています。,①号，编号（一号車両｜一号车。）②号，称号（特別号の雑誌｜特刊杂志。）,社区推荐
～だらけ,～だらけ,接尾,满是~,間違いだらけ（满篇错误）,0,词表,是,部屋はゴミだらけで掃除が必要です。 / 彼の話は嘘だらけで信じられません。,①满是，充满（ゴミだらけの部屋｜满是垃圾的房间。）②沾满，满是（傷だらけの体｜满是伤痕的身体。）,社区推荐
～足らず,～たるず,接尾,不足，少于~,十分足らず / 一時間足らず / 百円足らず,0,词表,是,予算が十万円足らずです。 / 時間が一時間足らずしかありません。,①不足，不够（十分足らずの時間｜不足的时间。）②少于，不满（百円足らずの値段｜不到一百日元。）,社区推荐
～付き,～つき,接尾,附带~,条件付き（附有条件）,0,词表,是,このプランには食事付きです。 / 旅行にはガイド付きのコースがあります。,①带有...的（例：おまけ付き｜带有赠品的。）②附带...的（例：サービス付き｜附带服务的。）,社区推荐
～風,～かぜ,接尾,~风格,日本風の / 洋風の / 伝統風の,0,词表,是,この服は和風のデザインです。 / 彼の絵は独特な風格があります。,①...风格（例：和風｜和风样式。）②...样式（例：洋風｜洋风样式。）,社区推荐
～向け,～むけ,接尾,向，对~,子供向けの / 大人向けの / 学生向けの,0,词表,是,この本は子供向けに書かれています。 / 彼の講演は学生向けに行われました。,①面向...的（例：子供向け｜面向儿童的。）②针对...的（例：初心者向け｜针对初学者的。）,社区推荐
～率,～りつ,接尾,~率,成長率が / 利用率を / 出生率が,0,词表,是,この商品の売上率は高いです。 / 参加者の満足率を調査しました。,①比率（例：成長率｜成长率。）②率（例：出席率｜出席率。）,社区推荐
アクセント,あくせんと,名,声调,関西 [かんさい] のアクセント（关西口音）,0,词表,是,日本語のアクセントが難しいです。 / 彼女の話し方には独特のアクセントがあります。,①重音（例：アクセントがある｜有重音）②口音（例：外国のアクセント｜外国口音）,社区推荐
ウイスキー,ういすきー,名,威士忌酒,ウイスキーを飲む / ウイスキーの種類 / ウイスキーの味,0,词表,是,ウイスキーを飲むのが好きです。 / 彼はウイスキーの専門家です。,威士忌（例：ウイスキーを飲む｜喝威士忌）,社区推荐
ウール,うーる,名,羊毛；毛织品,ウール地（毛料）,0,词表,是,このセーターはウールでできています。 / ウールの素材は暖かいです。,羊毛（例：ウールのセーター｜羊毛毛衣）,社区推荐
カー,かー,名,汽车,車を運転する / 車の中で / 車を買う,0,词表,是,新しいカーを買いました。 / 彼はカーの運転が上手です。,汽车（例：カーを運転する｜开车）,社区推荐
キャプテン,きゃぷてん,名,首领；队长,野球部 [やきゅうぶ] のキャプテン（棒球队队长）,0,词表,是,サッカーチームのキャプテンは彼です。 / 彼女は学校のバスケットボールチームのキャプテンです。,队长（例：サッカーのキャプテン｜足球队长）,社区推荐
グランド,ぐらんど,名,巨大的，宏伟的,グランドで遊ぶ / グランドの広さ / グランドの景色,0,词表,是,グランドの広さに驚きました。 / 彼の家はグランドなデザインです。,①大地（例：グランドで遊ぶ｜在大地上玩）②运动场（例：グランドで試合｜在运动场比赛）,社区推荐
クリーム,くりーむ,名,奶油；雪花膏,クリームを塗る / クリームの色 / クリームの味,0,词表,是,ケーキにクリームをたっぷりかけました。 / 彼女はクリームを使った料理が得意です。,①奶油（ケーキに使う｜用奶油做蛋糕）②护肤霜（肌に塗る｜涂护肤霜）,社区推荐
クリスマス,くりすます,名,圣诞节,クリスマスの準備 / クリスマスのプレゼント / クリスマスの飾り,0,词表,是,クリスマスの準備が始まりました。 / 今年のクリスマスは家族と過ごします。,①圣诞节（12月25日｜12月25日）②圣诞庆祝（お祝いをする｜庆祝圣诞）,社区推荐
コーナー,こーなー,名,专栏；弯道,コーナーを曲がる / コーナーの店 / コーナーで待つ,0,词表,是,このコーナーには面白い記事があります。 / 彼はスポーツコーナーの担当です。,①角落（部屋の隅｜房间的角落）②专区（特定の場所｜特定区域）,社区推荐
サイレン,さいれん,名,汽笛，警报器,サイレンが鳴る / サイレンの音 / サイレンを聞く,0,词表,是,サイレンの音が聞こえました。 / 警察のサイレンが鳴り響いています。,①警报器（緊急時に鳴る｜紧急时响）②汽笛声（船の音｜船的汽笛声）,社区推荐
ジーンズ,じーんず,名,牛仔（裤）,ジーンズを履く / ジーンズの色 / ジーンズのサイズ,0,词表,是,ジーンズはカジュアルな服装にぴったりです。 / 彼はジーンズをよく着ています。,①牛仔裤（カジュアルなズボン｜休闲裤）,社区推荐
ジャーナリスト,じゃーなりすと,名,记者,ジャーナリストになる（当记者）,0,词表,是,ジャーナリストとして働いています。 / 彼女は有名なジャーナリストです。,①新闻工作者（報道をする人｜做报道的人）,社区推荐
ステージ,すてーじ,名,舞台,ステージに立つ（登上舞台/讲坛）；スポンサー探し（找赞助）,0,词表,是,ステージでのパフォーマンスが素晴らしかったです。 / 彼はステージに立つのが好きです。,①舞台（演劇の場所｜演出的舞台）②阶段（プロジェクトの段階｜项目的阶段）,社区推荐
セメント,せめんと,名,水泥,セメントを使う / セメントの量 / セメントで作る,0,词表,是,セメントを使って壁を作ります。 / この建物はセメントでできています。,①水泥（建築材料｜建筑材料）,社区推荐
タイヤ,たいや,名,轮胎,タイヤを交換する / タイヤの空気 / タイヤのサイズ,0,词表,是,タイヤがパンクしてしまいました。 / 新しいタイヤを買う必要があります。,①轮胎（車の部品｜车的轮胎）,社区推荐
ダイヤ,だいや,名,钻石,ダイヤの指輪（钻石戒指）,0,词表,是,ダイヤの指輪をプレゼントしました。 / 彼女はダイヤが大好きです。,①钻石（宝石の一種｜一种宝石）②方形（四角い形｜四方形）,社区推荐
トランプ,とらんぷ,名,扑克,トランプをする（玩扑克）,0,词表,是,友達とトランプをしました。 / トランプゲームは楽しいです。,①扑克牌（トランプをする｜玩扑克牌）②特朗普（トランプ大統領｜特朗普总统）,社区推荐
ナイロン,ないろん,名,尼龙,ナイロンの袋 / ナイロンの素材 / ナイロンの靴下,0,词表,是,ナイロンのバッグは軽くて便利です。 / 彼はナイロン製のジャケットを着ています。,①尼龙（ナイロン製の靴下｜尼龙袜子）②合成纤维（ナイロンの特性｜合成纤维特性）,社区推荐
ナンバー,なんばー,名,编号,ナンバーを確認する / ナンバーの一覧 / ナンバーを付ける,0,词表,是,ナンバーを確認してください。 / 彼の電話番号はナンバーの後に続きます。,①号码（ナンバーを確認する｜确认号码）②数字（ナンバーを数える｜数数字）,社区推荐
バイオリン,ばいおりん,名,小提琴,バイオリンを弾く / バイオリンの音 / バイオリンのレッスン,0,词表,是,バイオリンの音色が美しいです。 / 彼女はバイオリンを習っています。,①小提琴（バイオリンを弾く｜拉小提琴）,社区推荐
パイプ,ぱいぷ,名,导管；烟斗,パイプを使う / パイプの長さ / パイプの形,0,词表,是,パイプを使って水を流します。 / 彼はパイプの修理が得意です。,①管子（パイプを通す｜通过管子）②烟斗（パイプを吸う｜抽烟斗）,社区推荐
パイロット,ぱいろっと,名,宇航员,パイロットになる / パイロットの仕事 / パイロットの訓練,0,词表,是,パイロットになるのが夢です。 / 彼は経験豊富なパイロットです。,①飞行员（パイロットになる｜成为飞行员）②引导者（パイロットを務める｜担任引导者）,社区推荐
パターン,ぱたーん,名,模式,ワンパターン（一成不变，老是一种模式）,0,词表,是,このデザインは新しいパターンです。 / 彼女はパターンを作るのが得意です。,①模式（パターンを変える｜改变模式）②样式（パターンを選ぶ｜选择样式）,社区推荐
パンツ,ぱんつ,名,短裤,パンツを買う / パンツのサイズ / パンツを履く,0,词表,是,夏はパンツが快適です。 / 彼はカジュアルなパンツを好みます。,①裤子（パンツを履く｜穿裤子）②内裤（パンツを買う｜买内裤）,社区推荐
ハンドル,はんどる,名,方向盘,ハンドルをとる（握方向盘；操舵轮）,0,词表,是,ハンドルをしっかり握って運転してください。 / 彼はハンドルを回すのが上手です。,①把手（ハンドルを握る｜握把手）②方向盘（ハンドルを回す｜转方向盘）,社区推荐
ピストル,ぴすとる,名,手枪,ピストルを撃つ（放手枪）,0,词表,是,ピストルを持っている人を見たことがありますか？ / 警察はピストルを使う訓練をしています。,①手枪（ピストルを持つ｜持手枪）,社区推荐
ピンポン,ぴんぽん,名,乒乓,ピンポンをする / ピンポンの試合 / ピンポンのルール,0,词表,是,友達とピンポンをするのが好きです。 / ピンポン大会に参加する予定です。,①乒乓球（ピンポンをします｜打乒乓球）②门铃声（ピンポンが鳴った｜门铃响了）,社区推荐
フライパン,ふらいぱん,名,平底锅,フライパンで焼く / フライパンのサイズ / フライパンを使う,0,词表,是,フライパンで卵を焼くのが得意です。 / 新しいフライパンを買ったので、料理が楽しみです。,①平底锅（フライパンで焼く｜用平底锅煎）②煎锅（フライパンを使う｜使用煎锅）,社区推荐
ヘリコプター,へりこぷたー,名,直升飞机,ヘリコプターで行く（乘直升飞机去）,0,词表,是,ヘリコプターで山の上から景色を見ました。 / 事故のため、ヘリコプターが現場に向かいました。,①直升机（ヘリコプターが飛ぶ｜直升机飞行）,社区推荐
ホームステイ,ほーむすてい,名,寄宿留学,ホームステイをする / ホームステイの家 / ホームステイの経験,0,词表,是,ホームステイを通じて、文化を学びました。 / 来月、アメリカでホームステイをする予定です。,①寄宿家庭（ホームステイをする｜进行寄宿家庭）,社区推荐
マイペース,まいぺーす,名,自己的做法,マイペースで勉強する（按自己的一套来学习）,0,词表,是,彼はいつもマイペースで仕事をしています。 / マイペースで進めることが大切だと思います。,①我行我素（マイペースでやる｜我行我素）,社区推荐
マスター,ますたー,名,老板；师傅,店のマスター（店老板）,0,词表,是,そのレストランのマスターは料理が上手です。 / マスターにおすすめの料理を聞いてみました。,①掌握（技術をマスターする｜掌握技术）②主人（マスターがいる｜有主人）,社区推荐
ミシン,みしん,名,缝纫机,メモをとる（记笔记）,0,词表,是,ミシンを使って、自分の服を作っています。 / 友達がミシンを借りたいと言っていました。,①缝纫机（ミシンで縫う｜用缝纫机缝）,社区推荐
モーター,もーたー,名,发动机,モーターを動かす（开动发动机）,0,词表,是,モーターが故障して、車が動かなくなりました。 / 新しいモーターを取り付ける必要があります。,①电动机（モーターが回る｜电动机转动）②发动机（モーターを使う｜使用发动机）,社区推荐
モダン,もだん,名·ナ形,现代，摩登,モダンな服装（时髦的服装）,0,词表,是,このカフェはモダンなデザインでとてもおしゃれです。 / モダンなアートが展示されているギャラリーに行きました。,①现代的（モダンなデザイン｜现代设计）②时尚的（モダンなスタイル｜时尚风格）,社区推荐
モノレール,ものれーる,名,单轨铁路，单轨电车,モノレールに乗る / モノレールの駅 / モノレールの運行,0,词表,是,モノレールに乗って、観光地を巡りました。 / モノレールは便利で、景色も楽しめます。,①单轨铁路（モノレールが走る｜单轨铁路运行）,社区推荐
ヨット,よっと,名,游艇，帆船,ヨットを操縦する / ヨットの旅 / ヨットのレース,0,词表,是,ヨットで海に出るのが好きです。 / 友達と一緒にヨットを借りて遊びました。,①帆船（海で走る船です｜海上航行的船）②游艇（リゾートで使います｜度假用游艇）,社区推荐
ライター,らいたー,名,打火机,ライターを使う / ライターの種類 / ライターの火,0,词表,是,ライターが壊れてしまったので、新しいのを買いました。 / キャンプの時、ライターを忘れないようにしましょう。,①打火机（火をつける道具です｜点火的工具）,社区推荐
ラケット,らけっと,名,球拍,ラケットを持つ / ラケットの重さ / ラケットで打つ,0,词表,是,テニスのラケットを新しく買いました。 / ラケットの使い方を教えてもらいました。,①球拍（テニスやバドミントン用｜网球或羽毛球用）,社区推荐
ロッカー,ろっかー,名,橱柜,ロッカーに入れる / ロッカーの鍵 / ロッカーを使う,0,词表,是,学校のロッカーに本を入れています。 / ロッカーの鍵をなくしてしまいました。,①储物柜（物を入れるための箱｜放东西的柜子）,社区推荐
ワイン,わいん,名,葡萄酒,ワインを飲む / ワインの種類 / ワインの味,0,词表,是,ワインを飲みながら、友達と楽しい時間を過ごしました。 / このレストランは美味しいワインが揃っています。,①葡萄酒（ぶどうから作られた酒｜用葡萄酿的酒）,社区推荐
見る,みる,動詞,看；观看；判断,テレビを見る / 夢を見る / 景色を見る,451,jlpt_exam_frequency,否,2010年07月N2真题.pdf p.1: 晴れている日は、この山頂からすばらしい景色が見える。,見る (みる) ①見る（映画を見ます。｜我看电影。）②判断（彼の気持ちが見えます。｜我能看出他的心情。）,隐藏考点
時間,じかん,名詞,时间；小时,時間がかかる / 時間を守る / 時間を計る,413,jlpt_exam_frequency,否,2010年07月N2真题.pdf p.2: 19 彼女とは久しぶりに会ったので、何時間話しても話が(¯,時間 (じかん) ①时间（時間が足りません。｜时间不够。）②小时（一時間待ってください。｜请等一个小时。）,隐藏考点
分かる,わかる,動詞,明白；懂；知道,意味が分かる / 理由が分かる / 気持ちが分かる,272,jlpt_exam_frequency,否,もっとも多少働いたとしても、仕事の本質はわからな / 2010年07月N2真题.pdf p.9: は、試しにちょっと、というわけにはいかない。,分かる (わかる) ①明白（この問題が分かります。｜我明白这个问题。）②知道（彼の気持ちが分かる。｜我知道他的心情。）,隐藏考点
子供,こども,名詞,孩子；儿童,子供が遊ぶ / 子供の笑顔 / 子供の成長,255,jlpt_exam_frequency,否,2010年07月N2真题.pdf p.4: して言えば、子どもの時は我慢が苦手だった子が、 成長とともに我慢できるようになるといったことも,子供 (こども) ①孩子（子供が遊んでいます。｜孩子们在玩。）②儿童（この本は子供向けです。｜这本书是给儿童的。）,隐藏考点
取る,とる,動詞,拿；取得；采取,写真を取る / ノートを取る / 連絡を取る,224,jlpt_exam_frequency,否,2010年07月N2真题.pdf p.8: (注1)老眼鏡 : 年をとって近くが見えにくくなった人のための眼鏡,取る (とる) ①拿（本を取ってください。｜请拿书。）②取得（資格を取るのは大変です。｜获得资格很困难。）,隐藏考点
やる,やる,動詞,做；给；派遣,仕事をやる / 勉強をやる / 試合をやる,221,jlpt_exam_frequency,否,2010年07月N2真题.pdf p.3: 1 やっていただけないでしょうか,やる (やる) ①做（宿題をやります。｜我会做作业。）②给（彼にプレゼントをやった。｜我给了他礼物。）,隐藏考点
日本,にほん,名詞,日本,日本に行く / 日本の文化 / 日本の食べ物,190,jlpt_exam_frequency,否,2010年07月N2真题.pdf p.1: 2010年07月日本語能力試験 N2試験問題,日本 (にっぽん) ①日本（日本に行きたいです。｜我想去日本。）,隐藏考点
会社,かいしゃ,名詞,公司,会社に勤める / 会社の名前 / 会社の方針,177,jlpt_exam_frequency,否,2010年07月N2真题.pdf p.6: 西東薬品株式会社,会社 (かいしゃ) ①公司（彼は会社に勤めています。｜他在公司工作。）②企业（この会社は大きいです。｜这家公司很大。）,隐藏考点
出す,だす,動詞,拿出；提交；发出,声を出す / 結果を出す / 答えを出す,160,jlpt_exam_frequency,否,つまり、 その両方を鍛えないと、記憶力は生きてこないのである。(中略) / 2010年12月N2真题.pdf p.10: 覚えていないものは引き出しようがない。,出す (だす) ①拿出（財布を出してください。｜请拿出钱包。）②提交（レポートを出しました。｜我提交了报告。）,隐藏考点
本,ほん,名詞,书；本；根（量词）,本を読む / 本のタイトル / 本の内容,155,jlpt_exam_frequency,否,2010年07月N2真题.pdf p.8: 2000年から2001年にかけて、全国紙として有名な新聞が、 基本の活字を少し大きなものに変,本 (ほん) ①书（この本は面白いです。｜这本书很有趣。）②根（木の本が太いです。｜树的根很粗。）,隐藏考点
合う,あう,動詞,合适；一致；互相,意見が合う / サイズが合う / 気が合う,153,jlpt_exam_frequency,否,2010年12月N2真题.pdf p.10: 1 自分が記憶した方法がその問題の解決に合うものではなかったから,合う (あう) ①合适（この服はあなたに合います。｜这件衣服适合你。）②一致（意見が合わない。｜意见不一致。）,隐藏考点
置く,おく,動詞,放置；留下；预先做好,荷物を置く / 規則を置く / 距離を置く,138,jlpt_exam_frequency,否,2010年07月N2真题.pdf p.14: 避難場所を決めておく,置く (おく) ①放置（テーブルの上に置いてください。｜请放在桌子上。）②预先做好（準備を置いておきます。｜我会提前做好准备。）,隐藏考点
分,ぶん,名詞,部分；份；程度,分を計る / 分が足りない / 分を分ける,133,jlpt_exam_frequency,否,2010年07月N2真题.pdf p.8: 2 自分の話を聞いてもらいながらグループの話も聞くこと,分 (ぶん) ①部分（この分は重要です。｜这一部分很重要。）②份（一人分の料理を作ります。｜我会做一人份的菜。）,隐藏考点
人生,じんせい,名詞,人生,人生を楽しむ / 人生の選択 / 人生の意味,131,jlpt_exam_frequency,否,2010年07月N2真题.pdf p.3: 44 残業が続いて体を壊したときに、 自分の人生は( )と思って、転職を決めた。,人生 (じんせい) ①人生（人生は短いです。｜人生是短暂的。）②生活（彼の人生は幸せです。｜他的人生很幸福。）,隐藏考点
欲しい,ほしい,形容詞,想要；希望得到,欲しいものを / 欲しい気持ち / 欲しい時に,129,jlpt_exam_frequency,否,2011年07月N2真题.pdf p.12: に来てほしい。,欲しい (ほしい) ①想要（新しい車が欲しいです。｜我想要一辆新车。）②希望得到（お金が欲しい。｜我希望得到钱。）,隐藏考点
教える,おしえる,動詞,教；告诉,方法を教える / 言語を教える / 知識を教える,125,jlpt_exam_frequency,否,2010年12月N2真题.pdf p.2: 1 教え方,教える (おしえる) ①教（彼に英語を教えます。｜我教他英语。）②告诉（秘密を教えてください。｜请告诉我秘密。）,隐藏考点
伝える,つたえる,動詞,传达；告诉；传承,気持ちを伝える / 情報を伝える / メッセージを伝える,117,jlpt_exam_frequency,否,そして、 書いた人の伝えたかったこ / 2010年12月N2真题.pdf p.7: それ以外の文章は、必ず、書く人間のほかに、 ②読む人間がいて完成されるのだ。,伝える (つたえる) ①传达（彼の気持ちを伝えます。｜我会传达他的心情。）②告诉（情報を伝える。｜传达信息。）,隐藏考点
呉れる,くれる,動詞,给我；为我做,アドバイスをくれる / プレゼントをくれる,111,jlpt_exam_frequency,否,2010年07月N2真题.pdf p.2: 24 友人がバイクを安くゆずってくれた。,呉れる (くれる) ①给我（彼が本をくれました。｜他给了我一本书。）②为我做（友達が手伝ってくれる。｜朋友帮我。）,隐藏考点
電話,でんわ,名詞,电话,電話をかける / 電話の番号 / 電話を受ける,107,jlpt_exam_frequency,否,2010年07月N2真题.pdf p.2: 23 とりあえず社長に電話で話しておいた。,電話 (でんわ) ①电话（電話をかけます。｜我打电话。）②通讯（電話が鳴っています。｜电话响了。）,隐藏考点
付ける,つける,動詞,安装；附上；打开,条件を付ける / 名前を付ける / 値段を付ける,106,jlpt_exam_frequency,否,2010年12月N2真题.pdf p.4: 1 気をつけてみたらどうでしょうか。,付ける (つける) ①安装（時計を付けます。｜我安装钟表。）②打开（電気を付けてください。｜请打开灯。）,隐藏考点
知れる,しれる,動詞,知道；被知道,広く知れる / よく知れる,105,jlpt_exam_frequency,否,2010年07月N2真题.pdf p.5: 型に関係はあると言えるかもしれませんが、それは血液型で性格が決まるということではありません。,知れる (しれる) ①知道（彼のことが知れる。｜我能知道他的事。）②被知道（秘密が知れるかもしれない。｜秘密可能会被知道。）,隐藏考点
友達,ともだち,名詞,朋友,友達と遊ぶ / 友達の家 / 友達を作る,98,jlpt_exam_frequency,否,2010年07月N2真题.pdf p.2: 1 学期末試験の範囲を友達に取材しました。,友達 (ともだち) ①朋友（友達と遊びます。｜我和朋友玩。）②伙伴（彼は私の友達です。｜他是我的朋友。）,隐藏考点
頂く,いただく,動詞,得到；吃；喝（谦语）,お話を頂く / ご意見を頂く / プレゼントを頂く,98,jlpt_exam_frequency,否,2010年12月N2真题.pdf p.3: 2 おわびいただきます,頂く (いただく) ①得到（お土産を頂きました。｜我收到了礼物。）②吃（美味しい料理を頂きます。｜我会吃美味的菜。）,隐藏考点
過ぎる,すぎる,動詞,经过；超过；过度,時間が過ぎる / 限度を過ぎる / 度を過ぎる,97,jlpt_exam_frequency,否,2010年07月N2真题.pdf p.3: 1 しすぎる,過ぎる (すぎる) ①经过（時間が過ぎるのが早い。｜时间过得很快。）②超过（限度を過ぎる。｜超过了限度。）,隐藏考点
犬,いぬ,名詞,狗,犬が吠える / 犬の散歩 / 犬を飼う,94,jlpt_exam_frequency,否,2011年12月N2真题.pdf p.8: イヌの散歩をしていると、最近ではイヌも挨拶の仕方を忘れてしまったのではないかと思ってしまい,犬 (いぬ) ①狗（犬が好きです。｜我喜欢狗。）②宠物（彼は犬を飼っています。｜他养了一只狗。）,隐藏考点
市,し,名詞,市；城市,市の中心 / 市のイベント / 市の人口,91,jlpt_exam_frequency,否,下の問いに対する答えとして最もよいものを、 / 2010年07月N2真题.pdf p.12: 問題 14 河山市で開かれる市民セミナーの案内である。,市 (し) ①市（この市は大きいです。｜这个城市很大。）②城市（市の中心に行きます。｜我去城市中心。）,隐藏考点
訳,わけ,名詞,理由；意思；情况,訳が分からない / 訳を聞く / 訳を考える,91,jlpt_exam_frequency,否,2010年07月N2真题.pdf p.5: いるわけですから,訳 (わけ) ①理由（遅れた訳は何ですか？｜迟到的理由是什么？）②意思（この言葉の訳は難しい。｜这个词的意思很难。）,隐藏考点
試験,しけん,名詞,考试；试验,試験を受ける / 試験の結果 / 試験の勉強,91,jlpt_exam_frequency,否,2010年07月N2真题.pdf p.1: 2010年07月日本語能力試験 N2試験問題,試験 (しけん) ①考试（試験が近いです。｜考试快到了。）②试验（新しい試験を受けます。｜我会参加新的试验。）,隐藏考点
予約,よやく,名詞,预约；预订,予約をする / 予約の確認 / 予約をキャンセル,88,jlpt_exam_frequency,否,2010年12月N2真题.pdf p.1: [13 このレストランは予約(,予約 (よやく) ①预约（レストランを予約しました。｜我预约了餐厅。）②预订（ホテルを予約する。｜我预订酒店。）,隐藏考点
客,きゃく,名詞,客人；顾客,客が来る / 客の要望 / 客を迎える,88,jlpt_exam_frequency,否,2010年07月N2真题.pdf p.3: このレストランは、客の予算(,客 (きゃく) ①客人（客が来ました。｜客人来了。）②顾客（この店には多くの客がいます。｜这家店有很多顾客。）,隐藏考点
内,うち,名詞,里面；范围内；之中,内に入る / 内の様子 / 内で待つ,87,jlpt_exam_frequency,否,つまり、52-a / 2010年07月N2真题.pdf p.4: 血液型は親から子への遺伝によって、4種類のうち、どの型になるかが決まります。,内 (うち) ①里面（部屋の内はきれいです。｜房间里面很干净。）②范围内（内に入ってください。｜请进来。）,隐藏考点
よる,よる,動詞,取决于,よるに / よるから / よるまで,375,basic_generic,FALSE,彼の成功は努力によるものだと思います。 / 結果は努力によるとよく言われます。,よる (よる) ①取决于（結果は努力による。｜结果取决于努力。）②依赖（成功は運による。｜成功依赖于运气。）,隐藏考点
間,あいだ,名詞,间,間に / 間で / 間を,87,core_candidate,FALSE,彼と私の間には信頼があります。 / 仕事の間に休憩を取ることが大切です。,間 (あいだ) ①间（二人の間に何かがあります。｜两人之间有些事情。）②时间（間が空いています。｜有时间间隔。）,隐藏考点
付く,つく,動詞,附,付くに / 付くで / 付くが,84,core_candidate,FALSE,このバッグにはポケットが付いています。 / 新しいソファにはクッションが付いています。,付く (つく) ①附（シールが付いています。｜贴纸附在上面。）②到达（駅に付く。｜到达车站。）,隐藏考点
うまい,うまい,形容詞,好,うまいが / うまいと / うまいの,84,core_candidate,FALSE,この料理は本当にうまいです。 / 彼の歌はうまいと評判です。,うまい (うまい) ①好（この料理はうまいです。｜这道菜很好。）②美味（うまいお酒を飲みます。｜我喝美味的酒。）,隐藏考点
願う,ねがう,動詞,愿,願うに / 願うこと / 願うが,81,core_candidate,FALSE,彼女の幸せを願っています。 / みんなの健康を願う気持ちがあります。,願う (ねがう) ①愿（幸せを願います。｜我祝愿幸福。）②希望（成功を願っています。｜我希望成功。）,隐藏考点
続ける,つづける,動詞,续,続けること / 続けるに / 続けるが,80,core_candidate,FALSE,毎日運動を続けることが大切です。 / 彼は勉強を続けることに決めました。,続ける (つづける) ①续（勉強を続けます。｜我会继续学习。）②保持（良い習慣を続ける。｜保持好习惯。）,隐藏考点
それぞれ,それぞれ,名詞,各,それぞれに / それぞれの / それぞれが,78,core_candidate,FALSE,それぞれの意見を尊重することが大切です。 / それぞれの文化を理解する努力をしましょう。,それぞれ (それぞれ) ①各（それぞれの意見があります。｜每个人都有自己的意见。）②各自（それぞれの役割を果たします。｜各自履行自己的角色。）,隐藏考点
掛ける,かける,動詞,挂,掛けるに / 掛けること / 掛けるが,76,core_candidate,FALSE,壁に絵を掛ける予定です。 / 彼は帽子を掛ける場所を探しています。,掛ける (かける) ①挂（絵を掛けます。｜我挂上画。）②拨打（電話を掛けます。｜我打电话。）,隐藏考点
掛かる,かかる,動詞,受,掛かるに / 掛かること / 掛かるが,73,core_candidate,FALSE,この仕事には時間が掛かります。 / 彼の話には興味が掛かります。,掛かる (かかる) ①受（時間が掛かります。｜需要时间。）②挂（鍵が掛かっています。｜锁上了。）,隐藏考点
洗濯,せんたく,名詞,洗,洗濯を / 洗濯が / 洗濯に,72,core_candidate,FALSE,週末に洗濯をするつもりです。 / 洗濯が終わったら、乾かします。,洗濯 (せんたく) ①洗（洗濯をします。｜我洗衣服。）②清洗（洗濯物を干します。｜我晾衣服。）,隐藏考点
受ける,うける,動詞,受,受けること / 受けるに / 受けるが,65,core_candidate,FALSE,彼の提案を受けることにしました。 / 面接を受けるのは緊張します。,受ける (うける) ①受（試験を受けます。｜我参加考试。）②接受（助けを受ける。｜接受帮助。）,隐藏考点
割り引き,わりびき,名詞,折扣,割り引きが / 割り引きに / 割り引きで,63,core_candidate,FALSE,割り引きがあると、買い物が楽しくなります。 / この店は割り引きが多いので、よく行きます。,割り引き (わりびき) ①折扣（割り引きがありますか？｜有折扣吗？）②优惠（この商品は割り引き中です。｜这个商品正在打折。）,隐藏考点
所為,せい,名詞,原因,所為で / 所為に / 所為が,62,core_candidate,FALSE,彼の失敗は準備不足の所為です。 / 雨の所為で、イベントが中止になりました。,所為 (せい) ①原因（遅れたのは交通の所為です。｜迟到是因为交通。）②理由（彼の所為で問題が起きた。｜因为他的原因出现了问题。）,隐藏考点
叱る,しかる,動詞,训,叱ること / 叱るに / 叱るが,61,core_candidate,FALSE,子供を叱るのは難しいです。 / 彼は部下を叱ることができるリーダーです。,叱る (しかる) ①训（子供を叱ります。｜我训斥孩子。）②责备（彼を叱った。｜我责备了他。）,隐藏考点
気付く,きづく,動詞,察觉,気付くこと / 気付くに / 気付くが,61,core_candidate,FALSE,彼女の気持ちに気付くのが遅れました。 / 友達の変化に気付いてあげられなかった。,①察觉（彼は自分の間違いに気付いた。｜他意识到了自己的错误。）,隐藏考点
挨拶,あいさつ,名詞,问候,挨拶を / 挨拶が / 挨拶に,60,core_candidate,FALSE,友達に挨拶をするのが好きです。 / 朝の挨拶は一日の始まりに大切です。,①问候（友達に挨拶をするのが好きです。｜我喜欢向朋友问候。）,隐藏考点
致す,いたす,動詞,做,致すこと / 致すに / 致すが,58,core_candidate,FALSE,何かを致すときは、慎重に考えます。 / 彼はお礼を致すことを忘れません。,①做（私はこの仕事を致します。｜我会做这项工作。）,隐藏考点
申し込む,もうしこむ,動詞,申请,申し込むこと / 申し込むに / 申し込むが,56,core_candidate,FALSE,大学に申し込むための書類を準備しています。 / 旅行の計画を申し込むことにしました。,①申请（新しい仕事に申し込むつもりです。｜我打算申请新工作。）,隐藏考点
侭,まま,名詞,状态,侭で / 侭に / 侭が,54,core_candidate,FALSE,彼は自分の侭で生きることを選びました。 / 侭に過ごすことも時には大切です。,①状态（彼はそのまま寝てしまった。｜他就那样睡着了。）,隐藏考点
際,さい,名詞,时,際に / 際で / 際が,51,core_candidate,FALSE,旅行の際には、計画を立てることが重要です。 / 大事な際には、冷静に判断する必要があります。,①时（その際、注意が必要です。｜在那个时候，需要注意。）,隐藏考点
三,さん,名詞,三,三つ / 三人 / 三回,49,core_candidate,FALSE,三人で映画を見に行きました。 / 三つの選択肢から選ぶことができました。,①三（彼は三人の子供がいます。｜他有三个孩子。）,隐藏考点
切る,きる,動詞,切,切ること / 切るに / 切るが,47,core_candidate,FALSE,野菜を切るのが苦手です。 / 彼は魚を切るのが上手です。,①切（野菜を切るのが得意です。｜我擅长切菜。）,隐藏考点
形,かたち,名詞,形,形が / 形に / 形で,47,core_candidate,FALSE,この建物の形はとてもユニークです。 / 形を変えることで、印象が変わります。,①形（この形はとても面白いです。｜这个形状非常有趣。）,隐藏考点
詰まり,つまり,副詞,也就是说,詰まり、 / 詰まりに / 詰まりが,47,core_candidate,FALSE,つまり、彼は来ないということです。 / つまり、私たちは新しい計画を立てる必要があります。,①也就是说（つまり、彼は来ないということです。｜也就是说，他不会来了。）,隐藏考点
見せる,みせる,動詞,显示,見せること / 見せるに / 見せるが,46,core_candidate,FALSE,彼は新しいプロジェクトを見せるために、資料を準備しました。 / 先生は私たちにこの本を見せると言いました。,①显示（彼は自分の作品を見せた。｜他展示了自己的作品。）,隐藏考点
身,み,名詞,身体,身に / 身が / 身で,46,core_candidate,FALSE,健康のために、毎日運動をすることが大切です。 / 彼は身を守るために、自己防衛を学び始めました。,①身体（私の身は元気です。｜我的身体很好。）,隐藏考点
繋がる,つながる,動詞,连接,繋がること / 繋がるに / 繋がるが,45,core_candidate,FALSE,この道は駅に繋がるので、便利です。 / インターネットは世界中の人々を繋がる手段です。,①连接（このケーブルはインターネットに繋がる。｜这根电缆连接到互联网。）,隐藏考点
褒める,ほめる,動詞,赞美,褒めること / 褒めるに / 褒めるが,44,core_candidate,FALSE,彼女の努力を褒めることは、モチベーションを上げるために重要です。 / 上司は私の提案を褒めてくれました。,①赞美（彼女を褒めるのは簡単です。｜赞美她很简单。）,隐藏考点
無くなる,なくなる,動詞,消失,無くなること / 無くなるに / 無くなるが,42,core_candidate,FALSE,彼の夢は、いつか消失することなく実現することです。 / その問題は、時間が経つと無くなると思います。,①消失（彼の記憶は無くなった。｜他的记忆消失了。）,隐藏考点
確か,たしか,形状詞,确,確かに / 確かが / 確かで,41,core_candidate,FALSE,確かに、彼はその仕事を終えたと言っていました。 / 確か、明日は会議があるはずです。,①确（それは確かです。｜那是确实的。）,隐藏考点
自然,しぜん,名詞,自然,自然に / 自然が / 自然で,41,core_candidate,FALSE,自然の中で過ごすことは、心をリフレッシュさせます。 / 日本には美しい自然がたくさんあります。,①自然（自然が大好きです。｜我喜欢自然。）,隐藏考点
さっ,さつ,副詞,刚,さっき / さっきまで / さっきの,40,core_candidate,FALSE,さっき、友達から電話がありました。 / さっきの会議はとても有意義でした。,①刚（さっき、友達に会った。｜刚才见到了朋友。）,隐藏考点
あの,あの,感動詞,那个,あの時 / あの人 / あの場所,39,core_candidate,FALSE,あの映画は本当に感動的でした。 / あの店のケーキはとても美味しいです。,①那个（あの映画は面白かった。｜那部电影很有趣。）,隐藏考点
済む,すむ,動詞,结束,済むこと / 済むに / 済むが,39,core_candidate,FALSE,仕事が済むまで、ここで待っていてください。 / すべての手続きが済むまで、少し時間がかかります。,①结束（仕事が済んだら、帰ります。｜工作结束后，我就回家。）,隐藏考点
読み,よみ,名詞,读,読み方 / 読みが / 読みを,39,core_candidate,FALSE,読みが苦手な本でも、挑戦することが大切です。 / 彼は日本語の読みが上手になりました。,①读（彼の読み方は独特です。｜他的读法很独特。）,隐藏考点
沢山,たくさん,副詞,很多,沢山の / 沢山で / 沢山が,38,core_candidate,FALSE,今日はたくさんの人が集まりました。 / たくさんの本を読んで、知識を増やしたいです。,①很多（沢山の人が集まった。｜很多人聚集在一起。）,隐藏考点
確り,しっかり,副詞,牢固,確りと / 確りした / 確りして,38,core_candidate,FALSE,しっかりとした計画を立てることが成功の鍵です。 / 彼はしっかりとした意見を持っています。,①牢固（彼はしっかりとした考えを持っている。｜他有着牢固的想法。）,隐藏考点
慣れる,なれる,動詞,习惯,慣れること / 慣れるに / 慣れるが,37,core_candidate,FALSE,新しい環境に慣れるのは時間がかかります。 / 彼はすぐに新しい仕事に慣れました。,①习惯（新しい環境に慣れるのは大変です。｜习惯新环境是很困难的。）,隐藏考点
親,おや,名詞,父母,親に / 親が / 親で,37,core_candidate,FALSE,親は子供の成長を見守る存在です。 / 彼の親はとても優しい人です。,①父母（親は私を支えてくれます。｜父母支持我。）,隐藏考点
言,げん,名詞,语言,言うこと / 言が / 言に,37,core_candidate,FALSE,日本語は美しい言語だと思います。 / 言葉の使い方には注意が必要です。,①语言（日本語は難しい言です。｜日语是一种难语言。）,隐藏考点
色々,いろいろ,形状詞,各种,色々な / 色々と / 色々で,36,core_candidate,FALSE,色々な文化を学ぶことは面白いです。 / 彼女は色々な趣味を持っています。,①各种（色々な料理を試してみたい。｜我想尝试各种料理。）,隐藏考点
進める,すすめる,動詞,推进,進めること / 進めるに / 進めるが,36,core_candidate,FALSE,プロジェクトを進めるために、チームで協力しましょう。 / 彼は新しいアイデアを進めることに熱心です。,①推进（プロジェクトを進める必要があります。｜需要推进项目。）,隐藏考点
受け付け,うけつけ,名詞,接受,受け付けで / 受け付けが / 受け付けに,35,core_candidate,FALSE,受付で名前を言って、入場してください。 / 受け付けは9時から始まります。,①接受（申し込みを受け付けています。｜我们正在接受申请。）,隐藏考点
立てる,たてる,動詞,立,立てること / 立てるに / 立てるが,35,core_candidate,FALSE,彼は新しい看板を立てることに決めました。 / ここにテントを立てることができます。,①立（彼は新しい計画を立てた。｜他制定了新计划。）,隐藏考点
関わる,かかわる,動詞,相关,関わること / 関わるに / 関わるが,35,core_candidate,FALSE,この問題は私たち全員に関わることです。 / 環境問題は未来に関わる重要なテーマです。,①相关（この問題は私たちに関わる。｜这个问题与我们相关。）,隐藏考点
喜び,よろこび,名詞,喜悦,喜びを / 喜びが / 喜びに,34,core_candidate,FALSE,彼女の成功を聞いて、喜びを感じました。 / 友達の結婚式は喜びに満ちていました。,①喜悦（彼女の成功は私の喜びです。｜她的成功是我的喜悦。）,隐藏考点
従う,したがう,動詞,遵循,従うこと / 従うに / 従うが,34,core_candidate,FALSE,ルールに従うことは大切です。 / 彼は上司の指示に従って行動しました。,①遵循（ルールに従うことが大切です。｜遵循规则是很重要的。）,隐藏考点
美味しい,おいしい,形容詞,美味,美味しいの / 美味しいと / 美味しいが,34,core_candidate,FALSE,この料理は本当に美味しいです。 / 彼女が作ったケーキは美味しかったです。,①美味（この料理は本当に美味しいです。｜这道菜真的很好吃。）,隐藏考点
駐輪,ちゅうりん,名詞,停车,駐輪場で / 駐輪が / 駐輪に,34,core_candidate,FALSE,駐輪場は駅の近くにあります。 / 自転車を駐輪する場所を探しています。,①停车（駐輪場はどこですか？｜停车场在哪里？）,隐藏考点
積り,つもり,名詞,意图,積りで / 積りが / 積りに,33,core_candidate,FALSE,彼は海外留学をするつもりです。 / 私の積りは、来年日本に行くことです。,①意图（彼の積りは何ですか？｜他的意图是什么？）,隐藏考点
階,かい,名詞,层,階に / 階で / 階が,33,core_candidate,FALSE,このビルは三階建てです。 / 彼は五階に住んでいます。,①层（このビルは三階建てです。｜这栋楼是三层的。）,隐藏考点
常,つね,名詞,常,常に / 常が / 常で,32,core_candidate,FALSE,常に努力することが成功につながります。 / 彼は常に前向きな考えを持っています。,①常（常に努力することが大切です。｜始终努力是很重要的。）,隐藏考点
御座る,ござる,動詞,在,御座ること / 御座るに / 御座るが,32,core_candidate,FALSE,ここには多くの人が御座います。 / 彼の家には猫が御座います。,①在（彼はここに御座います。｜他在这里。）,隐藏考点
示す,しめす,動詞,显示,示すこと / 示すに / 示すが,32,core_candidate,FALSE,彼は新しいアイデアを示すことができました。 / そのデータは重要な情報を示しています。,①显示（データを示す必要があります。｜需要显示数据。）,隐藏考点
二人,ふたり,名詞,两人,二人で / 二人が / 二人に,31,core_candidate,FALSE,二人で旅行に行く予定です。 / 彼らは二人とも日本語が上手です。,①两人（彼らは二人で旅行します。｜他们两个人一起旅行。）,隐藏考点
切っ掛け,きっかけ,名詞,机会,切っ掛けで / 切っ掛けが / 切っ掛けに,31,core_candidate,FALSE,彼との出会いが、私の人生の切っ掛けになりました。 / この本が私の興味を持つ切っ掛けでした。,①机会（このイベントは良い切っ掛けです。｜这个活动是个好机会。）,隐藏考点
捕らえる,とらえる,動詞,捕捉,捕らえること / 捕らえるに / 捕らえるが,31,core_candidate,FALSE,彼はチャンスを捕らえるのが上手です。 / その瞬間を捕らえることができました。,①捕捉（彼はチャンスを捕らえた。｜他抓住了机会。）,隐藏考点
終わる,おわる,動詞,结束,終わること / 終わるに / 終わるが,31,core_candidate,FALSE,仕事が終わるまで、頑張ります。 / 昨日の会議は早く終わりました。,①结束（会議は午後に終わります。｜会议将在下午结束。）,隐藏考点
者,もの,名詞,人,者に / 者が / 者で,31,measure_or_suffix,FALSE,彼は優れた者だと思います。 / その者は多くの人に尊敬されています。,①人（彼は素晴らしい者です。｜他是个了不起的人。）,隐藏考点
構う,かまう,動詞,关心,構うこと / 構うに / 構うが,30,core_candidate,FALSE,彼は他人のことをあまり構わないタイプです。 / 私は友達のことをよく構います。,①关心（彼は私のことを構ってくれます。｜他关心我。）,隐藏考点
続く,つづく,動詞,继续,続くこと / 続く時間 / 続く日々,30,core_candidate,FALSE,そのプロジェクトはまだ続いています。 / 彼の研究は数年続く予定です。,①继续（雨はまだ続いています。｜雨还在继续。）,隐藏考点
頭,あたま,名詞,头,頭が良い / 頭を使う / 頭に入れる,30,core_candidate,FALSE,頭を使って問題を解決しましょう。 / 彼は頭が良いので、すぐに理解しました。,①头（頭が痛いです。｜我头疼。）,隐藏考点
中々,なかなか,副詞,很,中々難しい / 中々できない / 中々面白い,29,core_candidate,FALSE,中々思うように進まないこともあります。 / 彼は中々決断できないようです。,①很（この映画は中々面白いです。｜这部电影很有趣。）,隐藏考点
全く,まったく,副詞,完全,全く違う / 全く知らない / 全く問題ない,29,core_candidate,FALSE,彼は全く新しいアイデアを持っています。 / その問題は全く解決されていません。,①完全（全く理解できません。｜我完全无法理解。）,隐藏考点
塵,ごみ,名詞,垃圾,塵を捨てる / 塵が出る / 塵が溜まる,29,core_candidate,FALSE,ごみを捨てる場所が分からない。 / 家の周りにごみがたくさんある。,①垃圾（この塵は捨ててください。｜请把这些垃圾扔掉。）,隐藏考点
殆ど,ほとんど,名詞,几乎,殆どの人 / 殆どの場合 / 殆ど終わった,29,core_candidate,FALSE,ほとんどの学生が試験に合格した。 / ほとんど毎日運動しています。,①几乎（彼は殆ど毎日来ます。｜他几乎每天都来。）,隐藏考点
漢字,かんじ,名詞,汉字,漢字を覚える / 漢字が難しい / 漢字を書く,29,core_candidate,FALSE,漢字を覚えるのは難しい。 / 漢字の書き方を教えてください。,①汉字（漢字は難しいです。｜汉字很难。）,隐藏考点
当たり前,あたりまえ,形状詞,理所当然,当たり前のこと / 当たり前になる / 当たり前だ,28,core_candidate,FALSE,それは当たり前のことだと思います。 / 友達を助けるのは当たり前です。,①理所当然（それは当たり前のことです。｜那是理所当然的事。）,隐藏考点
当たる,あたる,動詞,碰,当たる確率 / 当たる場所 / 当たる時期,28,core_candidate,FALSE,ボールが壁に当たった。 / 彼の意見が正しいと思う。,①碰（壁に当たりました。｜我碰到了墙。）,隐藏考点
玩具,おもちゃ,名詞,玩具,玩具を買う / 玩具で遊ぶ / 玩具が好き,28,core_candidate,FALSE,子供たちは新しいおもちゃで遊んでいる。 / おもちゃを片付けるのを手伝ってください。,①玩具（子供はおもちゃで遊んでいます。｜孩子们在玩玩具。）,隐藏考点
纏める,まとめる,動詞,整理,纏めること / 纏める時間 / 纏める資料,28,core_candidate,FALSE,書類をまとめるのに時間がかかる。 / 彼は情報をまとめるのが得意だ。,①整理（書類を纏める必要があります。｜需要整理文件。）,隐藏考点
間違う,まちがう,動詞,错,間違うこと / 間違う可能性 / 間違う人,28,core_candidate,FALSE,彼は間違うことが多い。 / 私も時々間違うことがあります。,①错（間違うことは誰にでもあります。｜犯错是每个人都会发生的事。）,隐藏考点
共,とも,名詞,共同,共に行く / 共に考える / 共に楽しむ,27,core_candidate,FALSE,彼と共にプロジェクトを進めています。 / 共に頑張りましょう。,①共同（私たちは共に働いています。｜我们共同工作。）,隐藏考点
直す,なおす,動詞,修理,直すこと / 直す時間 / 直す必要,27,core_candidate,FALSE,自転車を直すのは簡単です。 / 壊れた時計を直してもらいました。,①修理（車を直す必要があります。｜需要修理汽车。）,隐藏考点
紙,かみ,名詞,纸,紙を使う / 紙が必要 / 紙に書く,27,measure_or_suffix,FALSE,この紙はとても薄い。 / 重要な書類は紙に印刷してください。,①纸（この紙はとても薄いです。｜这张纸很薄。）,隐藏考点
仕様,しょう,名詞,方式,仕様が変わる / 仕様を確認する / 仕様書を読む,26,core_candidate,FALSE,その仕様は少し複雑です。 / 新しい仕様書を確認しましたか？,①方式（この仕様は新しいです。｜这个方式是新的。）,隐藏考点
四,よん,名詞,四,四つの / 四人の / 四回目,26,core_candidate,FALSE,四人で旅行に行く予定です。 / 四つの選択肢から選んでください。,①四（四は偶数です。｜四是偶数。）,隐藏考点
既に,すでに,副詞,已经,既に終わった / 既に知っている / 既に行った,26,core_candidate,FALSE,彼は既に帰宅しました。 / 既にその問題は解決しました。,①已经（彼は既に出発しました。｜他已经出发了。）,隐藏考点
更に,さらに,副詞,更,更に詳しく / 更に良い / 更に大きい,26,core_candidate,FALSE,さらに詳しい情報が必要です。 / さらに良いアイデアを考えましょう。,①更（更に詳しい情報が必要です。｜需要更详细的信息。）,隐藏考点
箇月,かげつ,名詞,个月,箇月後 / 箇月間 / 箇月前,26,core_candidate,FALSE,彼は二箇月間日本に滞在しました。 / このプロジェクトは三箇月かかります。,①个月（三箇月後に会いましょう。｜三个月后见。）,隐藏考点
諦める,あきらめる,動詞,放弃,諦めること / 諦める必要 / 諦める気持ち,26,core_candidate,FALSE,失敗しても諦めないでください。 / 彼は夢を諦めないと言っていました。,①放弃（彼は諦めることができません。｜他无法放弃。）,隐藏考点
彼の,あの,連体詞,他的,彼の意見 / 彼の家 / 彼の友達,25,core_candidate,FALSE,彼の意見はとても参考になります。 / 彼の本を読んでみてください。,①他的（彼の意見は重要です。｜他的意见很重要。）,隐藏考点
生ずる,しょうずる,動詞,产生,生ずる問題 / 生ずる影響 / 生ずる結果,25,core_candidate,FALSE,新しいアイデアが生ずることを期待しています。 / 問題が生ずる前に対策を考えましょう。,①产生（新しい問題が生ずるかもしれません。｜可能会产生新问题。）,隐藏考点
勿論,もちろん,副詞,当然,勿論可能 / 勿論そうだ / 勿論大丈夫,24,core_candidate,FALSE,勿論、参加します。 / それは勿論、重要なことです。,①当然（勿論、参加します。｜当然，我会参加。）,隐藏考点
奇麗,きれい,形状詞,美丽,奇麗な花 / 奇麗な景色 / 奇麗な声,24,core_candidate,FALSE,この花はとても奇麗です。 / 彼女は奇麗なドレスを着ている。,①美丽（この花は奇麗です。｜这朵花很美丽。）,隐藏考点
宜しく,よろしく,副詞,请,宜しくお願いします / 宜しく頼む / 宜しくお伝えください,24,core_candidate,FALSE,宜しくお願いします。 / これからも宜しくね。,①请（宜しくお願いします。｜请多关照。）,隐藏考点
寧ろ,むしろ,副詞,宁可,寧ろ好き / 寧ろ行く / 寧ろやる,24,core_candidate,FALSE,寧ろ家で過ごしたいです。 / 寧ろ彼に頼んだ方がいい。,①宁可（寧ろ家にいたいです。｜我宁可待在家里。）,隐藏考点
引く,ひく,動詞,拉,引く力 / 引く音 / 引くこと,24,core_candidate,FALSE,ドアを引いてください。 / 彼は私の手を引いてくれた。,①拉（ドアを引いてください。｜请拉门。）,隐藏考点
特に,とくに,副詞,特别,特に重要 / 特に好き / 特に面白い,24,core_candidate,FALSE,特にこの料理が好きです。 / 特に彼の意見に賛成です。,①特别（特にこの料理が好きです。｜我特别喜欢这道菜。）,隐藏考点
はい,はい,感動詞,是,はい、そうです / はい、分かりました / はい、お願いします,23,core_candidate,FALSE,はい、分かりました。 / はい、行きましょう。,①是（はい、そうです。｜是的，没错。）,隐藏考点
歌う,うたう,動詞,唱,歌うこと / 歌うのが好き / 歌う場面,23,core_candidate,FALSE,彼は歌うのが上手です。 / みんなで歌うのは楽しいです。,①唱（彼女は歌うのが上手です。｜她唱得很好。）,隐藏考点
皺,しわ,名詞,皱,皺ができる / 皺を伸ばす / 皺がある,23,core_candidate,FALSE,皺が増えてきた気がします。 / その服には皺がついています。,①皱（このシャツに皺があります。｜这件衬衫有皱纹。）,隐藏考点
恣意,しい,名詞,任意,恣意的な行動 / 恣意的に決める / 恣意的な判断,22,core_candidate,FALSE,恣意的な行動は避けるべきです。 / 彼の恣意は理解できません。,①任意（恣意に選んでください。｜请随意选择。）,隐藏考点
素晴らしい,すばらしい,形容詞,极好,素晴らしい景色 / 素晴らしい経験 / 素晴らしい人,22,core_candidate,FALSE,この映画は素晴らしいです。 / 彼女の演技は素晴らしいと思います。,①极好（この映画は素晴らしいです。｜这部电影极好。）,隐藏考点
九,く,名詞,九,九つの / 九人の / 九回目,21,core_candidate,FALSE,九時に会いましょう。 / 九つの問題を解決しました。,①九（九は奇数です。｜九是奇数。）,隐藏考点
出来事,できごと,名詞,事件,出来事がある / 出来事を話す / 出来事を知る,21,core_candidate,FALSE,その出来事は忘れられない。 / 最近の出来事について話しましょう。,①事件（その出来事は衝撃的でした。｜那个事件令人震惊。）,隐藏考点
暮らす,くらす,動詞,生活,暮らす場所 / 暮らすのが楽しい / 暮らす時間,21,core_candidate,FALSE,彼は東京で暮らしています。 / 田舎での暮らしは楽しいです。,①生活（彼は東京で暮らしています。｜他在东京生活。）,隐藏考点
板,いた,名詞,板,板を使う / 板が必要 / 板に書く,21,core_candidate,FALSE,板を使って棚を作ります。 / この板はとても丈夫です。,①板（この板は重いです。｜这块板很重。）,隐藏考点
果たす,はたす,動詞,实现,果たす役割 / 果たすべきこと / 果たす目標,21,core_candidate,FALSE,目標を果たすために努力します。 / 彼は約束を果たしました。,①实现（夢を果たすために努力します。｜为了实现梦想而努力。）,隐藏考点
猫,ねこ,名詞,猫,猫が好き / 猫を飼う / 猫がいる,21,core_candidate,FALSE,猫が好きですか？ / 彼女は猫を飼っています。,①猫（彼女は猫が好きです。｜她喜欢猫。）,隐藏考点
若し,もし,副詞,如果,若し可能なら / 若し行けるなら / 若し時間があれば,21,core_candidate,FALSE,若し時間があれば、手伝います。 / 若し彼が来たら、教えてください。,①如果（若し雨が降ったら、行きません。｜如果下雨，我就不去。）,隐藏考点
返る,かえる,動詞,返回,返る時間 / 返る場所 / 返ること,21,core_candidate,FALSE,彼はすぐに家に返るつもりです。 / 旅行から返るのが楽しみです。,①返回（家に返ります。｜我回家。）,隐藏考点
味わう,あじわう,動詞,品味,味わうこと / 味わう瞬間 / 味わう経験,20,core_candidate,FALSE,この料理を味わってみてください。 / 彼はワインを味わうのが好きです。,①品味（この料理を味わってみてください。｜请品尝这道菜。）,隐藏考点
嬉しい,うれしい,形容詞,高兴,嬉しいこと / 嬉しい瞬間 / 嬉しい知らせ,20,core_candidate,FALSE,今日はとても嬉しい日です。 / 彼からの連絡があって嬉しい。,①高兴（嬉しいニュースが届きました。｜收到了令人高兴的消息。）,隐藏考点
幾ら,いくら,名詞,多少,幾らかかる / 幾らでもいい / 幾らの値段,20,core_candidate,FALSE,これは幾らですか？ / あの店の服は幾らぐらいしますか？,①いくらですか？（いくらですか？｜多少钱？）,隐藏考点
店員,てんいん,名詞,店员,店員がいる / 店員に聞く / 店員が対応する,20,core_candidate,FALSE,店員に聞いてみてください。 / 店員が親切に対応してくれました。,①店員が親切でした。（てんいんがしんせつでした。｜店员很亲切。）,隐藏考点
或いは,あるいは,接続詞,或者,或いは行く / 或いは考える / 或いは選ぶ,20,core_candidate,FALSE,コーヒー、或いは紅茶を飲みますか？ / 映画を見に行くか、或いは家で過ごすか迷っています。,①コーヒー、或いは紅茶を飲みます。（コーヒー、あるいはこうちゃをのみます。｜我喝咖啡或者红茶。）,隐藏考点
押さえる,おさえる,動詞,抑制,押さえること / 押さえる力 / 押さえる必要,20,core_candidate,FALSE,感情を押さえるのは難しいです。 / 彼は声を押さえて話しました。,①感情を押さえるのは難しい。（かんじょうをおさえるのはむずかしい。｜抑制情感是困难的。）,隐藏考点
普段,ふだん,名詞,平常,普段の生活 / 普段はこうする / 普段の行動,20,core_candidate,FALSE,普段は早起きですが、今日は寝坊しました。 / 普段は運動をしていますが、今日はサボりました。,①普段は家で過ごします。（ふだんはいえですごします。｜平常我在家里度过。）,隐藏考点
有り難う,ありがとう,感動詞,谢谢,有り難うございます / 有り難うございました / 有り難うの気持ち,20,core_candidate,FALSE,手伝ってくれて、有り難う！ / 彼女に有り難うと言いたいです。,①有り難うございます。（ありがとうごさいます。｜谢谢您。）,隐藏考点
然も,しかも,接続詞,而且,然も大切 / 然も重要 / 然も面白い,20,core_candidate,FALSE,彼は優秀な学生で、然もスポーツも得意です。 / その映画は面白い、然も感動的でした。,①彼は優秀で、然も努力家です。（かれはゆうしゅうで、しかもどりょくかです。｜他很优秀，而且是个努力的人。）,隐藏考点
父,ちち,名詞,父亲,父がいる / 父に聞く / 父のこと,20,core_candidate,FALSE,私の父は毎日仕事に行きます。 / 父は料理が得意です。,①父は毎日働いています。（ちちはまいにちはたらいています。｜父亲每天都在工作。）,隐藏考点
種,しゅ,名詞,种,種を植える / 種が必要 / 種を選ぶ,20,core_candidate,FALSE,この花の種を植えました。 / いろいろな種類の種を集めています。,①この種の花は美しいです。（このしゅのはなはうつくしいです。｜这种花很美。）,隐藏考点
空,そら,名詞,天空,空が青い / 空を見上げる / 空が広い,20,core_candidate,FALSE,空が青いですね。 / 今日は空に雲が一つもありません。,①空は青いです。（そらはあおいです。｜天空是蓝色的。）,隐藏考点
葉書,はがき,名詞,明信片,葉書を書く / 葉書を送る / 葉書が届く,20,core_candidate,FALSE,友達に葉書を送りました。 / 旅行先から葉書を出すのが好きです。,①葉書を送ります。（はがきをおくります。｜我会寄明信片。）,隐藏考点
越える,こえる,動詞,超过,越える壁 / 越えること / 越える時間,20,core_candidate,FALSE,山を越えると、美しい景色が広がります。 / 彼は自分の限界を越えようとしています。,①山を越えるのは大変です。（やまをこえるのはたいへんです。｜翻越山脉很困难。）,隐藏考点
一寸,ちょっと,副詞,一点,一寸待って / 一寸だけ / 一寸の差,19,core_candidate,FALSE,一寸待ってください。 / 一寸だけお話ししましょう。,①一寸待ってください。（ちょっとまってください。｜请稍等一下。）,隐藏考点
匂い,におい,名詞,气味,匂いがする / 匂いを嗅ぐ / 匂いが強い,19,core_candidate,FALSE,この花の匂いが好きです。 / 彼女の香水の匂いが気に入りました。,①花の匂いがします。（はなのにおいがします。｜有花香的气味。）,隐藏考点
遣る気,やるき,名詞,干劲,遣る気が出る / 遣る気を出す / 遣る気がない,19,core_candidate,FALSE,仕事に遣る気が出ない時があります。 / 彼はいつも遣る気に満ちています。,①彼は遣る気に満ちています。（かれはやるきにみちています。｜他充满了干劲。）,隐藏考点
可成,かなり,副詞,相当,可成に良い / 可成に大きい / 可成に難しい,18,core_candidate,FALSE,その問題は可成難しいです。 / 彼女は可成優秀な学生です。,①この仕事は可成難しいです。（このしごとはかなりむずかしいです。｜这项工作相当困难。）,隐藏考点
嘘,うそ,名詞,谎言,嘘をつく / 嘘がばれる / 嘘に騙される,18,core_candidate,FALSE,嘘をつくのは良くないです。 / 彼の話は嘘だと思います。,①彼の言葉は嘘でした。（かれのことばはうそでした。｜他的话是谎言。）,隐藏考点
寿司,すし,名詞,寿司,寿司を食べる / 寿司が好き / 寿司屋に行く,18,core_candidate,FALSE,寿司が大好きです。 / 昨日、友達と寿司を食べに行きました。,①寿司が大好きです。（すしがだいすきです。｜我非常喜欢寿司。）,隐藏考点
怪我,けが,名詞,受伤,怪我をする / 怪我が治る / 怪我に気をつける,18,core_candidate,FALSE,彼は怪我をして、病院に行きました。 / 怪我をした時は、すぐに手当てが必要です。,①怪我をしたら、病院に行きます。（けがをしたら、びょういんにいきます。｜如果受伤了，就去医院。）,隐藏考点
無くす,なくす,動詞,丢失,無くすもの / 無くす心配 / 無くす可能性,18,core_candidate,FALSE,大事な書類を無くしてしまいました。 / 彼は財布を無くして困っています。,①鍵を無くしてしまいました。（かぎをなくしてしまいました。｜我把钥匙丢了。）,隐藏考点
無し,なし,名詞,无,無しにする / 無しでは済まない / 無しの状態,18,core_candidate,FALSE,無しで大丈夫です。 / その問題には無しの選択肢があります。,①無しで進めることはできません。（なしですすめることはできません。｜没有它是无法进行的。）,隐藏考点
現われる,あらわれる,動詞,出现,現われる場所 / 現われる可能性 / 現われる時期,18,core_candidate,FALSE,彼の顔に笑顔が現われました。 / 新しいアイデアが現われた瞬間です。,①新しいアイデアが現われました。（あたらしいアイデアがあらわれました。｜出现了新的想法。）,隐藏考点
詰まる,つまる,動詞,堵塞,詰まるところ / 詰まる原因 / 詰まることがある,18,core_candidate,FALSE,道が詰まっていて、進めません。 / 彼の話は詰まっていて、理解できませんでした。,①道が詰まっています。（みちがつまっています。｜路堵塞了。）,隐藏考点
辺,へん,名詞,边,辺に住む / 辺が変わる / 辺を歩く,18,core_candidate,FALSE,この辺は静かでいいですね。 / その辺に美味しいレストランがあります。,①この辺は静かです。（このへんはしずかです。｜这一带很安静。）,隐藏考点
風,かぜ,名詞,风,風が吹く / 風に当たる / 風が強い,18,core_candidate,FALSE,風が強くなってきました。 / 今日は風が心地よいです。,①風が強く吹いています。（かぜがつよくふいています。｜风刮得很大。）,隐藏考点
仮令,たとえ,副詞,即使,仮令にしても / 仮令の話 / 仮令の状況,17,core_candidate,FALSE,仮令、失敗しても大丈夫です。 / 仮令、雨が降っても行きます。,①仮令雨が降っても行きます。（たとえあめがふってもいきます。｜即使下雨我也会去。）,隐藏考点
出掛ける,でかける,動詞,外出,出掛ける時間 / 出掛ける準備 / 出掛ける予定,17,core_candidate,FALSE,明日、友達と出掛ける予定です。 / 彼女は買い物に出掛けました。,①明日、出掛ける予定です。（あした、でかけるよていです。｜我计划明天外出。）,隐藏考点
局,きょく,名詞,局,局がある / 局に行く / 局で働く,17,core_candidate,FALSE,その局で新しい番組が始まります。 / 彼は局の仕事をしています。,①郵便局に行きます。（ゆうびんきょくにいきます。｜我去邮局。）,隐藏考点
幾,いく,名詞,多少,幾つかの / 幾らかの / 幾度も,17,core_candidate,FALSE,幾つの国を訪れましたか？ / 幾らかの問題が残っています。,①幾つのリンゴがありますか？（いくつのリンゴがありますか？｜有多少个苹果？）,隐藏考点
御陰,おかげ,名詞,多亏,御陰で助かる / 御陰に感謝 / 御陰で成功する,17,core_candidate,FALSE,御陰で無事に帰れました。 / あなたのおかげで助かりました。,①御陰で元気です。（おかげでげんきです。｜多亏了你我很好。）,隐藏考点
本人,ほんにん,名詞,本人,本人が来る / 本人に確認する / 本人の意見,17,core_candidate,FALSE,本人が来るまで待ちましょう。 / 本人の意見を聞くことが大切です。,①本人が来ました。（ほんにんがきました。｜本人来了。）,隐藏考点
段々,だんだん,副詞,渐渐,段々と増える / 段々と変わる / 段々と慣れる,17,core_candidate,FALSE,彼の日本語は段々上手になっています。 / 段々寒くなってきましたね。,①段々寒くなってきました。（だんだんさむくなってきました。｜渐渐变冷了。）,隐藏考点
見付かる,みつかる,動詞,被找到,見付かるまで / 見付かること / 見付かる可能性,17,core_candidate,FALSE,彼の鍵が見付かりました。 / その本は図書館で見付かるでしょう。,①彼の本が見付かりました。（かれのほんがみつかりました。｜他的书被找到了。）,隐藏考点
高める,たかめる,動詞,提高,高める努力 / 高めるために / 高める方法,17,core_candidate,FALSE,スキルを高めるために勉強しています。 / 彼は自分の能力を高めたいと思っています。,①スキルを高めるために勉強します。（スキルをたかめるためにべんきょうします。｜为了提高技能我会学习。）,隐藏考点
ださい,ださい,形容詞,土气,ださい服 / ださいデザイン / ださい色,16,core_candidate,FALSE,その服はちょっとださいですね。 / ださいと思われたくないです。,①その服はださいです。（そのふくはださいです。｜那件衣服很土气。）,隐藏考点
上る,のぼる,動詞,上升,上る階段 / 上る速度 / 上ることができる,16,core_candidate,FALSE,物価が上る一方です。 / 彼の成績は上っています。,①気温が上ると、暑くなります。（きおんがのぼると、あつくなります。｜气温上升时会变热。）,隐藏考点
五,ご,名詞,五,五つの / 五人の / 五回目の,16,core_candidate,FALSE,五人で旅行に行きます。 / 五つの理由があります。,①五つのリンゴを買いました。（いつつのリンゴをかいました。｜我买了五个苹果。）,隐藏考点
子犬,こいぬ,名詞,小狗,子犬が遊ぶ / 子犬を飼う / 子犬が吠える,16,core_candidate,FALSE,子犬が公園で遊んでいます。 / 彼女は子犬を飼っています。,①子犬が遊んでいます。（こいぬがあそんでいます。｜小狗在玩耍。）,隐藏考点
御覧,ごらん,名詞,观看,御覧になる / 御覧の通り / 御覧のように,16,core_candidate,FALSE,この映画を御覧になりましたか？ / 御覧の通り、素晴らしい景色です。,①御覧ください。（ごらんください。｜请看。）,隐藏考点
是非,ぜひ,副詞,一定,是非とも行く / 是非の機会 / 是非とも参加する,16,core_candidate,FALSE,是非、参加してください。 / 是非、また会いましょう。,①是非来てください。（ぜひきてください。｜一定要来。）,隐藏考点
曖昧,あいまい,形状詞,模糊,曖昧な表現 / 曖昧な関係 / 曖昧な答え,16,core_candidate,FALSE,曖昧な返事をされたので、彼の気持ちが分からなかった。 / その説明は曖昧で、理解しにくかった。,①その説明は曖昧です。（そのせつめいはあいまいです。｜那个解释很模糊。）,隐藏考点
栄養,えいよう,名詞,营养,栄養が必要 / 栄養を摂る / 栄養が豊富,16,core_candidate,FALSE,健康のために、毎日栄養のある食事を心がけている。 / このサプリメントは栄養が豊富で、体に良い。,①栄養が大切です。（えいようがたいせつです。｜营养很重要。）,隐藏考点
欠かす,かかす,動詞,缺少,欠かすことができない / 欠かすと困る / 欠かす理由,16,core_candidate,FALSE,毎日運動をしないと、健康を欠かすことになる。 / 仕事が忙しくても、休息を欠かすべきではない。,①水分を欠かさないようにしましょう。（すいぶんをかかさないようにしましょう。｜要注意不要缺水。）,隐藏考点
矢張り,やはり,副詞,果然,矢張りそうだ / 矢張り行く / 矢張り正しい,16,core_candidate,FALSE,やはり彼は約束を守らなかった。 / 彼女はやはりその映画が好きだと言っていた。,①彼は矢張り優秀です。（かれはやはりゆうしゅうです。｜他果然很优秀。）,隐藏考点
経つ,たつ,動詞,经过,経つ時間 / 経つにつれて / 経つことがある,16,core_candidate,FALSE,もう一ヶ月が経つと、春が来る。 / 彼とは長い時間が経って、久しぶりに会った。,①時間が経つのは早いです。（じかんがたつのははやいです。｜时间过得真快。）,隐藏考点
扱う,あつかう,動詞,处理,扱う商品 / 扱う方法 / 扱う際に,15,core_candidate,FALSE,この問題をどう扱うか、みんなで考えましょう。 / お客様の要望を丁寧に扱うことが大切です。,①处理（この問題をどう扱うか考えています。｜我在考虑如何处理这个问题。）,隐藏考点
抑,そもそも,名詞,本来,抑が必要 / 抑が重要 / 抑が本来,15,core_candidate,FALSE,そもそも、なぜこのプロジェクトが始まったのか知っていますか？ / そもそも、彼の意見には賛成できない。,①本来（彼はそもそも来る予定ではなかった。｜他本来不打算来。）,隐藏考点
掴む,つかむ,動詞,抓住,掴むチャンス / 掴むことができる / 掴む瞬間,15,core_candidate,FALSE,彼はチャンスを掴むために、一生懸命努力している。 / その瞬間、彼女は夢を掴むことができた。,①抓住（彼はチャンスを掴むことができた。｜他抓住了机会。）,隐藏考点
揃う,そろう,動詞,齐全,揃うまで / 揃うことが大切 / 揃うように,15,core_candidate,FALSE,みんなが揃うまで、会議を始められない。 / このイベントには、参加者が揃うことが重要です。,①齐全（必要な道具が揃った。｜所需的工具齐全了。）,隐藏考点
暫く,しばらく,副詞,暂时,暫く待つ / 暫くの間 / 暫くしてから,15,core_candidate,FALSE,暫くの間、静かにしていてください。 / 暫く待ってから、再度お試しください。,①暂时（しばらくお待ちください。｜请稍等一下。）,隐藏考点
沸く,わく,動詞,沸腾,沸くお湯 / 沸く音 / 沸くことがある,15,core_candidate,FALSE,お湯が沸くまで、少し待ってください。 / その話を聞いて、心が沸くような気持ちになった。,①沸腾（お湯が沸いてきた。｜水开始沸腾了。）,隐藏考点
減らす,へらす,動詞,减少,減らす努力 / 減らす方法 / 減らすことができる,15,core_candidate,FALSE,無駄な出費を減らすために、計画を立てる必要がある。 / 健康のために、甘いものを減らすことにした。,①减少（無駄を減らす努力をしています。｜我在努力减少浪费。）,隐藏考点
直る,なおる,動詞,修好,直るまで / 直ること / 直る可能性,15,core_candidate,FALSE,彼のパソコンは修理に出したら、すぐに直った。 / この問題は簡単に直ると思います。,①修好（この機械はすぐに直るでしょう。｜这台机器很快就能修好。）,隐藏考点
表わす,あらわす,動詞,表达,表わす気持ち / 表わす方法 / 表わすことができる,15,core_candidate,FALSE,彼は自分の気持ちを素直に表わすことができない。 / その絵は彼の感情をよく表わしている。,①表达（彼は気持ちを上手に表わす。｜他能很好地表达自己的感情。）,隐藏考点
読み取る,よみとる,動詞,读取,読み取る力 / 読み取ること / 読み取るために,15,core_candidate,FALSE,彼の言葉を読み取るのは難しい。 / このデータを読み取るには、特別なソフトが必要です。,①读取（データを読み取るのが難しい。｜读取数据很困难。）,隐藏考点
質,しつ,名詞,质,質が高い / 質を求める / 質が重要,15,core_candidate,FALSE,この商品の質はとても高いと評判です。 / 質の良い材料を使っているので、長持ちします。,①质（この製品の質は高い。｜这个产品的质量很高。）,隐藏考点
遅れる,おくれる,動詞,延迟,遅れる理由 / 遅れること / 遅れる可能性,15,core_candidate,FALSE,交通渋滞で遅れるかもしれません。 / 彼は約束の時間に遅れることが多い。,①延迟（電車が遅れている。｜电车延迟了。）,隐藏考点
運,うん,名詞,运气,運が良い / 運を信じる / 運が悪い,15,core_candidate,FALSE,今日は運が良かったので、宝くじが当たった。 / 彼女は運が悪いといつも言っている。,①运气（彼は運がいい。｜他的运气很好。）,隐藏考点
鳥,とり,名詞,鸟,鳥が飛ぶ / 鳥の声 / 鳥を見る,15,core_candidate,FALSE,公園でたくさんの鳥が飛んでいるのを見た。 / 鳥の鳴き声が心地よくて、リラックスできた。,①鸟（公園で鳥を見かけた。｜在公园里看到了鸟。）,隐藏考点
うん,うん,感動詞,嗯,うん、そうだ / うん、分かる / うん、いいよ,14,core_candidate,FALSE,うん、分かった。 / うん、もう一度説明してくれる？,①嗯（うん、そう思う。｜嗯，我也这么认为。）,隐藏考点
ねえ,ねえ,感動詞,嘿,ねえ、聞いて / ねえ、どうする / ねえ、待って,14,core_candidate,FALSE,ねえ、今何してるの？ / ねえ、ちょっと手伝ってくれない？,①嘿（ねえ、ちょっと聞いて。｜嘿，听我说一下。）,隐藏考点
一体,いったい,副詞,究竟,一体何が / 一体どうする / 一体いつまで,14,core_candidate,FALSE,一体、何が起こったのか教えてください。 / 一体どうしてそんなことを言ったのか、理解できない。,①究竟（一体何が起こったの？｜究竟发生了什么？）,隐藏考点
仮,かり,名詞,临时,仮の名前 / 仮の状態 / 仮の計画,14,core_candidate,FALSE,仮の計画を立てて、後で修正するつもりです。 / 仮の宿題を出しておくので、後で確認してください。,①临时（仮の計画を立てた。｜制定了临时计划。）,隐藏考点
但し,ただし,接続詞,不过,但し注意 / 但し条件 / 但し例外,14,core_candidate,FALSE,今日は忙しいですが、但し明日は空いています。 / その件については、但し注意が必要です。,①不过（この本は面白い。ただし、少し難しい。｜这本书很有趣，不过有点难。）,隐藏考点
十,じゅう,名詞,十,十人の / 十回目の / 十分な,14,core_candidate,FALSE,十人のチームでプロジェクトを進めています。 / 彼は十回も挑戦して、やっと成功した。,①十（彼は十歳です。｜他十岁了。）,隐藏考点
参る,まいる,動詞,来,参ることができる / 参る予定 / 参る理由,14,core_candidate,FALSE,明日、友達と一緒に参ります。 / 彼は毎週末、家族と一緒に参ることにしている。,①来（明日、参ります。｜明天我会来。）,隐藏考点
古里,ふるさと,名詞,故乡,古里に帰る / 古里が懐かしい / 古里の思い出,14,core_candidate,FALSE,私の古里は山に囲まれた静かな場所です。 / 古里の風景を思い出すと、心が温かくなる。,①故乡（私の古里は美しい場所です。｜我的故乡是个美丽的地方。）,隐藏考点
可笑しい,おかしく,形容詞,可笑,可笑しい話 / 可笑しいこと / 可笑しい表情,14,core_candidate,FALSE,その話は可笑しくて、みんな笑ってしまった。 / 彼の可笑しいジョークに、場が和んだ。,①可笑（その話は可笑しい。｜那个故事很可笑。）,隐藏考点
土曜,どよう,名詞,星期六,土曜の夜 / 土曜に行く / 土曜の予定,14,core_candidate,FALSE,土曜は友達と遊ぶ予定です。 / 土曜の夜は、家で映画を観るつもりです。,①星期六（土曜に友達と会う。｜星期六我会见朋友。）,隐藏考点
夫,おっと,名詞,丈夫,夫と一緒に / 夫が好き / 夫に頼む,14,core_candidate,FALSE,夫と一緒に旅行に行くのが楽しみです。 / 彼女は夫のことをとても大切に思っている。,①丈夫（彼は私の夫です。｜他是我的丈夫。）,隐藏考点
張る,はる,動詞,张开,張る力 / 張ることができる / 張る音,14,core_candidate,FALSE,風船を張ると、部屋が明るくなった。 / 彼は大きな夢を張ることが大切だと言った。,①张开（彼は傘を張った。｜他撑开了伞。）,隐藏考点
慌てる,あわてる,動詞,慌张,慌てる理由 / 慌てること / 慌てる必要,14,core_candidate,FALSE,彼女は急に慌てて、何をすればいいか分からなかった。 / 慌てることなく、冷静に対処しましょう。,①慌张（彼女は慌てて家を出た。｜她慌忙出门。）,隐藏考点
折角,せっかく,副詞,特意,折角の機会 / 折角の努力 / 折角の時間,14,core_candidate,FALSE,せっかくのチャンスだから、逃さないようにしよう。 / せっかく来てくれたのに、何も用意していなかった。,①特意（折角来たのに、会えなかった。｜特意来了，却没见到。）,隐藏考点
間違える,まちがえる,動詞,错误,間違えることがある / 間違える理由 / 間違える可能性,14,core_candidate,FALSE,彼はいつも間違えるので、注意が必要です。 / この問題を間違えると、点数が下がる。,①错误（私は間違えてその道を選んだ。｜我错误地选择了那条路。）,隐藏考点
みたい,みたい,形状詞,像,みたいな感じ / みたいにする / みたいなこと,13,core_candidate,FALSE,彼女はまるでモデルみたいに美しい。 / この料理は、まるでレストランみたいに美味しい。,①像（彼女は天使みたいだ。｜她像天使一样。）,隐藏考点
カメラ,かめら,名詞,相机,カメラを持つ / カメラで撮る / カメラが好き,13,core_candidate,FALSE,新しいカメラを買ったので、旅行に持って行くつもりです。 / 彼はカメラを使って、素晴らしい写真を撮った。,①相机（新しいカメラを買った。｜我买了新相机。）,隐藏考点
シニア,しにあ,名詞,老年,シニアに / シニアが / シニアの,13,core_candidate,FALSE,シニア向けのイベントが、来週開催される。 / シニアの方々が集まる場所は、いつも賑やかです。,①老年（シニア向けのプログラムがあります。｜有针对老年人的项目。）,隐藏考点
収穫,しゅうかく,名詞,收获,収穫を / 収穫が / 収穫の,13,core_candidate,FALSE,今年の収穫は例年よりも良かった。 / 収穫の時期が近づいてきたので、準備を始める。,①收获（今年の収穫は良かった。｜今年的收成很好。）,隐藏考点
各位,かくい,名詞,各位,各位に / 各位が / 各位の,13,core_candidate,FALSE,各位、会議の時間が変更になりましたのでご注意ください。 / 各位にお知らせがありますので、聞いてください。,①各位（各位、よろしくお願いします。｜各位，请多关照。）,隐藏考点
座,ざ,名詞,座位,座に / 座が / 座を,13,core_candidate,FALSE,この座は私の席ですか？ / みんなが座っているので、空いている座を探すのが大変です。,①座位（ここに座ってもいいですか？｜我可以坐在这里吗？）,隐藏考点
引っ越し,ひっこし,名詞,搬家,引っ越しを / 引っ越しが / 引っ越しの,13,core_candidate,FALSE,引っ越しの準備はもう終わりましたか？ / 来月、引っ越しをする予定です。,①搬家（引っ越しの準備をしています。｜我在准备搬家。）,隐藏考点
抜く,ぬく,動詞,抽出,抜くを / 抜くが / 抜くで,13,core_candidate,FALSE,この木から果物を抜くのは難しいです。 / 彼は自分の意見を抜いて話しました。,①抽出（必要な情報を抜く。｜提取必要的信息。）,隐藏考点
桜,さくら,名詞,樱花,桜が / 桜の / 桜を,13,core_candidate,FALSE,桜の季節が待ち遠しいです。 / 公園で桜を見ながらピクニックをしました。,①樱花（春には桜が咲く。｜春天樱花盛开。）,隐藏考点
煩い,うるさい,形容詞,吵闹,煩いが / 煩いの / 煩いで,13,core_candidate,FALSE,その音楽はちょっと煩いですね。 / 煩い犬が近所に住んでいます。,①吵闹（その音はうるさい。｜那个声音很吵。）,隐藏考点
真,しん,名詞,真相,真を / 真が / 真の,13,core_candidate,FALSE,真実を知ることは大切です。 / 彼は真を求めて旅に出ました。,①真相（真実を知りたい。｜我想知道真相。）,隐藏考点
破れる,やぶれる,動詞,破裂,破れるが / 破れるの / 破れるで,13,core_candidate,FALSE,この紙は簡単に破れるので注意してください。 / 風でビニール袋が破れました。,①破裂（風船が破れた。｜气球破了。）,隐藏考点
空く,あく,動詞,空闲,空くが / 空くの / 空くで,13,core_candidate,FALSE,明日は空く時間がありますか？ / 彼のスケジュールはいつも空いています。,①空闲（時間が空いている。｜有空闲时间。）,隐藏考点
酷い,ひどく,形容詞,可怕,酷いの / 酷いで / 酷いが,13,core_candidate,FALSE,その事故は本当に酷いものでした。 / 酷い天気で外に出られませんでした。,①可怕（その映画はひどく怖かった。｜那部电影非常可怕。）,隐藏考点
さっき,さっき,名詞,刚才,さっきに / さっきが / さっきの,12,core_candidate,FALSE,さっき友達と電話で話しました。 / さっきの会議はとても有意義でした。,①刚才（さっき、友達に会った。｜刚才见到了朋友。）,隐藏考点
びっ,び,副詞,突然,びっと / びっが / びっで,12,core_candidate,FALSE,びっくりするほど美味しい料理でした。 / 彼はびっくりして声が出ませんでした。,①突然（びっくりするほど突然だった。｜突然得让人吃惊。）,隐藏考点
ビュッフェ,びゅっふぇ,名詞,自助餐,ビュッフェで / ビュッフェの / ビュッフェを,12,core_candidate,FALSE,ビュッフェでたくさん食べました。 / 友達とビュッフェに行く予定です。,①自助餐（ビュッフェは多くの料理を楽しめる場所です。｜自助餐是可以享受多种料理的地方。）,隐藏考点
凄い,すごい,形容詞,厉害,凄いの / 凄いが / 凄いで,12,core_candidate,FALSE,彼のプレゼンテーションは凄いと思いました。 / その映画は凄い感動的でした。,①厉害（彼の技術は本当に凄いです。｜他的技术真的很厉害。）,隐藏考点
分かり合う,わかりあう,動詞,理解,分かり合うを / 分かり合うが / 分かり合うで,12,core_candidate,FALSE,お互いに分かり合うことが大切です。 / 彼とはすぐに分かり合えました。,①理解（私たちはお互いを分かり合う必要があります。｜我们需要相互理解。）,隐藏考点
即ち,すなわち,接続詞,即是,即ちに / 即ちが / 即ちの,12,core_candidate,FALSE,彼は即ち、私の親友です。 / それは即ち、私たちの目標です。,①即是（彼は即ち、私の友人です。｜他即是我的朋友。）,隐藏考点
周,しゅう,名詞,周围,周を / 周が / 周の,12,core_candidate,FALSE,周りの人々に感謝しています。 / この周は静かで落ち着いています。,①周围（周には美しい公園があります。｜周围有美丽的公园。）,隐藏考点
撮影,さつえい,名詞,拍摄,撮影を / 撮影が / 撮影で,12,core_candidate,FALSE,撮影のために特別な場所を選びました。 / 彼は映画の撮影に参加しました。,①拍摄（映画の撮影は来月始まります。｜电影的拍摄下个月开始。）,隐藏考点
散らし,ちらし,名詞,宣传,散らしを / 散らしが / 散らしの,12,core_candidate,FALSE,新しい散らしを作成しました。 / 散らしを配るのは大変です。,①宣传（新しい商品の散らしが配られました。｜新的商品宣传单被分发了。）,隐藏考点
断る,ことわる,動詞,拒绝,断るを / 断るが / 断るで,12,core_candidate,FALSE,彼はその提案を断りました。 / 友達に手伝いを断るのは難しいです。,①拒绝（彼はその提案を断りました。｜他拒绝了那个提案。）,隐藏考点
有り,あり,名詞,存在,有りが / 有りの / 有りで,12,core_candidate,FALSE,彼の存在は私にとって大切です。 / その場所には多くの有りがありました。,①存在（彼女の存在は私にとって大切です。｜她的存在对我来说很重要。）,隐藏考点
緑,みどり,名詞,绿色,緑が / 緑の / 緑を,12,core_candidate,FALSE,緑の草原で遊ぶのが好きです。 / この公園は緑が多くて気持ちいいです。,①绿色（緑の草原が広がっています。｜绿色的草原一望无际。）,隐藏考点
通う,かよう,動詞,通勤,通うを / 通うが / 通うで,12,core_candidate,FALSE,毎日通うのは大変ですが、頑張ります。 / 彼は学校に通うのが好きです。,①通勤（毎日、電車で通います。｜我每天都乘电车通勤。）,隐藏考点
願い,ねがい,名詞,心愿,願いが / 願いの / 願いを,12,core_candidate,FALSE,彼女の願いが叶うといいですね。 / 私の願いは平和な世界です。,①心愿（私の願いは世界平和です。｜我的心愿是世界和平。）,隐藏考点
から,から,接続詞,从,からの / からが / からで,11,core_candidate,FALSE,ここから駅まで歩いて行けます。 / 彼は毎日ここから通勤しています。,①从（ここから駅まで歩いて行きます。｜从这里走到车站。）,隐藏考点
丁目,ちょうめ,名詞,街区,丁目に / 丁目が / 丁目の,11,core_candidate,FALSE,この丁目にはたくさんの店があります。 / 彼は新しい丁目に引っ越しました。,①街区（この丁目には多くの店があります。｜这个街区有很多商店。）,隐藏考点
乗せる,のせる,動詞,载入,乗せるを / 乗せるが / 乗せるで,11,core_candidate,FALSE,車に荷物を乗せるのを手伝ってください。 / 彼はバスに乗せるのが得意です。,①载入（車に荷物を乗せます。｜把行李载入车里。）,隐藏考点
先日,せんじつ,名詞,前几天,先日に / 先日が / 先日の,11,core_candidate,FALSE,先日、友達と映画を見に行きました。 / 先日、彼に会ったときのことを思い出しました。,①前几天（先日、友達に会いました。｜前几天我见了朋友。）,隐藏考点
思い付く,おもいつく,動詞,想到,思い付くを / 思い付くが / 思い付くで,11,core_candidate,FALSE,いいアイデアを思い付くのは難しいです。 / 彼は突然、面白いことを思い付いた。,①想到（いいアイデアを思い付いた。｜我想到了一个好主意。）,隐藏考点
掻く,かく,動詞,抓,掻くを / 掻くが / 掻くで,11,core_candidate,FALSE,かゆいところを掻くのは気持ちいいです。 / 彼は頭を掻いて考え込んでいました。,①抓（猫がネズミを掻いています。｜猫在抓老鼠。）,隐藏考点
日曜,にちよう,名詞,星期日,日曜に / 日曜が / 日曜の,11,core_candidate,FALSE,日曜は家でゆっくり過ごします。 / 日曜に友達と遊ぶ予定です。,①星期日（日曜は家族と過ごします。｜星期日和家人一起度过。）,隐藏考点
曜日,ようび,名詞,星期,曜日が / 曜日の / 曜日を,11,core_candidate,FALSE,曜日によって仕事の内容が変わります。 / 今日は何曜日ですか？,①星期（曜日は毎週変わります。｜星期每周都在变化。）,隐藏考点
真剣,しんけん,名詞,认真,真剣に / 真剣が / 真剣の,11,core_candidate,FALSE,彼は真剣に仕事に取り組んでいます。 / 真剣な話をする時間が必要です。,①认真（彼は真剣に勉強しています。｜他在认真学习。）,隐藏考点
近付く,ちかづく,動詞,靠近,近付くを / 近付くが / 近付くで,11,core_candidate,FALSE,彼に近付くと、優しい笑顔を見せました。 / 近付くと、彼の声が聞こえました。,①靠近（彼に近付くのは難しいです。｜靠近他是很困难的。）,隐藏考点
ああ,ああ,感動詞,啊,ああの / ああが / ああで,10,core_candidate,FALSE,ああ、そんなことがあったんですね。 / ああ、もう少し早く来ればよかった。,①啊（ああ、素晴らしい景色ですね。｜啊，真是美丽的风景啊。）,隐藏考点
ドラマ,どらま,名詞,剧情,ドラマを / ドラマが / ドラマの,10,core_candidate,FALSE,このドラマはとても面白いです。 / 彼はドラマのファンです。,①剧情（このドラマはとても面白いです。｜这个剧情非常有趣。）,隐藏考点
両親,りょうしん,名詞,父母,両親が / 両親の / 両親を,10,core_candidate,FALSE,両親は私をいつも支えてくれます。 / 両親と一緒に旅行に行きたいです。,①父母（両親は私を支えてくれます。｜父母支持我。）,隐藏考点
僅か,わずか,形状詞,微小,僅かに / 僅かが / 僅かの,10,core_candidate,FALSE,僅かなお金で旅行に行けます。 / 彼は僅かの時間で準備をしました。,①微小（僅かなお金で買えます。｜用微小的钱就能买到。）,隐藏考点
像,ぞう,名詞,像,像が / 像の / 像を,10,core_candidate,FALSE,その像はとても美しいです。 / 公園に大きな像があります。,①像（その像はとても美しいです。｜那座像非常美丽。）,隐藏考点
元々,もともと,副詞,原本,元々の / 元々が / 元々で,10,core_candidate,FALSE,元々、彼はこの町に住んでいました。 / 元々の計画は変更されました。,①原本（元々、彼はここに住んでいました。｜他原本住在这里。）,隐藏考点
区,く,名詞,区域,区に / 区が / 区の,10,core_candidate,FALSE,この区にはたくさんの公園があります。 / 彼は区のイベントに参加しました。,①区域（この区は静かです。｜这个区域很安静。）,隐藏考点
嘗て,かつて,副詞,曾经,嘗てに / 嘗てが / 嘗ての,10,core_candidate,FALSE,嘗て、彼は有名な歌手でした。 / 嘗ての友人に会いたいです。,①曾经（嘗て、彼は有名な歌手でした。｜曾经，他是一位著名的歌手。）,隐藏考点
大袈裟,おおげさ,形状詞,夸张,大袈裟に / 大袈裟が / 大袈裟の,10,core_candidate,FALSE,彼の話は大袈裟で、信じられない部分が多い。 / そんな大袈裟な表現を使わなくても、十分伝わるよ。,①夸张（彼の話は大袈裟です。｜他的故事很夸张。）,隐藏考点
姉,あね,名詞,姐姐,姉が / 姉の / 姉を,10,core_candidate,FALSE,姉は毎日仕事に行く前に、私に朝ごはんを作ってくれる。 / 私の姉は料理が得意で、いつも美味しいものを作ってくれる。,①姐姐（私の姉は料理が得意です。｜我的姐姐擅长做菜。）,隐藏考点
引き,ひき,名詞,拉,引きが / 引きの / 引きを,10,core_candidate,FALSE,引き出しの中に大切な書類を入れておいた。 / 彼は引きの強い人だから、すぐに友達を作ることができる。,①拉（引きが強いので、注意してください。｜拉力很强，所以请小心。）,隐藏考点
戻す,もどす,動詞,恢复,戻すを / 戻すが / 戻すで,10,core_candidate,FALSE,彼は忘れた本を図書館に戻すのを忘れた。 / その問題を戻す方法を考えなければならない。,①恢复（彼はすぐに元気を戻しました。｜他很快恢复了精神。）,隐藏考点
朝食,ちょうしょく,名詞,早餐,朝食を / 朝食が / 朝食の,10,core_candidate,FALSE,朝食は毎日同じメニューになってしまう。 / 今日は朝食にパンケーキを作るつもりだ。,①早餐（朝食は毎日同じです。｜早餐每天都一样。）,隐藏考点
木曜,もくよう,名詞,星期四,木曜に / 木曜が / 木曜の,10,core_candidate,FALSE,木曜は友達と映画を見に行く予定だ。 / 木曜の会議は重要なので、必ず出席してください。,①星期四（木曜は友達と会います。｜星期四我会见朋友。）,隐藏考点
本屋,ほんや,名詞,书店,本屋で / 本屋が / 本屋の,10,core_candidate,FALSE,本屋で新しい小説を探している。 / 彼女は本屋で働いているので、いつも新しい本を教えてくれる。,①书店（本屋で新しい本を買いました。｜在书店买了新书。）,隐藏考点
椅子,いす,名詞,椅子,椅子に / 椅子が / 椅子の,10,core_candidate,FALSE,この椅子はとても座り心地がいい。 / 椅子が壊れたので、新しいのを買わなければならない。,①椅子（この椅子はとても快適です。｜这把椅子非常舒适。）,隐藏考点
漸と,やっと,副詞,终于,漸と / 漸とが / 漸とで,10,core_candidate,FALSE,やっと宿題が終わったので、遊びに行ける。 / 彼はやっと目標を達成することができた。,①终于（漸と目標に近づいています。｜终于接近目标。）,隐藏考点
真似,まね,名詞,模仿,真似を / 真似が / 真似の,10,core_candidate,FALSE,彼の真似をするのは難しいが、面白い。 / 子供たちは大人の真似をして遊ぶのが好きだ。,①模仿（彼の真似をするのは難しいです。｜模仿他是很困难的。）,隐藏考点
眠る,ねむる,動詞,睡觉,眠るが / 眠るの / 眠るで,10,core_candidate,FALSE,彼は毎晩早く眠ることを心がけている。 / 昨日は疲れていたので、すぐに眠った。,①睡觉（彼はすぐに眠ります。｜他很快就会睡觉。）,隐藏考点
膳,ぜん,名詞,餐具,膳を / 膳が / 膳の,10,core_candidate,FALSE,この膳は高級なレストランで使われている。 / 膳を使って食事をするのは、特別な時だけだ。,①餐具（膳は美しいデザインです。｜餐具的设计很美。）,隐藏考点
自,じ,名詞,自己,自が / 自の / 自を,10,core_candidate,FALSE,自分の意見をしっかり持つことが大切だ。 / 自を大切にすることが、幸せな生活につながる。,①自己（自を大切にすることが大事です。｜珍惜自己是很重要的。）,隐藏考点
苺,いちご,名詞,草莓,苺が / 苺の / 苺を,10,core_candidate,FALSE,苺が大好きで、毎年春になると楽しみにしている。 / このケーキには新鮮な苺がたくさん使われている。,①草莓（苺は甘くて美味しいです。｜草莓又甜又好吃。）,隐藏考点
話し掛ける,はなしかける,動詞,搭话,話し掛けるを / 話し掛けるが / 話し掛けるで,10,core_candidate,FALSE,彼は初対面の人に話し掛けるのが得意だ。 / 友達に話し掛けると、すぐに仲良くなれる。,①搭话（彼に話し掛けるのが怖いです。｜和他说话让我感到害怕。）,隐藏考点
誘う,さそう,動詞,邀请,誘うを / 誘うが / 誘うで,10,core_candidate,FALSE,彼女をパーティーに誘うつもりだ。 / 友達を誘うのは、いつも楽しい。,誘う (さそわ) ①邀请（友達を誘って映画を見に行きます。｜我邀请朋友去看电影。）,隐藏考点
随分,ずいぶん,副詞,相当,随分な / 随分と / 随分多い,10,core_candidate,FALSE,随分と時間がかかったが、やっと完成した。 / 随分と寒くなってきたので、コートを着ることにした。,随分 (ずいぶん) ①相当（この問題は随分難しいです。｜这个问题相当难。）,隐藏考点
駄目,だめ,名詞,不行,駄目な / 駄目だ / 駄目にする,10,core_candidate,FALSE,それは駄目だと思うので、別の方法を考えよう。 / 駄目なことを続けるのは、時間の無駄だ。,駄目 (だめ) ①不行（それは駄目です。｜那样不行。）,隐藏考点
髪,かみ,名詞,头发,髪を切る / 髪が伸びる / 髪を染める,10,core_candidate,FALSE,彼女は髪を切ったばかりで、とても似合っている。 / 髪が長いと、手入れが大変だ。,髪 (かみ) ①头发（彼女は髪を切りました。｜她剪了头发。）,隐藏考点
えっ,え,感動詞,哎,えっ、何？ / えっ、どうした？ / えっ、ほんとうに？,9,core_candidate,FALSE,えっ、そんなことが本当にあったの？ / えっ、彼が来るって聞いてなかった！,えっ (え) ①哎（えっ、何が起こったの？｜哎，发生了什么事？）,边缘词
けれど,けれど,接続詞,但是,けれども / けれど、やっぱり / けれど、そう言っても,9,core_candidate,FALSE,今日は忙しいけれど、少しだけ手伝えるよ。 / 彼は優しいけれど、時々厳しいことも言う。,けれど (けれど) ①但是（行きたいけれど、時間がない。｜我想去，但是没有时间。）,边缘词
にゅう,にゅう,副詞,乳,にゅうを飲む / にゅうが出る / にゅうを与える,9,core_candidate,FALSE,乳製品は体に良いと聞いたことがある。 / 彼はにゅうのアレルギーがあるので、注意が必要だ。,にゅう (にゅう) ①乳（彼は牛乳が好きです。｜他喜欢牛奶。）,边缘词
トマト,とまと,名詞,番茄,トマトを食べる / トマトが好き / トマトを育てる,9,core_candidate,FALSE,トマトはサラダに入れると、とても美味しい。 / このトマトは新鮮で、甘みがあって美味しい。,トマト (とまと) ①番茄（サラダにトマトを入れました。｜沙拉里放了番茄。）,边缘词
仕方無い,しかたない,形容詞,无法,仕方無いこと / 仕方無いな / 仕方無い場合,9,core_candidate,FALSE,仕方無いこともあるから、あまり気にしないで。 / 仕方無いと思っても、やっぱり悲しい。,仕方無い (しかたない) ①无法（仕方無いですね。｜没办法呢。）,边缘词
会計,かいけい,名詞,账单,会計をする / 会計が来る / 会計を済ませる,9,core_candidate,FALSE,会計を済ませたら、すぐに出発しよう。 / 彼は会計の仕事をしているので、詳しい。,会計 (かいけい) ①账单（会計をお願いします。｜请给我账单。）,边缘词
作り,つくり,名詞,制作,作りが良い / 作り方 / 作りが簡単,9,core_candidate,FALSE,この作りはとても丁寧で、感心した。 / 彼女の作りは独特で、他にはない魅力がある。,作り (つくり) ①制作（この作りはとても良いです。｜这个制作非常好。）,边缘词
即座,そくざ,名詞,立即,即座に反応する / 即座に行動する / 即座に答える,9,core_candidate,FALSE,即座に反応することが求められる場面もある。 / 彼は即座に答えを出すことができる。,即座 (そくざ) ①立即（即座に対応します。｜我会立即处理。）,边缘词
咳,せき,名詞,咳嗽,咳が出る / 咳をする / 咳が止まらない,9,core_candidate,FALSE,咳が出るので、風邪をひいたかもしれない。 / 彼は咳をしているので、少し心配だ。,咳 (せき) ①咳嗽（彼は咳をしています。｜他在咳嗽。）,边缘词
商会,しょうかい,名詞,商会,商会に参加する / 商会が開かれる / 商会のメンバー,9,core_candidate,FALSE,商会の会議は来週の金曜日に行われる。 / 彼は商会のメンバーとして、活躍している。,商会 (しょうかい) ①商会（彼は商会のメンバーです。｜他是商会的成员。）,边缘词
大抵,たいてい,副詞,大多数,大抵の人 / 大抵の場合 / 大抵はそう,9,core_candidate,FALSE,大抵の人は、週末にリラックスすることを楽しむ。 / 大抵の問題は、冷静に考えれば解決できる。,大抵 (たいてい) ①大多数（大抵の人はそう思います。｜大多数人都是这么想的。）,边缘词
如何に,いかに,副詞,如何,如何にして / 如何に考える / 如何に進める,9,core_candidate,FALSE,如何にしてこの問題を解決するか、考えなければならない。 / 彼は如何にして成功を収めたのか、興味がある。,如何に (いかに) ①如何（如何にして解決しますか？｜如何解决呢？）,边缘词
底,てい,名詞,底部,底が深い / 底にある / 底を探る,9,core_candidate,FALSE,この箱の底には、何か隠されているかもしれない。 / 底が抜けているので、使えなくなってしまった。,底 (てい) ①底部（箱の底を見てください。｜请看箱子的底部。）,边缘词
御腹,おなか,名詞,肚子,御腹が空く / 御腹が痛い / 御腹を壊す,9,core_candidate,FALSE,御腹が空いたので、何か食べたい。 / 彼は御腹が痛いと言って、学校を休んだ。,御腹 (おなか) ①肚子（お腹が空きました。｜我肚子饿了。）,边缘词
感じ取る,かんじとる,動詞,感知,感じ取ること / 感じ取る能力 / 感じ取る瞬間,9,core_candidate,FALSE,彼女の気持ちを感じ取るのは難しい。 / 友達の表情から、何かを感じ取った。,感じ取る (かんじとる) ①感知（彼女は雰囲気を感じ取った。｜她感知到了气氛。）,边缘词
斯く,かく,副詞,如此,斯くして / 斯くなる / 斯く言う,9,core_candidate,FALSE,斯くして、私たちは新しいプロジェクトを始めることになった。 / 斯くして、彼の提案は受け入れられた。,斯く (かく) ①如此（斯くして問題が解決しました。｜如此问题得到了解决。）,边缘词
日語,にちご,名詞,日语,日語を勉強する / 日語が話せる / 日語を教える,9,core_candidate,FALSE,日語を勉強するのは、楽しいけれど難しい。 / 彼は日語を話すのが上手で、驚いた。,日語 (にちご) ①日语（彼は日語を勉強しています。｜他在学习日语。）,边缘词
有りの侭,ありのまま,名詞,原样,有りの侭で / 有りの侭にする / 有りの侭に見える,9,core_candidate,FALSE,有りの侭の自分を受け入れることが大切だ。 / 有りの侭でいることが、心の平和につながる。,有りの侭 (ありのまま) ①原样（有りの侭で見せてください。｜请原样展示给我看。）,边缘词
机,つくえ,名詞,书桌,机の上 / 机で勉強する / 机を片付ける,9,core_candidate,FALSE,机の上が散らかっているので、片付けなければならない。 / 彼は机で勉強するのが好きだ。,机 (つくえ) ①书桌（机の上に本があります。｜书桌上有一本书。）,边缘词
櫓,ろ,名詞,桅杆,櫓が立つ / 櫓を作る / 櫓の上,9,core_candidate,FALSE,櫓の上から見る景色は、とても美しい。 / 櫓を使って、船を操るのは難しい。,櫓 (ろ) ①桅杆（櫓が高く立っています。｜桅杆高高耸立。）,边缘词
泣く,なく,動詞,哭,泣く声 / 泣く子供 / 泣く理由,9,core_candidate,FALSE,彼女は泣くことが多いが、すぐに元気になる。 / 昨日の映画を見て、思わず泣いてしまった。,泣く (なく) ①哭（彼女は泣いています。｜她在哭。）,边缘词
生き生き,いきいき,副詞,活泼,生き生きとした / 生き生きする / 生き生きと表現する,9,core_candidate,FALSE,彼は生き生きとした表情で話していた。 / 子供たちは生き生きと遊んでいる。,生き生き (いきいき) ①活泼（子供たちは生き生きと遊んでいます。｜孩子们活泼地玩耍。）,边缘词
直,じき,名詞,直接,直に行く / 直に言う / 直に見る,9,core_candidate,FALSE,彼に直に会って話したいです。 / 直に問題を解決する必要があります。,直 (じき) ①直接（彼に直に聞いてみてください。｜请直接问他。）,边缘词
箇所,かしょ,名詞,地点,箇所を確認する / 箇所が多い / 箇所を修正する,9,core_candidate,FALSE,この箇所は特に注意が必要です。 / その箇所に行くのは難しいです。,箇所 (かしょ) ①地点（この箇所は特に重要です。｜这个地点特别重要。）,边缘词
終える,おえる,動詞,完成,終える時間 / 終えること / 終えるまで,9,core_candidate,FALSE,仕事を終えるのが遅くなりました。 / 彼はプロジェクトを無事に終えました。,終える (おえ) ①完成（仕事を終えました。｜工作完成了。）,边缘词
結構,けっこう,副詞,不错,結構な量 / 結構好き / 結構難しい,9,core_candidate,FALSE,このレストランは結構美味しいです。 / 彼のプレゼンテーションは結構良かった。,結構 (けっこう) ①不错（この料理は結構美味しいです。｜这道菜不错。）,边缘词
聞き,きき,名詞,听,聞き取ること / 聞き方 / 聞きたい,9,core_candidate,FALSE,音楽を聞きながら勉強するのが好きです。 / 彼の聞き方はとても上手です。,聞き (きき) ①听（彼の聞き方が好きです。｜我喜欢他的听法。）,边缘词
衣装,いしょう,名詞,服装,衣装を着る / 衣装が素敵 / 衣装を選ぶ,9,core_candidate,FALSE,演劇の衣装はとても華やかでした。 / 彼女は衣装を選ぶのが得意です。,衣装 (いしょう) ①服装（彼女の衣装は素敵です。｜她的服装很漂亮。）,边缘词
隣り,となり,名詞,邻居,隣りに住む / 隣りの家 / 隣りの人,9,core_candidate,FALSE,隣りの家からいい匂いがしてきます。 / 隣りの人はとても親切です。,隣り (となり) ①邻居（隣りの家は静かです。｜邻居家很安静。）,边缘词
いらっしゃる,いらっしゃる,動詞,来,いらっしゃる方 / いらっしゃる時 / いらっしゃる理由,8,core_candidate,FALSE,先生がいらっしゃるまで待ちましょう。 / 友達がいらっしゃる予定です。,いらっしゃる (いらっしゃい) ①来（お客様がいらっしゃいました。｜客人来了。）,边缘词
こつ,こつ,名詞,诀窍,こつを掴む / こつを教える / こつがある,8,core_candidate,FALSE,料理のこつを教えてもらいました。 / 彼は仕事のこつを知っています。,こつ (こつ) ①诀窍（成功のこつは努力です。｜成功的诀窍是努力。）,边缘词
一旦,いったん,副詞,一旦,一旦休む / 一旦考える / 一旦終わる,8,core_candidate,FALSE,一旦休憩を取ってから再開しましょう。 / 一旦考えてから答えます。,一旦 (いったん) ①一旦（一旦考えてみます。｜我会先考虑一下。）,边缘词
乾く,かわく,動詞,干,乾く時間 / 乾くまで / 乾くのが早い,8,core_candidate,FALSE,洗濯物がなかなか乾かない。 / 今日は天気が良いので、すぐに乾くでしょう。,乾く (かわく) ①干（洗濯物が乾きました。｜洗的衣服干了。）,边缘词
倒れる,たおれる,動詞,倒,倒れること / 倒れる前 / 倒れる原因,8,core_candidate,FALSE,彼は突然倒れてしまった。 / 運動中に倒れることは危険です。,倒れる (たおれ) ①倒（木が倒れました。｜树倒了。）,边缘词
先週,せんしゅう,名詞,上周,先週の出来事 / 先週に行った / 先週の話,8,core_candidate,FALSE,先週の会議はとても有意義でした。 / 先週、友達と遊びに行きました。,先週 (せんしゅう) ①上周（先週は忙しかったです。｜上周很忙。）,边缘词
入り口,いりぐち,名詞,入口,入り口を探す / 入り口が見える / 入り口で待つ,8,core_candidate,FALSE,入口はあちらにあります。 / その建物の入り口は広いです。,入り口 (いりぐち) ①入口（入り口はあちらです。｜入口在那边。）,边缘词
去る,さる,動詞,离开,去る時 / 去る理由 / 去ることができる,8,core_candidate,FALSE,彼はすぐに去ってしまった。 / 去る前に一言言いたいです。,去る (さる) ①离开（彼は去りました。｜他离开了。）,边缘词
同,どう,名詞,同样,同じこと / 同じように / 同じ人,8,core_candidate,FALSE,同じ意見の人が多いですね。 / 同じことを考えていました。,同 (どう) ①同样（彼と同じです。｜和他一样。）,边缘词
外す,はずす,動詞,拆,外すこと / 外すのが難しい / 外すタイミング,8,core_candidate,FALSE,この部品を外すのは簡単です。 / 彼はメガネを外してリラックスした。,外す (はずし) ①拆（メガネを外しました。｜我摘下了眼镜。）,边缘词
如何,いかが,形状詞,如何,如何にしても / 如何に考えても / 如何に進めるか,8,core_candidate,FALSE,いかがですか、この料理は美味しいですか？ / いかがなさいますか、何かお手伝いしましょうか？,如何 (いかが) ①如何（この料理はいかがですか？｜这道菜怎么样？）,边缘词
姪,めい,名詞,侄女,姪がいる / 姪に会う / 姪の名前,8,core_candidate,FALSE,姪が誕生日を迎えました。 / 彼女の姪はとても可愛いです。,姪 (めい) ①侄女（私の姪はとても可愛いです。｜我的侄女非常可爱。）,边缘词
届け先,とどけさき,名詞,收件人,届け先を確認する / 届け先が変わる / 届け先の住所,8,core_candidate,FALSE,この荷物の届け先はどこですか？ / 彼の届け先は会社です。,①収件先の住所を教えてください。（｜请告诉我收件人的地址。）,边缘词
差す,さす,動詞,照射,差す光 / 差す影 / 差す時間,8,core_candidate,FALSE,太陽が差すと、部屋が明るくなります。 / 窓から光が差してきました。,①太陽が空を差している。（｜太阳照射在天空中。）,边缘词
彼是,あれこれ,名詞,这些,彼是のこと / 彼是が好き / 彼是を選ぶ,8,core_candidate,FALSE,彼是のことを考えると、少し不安になります。 / あれこれ考えても仕方がない。,①彼はあれこれ考えている。（｜他在考虑这些事情。）,边缘词
押し付ける,おしつける,動詞,强迫,押し付けること / 押し付けるのが嫌 / 押し付ける理由,8,core_candidate,FALSE,彼は私に無理やり押し付けてきた。 / そんなことを押し付けないでください。,①彼は私に押し付けるように言った。（｜他强迫我这样说。）,边缘词
杯,ばい,名詞,杯子,杯を持つ / 杯が割れる / 杯を洗う,8,core_candidate,FALSE,この杯はとても高価です。 / 彼は杯を持って乾杯しました。,①この杯はとても美しい。（｜这个杯子非常美丽。）,边缘词
歩,ほ,名詞,步伐,歩を進める / 歩が速い / 歩を止める,8,core_candidate,FALSE,彼の歩はとても速いです。 / 歩を合わせて一緒に行きましょう。,①彼の歩はとても速い。（｜他的步伐非常快。）,边缘词
氏名,しめい,名詞,姓名,氏名を記入する / 氏名が必要 / 氏名を確認する,8,core_candidate,FALSE,申込書には氏名を書いてください。 / 彼の氏名を教えてもらえますか？,①氏名を書いてください。（｜请写下您的姓名。）,边缘词
漫画,まんが,名詞,漫画,漫画を読む / 漫画が好き / 漫画を描く,8,core_candidate,FALSE,彼は毎週漫画を読んでいます。 / 漫画のキャラクターが好きです。,①彼は漫画が大好きです。（｜他非常喜欢漫画。）,边缘词
漸く,ようやく,副詞,终于,漸く終わる / 漸く見つける / 漸く理解する,8,core_candidate,FALSE,ようやく宿題が終わりました。 / 彼はようやく目標を達成しました。,①ようやく宿題が終わった。（｜终于完成了作业。）,边缘词
罫,けい,名詞,格式,罫がある / 罫を引く / 罫を使う,8,core_candidate,FALSE,この罫線はとても綺麗です。 / 書類の罫を整えるのが好きです。,①この罫線はとても重要です。（｜这个格式非常重要。）,边缘词
越す,こす,動詞,越过,越すことができる / 越す時間 / 越すのが難しい,8,core_candidate,FALSE,彼は山を越すのが得意です。 / この川を越すのは難しいです。,①山を越すのは大変だ。（｜越过山脉是很困难的。）,边缘词
込む,こむ,動詞,拥挤,込む時間 / 込む場所 / 込む理由,8,core_candidate,FALSE,電車が込んでいて座れませんでした。 / 休日はいつも人が込む。,①駅はいつも込んでいる。（｜车站总是很拥挤。）,边缘词
鋏,はさみ,名詞,剪刀,鋏を使う / 鋏が切れる / 鋏を持つ,8,core_candidate,FALSE,この鋏はとても切れ味が良いです。 / 鋏を使って紙を切りました。,①鋏を使って紙を切った。（｜我用剪刀剪了纸。）,边缘词
だらし無い,だらしない,形容詞,不堪,だらし無い生活 / だらし無い態度 / だらし無い服装,7,core_candidate,FALSE,彼はだらし無い生活を送っています。 / だらし無い服装は良くないです。,①彼はだらし無い生活をしている。（｜他的生活不堪。）,边缘词
出来上がる,できあがる,動詞,完成,出来上がるまで / 出来上がる時間 / 出来上がること,7,core_candidate,FALSE,料理が出来上がるまで待ちましょう。 / プロジェクトが出来上がるのが楽しみです。,①料理が出来上がった。（｜菜肴完成了。）,边缘词
却って,かえって,副詞,反而,却って良い / 却って悪い / 却って面白い,7,core_candidate,FALSE,彼は却って問題を悪化させた。 / それを却って良い方向に進めることができた。,①却って悪化してしまった。（｜反而变得更糟了。）,边缘词
听,きん,名詞,听,聞くことを / 音楽を / ニュースを,7,core_candidate,FALSE,聞き取るのが難しい時があります。 / 彼の聞きはとても上手です。,①この聞き取りは難しい。（｜这个听力很难。）,边缘词
図る,はかる,動詞,计划,計画を / 目標を / 進捗を,7,core_candidate,FALSE,旅行を図るのは楽しいです。 / 彼は新しいプロジェクトを図っています。,①計画を図るのは大切だ。（｜计划是很重要的。）,边缘词
大人しい,おとなしい,形容詞,温顺,性格が / 行動が / 反応が,7,core_candidate,FALSE,彼女は大人しい性格です。 / 大人しい犬が好きです。,①彼女は大人しい性格です。（｜她性格温顺。）,边缘词
巣,す,名詞,巢,鳥の / 動物の / 自然の,7,core_candidate,FALSE,鳥が巣を作っているのを見ました。 / 巣の中には卵がありました。,①鳥は巣を作っている。（｜鸟正在筑巢。）,边缘词
後ろ,うしろ,名詞,后面,後ろに / 後ろから / 後ろで,7,core_candidate,FALSE,後ろに誰かいると思ったら、友達だった。 / 後ろを振り返ると、景色がとてもきれいだった。,①後ろを振り返ってみてください。（｜请回头看看。）,边缘词
微か,かすか,形状詞,微弱,微かに / 微かさが / 微かなる,7,core_candidate,FALSE,微かに聞こえる音が気になった。 / 彼の声は微かに響いていた。,①微かに声が聞こえた。（｜隐约听到了声音。）,边缘词
我が,わが,連体詞,我们,我が家の / 我が国の / 我が子の,7,core_candidate,FALSE,我が家には猫が二匹いる。 / 我が国の文化はとても豊かだ。,①我が家はここです。（｜我们家在这里。）,边缘词
捲る,めくる,動詞,翻开,ページを / カバーを / ふたを,7,core_candidate,FALSE,本を捲ると、面白い話が始まった。 / 彼女はページを捲るのが好きだ。,①本を捲るのが好きです。（｜我喜欢翻开书。）,边缘词
旨み,うまみ,名詞,美味,旨みが / 旨みを / 旨みの,7,core_candidate,FALSE,この料理には旨みがたくさん詰まっている。 / 旨みを引き出すために、じっくり煮込んだ。,①この料理には旨みがある。（｜这道菜很美味。）,边缘词
染み込む,しみこむ,動詞,渗透,水が / 味が / 香りが,7,core_candidate,FALSE,水分が染み込んで、布が重くなった。 / このスポンジは水をよく染み込む。,①水が染み込んでいる。（｜水渗透了。）,边缘词
渡る,わたる,動詞,渡过,橋を / 道を / 川を,7,core_candidate,FALSE,川を渡ると、景色が一変した。 / 彼は橋を渡るのが怖いと言っていた。,①橋を渡るのが怖い。（｜过桥让我感到害怕。）,边缘词
溢れる,あふれる,動詞,溢出,水が / 涙が / 光が,7,core_candidate,FALSE,彼の笑顔は喜びが溢れている。 / その瞬間、涙が溢れそうになった。,①水が溢れている。（｜水溢出了。）,边缘词
漏れる,もれる,動詞,漏出,音が / 光が / 空気が,7,core_candidate,FALSE,声が漏れるのを気にしながら話した。 / 風が窓から漏れる音が聞こえた。,①音が漏れている。（｜声音漏出来了。）,边缘词
物真似,ものまね,名詞,模仿,物真似を / 物真似が / 物真似の,7,core_candidate,FALSE,彼は有名な歌手の物真似が得意だ。 / 物真似をすることで、みんなを笑わせた。,①彼は物真似が上手だ。（｜他很擅长模仿。）,边缘词
疾っく,とっく,名詞,迅速,疾っくに / 疾っくも / 疾っくにして,7,core_candidate,FALSE,疾っくに終わる仕事だった。 / 彼は疾っくに問題を解決した。,①疾っく行動することが大切だ。（｜迅速行动是很重要的。）,边缘词
相応しい,ふさわしい,形容詞,适合,状況に / 人に / 役割に,7,core_candidate,FALSE,この服は私に相応しいと思う。 / 彼女は相応しい人と結婚した。,①この服は相応しいです。（｜这件衣服很适合。）,边缘词
砂糖,さとう,名詞,糖,砂糖を / 砂糖が / 砂糖の,7,core_candidate,FALSE,コーヒーに砂糖を入れるのが好きだ。 / 砂糖を使わない方が健康に良い。,①砂糖を入れてください。（｜请加糖。）,边缘词
福祉,ふくし,名詞,福利,福祉が / 福祉の / 福祉に,7,core_candidate,FALSE,福祉の仕事に興味があります。 / 彼は福祉活動に参加している。,①福祉が大切な社会です。（｜福利是一个重要的社会。）,边缘词
税込み,ぜいこみ,名詞,含税,税込みで / 税込みの / 税込み価格,7,core_candidate,FALSE,この値段は税込みですか？ / 税込みで計算すると、少し高くなる。,①税込みの価格です。（｜这是含税的价格。）,边缘词
繋がり,つながり,名詞,连接,繋がりが / 繋がりを / 繋がりの,7,core_candidate,FALSE,友達との繋がりを大切にしたい。 / このイベントは地域の繋がりを強める。,①人との繋がりが大事です。（｜人与人之间的连接很重要。）,边缘词
舞台,ぶたい,名詞,舞台,舞台で / 舞台の / 舞台に,7,core_candidate,FALSE,舞台の上で彼女は輝いていた。 / 舞台の準備が整った。,①舞台がとても美しい。（｜舞台非常美丽。）,边缘词
葉,は,名詞,叶子,葉が / 葉を / 葉の,7,core_candidate,FALSE,秋になると葉が色づく。 / 木の葉が風に舞っている。,①葉が緑色に変わった。（｜叶子变成了绿色。）,边缘词
近所,きんじょ,名詞,邻里,近所の / 近所で / 近所に,7,core_candidate,FALSE,近所の人と仲良くなりたい。 / 近所で新しいカフェがオープンした。,①近所の人と仲良くなりたい。（｜我想和邻居们交好。）,边缘词
逞しい,たくましい,形容詞,强壮,逞しい体 / 逞しい心 / 逞しい姿,7,core_candidate,FALSE,彼は逞しい体を持っている。 / 逞しい男がスポーツカーを運転していた。,①彼は逞しい体を持っている。（｜他有着强壮的身体。）,边缘词
険しい,けわしい,形容詞,险峻,険しい道 / 険しい山 / 険しい表情,7,core_candidate,FALSE,険しい山道を登るのは大変だ。 / その道はとても険しいので注意が必要だ。,①険しい山道を登った。（｜我爬上了险峻的山路。）,边缘词
齎す,もたらす,動詞,带来,幸せを / 影響を / 結果を,7,core_candidate,FALSE,彼女は幸せを齎す存在だ。 / 新しいプロジェクトが成功を齎すことを願っている。,①新しい技術が齎す変化。（｜新技术带来了变化。）,边缘词
くっ付く,くっつく,動詞,粘附,くっ付くことが / くっ付くものが / くっ付くように,6,core_candidate,FALSE,彼の手にくっ付いているのは何だろう？ / そのシールはすぐにくっ付く。,①彼は私にくっ付いてきた。（｜他粘着在我身边。）,边缘词
インク,いんく,名詞,墨水,インクが / インクで / インクの,6,core_candidate,FALSE,インクが切れたので、新しいのを買わなければならない。 / このインクはとても発色が良い。,①インクが切れた。（｜墨水用完了。）,边缘词
一々,いちいち,名詞,每个,一々の / 一々に / 一々を,6,core_candidate,FALSE,一々説明するのは面倒だ。 / 彼は一々細かいことを気にする。,①一々確認するのは面倒だ。（｜每个确认都很麻烦。）,边缘词
丁度,ちょうど,副詞,正好,丁度いい / 丁度その時 / 丁度今,6,core_candidate,FALSE,丁度今、彼が来たところだ。 / 丁度いいタイミングで電話が鳴った。,①正好（丁度、今、ちょうどいい時間です。｜现在正好是合适的时间。）,边缘词
下りる,おりる,動詞,下来,階段を / 地面に / 家に,6,core_candidate,FALSE,階段を下りると、広いロビーが見えた。 / 彼はエレベーターを使わずに下りた。,①下来（階段を下りると、外が見えます。｜下楼后，可以看到外面。）,边缘词
不味い,まずい,形容詞,难吃,不味い料理 / 不味い味 / 不味い食べ物,6,core_candidate,FALSE,この料理は不味いので、食べたくない。 / 不味いと言われた料理を作ってしまった。,①难吃（この料理は不味いですね。｜这道菜真难吃。）,边缘词
丸で,まるで,副詞,完全,丸で一つの / 丸で全ての / 丸で完璧な,6,core_candidate,FALSE,彼の話は丸で映画のようだった。 / 丸で夢のような体験をした。,①完全（彼は丸で別人のようです。｜他完全像是另一个人。）,边缘词
仕草,しぐさ,名詞,动作,仕草が / 仕草を / 仕草の,6,core_candidate,FALSE,彼女の仕草はとても優雅だ。 / 仕草一つで印象が変わる。,①动作（彼女の仕草はとても可愛いです。｜她的动作非常可爱。）,边缘词
値,あたい,名詞,价值,値段が / 値を / 値の,6,core_candidate,FALSE,この絵の値は高いと思う。 / 彼の努力には大きな値がある。,①价值（この絵の値は高いです。｜这幅画的价值很高。）,边缘词
偶々,たまたま,副詞,偶然,偶々出会う / 偶々見つける / 偶々起こる,6,core_candidate,FALSE,偶々友達に会った。 / 偶々その店に行ったら、彼に会った。,①偶然（偶々彼に会いました。｜我偶然遇到了他。）,边缘词
偶に,たまに,副詞,偶尔,偶に行く / 偶に会う / 偶に見る,6,core_candidate,FALSE,彼は偶に映画を見に行く。 / 偶に友達と飲みに行くことがある。,①偶尔（私はたまに映画を見ます。｜我偶尔看电影。）,边缘词
先月,せんげつ,名詞,上个月,先月の / 先月に / 先月から,6,core_candidate,FALSE,先月は忙しかったので、あまり遊べなかった。 / 先月の旅行は楽しかった。,①上个月（先月は忙しかったです。｜上个月很忙。）,边缘词
兎に角,とにかく,副詞,无论如何,兎に角行く / 兎に角やる / 兎に角考える,6,core_candidate,FALSE,兎に角、やってみることが大事だ。 / 兎に角、彼に相談してみよう。,①无论如何（兎に角、行ってみましょう。｜无论如何，去看看吧。）,边缘词
列車,れっしゃ,名詞,列车,列車が / 列車で / 列車の,6,core_candidate,FALSE,列車が遅れているので、待つしかない。 / 列車の中は混んでいた。,①列车（列車は時間通りに到着しました。｜列车准时到达了。）,边缘词
半,はん,名詞,半,半分の / 半分を / 半分で,6,core_candidate,FALSE,半分に切ったケーキを分けよう。 / 半の量で十分だと思う。,①半（半分に切ってください。｜请切成两半。）,边缘词
卵,たまご,名詞,鸡蛋,卵を / 卵が / 卵の,6,core_candidate,FALSE,卵を使った料理が好きだ。 / このレシピには卵が必要だ。,①鸡蛋（卵を使って料理を作ります。｜用鸡蛋做菜。）,边缘词
只管,ひたすら,副詞,一心,只管やる / 只管考える / 只管待つ,6,core_candidate,FALSE,只管勉強に集中している。 / 只管に努力すれば、結果が出る。,①一心（彼はひたすら勉強しています。｜他一心一意地学习。）,边缘词
名器,めいき,名詞,名器,名器を / 名器が / 名器の,6,core_candidate,FALSE,彼は名器を持っていると言われている。 / 名器のような美しい作品が展示されていた。,①名器（この器は名器として知られています。｜这个器皿被称为名器。）,边缘词
回る,まわる,動詞,旋转,回ることが / 回るものが / 回るように,6,core_candidate,FALSE,この車は速く回ることができます。 / 風が強いと、木の葉が回るように舞います。,①旋转（車輪が回っています。｜车轮在旋转。）,边缘词
宜しい,よろしい,形容詞,可以,宜しいですか / 宜しいの / 宜しいこと,6,core_candidate,FALSE,それは宜しいですが、もう少し考えた方がいいですよ。 / 参加することは宜しいですが、時間に注意してください。,①可以（この方法は宜しいですか？｜这个方法可以吗？）,边缘词
小売り,こうり,名詞,零售,小売りの / 小売りで / 小売りが,6,core_candidate,FALSE,小売りの店で買い物をするのが好きです。 / 彼は小売り業界で働いています。,①零售（小売りの価格が上がっています。｜零售价格在上涨。）,边缘词
岩波,いわなみ,名詞,岩波,岩波の / 岩波で / 岩波が,6,core_candidate,FALSE,岩波の本はとても勉強になります。 / 岩波書店から新しい本が出版されました。,①岩波（岩波書店の本を読みます。｜我读岩波书店的书。）,边缘词
庇う,かばう,動詞,保护,友達を / 子供を / 自分を,6,core_candidate,FALSE,彼は友達を庇うために、真実を隠しました。 / お母さんは子供を庇うために、必死でした。,①保护（彼は友達を庇っています。｜他在保护朋友。）,边缘词
店長,てんちょう,名詞,店长,店長が / 店長に / 店長の,6,core_candidate,FALSE,店長は新しいキャンペーンを考えています。 / 店長がいないと、店はうまく回りません。,①店长（店長は忙しそうです。｜店长看起来很忙。）,边缘词
弟,おとうと,名詞,弟弟,弟が / 弟に / 弟の,6,core_candidate,FALSE,弟は毎日学校に行っています。 / 私の弟はサッカーが得意です。,①弟弟（私の弟は学生です。｜我的弟弟是学生。）,边缘词
恐らく,おそらく,副詞,恐怕,恐らくそうだ / 恐らく行く / 恐らく知っている,6,core_candidate,FALSE,恐らく明日は雨が降るでしょう。 / 彼は恐らく遅れて来ると思います。,①恐怕（恐らく彼は来ないでしょう。｜恐怕他不会来了。）,边缘词
態々,わざわざ,副詞,特意,態々行く / 態々言う / 態々買う,6,core_candidate,FALSE,わざわざ遠くから来てくれてありがとう。 / 彼女はわざわざプレゼントを持ってきました。,①特意（態々来てくれてありがとう。｜特意来谢谢你。）,边缘词
我が儘,わがまま,名詞,任性,我が儘を / 我が儘が / 我が儘な,6,core_candidate,FALSE,彼は我が儘な性格で、いつも自分の意見を通そうとします。 / 子供の我が儘を許すのは難しいです。,①任性（彼女は我が儘です。｜她很任性。）,边缘词
拾う,ひろう,動詞,拾起,拾うことが / 拾うものが / 拾うように,6,core_candidate,FALSE,道でお金を拾ったら、交番に届けましょう。 / 彼は公園で落ちていたボールを拾いました。,①拾起（道で財布を拾いました。｜我在路上捡到了钱包。）,边缘词
指,ゆび,名詞,手指,指が / 指で / 指の,6,core_candidate,FALSE,指が痛くて、キーボードを打つのが大変です。 / 彼女は指で絵を描くのが得意です。,①手指（指を怪我しました。｜我伤到了手指。）,边缘词
故,ゆえ,名詞,原因,故に / 故にして / 故の,6,core_candidate,FALSE,彼が遅れた故に、会議は始まりませんでした。 / 事故の故に、電車が遅れました。,①原因（故に彼は遅れました。｜因此他迟到了。）,边缘词
敢えて,あえて,副詞,敢于,敢えて言う / 敢えて行く / 敢えて試す,6,core_candidate,FALSE,敢えて言うなら、彼の意見には賛成できません。 / 彼女は敢えて挑戦することを選びました。,①敢于（敢えて言うと、これは難しいです。｜敢于说，这是很难的。）,边缘词
本の,ほんの,連体詞,仅仅,本のこと / 本のように / 本の中で,6,core_candidate,FALSE,本の一部を読んでみてください。 / これは本の中で最も面白い部分です。,①仅仅（本の一時間だけ待ってください。｜请仅仅等一个小时。）,边缘词
柵,さく,名詞,栅栏,柵を / 柵が / 柵の,6,core_candidate,FALSE,子供たちは柵の向こうで遊んでいます。 / この柵は動物を守るために必要です。,①栅栏（公園には高い柵があります。｜公园里有高栅栏。）,边缘词
極く,ごく,副詞,极其,極く / 極く感じる / 極く大きい,6,core_candidate,FALSE,彼の説明は極く分かりやすかったです。 / この問題は極く簡単だと思います。,①极其（この問題は極く簡単です。｜这个问题极其简单。）,边缘词
止む,やむ,動詞,停止,止む / 雨が止む / 音が止む,6,core_candidate,FALSE,雨が止むまで、ここで待ちましょう。 / 風が止んだら、外に出かけます。,①停止（雨が止むのを待っています。｜我在等雨停。）,边缘词
正に,まさに,副詞,正是,正に / 正にその通り / 正に必要な,6,core_candidate,FALSE,正にその通りです。 / 彼の意見は正に私の考えと一致しています。,①正是（正にその通りです。｜正是如此。）,边缘词
死ぬ,しぬ,動詞,死亡,死ぬ / 彼が死ぬ / 死ぬ運命,6,core_candidate,FALSE,彼は病気で死ぬことを恐れていました。 / その事故で多くの人が死ぬ可能性がありました。,①死亡（彼は戦争で死にました。｜他在战争中死亡。）,边缘词
気付き,きづき,名詞,觉察,気付き / 気付きがある / 気付きが遅い,6,core_candidate,FALSE,彼女の気付きはとても重要でした。 / その気付きが問題解決の鍵となりました。,①觉察（彼女は気付きが早いです。｜她的觉察能力很强。）,边缘词
泊,はく,名詞,住宿,泊 / 一泊する / 泊まる場所,6,core_candidate,FALSE,旅行中に一泊する予定です。 / 彼はホテルに泊まることに決めました。,①住宿（このホテルは泊が安いです。｜这家酒店的住宿很便宜。）,边缘词
火曜,かよう,名詞,星期二,火曜 / 火曜の夜 / 火曜に会う,6,core_candidate,FALSE,火曜は会議があるので、忙しいです。 / 私は火曜に友達と会う約束があります。,①星期二（火曜に会いましょう。｜星期二见吧。）,边缘词
特,とく,名詞,特殊,特 / 特別な日 / 特に重要,6,core_candidate,FALSE,特なサービスを提供する店が増えています。 / 彼は特な才能を持っています。,①特殊（このイベントは特別です。｜这个活动是特殊的。）,边缘词
生得,せいとく,名詞,天赋,生得 / 生得の才能 / 生得の特性,6,core_candidate,FALSE,彼女は生得の才能を持っていると思います。 / そのアーティストは生得の才能があります。,①天赋（彼は生得の才能があります。｜他有天赋的才能。）,边缘词
痛む,いたむ,動詞,疼痛,痛む / 頭が痛む / 腹が痛む,6,core_candidate,FALSE,頭が痛むので、少し休みたいです。 / 彼は運動した後、足が痛むと言っていました。,①疼痛（頭が痛む時があります。｜有时会头痛。）,边缘词
益々,ますます,副詞,越来越,益々 / 益々増える / 益々良くなる,6,core_candidate,FALSE,彼の日本語は益々上達しています。 / 最近、仕事が益々忙しくなっています。,①越来越（彼は益々上手になっています。｜他越来越厉害了。）,边缘词
組み替える,くみかえる,動詞,重新组合,組み替える / 部品を組み替える / 順序を組み替える,6,core_candidate,FALSE,このパズルを組み替えるのは楽しいです。 / 彼は部品を組み替えて新しいものを作りました。,①重新组合（パズルを組み替えました。｜我重新组合了拼图。）,边缘词
絵葉書,えはがき,名詞,明信片,絵葉書 / 絵葉書を書く / 絵葉書を送る,6,core_candidate,FALSE,旅行の思い出に絵葉書を買いました。 / 彼女は友達に絵葉書を送るのが好きです。,①明信片（絵葉書を送ります。｜我会寄明信片。）,边缘词
縁起,えんぎ,名詞,吉兆,縁起 / 縁起が良い / 縁起を担ぐ,6,core_candidate,FALSE,この出来事は縁起が良いとされています。 / 縁起の良い日を選んで結婚式をしました。,①吉兆（これは良い縁起です。｜这是个好兆头。）,边缘词
羨ましい,うらやましい,形容詞,羡慕,羨ましい / 彼が羨ましい / 羨ましい気持ち,6,core_candidate,FALSE,彼女の才能が羨ましいです。 / あの人の生活は本当に羨ましいと思います。,①羡慕（彼女の新しい車が羨ましい。｜我羡慕她的新车。）,边缘词
胸,むね,名詞,胸部,胸 / 胸が高鳴る / 胸に抱く,6,core_candidate,FALSE,胸がドキドキして、緊張しました。 / 彼は胸を張って自信を持って話しました。,①胸部（彼は胸が大きい。｜他的胸部很大。）,边缘词
自ずと,おのずと,副詞,自然,自ずと / 自ずと分かる / 自ずと起こる,6,core_candidate,FALSE,自ずと彼の意見に賛成するようになりました。 / 自ずとその問題が解決しました。,①自然（自ずと笑顔が出てきた。｜不知不觉中露出了笑容。）,边缘词
若しくは,もしくは,接続詞,或者,若しくは / A若しくはB / 若しくは他の方法,6,core_candidate,FALSE,彼は日本語、若しくは英語を話せます。 / 旅行は車、若しくは電車で行くつもりです。,①或者（コーヒー、若しくは紅茶が欲しい。｜我想要咖啡或者红茶。）,边缘词
表われ,あらわれ,名詞,表现,表われ / 感情の表われ / 形の表われ,6,core_candidate,FALSE,彼の表われはとても素直でした。 / その表われから、彼の気持ちが分かりました。,①表现（彼の表われはとても素晴らしい。｜他的表现非常出色。）,边缘词
西,にし,名詞,西方,西 / 西の方角 / 西に向かう,6,core_candidate,FALSE,西の方に美しい山があります。 / 彼は西の国に住んでいます。,①西方（西に向かって進む。｜向西方前进。）,边缘词
解する,かいする,動詞,理解,解する / 意味を解する / 問題を解する,6,core_candidate,FALSE,彼の説明を聞いて、やっと解しました。 / その問題を解するのは難しかったです。,①理解（彼の意図を解するのは難しい。｜理解他的意图很困难。）,边缘词
訪ねる,たずねる,動詞,拜访,訪ねる / 友達を訪ねる / 家を訪ねる,6,core_candidate,FALSE,友達を訪ねるのが楽しみです。 / 彼女は祖母を訪ねるために帰省しました。,①拜访（友達を訪ねる予定です。｜我计划去拜访朋友。）,边缘词
譲る,ゆずる,動詞,转让,譲る / 席を譲る / 権利を譲る,6,core_candidate,FALSE,彼はその権利を譲ることに決めました。 / 友達に席を譲るのは大切です。,①转让（彼にその本を譲った。｜我把那本书转让给了他。）,边缘词
足す,たす,動詞,加,足す / 数字を足す / 量を足す,6,core_candidate,FALSE,料理に塩を足すと、味が良くなります。 / 彼はスープに水を足しました。,①加（この数字に足すと、合計は十になる。｜加上这个数字，总和是十。）,边缘词
遣り甲斐,やりがい,名詞,价值,遣り甲斐 / 仕事の遣り甲斐 / 遣り甲斐を感じる,6,core_candidate,FALSE,仕事に遣り甲斐を感じることが大切です。 / 彼はこのプロジェクトに大きな遣り甲斐を見出しています。,①价值（この仕事には遣り甲斐がある。｜这份工作很有价值。）,边缘词
雲,くも,名詞,云,雲 / 雲が浮かぶ / 雲を見る,6,core_candidate,FALSE,空に雲がたくさん浮かんでいます。 / 雲が晴れたら、星が見えるでしょう。,①云（空に雲が浮かんでいる。｜天空中漂浮着云。）,边缘词
靴,くつ,名詞,鞋子,靴 / 靴を履く / 靴を脱ぐ,6,core_candidate,FALSE,新しい靴を買ったので、早く履いてみたいです。 / 彼女は靴を選ぶのが好きです。,①鞋子（新しい靴を買った。｜我买了新鞋子。）,边缘词
鞄,かばん,名詞,包,鞄 / 鞄を持つ / 鞄を置く,6,core_candidate,FALSE,この鞄はとても軽くて使いやすいです。 / 彼は鞄の中に本を入れています。,①包（彼女は大きな鞄を持っている。｜她带着一个大包。）,边缘词
預かり物,あずかりもの,名詞,寄存物,預かり物 / 預かり物を返す / 預かり物を受け取る,6,core_candidate,FALSE,預かり物はフロントで受け取れます。 / 彼女は預かり物を忘れないように気をつけています。,①寄存物（預かり物はここに置いてください。｜请把寄存物放在这里。）,边缘词
しつこい,しつこい,形容詞,纠缠,しつこい / しつこい勧誘 / しつこい質問,5,core_candidate,FALSE,彼はしつこく質問してきて、困りました。 / しつこい勧誘にはうんざりです。,①纠缠（彼はしつこいので、困っている。｜他很纠缠，让我很困扰。）,边缘词
ばん,ばん,副詞,频繁,ばん / ばんに会う / ばんに行く,5,core_candidate,FALSE,彼はばんばん新しいアイデアを出してきます。 / ばんばん仕事を進めていきましょう。,①频繁（彼はばんばん電話をかけてくる。｜他频繁地打电话。）,边缘词
ほっと,ほっと,副詞,放松,ほっと / ほっとする / ほっとした瞬間,5,core_candidate,FALSE,仕事が終わって、ほっと一息つきました。 / ほっとする瞬間が大好きです。,①放松（ほっと一息ついた。｜我松了一口气。）,边缘词
ネット,ねっと,名詞,网络,ネット / ネットで調べる / ネットを使う,5,core_candidate,FALSE,ネットで調べた情報はとても役に立ちました。 / 彼はネットを使って勉強しています。,①网络（ネットで情報を探す。｜在网上寻找信息。）,边缘词
フロント,ふろんと,名詞,前台,フロント / フロントでチェックイン / フロントに問い合わせる,5,core_candidate,FALSE,フロントでチェックインを済ませました。 / フロントのスタッフはとても親切でした。,①前台（フロントでチェックインします。｜在前台办理入住。）,边缘词
丸,まる,名詞,圆,丸 / 丸い形 / 丸を描く,5,core_candidate,FALSE,丸い形のテーブルが部屋にあります。 / 彼女は丸いピザを注文しました。,①圆（このテーブルは丸い。｜这张桌子是圆的。）,边缘词
予め,あらかじめ,副詞,事先,予め / 予め準備する / 予め知らせる,5,core_candidate,FALSE,予め連絡しておくと、スムーズに進みます。 / 予め計画を立てておくことが大切です。,①事先（予め予約が必要です。｜事先需要预约。）,边缘词
余所者,よそもの,名詞,外来者,余所者 / 余所者扱い / 余所者が来る,5,core_candidate,FALSE,余所者として扱われるのは少し寂しいです。 / 彼はこの町の余所者です。,①外来者（彼はこの町の余所者だ。｜他是这个城镇的外来者。）,边缘词
個々,ここ,名詞,各个,個々 / 個々の意見 / 個々に考える,5,core_candidate,FALSE,個々の意見を尊重することが大切です。 / 個々の問題を解決する必要があります。,①各个（個々の意見を尊重する。｜尊重每个人的意见。）,边缘词
到頭,とうとう,副詞,最终,到頭 / 到頭終わる / 到頭に達する,5,core_candidate,FALSE,到頭、彼は自分の夢を実現しました。 / 彼女は到頭、目標を達成しました。,①最终（到頭、彼は成功した。｜最终，他成功了。）,边缘词
勿体,もったい,名詞,可惜,勿体 / 勿体ない / 勿体ない気持ち,5,core_candidate,FALSE,こんなに美味しい料理を食べるのは勿体ないです。 / 彼の才能を勿体ないと思います。,①可惜（勿体ないことをした。｜做了可惜的事。）,边缘词
北口,きたぐち,名詞,北口,北口 / 北口から出る / 北口に行く,5,core_candidate,FALSE,北口から出ると、すぐに駅があります。 / 北口には大きな公園があります。,①北口（駅の北口から出る。｜从车站的北口出去。）,边缘词
反る,そる,動詞,弯曲,反る / 反ることがある / 反る形,5,core_candidate,FALSE,この木は少し反っているようです。 / 反った本を直すのは難しいです。,①弯曲（この木は少し反っている。｜这棵树有点弯曲。）,边缘词
夕日,ゆうひ,名詞,夕阳,夕日 / 夕日が沈む / 夕日を見る,5,core_candidate,FALSE,夕日がとても美しいですね。 / 夕日を見ながら散歩するのが好きです。,①夕阳（夕日がとても美しい。｜夕阳非常美丽。）,边缘词
始め,はじめ,名詞,开始,始め / 始めの一歩 / 始めに戻る,5,core_candidate,FALSE,始めは不安でしたが、すぐに慣れました。 / 始めの一歩が大切です。,①开始（新しい始めが待っている。｜新的开始在等待着。）,边缘词
定,てい,名詞,定义,定 / 定義を確認する / 定義が必要,5,core_candidate,FALSE,定義を明確にすることが重要です。 / この言葉の定は何ですか？,①定义（この言葉の定義は何ですか？｜这个词的定义是什么？）,边缘词
宛て先,あてさき,名詞,收件人,宛て先 / 宛て先を書く / 宛て先を確認する,5,core_candidate,FALSE,宛て先を間違えないように気をつけてください。 / 宛て先が不明な手紙が届きました。,①收件人（宛て先を確認してください。｜请确认收件人。）,边缘词
幟,のぼり,名詞,幟,幟 / 幟を立てる / 幟が揺れる,5,core_candidate,FALSE,幟が立っているのを見て、イベントに気付きました。 / 幟が風に揺れていました。,①幟（幟が風に揺れている。｜幟在风中摇曳。）,边缘词
序で,ついで,名詞,顺便,序で / 序でに行く / 序でに買う,5,core_candidate,FALSE,ついでに買い物をして帰ります。 / ついでに友達に会ってきました。,①顺便（ついでに買い物をする。｜顺便去购物。）,边缘词
引き受ける,ひきうける,動詞,承担,引き受ける / 仕事を引き受ける / 責任を引き受ける,5,core_candidate,FALSE,彼はこのプロジェクトを引き受けることにしました。 / 仕事を引き受けるのは大変ですが、やりがいがあります。,①承担（彼はその仕事を引き受けた。｜他承担了那项工作。）,边缘词
当てる,あてる,動詞,碰,当てる / ボールを当てる / 目標に当てる,5,core_candidate,FALSE,ボールを壁に当てると、跳ね返ってきました。 / 彼はその問題に対して正しい答えを当てました。,①碰（壁に当てると音がする。｜碰到墙壁会发出声音。）,边缘词
御飯,ごはん,名詞,米饭,御飯 / 御飯を食べる / 御飯を炊く,5,core_candidate,FALSE,御飯が炊けたら、すぐに食べましょう。 / 御飯を食べる時間が待ち遠しいです。,①米饭（御飯が炊けた。｜米饭煮好了。）,边缘词
思い掛ける,おもいかける,動詞,意外,思い掛ける / 思い掛けない出来事 / 思い掛けること,5,core_candidate,FALSE,思い掛けることが起こるのが人生です。 / 彼の訪問は思い掛けないサプライズでした。,①意外（思い掛けない結果になった。｜结果出乎意料。）,边缘词
成る可く,なるべく,副詞,尽可能,成る可く / 成る可く早く / 成る可く簡単に,5,core_candidate,FALSE,成る可く早く終わらせたいです。 / 成る可く多くの人に参加してほしいです。,①尽可能（成る可く早く来てください。｜请尽可能快点来。）,边缘词
成る程,なるほど,副詞,原来,成る程 / 成る程そうだ / 成る程理解した,5,core_candidate,FALSE,成る程、そういう理由があったのですね。 / 成るほど、彼の言うことには理由があります。,①原来（成る程、そういうことか。｜原来是这样啊。）,边缘词
抜ける,ぬける,動詞,脱落,抜ける / 髪が抜ける / 物が抜ける,5,core_candidate,FALSE,彼の髪の毛が抜けてきました。 / この部品が抜けると、動かなくなります。,①脱落（葉が抜ける季節だ。｜这是叶子脱落的季节。）,边缘词
挙げ句,あげく,名詞,结果,挙げ句 / 挙げ句の果て / 挙げ句に言う,5,core_candidate,FALSE,挙げ句の果てに、彼は辞めてしまいました。 / 挙げ句、何も解決しませんでした。,①结果（挙げ句、彼は辞めてしまった。｜结果，他辞职了。）,边缘词
授,じゅ,名詞,授予,授 / 授を受ける / 授を与える,5,core_candidate,FALSE,彼は授を受けるために頑張っています。 / この賞は多くの人に授けられました。,①授予（彼に賞を授ける。｜授予他奖项。）,边缘词
揃える,そろえる,動詞,整理,揃える / 服を揃える / 資料を揃える,5,core_candidate,FALSE,書類を揃えるのに時間がかかりました。 / 彼は資料を揃えて会議に臨みました。,①整理（本を揃えるのが好きだ。｜我喜欢整理书籍。）,边缘词
撒く,まく,動詞,撒,撒く / 種を撒く / 塩を撒く,5,core_candidate,FALSE,種を撒く時期が来ました。 / 彼は庭に花の種を撒きました。,①撒（種を撒く時期が来た。｜播种的时机到了。）,边缘词
敵う,かなう,動詞,匹敌,敵う / 彼に敵う / 競争に敵う,5,core_candidate,FALSE,彼女は誰にも敵わない才能を持っています。 / この問題には誰も敵いません。,①匹敌（彼は誰にも敵わない才能を持っている。｜他拥有无人能敌的才能。）,边缘词
最早,もはや,副詞,已经,もはや 何も / もはや 遅い / もはや 終わった,5,core_candidate,FALSE,もはや彼のことは忘れました。 / もはや遅すぎると思います。,①已经（もはや遅すぎる。｜已经太迟了。）,边缘词
染みる,しみる,動詞,渗透,染みる 涙 / 染みる 香り / 染みる 色,5,core_candidate,FALSE,この香りは心に染みます。 / 彼の言葉が心に染みました。,①渗透（この香りは心に染みる。｜这个香味渗透到心里。）,边缘词
水押,みよし,名詞,水押,水押 を 使う / 水押 が 必要 / 水押 に する,5,core_candidate,FALSE,水押を使って、書類を整理しました。 / 水押があると便利です。,①水押（水押の技術が必要です。｜需要水押的技术。）,边缘词
法外,ほうがい,形状詞,过分,法外 な 料金 / 法外 な 要求 / 法外 な 価格,5,core_candidate,FALSE,法外な料金を請求されて驚きました。 / そのサービスは法外な価格でした。,①过分（その要求は法外だと思う。｜我认为那个要求过分。）,边缘词
溜まる,たまる,動詞,积累,溜まる ストレス / 溜まる お金 / 溜まる 情報,5,core_candidate,FALSE,仕事が忙しいと、ストレスが溜まることが多いです。 / 家の中にゴミが溜まると、掃除が大変になります。,①积累（ストレスが溜まると体に良くない。｜压力积累对身体不好。）,边缘词
生まれ付き,うまれつき,名詞,天生,生まれ付き の 性格 / 生まれ付き の 特徴 / 生まれ付き の 才能,5,core_candidate,FALSE,彼は生まれ付きの才能を持っている。 / 生まれ付きの性格が、彼の行動に影響を与えている。,①天生（彼は生まれ付きの才能を持っている。｜他有天生的才能。）,边缘词
甲斐,かい,名詞,价值,甲斐 が ある / 甲斐 の ある / 甲斐 を 感じる,5,core_candidate,FALSE,この仕事には甲斐があると思います。 / 努力の甲斐があって、目標を達成できました。,①价值（この経験には大きな甲斐がある。｜这个经验有很大的价值。）,边缘词
申す,もうす,動詞,说,申す こと / 申す ように / 申す 予定,5,core_candidate,FALSE,先生に申すことがあるのですが、少しお時間をいただけますか。 / 彼は自分の意見を申すのが苦手です。,①说（私は彼にそう申しました。｜我对他说了那样的话。）,边缘词
癖,くせ,名詞,习惯,癖 が ある / 癖 を 直す / 癖 に なる,5,core_candidate,FALSE,彼には悪い癖があって、いつも遅刻します。 / その癖を直さないと、友達が減ってしまうよ。,①习惯（彼には悪い癖がある。｜他有一个坏习惯。）,边缘词
眠い,ねむ,形容詞,困倦,眠い 時間 / 眠い 目 / 眠い 気分,5,core_candidate,FALSE,昨夜遅くまで勉強したので、今日はとても眠いです。 / 眠い時は、少し休憩を取った方がいいですよ。,①困倦（今日はとても眠い。｜今天非常困倦。）,边缘词
筆記,ひっき,名詞,记录,筆記 を 取る / 筆記 の 方法 / 筆記 する,5,core_candidate,FALSE,授業中に筆記をしっかりとすることが大切です。 / 彼は筆記が得意で、いつもノートがきれいです。,①记录（授業中に筆記を取る。｜上课时做记录。）,边缘词
箋,せん,名詞,纸,箋 に 書く / 箋 を 用意する / 箋 を 使う,5,core_candidate,FALSE,この箋にメモを書いておいてください。 / 箋が足りなくなったので、買いに行く必要があります。,①纸（この箋にメモを書いてください。｜请在这张纸上写下备忘。）,边缘词
緩い,ゆる,形容詞,松弛,緩い 服 / 緩い ルール / 緩い 風,5,core_candidate,FALSE,このズボンは少し緩いので、ベルトを使います。 / 緩い靴下は、歩くときに脱げやすいです。,①松弛（このベルトは緩いです。｜这个皮带很松弛。）,边缘词
考え付く,かんがえつく,動詞,想出,考え付く アイデア / 考え付く 方法 / 考え付く こと,5,core_candidate,FALSE,彼は新しいアイデアを考え付くのが得意です。 / 問題を解決するために、何か考え付く必要があります。,①想出（彼は新しいアイデアを考え付いた。｜他想出了新的主意。）,边缘词
落ち,おち,名詞,陷落,落ち が ある / 落ち に 注意 / 落ち を 体験する,5,core_candidate,FALSE,彼は試験で落ちてしまったので、次は頑張ります。 / 落ち着いて考えれば、いい結果が出ると思います。,①陷落（その計画は失敗して落ちた。｜那个计划失败了。）,边缘词
薬品,やくひん,名詞,药品,薬品 を 使用する / 薬品 が 必要 / 薬品 の 効果,5,core_candidate,FALSE,薬品の管理はとても重要です。 / 新しい薬品が入荷したので、確認してください。,①药品（この薬品は効果があります。｜这个药品有效。）,边缘词
行成,いきなり,副詞,突然,行成 何も / 行成 突然 / 行成 事件,5,core_candidate,FALSE,行成に友達が訪ねてきて、驚きました。 / 行成に大きなニュースがあったので、みんなが集まりました。,①突然（彼は行成に現れた。｜他突然出现了。）,边缘词
見出だす,みいだす,動詞,发现,見出だす 方法 / 見出だす こと / 見出だす チャンス,5,core_candidate,FALSE,彼女は新しい才能を見出だすことができました。 / そのプロジェクトで、素晴らしいアイデアを見出だしました。,①发现（新しい事実を見出だした。｜发现了新的事实。）,边缘词
見詰める,みつめる,動詞,凝视,見詰める 目 / 見詰める 先 / 見詰める こと,5,core_candidate,FALSE,彼は画面を見詰めて、何かを考えているようです。 / 彼女の目を見詰めると、何かを感じることができます。,①凝视（彼女は彼を見詰めていた。｜她在凝视着他。）,边缘词
近,きん,名詞,近,近 くに / 近 い 未来 / 近 くの人,5,core_candidate,FALSE,近くの公園で友達と遊びます。 / 近の店で新しい本を買いました。,①近（その店は近いですか？｜那家店近吗？）,边缘词
馬鹿,ばか,名詞,笨,馬鹿 に する / 馬鹿 な 行動 / 馬鹿 だと 思う,5,core_candidate,FALSE,そんな馬鹿なことを言わないでください。 / 彼は馬鹿なことをして、みんなに笑われました。,①笨（彼は馬鹿なことを言った。｜他说了傻话。）,边缘词
鮮やか,あざやか,形状詞,鲜艳,鮮やか な 色 / 鮮やか な デザイン / 鮮やか な 風景,5,core_candidate,FALSE,この花は鮮やかな色をしています。 / 鮮やかな絵を描くことが好きです。,①鲜艳（この花は鮮やかな色をしている。｜这朵花颜色鲜艳。）,边缘词
家,いえ,名詞,家/家庭,家族と一緒に / 家に帰る / 家を建てる,85,真题,否,家族と一緒に家で過ごすのが好きです。 / 彼の家はとても大きくて、庭もあります。,①家（いえ）は私の安らぎの場所です。｜家是我心灵的港湾。）,隐藏考点
学校,がっこう,名詞,学校,学校に行く / 学校の先生 / 学校の友達,84,真题,否,学校に行く途中で友達に会いました。 / 明日は学校で大切なテストがあります。,①学校（がっこう）で友達と遊びます。｜在学校和朋友玩。）,隐藏考点
早い,はやい,形容詞,早/迅速,早い時間に / 早い段階で / 早い反応,84,真题,否,今日はいつもより早い時間に起きました。 / 早い段階で問題を解決することが大切です。,①早い（はやい）朝に起きるのが好きです。｜我喜欢早上起得早。）,隐藏考点
店,みせ,名詞,店铺/商店,店を開く / 店で買い物 / 店の前で,82,真题,否,この店は新鮮な野菜がたくさんあります。 / 近くに新しい店がオープンしたそうです。,①店（みせ）で新しい服を買いました。｜我在店里买了新衣服。）,隐藏考点
始める,はじめる,動詞,开始,始める時間 / 始める前に / 始めること,76,真题,否,彼は毎朝ジョギングを始めることにしました。 / 新しいプロジェクトを始めるのは楽しみです。,①始める（はじめる）前に計画を立てましょう。｜开始之前先制定计划吧。）,隐藏考点
少ない,すくない,形容詞,少/稀少,少ない人数 / 少ないお金 / 少ない時間,72,真题,否,この町には少ないですが、素敵なカフェがあります。 / 参加者が少ないと、もっと話しやすいです。,①少ない（すくない）お金で旅行に行きます。｜用不多的钱去旅行。）,隐藏考点
あまり,あまり,副詞,不太/过于,あまり好きじゃない / あまりにも / あまり多くない,73,真题,否,あまりお金を使わないようにしています。 / 彼はあまり運動しないので、健康が心配です。,①あまり（あまり）食べたくないです。｜我不太想吃。）,隐藏考点
そして,そして,接続詞,然后/于是,そして次に / そして彼は / そして私も,66,真题,否,昨日、友達と映画を見ました。そして、その後、カフェに行きました。 / 彼女は勉強が終わった。そして、友達と遊びに行きました。,①そして（そして）彼は帰りました。｜然后他回家了。）,隐藏考点
上げる,あげる,動詞,举起/给予,上げることができる / 上げる音 / 上げる手,66,真题,否,彼は手を上げて、質問をしました。 / 先生に宿題を上げるのを忘れないでください。,①上げる（あげる）ことができるのは嬉しいです。｜能举起我很高兴。）,隐藏考点
走る,はしる,動詞,跑步/行驶,走る速さ / 走ることが好き / 走る途中で,64,真题,否,彼は毎朝公園を走っています。 / 車が速く走ると、風を感じます。,①走る（はしる）ことが健康に良いです。｜跑步对健康有好处。）,隐藏考点
忘れる,わすれる,動詞,忘记,忘れることがある / 忘れる前に / 忘れる時間,63,真题,否,大事なことを忘れると、困ります。 / 彼は約束を忘れてしまったようです。,①忘れる（わすれる）ことは時々あります。｜有时会忘记。）,隐藏考点
どこ,どこ,代名詞,哪里,どこに行くの？ / どこで会う？ / どこから来た？,62,真题,否,どこに行くか決めていません。 / 彼女はどこでその本を見つけたのですか？,①どこ（どこ）に行きたいですか？｜你想去哪里？）,隐藏考点
止める,とめる,動詞,停止/阻止,止める理由 / 止めることができる / 止める時間,52,真题,否,その音楽を止めてください。 / 彼は車を止めて、道を渡りました。,①止める（とめる）ことができませんでした。｜我无法停止。）,隐藏考点
地,ち,名詞,地/土地,地面に座る / 地図を読む / 地元の人,52,真题,否,この地は美しい自然に囲まれています。 / 地元の人々はこの地を大切にしています。,①地（ち）は私たちの故郷です。｜土地是我们的故乡。）,隐藏考点
彼女,かのじょ,代名詞,她/女朋友,彼女と話す / 彼女が好き / 彼女の友達,17,真题,否,彼女はとても優しい人です。 / 彼女は私の親友で、いつも助けてくれます。,①彼女（かのじょ）はとても優しいです。｜她非常温柔。）,隐藏考点
コンピューター,こんぴゅーたー,名詞,电脑/计算机,コンピューターを使う / コンピューターの画面 / コンピューターの設定,24,真题,否,コンピューターを使って、レポートを作成しました。 / 彼は新しいコンピューターを買ったばかりです。,①コンピューター（こんぴゅーたー）を使って勉強します。｜我用电脑学习。）,隐藏考点
